	.text
	.syntax unified
	.eabi_attribute	67, "2.09"	@ Tag_conformance
	.cpu	cortex-m55
	.eabi_attribute	6, 21	@ Tag_CPU_arch
	.eabi_attribute	7, 77	@ Tag_CPU_arch_profile
	.eabi_attribute	8, 0	@ Tag_ARM_ISA_use
	.eabi_attribute	9, 3	@ Tag_THUMB_ISA_use
	.fpu	fpv5-d16
	.arch_extension	mve.fp
	.eabi_attribute	36, 1	@ Tag_FP_HP_extension
	.eabi_attribute	48, 2	@ Tag_MVE_arch
	.eabi_attribute	46, 1	@ Tag_DSP_extension
	.eabi_attribute	34, 1	@ Tag_CPU_unaligned_access
	.eabi_attribute	17, 1	@ Tag_ABI_PCS_GOT_use
	.eabi_attribute	20, 2	@ Tag_ABI_FP_denormal
	.eabi_attribute	21, 0	@ Tag_ABI_FP_exceptions
	.eabi_attribute	23, 1	@ Tag_ABI_FP_number_model
	.eabi_attribute	24, 1	@ Tag_ABI_align_needed
	.eabi_attribute	25, 1	@ Tag_ABI_align_preserved
	.eabi_attribute	28, 1	@ Tag_ABI_VFP_args
	.eabi_attribute	38, 1	@ Tag_ABI_FP_16bit_format
	.eabi_attribute	18, 2	@ Tag_ABI_PCS_wchar_t
	.eabi_attribute	26, 1	@ Tag_ABI_enum_size
	.eabi_attribute	14, 0	@ Tag_ABI_PCS_R9_use
	.file	"hsusbd.c"
	.file	1 "D:\\GitHub\\ML_M55M1_SampleCode\\M55M1BSP-3.01.002\\SampleCode\\NuEdgeWise\\PoseLandmark_YOLOv8n\\KEIL" "../../../../Library/StdDriver/inc\\hsusbd.h"
	.file	2 "D:\\GitHub\\ML_M55M1_SampleCode\\M55M1BSP-3.01.002\\SampleCode\\NuEdgeWise\\PoseLandmark_YOLOv8n\\KEIL" "../../../../Library/StdDriver/src/hsusbd.c"
	.file	3 "C:\\Users\\MDOKUKIN1\\AppData\\Local\\Keil_v5\\ARM\\ARMCLANG\\bin\\..\\include" "stdint.h"
	.file	4 "D:\\GitHub\\ML_M55M1_SampleCode\\M55M1BSP-3.01.002\\SampleCode\\NuEdgeWise\\PoseLandmark_YOLOv8n\\KEIL" "../../../../Library/Device/Nuvoton/M55M1/Include\\hsusbd_reg.h"
	.file	5 "D:\\GitHub\\ML_M55M1_SampleCode\\M55M1BSP-3.01.002\\SampleCode\\NuEdgeWise\\PoseLandmark_YOLOv8n\\KEIL" "../../../../Library/Device/Nuvoton/M55M1/Include\\hsotg_reg.h"
	.file	6 "D:\\GitHub\\ML_M55M1_SampleCode\\M55M1BSP-3.01.002\\SampleCode\\NuEdgeWise\\PoseLandmark_YOLOv8n\\KEIL" "../../../../Library/Device/Nuvoton/M55M1/Include\\sys_reg.h"
	.file	7 "D:\\GitHub\\ML_M55M1_SampleCode\\M55M1BSP-3.01.002\\SampleCode\\NuEdgeWise\\PoseLandmark_YOLOv8n\\KEIL" "../../../../Library/Device/Nuvoton/M55M1/Include\\ccap_reg.h"
	.section	.text.HSUSBD_Open,"ax",%progbits
	.hidden	HSUSBD_Open                     @ -- Begin function HSUSBD_Open
	.globl	HSUSBD_Open
	.p2align	2
	.type	HSUSBD_Open,%function
	.code	16                              @ @HSUSBD_Open
	.thumb_func
HSUSBD_Open:
.Lfunc_begin0:
	.fnstart
	.cfi_sections .debug_frame
	.cfi_startproc
@ %bb.0:
	@DEBUG_VALUE: HSUSBD_Open:param <- $r0
	@DEBUG_VALUE: HSUSBD_Open:pfnClassReq <- $r1
	@DEBUG_VALUE: HSUSBD_Open:pfnSetInterface <- $r2
	.loc	2 72 20 prologue_end            @ ../../../../Library/StdDriver/src/hsusbd.c:72:20
	movw	r3, :lower16:g_hsusbd_sInfo
	movt	r3, :upper16:g_hsusbd_sInfo
	str	r0, [r3]
	.loc	2 73 30                         @ ../../../../Library/StdDriver/src/hsusbd.c:73:30
	movw	r3, :lower16:g_hsusbd_pfnClassRequest
	movt	r3, :upper16:g_hsusbd_pfnClassRequest
	str	r1, [r3]
	.loc	2 74 30                         @ ../../../../Library/StdDriver/src/hsusbd.c:74:30
	movw	r1, :lower16:g_hsusbd_pfnSetInterface
.Ltmp0:
	@DEBUG_VALUE: HSUSBD_Open:pfnClassReq <- [DW_OP_LLVM_entry_value 1] $r1
	movt	r1, :upper16:g_hsusbd_pfnSetInterface
	str	r2, [r1]
	.loc	2 77 29                         @ ../../../../Library/StdDriver/src/hsusbd.c:77:29
	movw	r2, :lower16:g_hsusbd_CtrlMaxPktSize
.Ltmp1:
	@DEBUG_VALUE: HSUSBD_Open:pfnSetInterface <- [DW_OP_LLVM_entry_value 1] $r2
	.loc	2 77 47 is_stmt 0               @ ../../../../Library/StdDriver/src/hsusbd.c:77:47
	ldr	r0, [r0]
.Ltmp2:
	@DEBUG_VALUE: HSUSBD_Open:param <- [DW_OP_LLVM_entry_value 1] $r0
	.loc	2 77 29                         @ ../../../../Library/StdDriver/src/hsusbd.c:77:29
	movt	r2, :upper16:g_hsusbd_CtrlMaxPktSize
	.loc	2 77 31                         @ ../../../../Library/StdDriver/src/hsusbd.c:77:31
	ldrb	r1, [r0, #7]
	movw	r0, #22276
	movt	r0, #16416
	.loc	2 77 29                         @ ../../../../Library/StdDriver/src/hsusbd.c:77:29
	str	r1, [r2]
	.loc	2 80 5 is_stmt 1                @ ../../../../Library/StdDriver/src/hsusbd.c:80:5
	ldr	r1, [r0]
	orr	r1, r1, #512
	str	r1, [r0]
	.loc	2 83 21                         @ ../../../../Library/StdDriver/src/hsusbd.c:83:21
	movw	r1, :lower16:SystemCoreClock
	movt	r1, :upper16:SystemCoreClock
	ldr	r1, [r1]
.Ltmp3:
	@DEBUG_VALUE: HSUSBD_Open:u32TimeOutCnt <- $r1
	.loc	2 0 21 is_stmt 0                @ :0:21
.Ltmp4:
	.p2align	2
.LBB0_1:                                @ =>This Inner Loop Header: Depth=1
	@DEBUG_VALUE: HSUSBD_Open:u32TimeOutCnt <- $r1
	@DEBUG_VALUE: HSUSBD_Open:param <- [DW_OP_LLVM_entry_value 1] $r0
	@DEBUG_VALUE: HSUSBD_Open:pfnSetInterface <- [DW_OP_LLVM_entry_value 1] $r2
	@DEBUG_VALUE: HSUSBD_Open:pfnClassReq <- [DW_OP_LLVM_entry_value 1] $r1
	@DEBUG_VALUE: HSUSBD_Open:u32TimeOutCnt <- $r1
	.loc	2 85 22 is_stmt 1               @ ../../../../Library/StdDriver/src/hsusbd.c:85:22
	ldr	r2, [r0]
	.loc	2 85 5 is_stmt 0                @ ../../../../Library/StdDriver/src/hsusbd.c:85:5
	lsls	r2, r2, #4
	bmi	.LBB0_9
.Ltmp5:
@ %bb.2:                                @   in Loop: Header=BB0_1 Depth=1
	@DEBUG_VALUE: HSUSBD_Open:u32TimeOutCnt <- $r1
	@DEBUG_VALUE: HSUSBD_Open:param <- [DW_OP_LLVM_entry_value 1] $r0
	@DEBUG_VALUE: HSUSBD_Open:pfnSetInterface <- [DW_OP_LLVM_entry_value 1] $r2
	@DEBUG_VALUE: HSUSBD_Open:pfnClassReq <- [DW_OP_LLVM_entry_value 1] $r1
	@DEBUG_VALUE: HSUSBD_Open:u32TimeOutCnt <- [DW_OP_constu 1, DW_OP_minus, DW_OP_stack_value] $r1
	.loc	2 87 13 is_stmt 1               @ ../../../../Library/StdDriver/src/hsusbd.c:87:13
	cmp	r1, #1
	beq	.LBB0_10
.Ltmp6:
@ %bb.3:                                @   in Loop: Header=BB0_1 Depth=1
	@DEBUG_VALUE: HSUSBD_Open:u32TimeOutCnt <- [DW_OP_constu 1, DW_OP_minus, DW_OP_stack_value] $r1
	@DEBUG_VALUE: HSUSBD_Open:param <- [DW_OP_LLVM_entry_value 1] $r0
	@DEBUG_VALUE: HSUSBD_Open:pfnSetInterface <- [DW_OP_LLVM_entry_value 1] $r2
	@DEBUG_VALUE: HSUSBD_Open:pfnClassReq <- [DW_OP_LLVM_entry_value 1] $r1
	@DEBUG_VALUE: HSUSBD_Open:u32TimeOutCnt <- [DW_OP_constu 1, DW_OP_minus, DW_OP_stack_value] $r1
	.loc	2 85 22                         @ ../../../../Library/StdDriver/src/hsusbd.c:85:22
	ldr	r2, [r0]
	.loc	2 85 5 is_stmt 0                @ ../../../../Library/StdDriver/src/hsusbd.c:85:5
	lsls	r2, r2, #4
	bmi	.LBB0_9
.Ltmp7:
@ %bb.4:                                @   in Loop: Header=BB0_1 Depth=1
	@DEBUG_VALUE: HSUSBD_Open:u32TimeOutCnt <- [DW_OP_constu 1, DW_OP_minus, DW_OP_stack_value] $r1
	@DEBUG_VALUE: HSUSBD_Open:param <- [DW_OP_LLVM_entry_value 1] $r0
	@DEBUG_VALUE: HSUSBD_Open:pfnSetInterface <- [DW_OP_LLVM_entry_value 1] $r2
	@DEBUG_VALUE: HSUSBD_Open:pfnClassReq <- [DW_OP_LLVM_entry_value 1] $r1
	@DEBUG_VALUE: HSUSBD_Open:u32TimeOutCnt <- [DW_OP_constu 2, DW_OP_minus, DW_OP_stack_value] $r1
	.loc	2 87 13 is_stmt 1               @ ../../../../Library/StdDriver/src/hsusbd.c:87:13
	cmp	r1, #2
	beq	.LBB0_10
.Ltmp8:
@ %bb.5:                                @   in Loop: Header=BB0_1 Depth=1
	@DEBUG_VALUE: HSUSBD_Open:u32TimeOutCnt <- [DW_OP_constu 2, DW_OP_minus, DW_OP_stack_value] $r1
	@DEBUG_VALUE: HSUSBD_Open:param <- [DW_OP_LLVM_entry_value 1] $r0
	@DEBUG_VALUE: HSUSBD_Open:pfnSetInterface <- [DW_OP_LLVM_entry_value 1] $r2
	@DEBUG_VALUE: HSUSBD_Open:pfnClassReq <- [DW_OP_LLVM_entry_value 1] $r1
	@DEBUG_VALUE: HSUSBD_Open:u32TimeOutCnt <- [DW_OP_constu 2, DW_OP_minus, DW_OP_stack_value] $r1
	.loc	2 85 22                         @ ../../../../Library/StdDriver/src/hsusbd.c:85:22
	ldr	r2, [r0]
	.loc	2 85 5 is_stmt 0                @ ../../../../Library/StdDriver/src/hsusbd.c:85:5
	lsls	r2, r2, #4
	bmi	.LBB0_9
.Ltmp9:
@ %bb.6:                                @   in Loop: Header=BB0_1 Depth=1
	@DEBUG_VALUE: HSUSBD_Open:u32TimeOutCnt <- [DW_OP_constu 2, DW_OP_minus, DW_OP_stack_value] $r1
	@DEBUG_VALUE: HSUSBD_Open:param <- [DW_OP_LLVM_entry_value 1] $r0
	@DEBUG_VALUE: HSUSBD_Open:pfnSetInterface <- [DW_OP_LLVM_entry_value 1] $r2
	@DEBUG_VALUE: HSUSBD_Open:pfnClassReq <- [DW_OP_LLVM_entry_value 1] $r1
	@DEBUG_VALUE: HSUSBD_Open:u32TimeOutCnt <- [DW_OP_constu 3, DW_OP_minus, DW_OP_stack_value] $r1
	.loc	2 87 13 is_stmt 1               @ ../../../../Library/StdDriver/src/hsusbd.c:87:13
	cmp	r1, #3
	beq	.LBB0_10
.Ltmp10:
@ %bb.7:                                @   in Loop: Header=BB0_1 Depth=1
	@DEBUG_VALUE: HSUSBD_Open:u32TimeOutCnt <- [DW_OP_constu 3, DW_OP_minus, DW_OP_stack_value] $r1
	@DEBUG_VALUE: HSUSBD_Open:param <- [DW_OP_LLVM_entry_value 1] $r0
	@DEBUG_VALUE: HSUSBD_Open:pfnSetInterface <- [DW_OP_LLVM_entry_value 1] $r2
	@DEBUG_VALUE: HSUSBD_Open:pfnClassReq <- [DW_OP_LLVM_entry_value 1] $r1
	@DEBUG_VALUE: HSUSBD_Open:u32TimeOutCnt <- [DW_OP_constu 3, DW_OP_minus, DW_OP_stack_value] $r1
	.loc	2 85 22                         @ ../../../../Library/StdDriver/src/hsusbd.c:85:22
	ldr	r2, [r0]
	.loc	2 85 5 is_stmt 0                @ ../../../../Library/StdDriver/src/hsusbd.c:85:5
	lsls	r2, r2, #4
	bmi	.LBB0_9
.Ltmp11:
@ %bb.8:                                @   in Loop: Header=BB0_1 Depth=1
	@DEBUG_VALUE: HSUSBD_Open:u32TimeOutCnt <- [DW_OP_constu 3, DW_OP_minus, DW_OP_stack_value] $r1
	@DEBUG_VALUE: HSUSBD_Open:param <- [DW_OP_LLVM_entry_value 1] $r0
	@DEBUG_VALUE: HSUSBD_Open:pfnSetInterface <- [DW_OP_LLVM_entry_value 1] $r2
	@DEBUG_VALUE: HSUSBD_Open:pfnClassReq <- [DW_OP_LLVM_entry_value 1] $r1
	.loc	2 87 13 is_stmt 1               @ ../../../../Library/StdDriver/src/hsusbd.c:87:13
	subs	r1, #4
.Ltmp12:
	@DEBUG_VALUE: HSUSBD_Open:u32TimeOutCnt <- $r1
	.loc	2 0 13 is_stmt 0                @ ../../../../Library/StdDriver/src/hsusbd.c:0:13
	itt	eq
	mvneq	r0, #1
.Ltmp13:
	.loc	2 93 1 is_stmt 1                @ ../../../../Library/StdDriver/src/hsusbd.c:93:1
	bxeq	lr
	b	.LBB0_1
.Ltmp14:
.LBB0_9:
	@DEBUG_VALUE: HSUSBD_Open:param <- [DW_OP_LLVM_entry_value 1] $r0
	@DEBUG_VALUE: HSUSBD_Open:pfnSetInterface <- [DW_OP_LLVM_entry_value 1] $r2
	@DEBUG_VALUE: HSUSBD_Open:pfnClassReq <- [DW_OP_LLVM_entry_value 1] $r1
	.loc	2 0 1 is_stmt 0                 @ ../../../../Library/StdDriver/src/hsusbd.c:0:1
	movw	r0, #20504
	movt	r0, #16416
	.loc	2 90 18 is_stmt 1               @ ../../../../Library/StdDriver/src/hsusbd.c:90:18
	ldr	r1, [r0]
	bic	r1, r1, #2
	str	r1, [r0]
	movs	r0, #0
	.loc	2 93 1                          @ ../../../../Library/StdDriver/src/hsusbd.c:93:1
	bx	lr
.Ltmp15:
.LBB0_10:
	@DEBUG_VALUE: HSUSBD_Open:param <- [DW_OP_LLVM_entry_value 1] $r0
	@DEBUG_VALUE: HSUSBD_Open:pfnSetInterface <- [DW_OP_LLVM_entry_value 1] $r2
	@DEBUG_VALUE: HSUSBD_Open:pfnClassReq <- [DW_OP_LLVM_entry_value 1] $r1
	.loc	2 0 1 is_stmt 0                 @ ../../../../Library/StdDriver/src/hsusbd.c:0:1
	mvn	r0, #1
	.loc	2 93 1                          @ ../../../../Library/StdDriver/src/hsusbd.c:93:1
	bx	lr
.Ltmp16:
.Lfunc_end0:
	.size	HSUSBD_Open, .Lfunc_end0-HSUSBD_Open
	.cfi_endproc
	.cantunwind
	.fnend
                                        @ -- End function
	.section	.text.HSUSBD_Start,"ax",%progbits
	.hidden	HSUSBD_Start                    @ -- Begin function HSUSBD_Start
	.globl	HSUSBD_Start
	.p2align	2
	.type	HSUSBD_Start,%function
	.code	16                              @ @HSUSBD_Start
	.thumb_func
HSUSBD_Start:
.Lfunc_begin1:
	.loc	2 105 0 is_stmt 1               @ ../../../../Library/StdDriver/src/hsusbd.c:105:0
	.fnstart
	.cfi_startproc
@ %bb.0:
	movw	r0, #20504
	movs	r1, #2
	movt	r0, #16416
.Ltmp17:
	.loc	2 106 18 prologue_end           @ ../../../../Library/StdDriver/src/hsusbd.c:106:18
	str	r1, [r0]
	movw	r1, #22276
	movt	r1, #16416
	.loc	2 107 5                         @ ../../../../Library/StdDriver/src/hsusbd.c:107:5
	ldr	r2, [r1]
	orr	r2, r2, #256
	str	r2, [r1]
	.loc	2 108 18                        @ ../../../../Library/StdDriver/src/hsusbd.c:108:18
	ldr	r1, [r0]
	orr	r1, r1, #8
	str	r1, [r0]
	.loc	2 109 1                         @ ../../../../Library/StdDriver/src/hsusbd.c:109:1
	bx	lr
.Ltmp18:
.Lfunc_end1:
	.size	HSUSBD_Start, .Lfunc_end1-HSUSBD_Start
	.cfi_endproc
	.cantunwind
	.fnend
                                        @ -- End function
	.section	.text.HSUSBD_ProcessSetupPacket,"ax",%progbits
	.hidden	HSUSBD_ProcessSetupPacket       @ -- Begin function HSUSBD_ProcessSetupPacket
	.globl	HSUSBD_ProcessSetupPacket
	.p2align	2
	.type	HSUSBD_ProcessSetupPacket,%function
	.code	16                              @ @HSUSBD_ProcessSetupPacket
	.thumb_func
HSUSBD_ProcessSetupPacket:
.Lfunc_begin2:
	.loc	2 121 0                         @ ../../../../Library/StdDriver/src/hsusbd.c:121:0
	.fnstart
	.cfi_startproc
@ %bb.0:
	movw	r0, #20548
.Ltmp19:
	.loc	2 123 27 prologue_end           @ ../../../../Library/StdDriver/src/hsusbd.c:123:27
	movw	r2, :lower16:gUsbCmd
	movt	r0, #16416
	.loc	2 123 47 is_stmt 0              @ ../../../../Library/StdDriver/src/hsusbd.c:123:47
	ldr	r1, [r0]
	.loc	2 123 27                        @ ../../../../Library/StdDriver/src/hsusbd.c:123:27
	movt	r2, :upper16:gUsbCmd
	strb	r1, [r2]
	.loc	2 124 43 is_stmt 1              @ ../../../../Library/StdDriver/src/hsusbd.c:124:43
	ldr	r3, [r0]
	.loc	2 130 5                         @ ../../../../Library/StdDriver/src/hsusbd.c:130:5
	ubfx	r1, r1, #5, #2
	.loc	2 124 52                        @ ../../../../Library/StdDriver/src/hsusbd.c:124:52
	lsrs	r3, r3, #8
	.loc	2 124 22 is_stmt 0              @ ../../../../Library/StdDriver/src/hsusbd.c:124:22
	strb	r3, [r2, #1]
	.loc	2 125 40 is_stmt 1              @ ../../../../Library/StdDriver/src/hsusbd.c:125:40
	ldr	r3, [r0, #4]
	.loc	2 125 20 is_stmt 0              @ ../../../../Library/StdDriver/src/hsusbd.c:125:20
	strh	r3, [r2, #2]
	.loc	2 126 40 is_stmt 1              @ ../../../../Library/StdDriver/src/hsusbd.c:126:40
	ldr	r3, [r0, #8]
	.loc	2 126 20 is_stmt 0              @ ../../../../Library/StdDriver/src/hsusbd.c:126:20
	strh	r3, [r2, #4]
	.loc	2 127 41 is_stmt 1              @ ../../../../Library/StdDriver/src/hsusbd.c:127:41
	ldr	r3, [r0, #12]
	.loc	2 127 21 is_stmt 0              @ ../../../../Library/StdDriver/src/hsusbd.c:127:21
	strh	r3, [r2, #6]
	.loc	2 130 5 is_stmt 1               @ ../../../../Library/StdDriver/src/hsusbd.c:130:5
.LCPI2_0:
	tbb	[pc, r1]
@ %bb.1:
	.loc	2 0 5 is_stmt 0                 @ ../../../../Library/StdDriver/src/hsusbd.c:0:5
.LJTI2_0:
	.byte	(.LBB2_2-(.LCPI2_0+4))/2
	.byte	(.LBB2_6-(.LCPI2_0+4))/2
	.byte	(.LBB2_3-(.LCPI2_0+4))/2
	.byte	(.LBB2_5-(.LCPI2_0+4))/2
	.p2align	1
.LBB2_2:
.Ltmp20:
	.loc	2 134 13 is_stmt 1              @ ../../../../Library/StdDriver/src/hsusbd.c:134:13
	b	HSUSBD_StandardRequest
.Ltmp21:
.LBB2_3:
	.loc	2 150 17                        @ ../../../../Library/StdDriver/src/hsusbd.c:150:17
	movw	r0, :lower16:g_hsusbd_pfnVendorRequest
	movt	r0, :upper16:g_hsusbd_pfnVendorRequest
	ldr	r0, [r0]
.Ltmp22:
	.loc	2 150 17 is_stmt 0              @ ../../../../Library/StdDriver/src/hsusbd.c:150:17
	cmp	r0, #0
.Ltmp23:
	.loc	2 165 1 is_stmt 1               @ ../../../../Library/StdDriver/src/hsusbd.c:165:1
	it	eq
	bxeq	lr
.LBB2_4:
.Ltmp24:
	.loc	2 152 17                        @ ../../../../Library/StdDriver/src/hsusbd.c:152:17
	bx	r0
.Ltmp25:
.LBB2_5:
	.loc	2 0 17 is_stmt 0                @ ../../../../Library/StdDriver/src/hsusbd.c:0:17
	movs	r1, #2
.Ltmp26:
	.loc	2 161 13 is_stmt 1              @ ../../../../Library/StdDriver/src/hsusbd.c:161:13
	str	r1, [r0, #-24]
	b	.LBB2_8
.Ltmp27:
.LBB2_6:
	.loc	2 140 17                        @ ../../../../Library/StdDriver/src/hsusbd.c:140:17
	movw	r0, :lower16:g_hsusbd_pfnClassRequest
	movt	r0, :upper16:g_hsusbd_pfnClassRequest
	ldr	r0, [r0]
.Ltmp28:
	.loc	2 140 17 is_stmt 0              @ ../../../../Library/StdDriver/src/hsusbd.c:140:17
	cbz	r0, .LBB2_8
@ %bb.7:
.Ltmp29:
	.loc	2 142 17 is_stmt 1              @ ../../../../Library/StdDriver/src/hsusbd.c:142:17
	bx	r0
.Ltmp30:
.LBB2_8:
	.loc	2 165 1                         @ ../../../../Library/StdDriver/src/hsusbd.c:165:1
	bx	lr
.Ltmp31:
.Lfunc_end2:
	.size	HSUSBD_ProcessSetupPacket, .Lfunc_end2-HSUSBD_ProcessSetupPacket
	.cfi_endproc
	.cantunwind
	.fnend
                                        @ -- End function
	.section	.text.HSUSBD_StandardRequest,"ax",%progbits
	.hidden	HSUSBD_StandardRequest          @ -- Begin function HSUSBD_StandardRequest
	.globl	HSUSBD_StandardRequest
	.p2align	2
	.type	HSUSBD_StandardRequest,%function
	.code	16                              @ @HSUSBD_StandardRequest
	.thumb_func
HSUSBD_StandardRequest:
.Lfunc_begin3:
	.loc	2 382 0                         @ ../../../../Library/StdDriver/src/hsusbd.c:382:0
	.fnstart
	.cfi_startproc
@ %bb.0:
	.save	{r4, r5, r6, lr}
	push	{r4, r5, r6, lr}
	.cfi_def_cfa_offset 16
	.cfi_offset lr, -4
	.cfi_offset r6, -8
	.cfi_offset r5, -12
	.cfi_offset r4, -16
.Ltmp32:
	.loc	2 387 18 prologue_end           @ ../../../../Library/StdDriver/src/hsusbd.c:387:18
	movw	r0, :lower16:gUsbCmd
.Ltmp33:
	.loc	2 384 28                        @ ../../../../Library/StdDriver/src/hsusbd.c:384:28
	movw	r4, :lower16:g_hsusbd_CtrlInPointer
.Ltmp34:
	.loc	2 387 18                        @ ../../../../Library/StdDriver/src/hsusbd.c:387:18
	movt	r0, :upper16:gUsbCmd
.Ltmp35:
	.loc	2 385 25                        @ ../../../../Library/StdDriver/src/hsusbd.c:385:25
	movw	r5, :lower16:g_hsusbd_CtrlInSize
.Ltmp36:
	.loc	2 387 18                        @ ../../../../Library/StdDriver/src/hsusbd.c:387:18
	ldrb	r1, [r0]
	movs	r3, #0
.Ltmp37:
	.loc	2 384 28                        @ ../../../../Library/StdDriver/src/hsusbd.c:384:28
	movt	r4, :upper16:g_hsusbd_CtrlInPointer
.Ltmp38:
	.loc	2 387 18                        @ ../../../../Library/StdDriver/src/hsusbd.c:387:18
	sxtb	r2, r1
.Ltmp39:
	.loc	2 385 25                        @ ../../../../Library/StdDriver/src/hsusbd.c:385:25
	movt	r5, :upper16:g_hsusbd_CtrlInSize
	.loc	2 387 9                         @ ../../../../Library/StdDriver/src/hsusbd.c:387:9
	cmp.w	r2, #-1
.Ltmp40:
	.loc	2 0 0 is_stmt 0                 @ ../../../../Library/StdDriver/src/hsusbd.c:0:0
	ldrb	r2, [r0, #1]
.Ltmp41:
	.loc	2 384 28 is_stmt 1              @ ../../../../Library/StdDriver/src/hsusbd.c:384:28
	str	r3, [r4]
	.loc	2 385 25                        @ ../../../../Library/StdDriver/src/hsusbd.c:385:25
	str	r3, [r5]
	.loc	2 387 9                         @ ../../../../Library/StdDriver/src/hsusbd.c:387:9
	ble.w	.LBB3_34
@ %bb.1:
.Ltmp42:
	.loc	2 474 9                         @ ../../../../Library/StdDriver/src/hsusbd.c:474:9
	subs	r1, r2, #1
	movw	r4, #20528
	cmp	r1, #10
	movt	r4, #16416
	bhi.w	.LBB3_42
@ %bb.2:
.LCPI3_0:
	tbh	[pc, r1, lsl #1]
@ %bb.3:
	.loc	2 0 9 is_stmt 0                 @ ../../../../Library/StdDriver/src/hsusbd.c:0:9
.LJTI3_1:
	.short	(.LBB3_4-(.LCPI3_0+4))/2
	.short	(.LBB3_42-(.LCPI3_0+4))/2
	.short	(.LBB3_44-(.LCPI3_0+4))/2
	.short	(.LBB3_42-(.LCPI3_0+4))/2
	.short	(.LBB3_43-(.LCPI3_0+4))/2
	.short	(.LBB3_42-(.LCPI3_0+4))/2
	.short	(.LBB3_42-(.LCPI3_0+4))/2
	.short	(.LBB3_42-(.LCPI3_0+4))/2
	.short	(.LBB3_47-(.LCPI3_0+4))/2
	.short	(.LBB3_42-(.LCPI3_0+4))/2
	.short	(.LBB3_48-(.LCPI3_0+4))/2
	.p2align	1
.LBB3_4:
.Ltmp43:
	.loc	2 478 30 is_stmt 1              @ ../../../../Library/StdDriver/src/hsusbd.c:478:30
	ldrb	r1, [r0, #2]
.Ltmp44:
	.loc	2 478 21 is_stmt 0              @ ../../../../Library/StdDriver/src/hsusbd.c:478:21
	cmp	r1, #1
	beq.w	.LBB3_54
@ %bb.5:
	cmp	r1, #0
	bne.w	.LBB3_60
@ %bb.6:
	.loc	2 0 21                          @ ../../../../Library/StdDriver/src/hsusbd.c:0:21
	mov.w	lr, #2
.Ltmp45:
	.loc	2 485 48 is_stmt 1              @ ../../../../Library/StdDriver/src/hsusbd.c:485:48
	ldrh	r0, [r0, #4]
.Ltmp46:
	.loc	2 487 21                        @ ../../../../Library/StdDriver/src/hsusbd.c:487:21
	mov	lr, lr
	movw	r3, :lower16:g_u32HsEpStallLock
.Ltmp47:
	.loc	2 485 55                        @ ../../../../Library/StdDriver/src/hsusbd.c:485:55
	and	r0, r0, #15
.Ltmp48:
	@DEBUG_VALUE: i <- 0
	@DEBUG_VALUE: epNum <- $r0
	.loc	2 0 55 is_stmt 0                @ ../../../../Library/StdDriver/src/hsusbd.c:0:55
	add.w	r1, r4, #228
	movs	r2, #0
	movt	r3, :upper16:g_u32HsEpStallLock
	b	.LBB3_8
.Ltmp49:
	.p2align	2
.LBB3_7:                                @   in Loop: Header=BB3_8 Depth=1
	@DEBUG_VALUE: i <- [DW_OP_plus_uconst 8, DW_OP_stack_value] $r2
	@DEBUG_VALUE: epNum <- $r0
	.loc	2 487 55 is_stmt 1              @ ../../../../Library/StdDriver/src/hsusbd.c:487:55
	adds	r2, #9
.Ltmp50:
	@DEBUG_VALUE: i <- $r2
	.loc	2 487 37 is_stmt 0              @ ../../../../Library/StdDriver/src/hsusbd.c:487:37
	add.w	r1, r1, #360
.Ltmp51:
	.loc	2 487 21                        @ ../../../../Library/StdDriver/src/hsusbd.c:487:21
	subs.w	lr, lr, #1
	bne	.LBB3_8
	b	.LBB3_60
.Ltmp52:
.LBB3_8:                                @ =>This Inner Loop Header: Depth=1
	@DEBUG_VALUE: epNum <- $r0
	@DEBUG_VALUE: i <- $r2
	.loc	2 489 46 is_stmt 1              @ ../../../../Library/StdDriver/src/hsusbd.c:489:46
	ldr	r6, [r1, #-148]
	.loc	2 489 62 is_stmt 0              @ ../../../../Library/StdDriver/src/hsusbd.c:489:62
	ubfx	r6, r6, #4, #4
	.loc	2 489 78                        @ ../../../../Library/StdDriver/src/hsusbd.c:489:78
	cmp	r6, r0
	.loc	2 489 83                        @ ../../../../Library/StdDriver/src/hsusbd.c:489:83
	ittt	eq
	ldreq	r6, [r3]
.Ltmp53:
	.loc	2 489 29                        @ ../../../../Library/StdDriver/src/hsusbd.c:489:29
	lsreq	r6, r2
	lslseq.w	r6, r6, #31
	beq.w	.LBB3_33
.Ltmp54:
.LBB3_9:                                @   in Loop: Header=BB3_8 Depth=1
	@DEBUG_VALUE: i <- $r2
	@DEBUG_VALUE: epNum <- $r0
	@DEBUG_VALUE: i <- [DW_OP_plus_uconst 1, DW_OP_stack_value] $r2
	.loc	2 489 46                        @ ../../../../Library/StdDriver/src/hsusbd.c:489:46
	ldr	r6, [r1, #-108]
	.loc	2 489 62                        @ ../../../../Library/StdDriver/src/hsusbd.c:489:62
	ubfx	r6, r6, #4, #4
	.loc	2 489 78                        @ ../../../../Library/StdDriver/src/hsusbd.c:489:78
	cmp	r6, r0
	bne	.LBB3_12
.Ltmp55:
@ %bb.10:                               @   in Loop: Header=BB3_8 Depth=1
	@DEBUG_VALUE: i <- [DW_OP_plus_uconst 1, DW_OP_stack_value] $r2
	@DEBUG_VALUE: epNum <- $r0
	.loc	2 489 83                        @ ../../../../Library/StdDriver/src/hsusbd.c:489:83
	ldr	r6, [r3]
.Ltmp56:
	.loc	2 489 29                        @ ../../../../Library/StdDriver/src/hsusbd.c:489:29
	lsrs	r6, r2
	lsls	r6, r6, #30
	bmi	.LBB3_12
.Ltmp57:
@ %bb.11:                               @   in Loop: Header=BB3_8 Depth=1
	@DEBUG_VALUE: i <- [DW_OP_plus_uconst 1, DW_OP_stack_value] $r2
	@DEBUG_VALUE: epNum <- $r0
	.loc	2 491 69 is_stmt 1              @ ../../../../Library/StdDriver/src/hsusbd.c:491:69
	ldr	r6, [r1, #-120]
	.loc	2 491 78 is_stmt 0              @ ../../../../Library/StdDriver/src/hsusbd.c:491:78
	and	r6, r6, #231
	.loc	2 491 88                        @ ../../../../Library/StdDriver/src/hsusbd.c:491:88
	adds	r6, #8
	.loc	2 491 52                        @ ../../../../Library/StdDriver/src/hsusbd.c:491:52
	str	r6, [r1, #-120]
.Ltmp58:
	.loc	2 0 52                          @ :0:52
.Ltmp59:
	.p2align	2
.LBB3_12:                               @   in Loop: Header=BB3_8 Depth=1
	@DEBUG_VALUE: i <- [DW_OP_plus_uconst 1, DW_OP_stack_value] $r2
	@DEBUG_VALUE: epNum <- $r0
	@DEBUG_VALUE: i <- [DW_OP_plus_uconst 2, DW_OP_stack_value] $r2
	.loc	2 489 46 is_stmt 1              @ ../../../../Library/StdDriver/src/hsusbd.c:489:46
	ldr	r6, [r1, #-68]
	.loc	2 489 62 is_stmt 0              @ ../../../../Library/StdDriver/src/hsusbd.c:489:62
	ubfx	r6, r6, #4, #4
	.loc	2 489 78                        @ ../../../../Library/StdDriver/src/hsusbd.c:489:78
	cmp	r6, r0
	bne	.LBB3_15
.Ltmp60:
@ %bb.13:                               @   in Loop: Header=BB3_8 Depth=1
	@DEBUG_VALUE: i <- [DW_OP_plus_uconst 2, DW_OP_stack_value] $r2
	@DEBUG_VALUE: epNum <- $r0
	.loc	2 489 83                        @ ../../../../Library/StdDriver/src/hsusbd.c:489:83
	ldr	r6, [r3]
.Ltmp61:
	.loc	2 489 29                        @ ../../../../Library/StdDriver/src/hsusbd.c:489:29
	lsrs	r6, r2
	lsls	r6, r6, #29
	bmi	.LBB3_15
.Ltmp62:
@ %bb.14:                               @   in Loop: Header=BB3_8 Depth=1
	@DEBUG_VALUE: i <- [DW_OP_plus_uconst 2, DW_OP_stack_value] $r2
	@DEBUG_VALUE: epNum <- $r0
	.loc	2 491 69 is_stmt 1              @ ../../../../Library/StdDriver/src/hsusbd.c:491:69
	ldr	r6, [r1, #-80]
	.loc	2 491 78 is_stmt 0              @ ../../../../Library/StdDriver/src/hsusbd.c:491:78
	and	r6, r6, #231
	.loc	2 491 88                        @ ../../../../Library/StdDriver/src/hsusbd.c:491:88
	adds	r6, #8
	.loc	2 491 52                        @ ../../../../Library/StdDriver/src/hsusbd.c:491:52
	str	r6, [r1, #-80]
.Ltmp63:
	.loc	2 0 52                          @ :0:52
.Ltmp64:
	.p2align	2
.LBB3_15:                               @   in Loop: Header=BB3_8 Depth=1
	@DEBUG_VALUE: i <- [DW_OP_plus_uconst 2, DW_OP_stack_value] $r2
	@DEBUG_VALUE: epNum <- $r0
	@DEBUG_VALUE: i <- [DW_OP_plus_uconst 3, DW_OP_stack_value] $r2
	.loc	2 489 46 is_stmt 1              @ ../../../../Library/StdDriver/src/hsusbd.c:489:46
	ldr	r6, [r1, #-28]
	.loc	2 489 62 is_stmt 0              @ ../../../../Library/StdDriver/src/hsusbd.c:489:62
	ubfx	r6, r6, #4, #4
	.loc	2 489 78                        @ ../../../../Library/StdDriver/src/hsusbd.c:489:78
	cmp	r6, r0
	bne	.LBB3_18
.Ltmp65:
@ %bb.16:                               @   in Loop: Header=BB3_8 Depth=1
	@DEBUG_VALUE: i <- [DW_OP_plus_uconst 3, DW_OP_stack_value] $r2
	@DEBUG_VALUE: epNum <- $r0
	.loc	2 489 83                        @ ../../../../Library/StdDriver/src/hsusbd.c:489:83
	ldr	r6, [r3]
.Ltmp66:
	.loc	2 489 29                        @ ../../../../Library/StdDriver/src/hsusbd.c:489:29
	lsrs	r6, r2
	lsls	r6, r6, #28
	bmi	.LBB3_18
.Ltmp67:
@ %bb.17:                               @   in Loop: Header=BB3_8 Depth=1
	@DEBUG_VALUE: i <- [DW_OP_plus_uconst 3, DW_OP_stack_value] $r2
	@DEBUG_VALUE: epNum <- $r0
	.loc	2 491 69 is_stmt 1              @ ../../../../Library/StdDriver/src/hsusbd.c:491:69
	ldr	r6, [r1, #-40]
	.loc	2 491 78 is_stmt 0              @ ../../../../Library/StdDriver/src/hsusbd.c:491:78
	and	r6, r6, #231
	.loc	2 491 88                        @ ../../../../Library/StdDriver/src/hsusbd.c:491:88
	adds	r6, #8
	.loc	2 491 52                        @ ../../../../Library/StdDriver/src/hsusbd.c:491:52
	str	r6, [r1, #-40]
.Ltmp68:
	.loc	2 0 52                          @ :0:52
.Ltmp69:
	.p2align	2
.LBB3_18:                               @   in Loop: Header=BB3_8 Depth=1
	@DEBUG_VALUE: i <- [DW_OP_plus_uconst 3, DW_OP_stack_value] $r2
	@DEBUG_VALUE: epNum <- $r0
	@DEBUG_VALUE: i <- [DW_OP_plus_uconst 4, DW_OP_stack_value] $r2
	.loc	2 489 46 is_stmt 1              @ ../../../../Library/StdDriver/src/hsusbd.c:489:46
	ldr	r6, [r1, #12]
	.loc	2 489 62 is_stmt 0              @ ../../../../Library/StdDriver/src/hsusbd.c:489:62
	ubfx	r6, r6, #4, #4
	.loc	2 489 78                        @ ../../../../Library/StdDriver/src/hsusbd.c:489:78
	cmp	r6, r0
	bne	.LBB3_21
.Ltmp70:
@ %bb.19:                               @   in Loop: Header=BB3_8 Depth=1
	@DEBUG_VALUE: i <- [DW_OP_plus_uconst 4, DW_OP_stack_value] $r2
	@DEBUG_VALUE: epNum <- $r0
	.loc	2 489 83                        @ ../../../../Library/StdDriver/src/hsusbd.c:489:83
	ldr	r6, [r3]
.Ltmp71:
	.loc	2 489 29                        @ ../../../../Library/StdDriver/src/hsusbd.c:489:29
	lsrs	r6, r2
	lsls	r6, r6, #27
	bmi	.LBB3_21
.Ltmp72:
@ %bb.20:                               @   in Loop: Header=BB3_8 Depth=1
	@DEBUG_VALUE: i <- [DW_OP_plus_uconst 4, DW_OP_stack_value] $r2
	@DEBUG_VALUE: epNum <- $r0
	.loc	2 491 69 is_stmt 1              @ ../../../../Library/StdDriver/src/hsusbd.c:491:69
	ldr	r6, [r1]
	.loc	2 491 78 is_stmt 0              @ ../../../../Library/StdDriver/src/hsusbd.c:491:78
	and	r6, r6, #231
	.loc	2 491 88                        @ ../../../../Library/StdDriver/src/hsusbd.c:491:88
	adds	r6, #8
	.loc	2 491 52                        @ ../../../../Library/StdDriver/src/hsusbd.c:491:52
	str	r6, [r1]
.Ltmp73:
	.loc	2 0 52                          @ :0:52
.Ltmp74:
	.p2align	2
.LBB3_21:                               @   in Loop: Header=BB3_8 Depth=1
	@DEBUG_VALUE: i <- [DW_OP_plus_uconst 4, DW_OP_stack_value] $r2
	@DEBUG_VALUE: epNum <- $r0
	@DEBUG_VALUE: i <- [DW_OP_plus_uconst 5, DW_OP_stack_value] $r2
	.loc	2 489 46 is_stmt 1              @ ../../../../Library/StdDriver/src/hsusbd.c:489:46
	ldr	r6, [r1, #52]
	.loc	2 489 62 is_stmt 0              @ ../../../../Library/StdDriver/src/hsusbd.c:489:62
	ubfx	r6, r6, #4, #4
	.loc	2 489 78                        @ ../../../../Library/StdDriver/src/hsusbd.c:489:78
	cmp	r6, r0
	bne	.LBB3_24
.Ltmp75:
@ %bb.22:                               @   in Loop: Header=BB3_8 Depth=1
	@DEBUG_VALUE: i <- [DW_OP_plus_uconst 5, DW_OP_stack_value] $r2
	@DEBUG_VALUE: epNum <- $r0
	.loc	2 489 83                        @ ../../../../Library/StdDriver/src/hsusbd.c:489:83
	ldr	r6, [r3]
.Ltmp76:
	.loc	2 489 29                        @ ../../../../Library/StdDriver/src/hsusbd.c:489:29
	lsrs	r6, r2
	lsls	r6, r6, #26
	bmi	.LBB3_24
.Ltmp77:
@ %bb.23:                               @   in Loop: Header=BB3_8 Depth=1
	@DEBUG_VALUE: i <- [DW_OP_plus_uconst 5, DW_OP_stack_value] $r2
	@DEBUG_VALUE: epNum <- $r0
	.loc	2 491 69 is_stmt 1              @ ../../../../Library/StdDriver/src/hsusbd.c:491:69
	ldr	r6, [r1, #40]
	.loc	2 491 78 is_stmt 0              @ ../../../../Library/StdDriver/src/hsusbd.c:491:78
	and	r6, r6, #231
	.loc	2 491 88                        @ ../../../../Library/StdDriver/src/hsusbd.c:491:88
	adds	r6, #8
	.loc	2 491 52                        @ ../../../../Library/StdDriver/src/hsusbd.c:491:52
	str	r6, [r1, #40]
.Ltmp78:
	.loc	2 0 52                          @ :0:52
.Ltmp79:
	.p2align	2
.LBB3_24:                               @   in Loop: Header=BB3_8 Depth=1
	@DEBUG_VALUE: i <- [DW_OP_plus_uconst 5, DW_OP_stack_value] $r2
	@DEBUG_VALUE: epNum <- $r0
	@DEBUG_VALUE: i <- [DW_OP_plus_uconst 6, DW_OP_stack_value] $r2
	.loc	2 489 46 is_stmt 1              @ ../../../../Library/StdDriver/src/hsusbd.c:489:46
	ldr	r6, [r1, #92]
	.loc	2 489 62 is_stmt 0              @ ../../../../Library/StdDriver/src/hsusbd.c:489:62
	ubfx	r6, r6, #4, #4
	.loc	2 489 78                        @ ../../../../Library/StdDriver/src/hsusbd.c:489:78
	cmp	r6, r0
	bne	.LBB3_27
.Ltmp80:
@ %bb.25:                               @   in Loop: Header=BB3_8 Depth=1
	@DEBUG_VALUE: i <- [DW_OP_plus_uconst 6, DW_OP_stack_value] $r2
	@DEBUG_VALUE: epNum <- $r0
	.loc	2 489 83                        @ ../../../../Library/StdDriver/src/hsusbd.c:489:83
	ldr	r6, [r3]
.Ltmp81:
	.loc	2 489 29                        @ ../../../../Library/StdDriver/src/hsusbd.c:489:29
	lsrs	r6, r2
	lsls	r6, r6, #25
	bmi	.LBB3_27
.Ltmp82:
@ %bb.26:                               @   in Loop: Header=BB3_8 Depth=1
	@DEBUG_VALUE: i <- [DW_OP_plus_uconst 6, DW_OP_stack_value] $r2
	@DEBUG_VALUE: epNum <- $r0
	.loc	2 491 69 is_stmt 1              @ ../../../../Library/StdDriver/src/hsusbd.c:491:69
	ldr	r6, [r1, #80]
	.loc	2 491 78 is_stmt 0              @ ../../../../Library/StdDriver/src/hsusbd.c:491:78
	and	r6, r6, #231
	.loc	2 491 88                        @ ../../../../Library/StdDriver/src/hsusbd.c:491:88
	adds	r6, #8
	.loc	2 491 52                        @ ../../../../Library/StdDriver/src/hsusbd.c:491:52
	str	r6, [r1, #80]
.Ltmp83:
	.loc	2 0 52                          @ :0:52
.Ltmp84:
	.p2align	2
.LBB3_27:                               @   in Loop: Header=BB3_8 Depth=1
	@DEBUG_VALUE: i <- [DW_OP_plus_uconst 6, DW_OP_stack_value] $r2
	@DEBUG_VALUE: epNum <- $r0
	@DEBUG_VALUE: i <- [DW_OP_plus_uconst 7, DW_OP_stack_value] $r2
	.loc	2 489 46 is_stmt 1              @ ../../../../Library/StdDriver/src/hsusbd.c:489:46
	ldr.w	r6, [r1, #132]
	.loc	2 489 62 is_stmt 0              @ ../../../../Library/StdDriver/src/hsusbd.c:489:62
	ubfx	r6, r6, #4, #4
	.loc	2 489 78                        @ ../../../../Library/StdDriver/src/hsusbd.c:489:78
	cmp	r6, r0
	bne	.LBB3_30
.Ltmp85:
@ %bb.28:                               @   in Loop: Header=BB3_8 Depth=1
	@DEBUG_VALUE: i <- [DW_OP_plus_uconst 7, DW_OP_stack_value] $r2
	@DEBUG_VALUE: epNum <- $r0
	.loc	2 489 83                        @ ../../../../Library/StdDriver/src/hsusbd.c:489:83
	ldr	r6, [r3]
.Ltmp86:
	.loc	2 489 29                        @ ../../../../Library/StdDriver/src/hsusbd.c:489:29
	lsrs	r6, r2
	lsls	r6, r6, #24
	bmi	.LBB3_30
.Ltmp87:
@ %bb.29:                               @   in Loop: Header=BB3_8 Depth=1
	@DEBUG_VALUE: i <- [DW_OP_plus_uconst 7, DW_OP_stack_value] $r2
	@DEBUG_VALUE: epNum <- $r0
	.loc	2 491 69 is_stmt 1              @ ../../../../Library/StdDriver/src/hsusbd.c:491:69
	ldr	r6, [r1, #120]
	.loc	2 491 78 is_stmt 0              @ ../../../../Library/StdDriver/src/hsusbd.c:491:78
	and	r6, r6, #231
	.loc	2 491 88                        @ ../../../../Library/StdDriver/src/hsusbd.c:491:88
	adds	r6, #8
	.loc	2 491 52                        @ ../../../../Library/StdDriver/src/hsusbd.c:491:52
	str	r6, [r1, #120]
.Ltmp88:
	.loc	2 0 52                          @ :0:52
.Ltmp89:
	.p2align	2
.LBB3_30:                               @   in Loop: Header=BB3_8 Depth=1
	@DEBUG_VALUE: i <- [DW_OP_plus_uconst 7, DW_OP_stack_value] $r2
	@DEBUG_VALUE: epNum <- $r0
	@DEBUG_VALUE: i <- [DW_OP_plus_uconst 8, DW_OP_stack_value] $r2
	.loc	2 489 46 is_stmt 1              @ ../../../../Library/StdDriver/src/hsusbd.c:489:46
	ldr.w	r6, [r1, #172]
	.loc	2 489 62 is_stmt 0              @ ../../../../Library/StdDriver/src/hsusbd.c:489:62
	ubfx	r6, r6, #4, #4
	.loc	2 489 78                        @ ../../../../Library/StdDriver/src/hsusbd.c:489:78
	cmp	r6, r0
	bne.w	.LBB3_7
.Ltmp90:
@ %bb.31:                               @   in Loop: Header=BB3_8 Depth=1
	@DEBUG_VALUE: i <- [DW_OP_plus_uconst 8, DW_OP_stack_value] $r2
	@DEBUG_VALUE: epNum <- $r0
	.loc	2 489 83                        @ ../../../../Library/StdDriver/src/hsusbd.c:489:83
	ldr	r6, [r3]
.Ltmp91:
	.loc	2 489 29                        @ ../../../../Library/StdDriver/src/hsusbd.c:489:29
	lsrs	r6, r2
	lsls	r6, r6, #23
	bmi.w	.LBB3_7
.Ltmp92:
@ %bb.32:                               @   in Loop: Header=BB3_8 Depth=1
	@DEBUG_VALUE: i <- [DW_OP_plus_uconst 8, DW_OP_stack_value] $r2
	@DEBUG_VALUE: epNum <- $r0
	.loc	2 491 69 is_stmt 1              @ ../../../../Library/StdDriver/src/hsusbd.c:491:69
	ldr.w	r6, [r1, #160]
	.loc	2 491 78 is_stmt 0              @ ../../../../Library/StdDriver/src/hsusbd.c:491:78
	and	r6, r6, #231
	.loc	2 491 88                        @ ../../../../Library/StdDriver/src/hsusbd.c:491:88
	adds	r6, #8
	.loc	2 491 52                        @ ../../../../Library/StdDriver/src/hsusbd.c:491:52
	str.w	r6, [r1, #160]
	b	.LBB3_7
.Ltmp93:
.LBB3_33:                               @   in Loop: Header=BB3_8 Depth=1
	@DEBUG_VALUE: i <- $r2
	@DEBUG_VALUE: epNum <- $r0
	.loc	2 491 69                        @ ../../../../Library/StdDriver/src/hsusbd.c:491:69
	ldr	r6, [r1, #-160]
	.loc	2 491 78                        @ ../../../../Library/StdDriver/src/hsusbd.c:491:78
	and	r6, r6, #231
	.loc	2 491 88                        @ ../../../../Library/StdDriver/src/hsusbd.c:491:88
	adds	r6, #8
	.loc	2 491 52                        @ ../../../../Library/StdDriver/src/hsusbd.c:491:52
	str	r6, [r1, #-160]
	b	.LBB3_9
.Ltmp94:
.LBB3_34:
	.loc	2 390 9 is_stmt 1               @ ../../../../Library/StdDriver/src/hsusbd.c:390:9
	ror.w	r2, r2, #1
	cmp	r2, #5
	bhi	.LBB3_53
@ %bb.35:
.LCPI3_1:
	tbb	[pc, r2]
@ %bb.36:
	.loc	2 0 9 is_stmt 0                 @ ../../../../Library/StdDriver/src/hsusbd.c:0:9
.LJTI3_0:
	.byte	(.LBB3_37-(.LCPI3_1+4))/2
	.byte	(.LBB3_53-(.LCPI3_1+4))/2
	.byte	(.LBB3_53-(.LCPI3_1+4))/2
	.byte	(.LBB3_65-(.LCPI3_1+4))/2
	.byte	(.LBB3_50-(.LCPI3_1+4))/2
	.byte	(.LBB3_51-(.LCPI3_1+4))/2
	.p2align	1
.LBB3_37:
	movw	r6, :lower16:g_hsusbd_buf
.Ltmp95:
	.loc	2 426 21 is_stmt 1              @ ../../../../Library/StdDriver/src/hsusbd.c:426:21
	cmp	r1, #130
	movt	r6, :upper16:g_hsusbd_buf
	beq.w	.LBB3_62
@ %bb.38:
	cmp	r1, #129
	beq.w	.LBB3_61
@ %bb.39:
	cmp	r1, #128
	bne.w	.LBB3_64
@ %bb.40:
.Ltmp96:
	@DEBUG_VALUE: u8Tmp <- 0
	.loc	2 432 26                        @ ../../../../Library/StdDriver/src/hsusbd.c:432:26
	movw	r0, :lower16:g_hsusbd_sInfo
	movt	r0, :upper16:g_hsusbd_sInfo
	ldr	r0, [r0]
	.loc	2 432 42 is_stmt 0              @ ../../../../Library/StdDriver/src/hsusbd.c:432:42
	ldr	r0, [r0, #4]
	.loc	2 432 26                        @ ../../../../Library/StdDriver/src/hsusbd.c:432:26
	ldrb	r1, [r0, #7]
.Ltmp97:
	.loc	2 432 25                        @ ../../../../Library/StdDriver/src/hsusbd.c:432:25
	ubfx	r0, r1, #6, #1
.Ltmp98:
	@DEBUG_VALUE: u8Tmp <- $r0
	.loc	2 437 25 is_stmt 1              @ ../../../../Library/StdDriver/src/hsusbd.c:437:25
	lsls	r1, r1, #26
	bpl	.LBB3_63
.Ltmp99:
@ %bb.41:
	@DEBUG_VALUE: u8Tmp <- $r0
	.loc	2 439 44                        @ ../../../../Library/StdDriver/src/hsusbd.c:439:44
	movw	r1, :lower16:g_hsusbd_RemoteWakeupEn
	movt	r1, :upper16:g_hsusbd_RemoteWakeupEn
	ldrb	r1, [r1]
	.loc	2 439 31 is_stmt 0              @ ../../../../Library/StdDriver/src/hsusbd.c:439:31
	orr.w	r0, r0, r1, lsl #1
.Ltmp100:
	@DEBUG_VALUE: u8Tmp <- $r0
	.loc	2 440 21 is_stmt 1              @ ../../../../Library/StdDriver/src/hsusbd.c:440:21
	b	.LBB3_63
.Ltmp101:
.LBB3_42:
	.loc	2 0 21 is_stmt 0                @ ../../../../Library/StdDriver/src/hsusbd.c:0:21
	movs	r0, #2
.Ltmp102:
	.loc	2 572 17 is_stmt 1              @ ../../../../Library/StdDriver/src/hsusbd.c:572:17
	str	r0, [r4, #-4]
.Ltmp103:
	.loc	2 577 1 epilogue_begin          @ ../../../../Library/StdDriver/src/hsusbd.c:577:1
	pop	{r4, r5, r6, pc}
.LBB3_43:
.Ltmp104:
	.loc	2 509 53                        @ ../../../../Library/StdDriver/src/hsusbd.c:509:53
	ldrb	r0, [r0, #2]
	.loc	2 509 34 is_stmt 0              @ ../../../../Library/StdDriver/src/hsusbd.c:509:34
	movw	r1, :lower16:g_hsusbd_UsbAddr
	movt	r1, :upper16:g_hsusbd_UsbAddr
	strb	r0, [r1]
	b	.LBB3_60
.Ltmp105:
.LBB3_44:
	.loc	2 530 30 is_stmt 1              @ ../../../../Library/StdDriver/src/hsusbd.c:530:30
	ldrh	r1, [r0, #2]
	.loc	2 530 37 is_stmt 0              @ ../../../../Library/StdDriver/src/hsusbd.c:530:37
	and	r2, r1, #3
.Ltmp106:
	.loc	2 530 21                        @ ../../../../Library/StdDriver/src/hsusbd.c:530:21
	cmp	r2, #3
	beq	.LBB3_55
@ %bb.45:
	cmp	r2, #2
	bne	.LBB3_56
@ %bb.46:
.Ltmp107:
	.loc	2 532 45 is_stmt 1              @ ../../../../Library/StdDriver/src/hsusbd.c:532:45
	movw	r2, :lower16:g_hsusbd_EnableTestMode
	movs	r3, #1
	movt	r2, :upper16:g_hsusbd_EnableTestMode
	.loc	2 533 63                        @ ../../../../Library/StdDriver/src/hsusbd.c:533:63
	ldrb	r0, [r0, #5]
	.loc	2 532 45                        @ ../../../../Library/StdDriver/src/hsusbd.c:532:45
	strb	r3, [r2]
	.loc	2 533 43                        @ ../../../../Library/StdDriver/src/hsusbd.c:533:43
	movw	r2, :lower16:g_hsusbd_TestSelector
	movt	r2, :upper16:g_hsusbd_TestSelector
	strb	r0, [r2]
.Ltmp108:
	.loc	2 536 21                        @ ../../../../Library/StdDriver/src/hsusbd.c:536:21
	b	.LBB3_56
.Ltmp109:
.LBB3_47:
	.loc	2 519 55                        @ ../../../../Library/StdDriver/src/hsusbd.c:519:55
	ldrb	r0, [r0, #2]
	.loc	2 519 36 is_stmt 0              @ ../../../../Library/StdDriver/src/hsusbd.c:519:36
	movw	r1, :lower16:g_hsusbd_UsbConfig
	movt	r1, :upper16:g_hsusbd_UsbConfig
	strb	r0, [r1]
	.loc	2 520 37 is_stmt 1              @ ../../../../Library/StdDriver/src/hsusbd.c:520:37
	movw	r0, :lower16:g_hsusbd_Configured
	movt	r0, :upper16:g_hsusbd_Configured
	movs	r1, #1
.Ltmp110:
	.loc	2 0 0 is_stmt 0                 @ ../../../../Library/StdDriver/src/hsusbd.c:0:0
	b	.LBB3_59
.LBB3_48:
.Ltmp111:
	.loc	2 557 21 is_stmt 1              @ ../../../../Library/StdDriver/src/hsusbd.c:557:21
	movw	r1, :lower16:g_hsusbd_pfnSetInterface
.Ltmp112:
	.loc	2 555 61                        @ ../../../../Library/StdDriver/src/hsusbd.c:555:61
	ldrh	r0, [r0, #2]
.Ltmp113:
	.loc	2 557 21                        @ ../../../../Library/StdDriver/src/hsusbd.c:557:21
	movt	r1, :upper16:g_hsusbd_pfnSetInterface
.Ltmp114:
	.loc	2 555 42                        @ ../../../../Library/StdDriver/src/hsusbd.c:555:42
	movw	r2, :lower16:g_hsusbd_UsbAltInterface
.Ltmp115:
	.loc	2 557 21                        @ ../../../../Library/StdDriver/src/hsusbd.c:557:21
	ldr	r1, [r1]
.Ltmp116:
	.loc	2 555 42                        @ ../../../../Library/StdDriver/src/hsusbd.c:555:42
	movt	r2, :upper16:g_hsusbd_UsbAltInterface
	strb	r0, [r2]
	.loc	2 557 21                        @ ../../../../Library/StdDriver/src/hsusbd.c:557:21
	cbz	r1, .LBB3_60
@ %bb.49:
	.loc	2 0 0 is_stmt 0                 @ ../../../../Library/StdDriver/src/hsusbd.c:0:0
	uxtb	r0, r0
.Ltmp117:
	.loc	2 559 21 is_stmt 1              @ ../../../../Library/StdDriver/src/hsusbd.c:559:21
	blx	r1
.Ltmp118:
	.loc	2 0 21 is_stmt 0                @ ../../../../Library/StdDriver/src/hsusbd.c:0:21
	b	.LBB3_60
.Ltmp119:
.LBB3_50:
	@DEBUG_VALUE: HSUSBD_PrepareCtrlIn:u32Size <- 1
	.loc	2 701 28 is_stmt 1              @ ../../../../Library/StdDriver/src/hsusbd.c:701:28
	movw	r0, :lower16:g_hsusbd_UsbConfig
	movt	r0, :upper16:g_hsusbd_UsbConfig
.Ltmp120:
	@DEBUG_VALUE: HSUSBD_PrepareCtrlIn:pu8Buf <- $r0
	.loc	2 0 28 is_stmt 0                @ ../../../../Library/StdDriver/src/hsusbd.c:0:28
	b	.LBB3_52
.Ltmp121:
.LBB3_51:
	@DEBUG_VALUE: HSUSBD_PrepareCtrlIn:u32Size <- 1
	.loc	2 701 28                        @ ../../../../Library/StdDriver/src/hsusbd.c:701:28
	movw	r0, :lower16:g_hsusbd_UsbAltInterface
	movt	r0, :upper16:g_hsusbd_UsbAltInterface
.Ltmp122:
	@DEBUG_VALUE: HSUSBD_PrepareCtrlIn:pu8Buf <- $r0
.LBB3_52:
	.loc	2 701 28                        @ ../../../../Library/StdDriver/src/hsusbd.c:701:28
	str	r0, [r4]
	movs	r0, #1
	.loc	2 702 25 is_stmt 1              @ ../../../../Library/StdDriver/src/hsusbd.c:702:25
	str	r0, [r5]
	b	.LBB3_66
.Ltmp123:
.LBB3_53:
	.loc	2 0 25 is_stmt 0                @ ../../../../Library/StdDriver/src/hsusbd.c:0:25
	movw	r0, #20528
	movs	r1, #2
	movt	r0, #16416
.Ltmp124:
	.loc	2 466 17 is_stmt 1              @ ../../../../Library/StdDriver/src/hsusbd.c:466:17
	str	r1, [r0, #-4]
.Ltmp125:
	.loc	2 577 1 epilogue_begin          @ ../../../../Library/StdDriver/src/hsusbd.c:577:1
	pop	{r4, r5, r6, pc}
.LBB3_54:
.Ltmp126:
	.loc	2 497 45                        @ ../../../../Library/StdDriver/src/hsusbd.c:497:45
	movw	r0, :lower16:g_hsusbd_RemoteWakeupEn
	movs	r1, #0
	b	.LBB3_58
.Ltmp127:
.LBB3_55:
	.loc	2 0 45 is_stmt 0                @ ../../../../Library/StdDriver/src/hsusbd.c:0:45
	movw	r0, #36864
	movt	r0, #16421
.Ltmp128:
	.loc	2 538 32 is_stmt 1              @ ../../../../Library/StdDriver/src/hsusbd.c:538:32
	ldr	r2, [r0]
	orr	r2, r2, #6
	str	r2, [r0]
.Ltmp129:
.LBB3_56:
	.loc	2 541 21                        @ ../../../../Library/StdDriver/src/hsusbd.c:541:21
	lsls	r0, r1, #31
	beq	.LBB3_60
@ %bb.57:
.Ltmp130:
	.loc	2 543 45                        @ ../../../../Library/StdDriver/src/hsusbd.c:543:45
	movw	r0, :lower16:g_hsusbd_RemoteWakeupEn
	movs	r1, #1
.Ltmp131:
.LBB3_58:
	.loc	2 0 0 is_stmt 0                 @ ../../../../Library/StdDriver/src/hsusbd.c:0:0
	movt	r0, :upper16:g_hsusbd_RemoteWakeupEn
.LBB3_59:
	strb	r1, [r0]
.LBB3_60:
	mov.w	r0, #1024
	movs	r1, #0
	str	r0, [r4, #4]
	str	r1, [r4, #-4]
	str	r0, [r4]
.Ltmp132:
	.loc	2 577 1 epilogue_begin is_stmt 1 @ ../../../../Library/StdDriver/src/hsusbd.c:577:1
	pop	{r4, r5, r6, pc}
.LBB3_61:
	.loc	2 0 1 is_stmt 0                 @ ../../../../Library/StdDriver/src/hsusbd.c:0:1
	movs	r0, #0
.Ltmp133:
	.loc	2 426 21 is_stmt 1              @ ../../../../Library/StdDriver/src/hsusbd.c:426:21
	b	.LBB3_63
.LBB3_62:
.Ltmp134:
	.loc	2 452 52                        @ ../../../../Library/StdDriver/src/hsusbd.c:452:52
	ldrh	r0, [r0, #4]
	.loc	2 452 34 is_stmt 0              @ ../../../../Library/StdDriver/src/hsusbd.c:452:34
	and	r0, r0, #15
.Ltmp135:
	@DEBUG_VALUE: ep <- $r0
	.loc	2 453 48 is_stmt 1              @ ../../../../Library/StdDriver/src/hsusbd.c:453:48
	bl	HSUSBD_GetStall
.Ltmp136:
	.loc	2 453 39 is_stmt 0              @ ../../../../Library/StdDriver/src/hsusbd.c:453:39
	cmp	r0, #0
	cset	r0, ne
.Ltmp137:
.LBB3_63:
	.loc	2 0 0                           @ ../../../../Library/StdDriver/src/hsusbd.c:0:0
	strb	r0, [r6]
.Ltmp138:
.LBB3_64:
	movs	r0, #0
.Ltmp139:
	.loc	2 701 28 is_stmt 1              @ ../../../../Library/StdDriver/src/hsusbd.c:701:28
	str	r6, [r4]
.Ltmp140:
	.loc	2 456 33                        @ ../../../../Library/StdDriver/src/hsusbd.c:456:33
	strb	r0, [r6, #1]
	@DEBUG_VALUE: HSUSBD_PrepareCtrlIn:u32Size <- 2
	@DEBUG_VALUE: HSUSBD_PrepareCtrlIn:pu8Buf <- $r6
	movs	r0, #2
.Ltmp141:
	.loc	2 702 25                        @ ../../../../Library/StdDriver/src/hsusbd.c:702:25
	str	r0, [r5]
	b	.LBB3_66
.Ltmp142:
.LBB3_65:
	.loc	2 404 22                        @ ../../../../Library/StdDriver/src/hsusbd.c:404:22
	bl	HSUSBD_GetDescriptor
.Ltmp143:
	.loc	2 404 21 is_stmt 0              @ ../../../../Library/StdDriver/src/hsusbd.c:404:21
	cmp	r0, #0
.Ltmp144:
	.loc	2 577 1 is_stmt 1               @ ../../../../Library/StdDriver/src/hsusbd.c:577:1
	it	ne
	.loc	2 577 1 epilogue_begin is_stmt 0 @ ../../../../Library/StdDriver/src/hsusbd.c:577:1
	popne	{r4, r5, r6, pc}
.LBB3_66:
	.loc	2 0 1                           @ ../../../../Library/StdDriver/src/hsusbd.c:0:1
	movw	r0, #20528
	movs	r1, #8
	movt	r0, #16416
.Ltmp145:
	str	r1, [r0, #4]
	str	r1, [r0]
.Ltmp146:
	.loc	2 577 1 epilogue_begin          @ ../../../../Library/StdDriver/src/hsusbd.c:577:1
	pop	{r4, r5, r6, pc}
.Ltmp147:
.Lfunc_end3:
	.size	HSUSBD_StandardRequest, .Lfunc_end3-HSUSBD_StandardRequest
	.cfi_endproc
	.cantunwind
	.fnend
                                        @ -- End function
	.section	.text.HSUSBD_GetDescriptor,"ax",%progbits
	.hidden	HSUSBD_GetDescriptor            @ -- Begin function HSUSBD_GetDescriptor
	.globl	HSUSBD_GetDescriptor
	.p2align	2
	.type	HSUSBD_GetDescriptor,%function
	.code	16                              @ @HSUSBD_GetDescriptor
	.thumb_func
HSUSBD_GetDescriptor:
.Lfunc_begin4:
	.loc	2 177 0 is_stmt 1               @ ../../../../Library/StdDriver/src/hsusbd.c:177:0
	.fnstart
	.cfi_startproc
@ %bb.0:
	.save	{r7, lr}
	push	{r7, lr}
	.cfi_def_cfa_offset 8
	.cfi_offset lr, -4
	.cfi_offset r7, -8
.Ltmp148:
	@DEBUG_VALUE: HSUSBD_GetDescriptor:val <- 0
	.loc	2 181 22 prologue_end           @ ../../../../Library/StdDriver/src/hsusbd.c:181:22
	movw	r2, :lower16:gUsbCmd
	mov.w	r0, #-1
	movt	r2, :upper16:gUsbCmd
	.loc	2 182 23                        @ ../../../../Library/StdDriver/src/hsusbd.c:182:23
	movw	r12, :lower16:g_hsusbd_CtrlZero
	.loc	2 184 22                        @ ../../../../Library/StdDriver/src/hsusbd.c:184:22
	ldrh	r1, [r2, #2]
	.loc	2 181 22                        @ ../../../../Library/StdDriver/src/hsusbd.c:181:22
	ldrh.w	lr, [r2, #6]
.Ltmp149:
	@DEBUG_VALUE: HSUSBD_GetDescriptor:u32Len <- $lr
	.loc	2 184 5                         @ ../../../../Library/StdDriver/src/hsusbd.c:184:5
	add.w	r3, r0, r1, lsr #8
	.loc	2 182 23                        @ ../../../../Library/StdDriver/src/hsusbd.c:182:23
	movt	r12, :upper16:g_hsusbd_CtrlZero
	movs	r0, #0
	.loc	2 184 5                         @ ../../../../Library/StdDriver/src/hsusbd.c:184:5
	cmp	r3, #33
	.loc	2 182 23                        @ ../../../../Library/StdDriver/src/hsusbd.c:182:23
	strb.w	r0, [r12]
	.loc	2 184 5                         @ ../../../../Library/StdDriver/src/hsusbd.c:184:5
	bhi.w	.LBB4_11
.Ltmp150:
@ %bb.1:
	@DEBUG_VALUE: HSUSBD_GetDescriptor:u32Len <- $lr
	@DEBUG_VALUE: HSUSBD_GetDescriptor:val <- 0
.LCPI4_0:
	tbb	[pc, r3]
.Ltmp151:
@ %bb.2:
	.loc	2 0 5 is_stmt 0                 @ ../../../../Library/StdDriver/src/hsusbd.c:0:5
.LJTI4_0:
	.byte	(.LBB4_3-(.LCPI4_0+4))/2
	.byte	(.LBB4_5-(.LCPI4_0+4))/2
	.byte	(.LBB4_9-(.LCPI4_0+4))/2
	.byte	(.LBB4_11-(.LCPI4_0+4))/2
	.byte	(.LBB4_11-(.LCPI4_0+4))/2
	.byte	(.LBB4_12-(.LCPI4_0+4))/2
	.byte	(.LBB4_14-(.LCPI4_0+4))/2
	.byte	(.LBB4_11-(.LCPI4_0+4))/2
	.byte	(.LBB4_11-(.LCPI4_0+4))/2
	.byte	(.LBB4_11-(.LCPI4_0+4))/2
	.byte	(.LBB4_11-(.LCPI4_0+4))/2
	.byte	(.LBB4_11-(.LCPI4_0+4))/2
	.byte	(.LBB4_11-(.LCPI4_0+4))/2
	.byte	(.LBB4_11-(.LCPI4_0+4))/2
	.byte	(.LBB4_11-(.LCPI4_0+4))/2
	.byte	(.LBB4_11-(.LCPI4_0+4))/2
	.byte	(.LBB4_11-(.LCPI4_0+4))/2
	.byte	(.LBB4_11-(.LCPI4_0+4))/2
	.byte	(.LBB4_11-(.LCPI4_0+4))/2
	.byte	(.LBB4_11-(.LCPI4_0+4))/2
	.byte	(.LBB4_11-(.LCPI4_0+4))/2
	.byte	(.LBB4_11-(.LCPI4_0+4))/2
	.byte	(.LBB4_11-(.LCPI4_0+4))/2
	.byte	(.LBB4_11-(.LCPI4_0+4))/2
	.byte	(.LBB4_11-(.LCPI4_0+4))/2
	.byte	(.LBB4_11-(.LCPI4_0+4))/2
	.byte	(.LBB4_11-(.LCPI4_0+4))/2
	.byte	(.LBB4_11-(.LCPI4_0+4))/2
	.byte	(.LBB4_11-(.LCPI4_0+4))/2
	.byte	(.LBB4_11-(.LCPI4_0+4))/2
	.byte	(.LBB4_11-(.LCPI4_0+4))/2
	.byte	(.LBB4_11-(.LCPI4_0+4))/2
	.byte	(.LBB4_4-(.LCPI4_0+4))/2
	.byte	(.LBB4_6-(.LCPI4_0+4))/2
	.p2align	1
.LBB4_3:
.Ltmp152:
	@DEBUG_VALUE: HSUSBD_GetDescriptor:u32Len <- $lr
	@DEBUG_VALUE: HSUSBD_GetDescriptor:val <- 0
	.loc	2 190 45 is_stmt 1              @ ../../../../Library/StdDriver/src/hsusbd.c:190:45
	movw	r0, :lower16:g_hsusbd_sInfo
	.loc	2 189 22                        @ ../../../../Library/StdDriver/src/hsusbd.c:189:22
	cmp.w	lr, #18
	.loc	2 190 45                        @ ../../../../Library/StdDriver/src/hsusbd.c:190:45
	movt	r0, :upper16:g_hsusbd_sInfo
	ldr	r0, [r0]
	.loc	2 190 61 is_stmt 0              @ ../../../../Library/StdDriver/src/hsusbd.c:190:61
	ldr	r0, [r0]
	.loc	2 189 22 is_stmt 1              @ ../../../../Library/StdDriver/src/hsusbd.c:189:22
	it	hs
	movhs.w	lr, #18
.Ltmp153:
	@DEBUG_VALUE: HSUSBD_PrepareCtrlIn:u32Size <- $lr
	@DEBUG_VALUE: HSUSBD_PrepareCtrlIn:pu8Buf <- $r0
	@DEBUG_VALUE: HSUSBD_GetDescriptor:u32Len <- $lr
	.loc	2 0 22 is_stmt 0                @ ../../../../Library/StdDriver/src/hsusbd.c:0:22
	b	.LBB4_13
.Ltmp154:
.LBB4_4:
	@DEBUG_VALUE: HSUSBD_GetDescriptor:u32Len <- $lr
	@DEBUG_VALUE: HSUSBD_GetDescriptor:val <- 0
	.loc	2 313 35 is_stmt 1              @ ../../../../Library/StdDriver/src/hsusbd.c:313:35
	movw	r0, :lower16:g_hsusbd_sInfo
	.loc	2 313 80 is_stmt 0              @ ../../../../Library/StdDriver/src/hsusbd.c:313:80
	ldrb	r2, [r2, #4]
	.loc	2 313 35                        @ ../../../../Library/StdDriver/src/hsusbd.c:313:35
	movt	r0, :upper16:g_hsusbd_sInfo
	ldr	r0, [r0]
	.loc	2 312 22 is_stmt 1              @ ../../../../Library/StdDriver/src/hsusbd.c:312:22
	cmp.w	lr, #9
	.loc	2 313 51                        @ ../../../../Library/StdDriver/src/hsusbd.c:313:51
	ldr	r1, [r0, #40]
	.loc	2 314 62                        @ ../../../../Library/StdDriver/src/hsusbd.c:314:62
	ldr	r0, [r0, #4]
	.loc	2 313 35                        @ ../../../../Library/StdDriver/src/hsusbd.c:313:35
	ldr.w	r1, [r1, r2, lsl #2]
.Ltmp155:
	@DEBUG_VALUE: u32ConfigDescOffset <- $r1
	.loc	2 312 22                        @ ../../../../Library/StdDriver/src/hsusbd.c:312:22
	it	hs
	movhs.w	lr, #9
.Ltmp156:
	@DEBUG_VALUE: HSUSBD_GetDescriptor:u32Len <- $lr
	.loc	2 314 46                        @ ../../../../Library/StdDriver/src/hsusbd.c:314:46
	add	r0, r1
.Ltmp157:
	@DEBUG_VALUE: HSUSBD_PrepareCtrlIn:pu8Buf <- $r0
	@DEBUG_VALUE: HSUSBD_PrepareCtrlIn:u32Size <- $lr
	.loc	2 701 28                        @ ../../../../Library/StdDriver/src/hsusbd.c:701:28
	b	.LBB4_13
.Ltmp158:
.LBB4_5:
	@DEBUG_VALUE: HSUSBD_GetDescriptor:u32Len <- $lr
	@DEBUG_VALUE: HSUSBD_GetDescriptor:val <- 0
	.loc	2 0 28 is_stmt 0                @ ../../../../Library/StdDriver/src/hsusbd.c:0:28
	movw	r0, #20504
.Ltmp159:
	movw	r1, :lower16:g_hsusbd_sInfo
	movt	r0, #16416
	.loc	2 199 26 is_stmt 1              @ ../../../../Library/StdDriver/src/hsusbd.c:199:26
	ldr	r0, [r0]
	.loc	2 0 0 is_stmt 0                 @ ../../../../Library/StdDriver/src/hsusbd.c:0:0
	movt	r1, :upper16:g_hsusbd_sInfo
	ldr	r1, [r1]
.Ltmp160:
	.loc	2 199 17                        @ ../../../../Library/StdDriver/src/hsusbd.c:199:17
	lsls	r0, r0, #29
.Ltmp161:
	.loc	2 201 47 is_stmt 1              @ ../../../../Library/StdDriver/src/hsusbd.c:201:47
	ite	mi
	ldrmi	r2, [r1, #4]
.Ltmp162:
	.loc	2 218 47                        @ ../../../../Library/StdDriver/src/hsusbd.c:218:47
	ldrpl	r2, [r1, #16]
.Ltmp163:
	@DEBUG_VALUE: u32TotalLen <- undef
	.loc	2 0 47 is_stmt 0                @ ../../../../Library/StdDriver/src/hsusbd.c:0:47
	b	.LBB4_15
.Ltmp164:
.LBB4_6:
	@DEBUG_VALUE: HSUSBD_GetDescriptor:u32Len <- $lr
	@DEBUG_VALUE: HSUSBD_GetDescriptor:val <- 0
	.loc	2 321 26 is_stmt 1              @ ../../../../Library/StdDriver/src/hsusbd.c:321:26
	movw	r0, :lower16:g_hsusbd_sInfo
	.loc	2 321 68 is_stmt 0              @ ../../../../Library/StdDriver/src/hsusbd.c:321:68
	ldrb	r2, [r2, #4]
	.loc	2 321 26                        @ ../../../../Library/StdDriver/src/hsusbd.c:321:26
	movt	r0, :upper16:g_hsusbd_sInfo
	ldr	r3, [r0]
	.loc	2 321 42                        @ ../../../../Library/StdDriver/src/hsusbd.c:321:42
	ldr	r0, [r3, #36]
	.loc	2 321 26                        @ ../../../../Library/StdDriver/src/hsusbd.c:321:26
	ldr.w	r1, [r0, r2, lsl #2]
.Ltmp165:
	.loc	2 321 17                        @ ../../../../Library/StdDriver/src/hsusbd.c:321:17
	cmp	r1, lr
	bhs	.LBB4_8
.Ltmp166:
@ %bb.7:
	@DEBUG_VALUE: HSUSBD_GetDescriptor:u32Len <- $lr
	@DEBUG_VALUE: HSUSBD_GetDescriptor:val <- 0
	@DEBUG_VALUE: HSUSBD_GetDescriptor:u32Len <- $r1
	.loc	2 325 31 is_stmt 1              @ ../../../../Library/StdDriver/src/hsusbd.c:325:31
	movw	r0, :lower16:g_hsusbd_CtrlMaxPktSize
	movt	r0, :upper16:g_hsusbd_CtrlMaxPktSize
	ldr.w	lr, [r0]
	.loc	2 325 29 is_stmt 0              @ ../../../../Library/StdDriver/src/hsusbd.c:325:29
	udiv	r0, r1, lr
	mls	r0, r0, lr, r1
	mov	lr, r1
.Ltmp167:
	@DEBUG_VALUE: HSUSBD_GetDescriptor:u32Len <- $lr
	.loc	2 325 21                        @ ../../../../Library/StdDriver/src/hsusbd.c:325:21
	cmp	r0, #0
	itt	eq
	moveq	r0, #1
.Ltmp168:
	.loc	2 327 39 is_stmt 1              @ ../../../../Library/StdDriver/src/hsusbd.c:327:39
	strbeq.w	r0, [r12]
.Ltmp169:
.LBB4_8:
	@DEBUG_VALUE: HSUSBD_GetDescriptor:u32Len <- $lr
	@DEBUG_VALUE: HSUSBD_GetDescriptor:val <- 0
	@DEBUG_VALUE: HSUSBD_GetDescriptor:u32Len <- $lr
	.loc	2 331 61                        @ ../../../../Library/StdDriver/src/hsusbd.c:331:61
	ldr	r0, [r3, #32]
	.loc	2 331 45 is_stmt 0              @ ../../../../Library/StdDriver/src/hsusbd.c:331:45
	ldr.w	r0, [r0, r2, lsl #2]
.Ltmp170:
	@DEBUG_VALUE: HSUSBD_PrepareCtrlIn:u32Size <- $lr
	@DEBUG_VALUE: HSUSBD_PrepareCtrlIn:pu8Buf <- $r0
	.loc	2 0 45                          @ ../../../../Library/StdDriver/src/hsusbd.c:0:45
	b	.LBB4_13
.Ltmp171:
.LBB4_9:
	@DEBUG_VALUE: HSUSBD_GetDescriptor:u32Len <- $lr
	@DEBUG_VALUE: HSUSBD_GetDescriptor:val <- 0
	.loc	2 338 33 is_stmt 1              @ ../../../../Library/StdDriver/src/hsusbd.c:338:33
	uxtb	r1, r1
.Ltmp172:
	.loc	2 338 17 is_stmt 0              @ ../../../../Library/StdDriver/src/hsusbd.c:338:17
	cmp	r1, #7
	bhi	.LBB4_11
.Ltmp173:
@ %bb.10:
	@DEBUG_VALUE: HSUSBD_GetDescriptor:u32Len <- $lr
	@DEBUG_VALUE: HSUSBD_GetDescriptor:val <- 0
	.loc	2 340 30 is_stmt 1              @ ../../../../Library/StdDriver/src/hsusbd.c:340:30
	movw	r0, :lower16:g_hsusbd_sInfo
	movt	r0, :upper16:g_hsusbd_sInfo
	ldr	r0, [r0]
	.loc	2 340 46 is_stmt 0              @ ../../../../Library/StdDriver/src/hsusbd.c:340:46
	ldr	r0, [r0, #8]
	.loc	2 340 30                        @ ../../../../Library/StdDriver/src/hsusbd.c:340:30
	ldr.w	r2, [r0, r1, lsl #2]
	ldrb	r3, [r2]
.Ltmp174:
	.loc	2 340 21                        @ ../../../../Library/StdDriver/src/hsusbd.c:340:21
	cmp	lr, r3
	bhi	.LBB4_16
	b	.LBB4_17
.Ltmp175:
.LBB4_11:
	@DEBUG_VALUE: HSUSBD_GetDescriptor:u32Len <- $lr
	@DEBUG_VALUE: HSUSBD_GetDescriptor:val <- 0
	.loc	2 0 21                          @ ../../../../Library/StdDriver/src/hsusbd.c:0:21
	movw	r0, #20504
	movs	r1, #2
	movt	r0, #16416
	str	r1, [r0, #20]
	movs	r0, #1
.Ltmp176:
	@DEBUG_VALUE: HSUSBD_GetDescriptor:val <- 1
	@DEBUG_VALUE: HSUSBD_GetDescriptor:val <- $r0
	.loc	2 368 5 epilogue_begin is_stmt 1 @ ../../../../Library/StdDriver/src/hsusbd.c:368:5
	pop	{r7, pc}
.Ltmp177:
.LBB4_12:
	@DEBUG_VALUE: HSUSBD_GetDescriptor:u32Len <- $lr
	@DEBUG_VALUE: HSUSBD_GetDescriptor:val <- 0
	.loc	2 261 45                        @ ../../../../Library/StdDriver/src/hsusbd.c:261:45
	movw	r0, :lower16:g_hsusbd_sInfo
	.loc	2 260 22                        @ ../../../../Library/StdDriver/src/hsusbd.c:260:22
	cmp.w	lr, #10
	.loc	2 261 45                        @ ../../../../Library/StdDriver/src/hsusbd.c:261:45
	movt	r0, :upper16:g_hsusbd_sInfo
	ldr	r0, [r0]
	.loc	2 261 61 is_stmt 0              @ ../../../../Library/StdDriver/src/hsusbd.c:261:61
	ldr	r0, [r0, #12]
	.loc	2 260 22 is_stmt 1              @ ../../../../Library/StdDriver/src/hsusbd.c:260:22
	it	hs
	movhs.w	lr, #10
.Ltmp178:
	@DEBUG_VALUE: HSUSBD_PrepareCtrlIn:u32Size <- $lr
	@DEBUG_VALUE: HSUSBD_PrepareCtrlIn:pu8Buf <- $r0
	@DEBUG_VALUE: HSUSBD_GetDescriptor:u32Len <- $lr
.LBB4_13:
	@DEBUG_VALUE: HSUSBD_GetDescriptor:u32Len <- $lr
	@DEBUG_VALUE: HSUSBD_GetDescriptor:val <- 0
	.loc	2 701 28                        @ ../../../../Library/StdDriver/src/hsusbd.c:701:28
	movw	r1, :lower16:g_hsusbd_CtrlInPointer
	movt	r1, :upper16:g_hsusbd_CtrlInPointer
	str	r0, [r1]
	.loc	2 702 25                        @ ../../../../Library/StdDriver/src/hsusbd.c:702:25
	b	.LBB4_18
.Ltmp179:
.LBB4_14:
	@DEBUG_VALUE: HSUSBD_GetDescriptor:u32Len <- $lr
	@DEBUG_VALUE: HSUSBD_GetDescriptor:val <- 0
	.loc	2 0 25 is_stmt 0                @ ../../../../Library/StdDriver/src/hsusbd.c:0:25
	movw	r0, #20504
.Ltmp180:
	movw	r1, :lower16:g_hsusbd_sInfo
	movt	r0, #16416
	.loc	2 270 26 is_stmt 1              @ ../../../../Library/StdDriver/src/hsusbd.c:270:26
	ldr	r0, [r0]
	.loc	2 0 0 is_stmt 0                 @ ../../../../Library/StdDriver/src/hsusbd.c:0:0
	movt	r1, :upper16:g_hsusbd_sInfo
	ldr	r1, [r1]
.Ltmp181:
	.loc	2 270 17                        @ ../../../../Library/StdDriver/src/hsusbd.c:270:17
	lsls	r0, r0, #29
.Ltmp182:
	.loc	2 289 47 is_stmt 1              @ ../../../../Library/StdDriver/src/hsusbd.c:289:47
	ite	pl
	ldrpl	r2, [r1, #24]
.Ltmp183:
	.loc	2 272 47                        @ ../../../../Library/StdDriver/src/hsusbd.c:272:47
	ldrmi	r2, [r1, #20]
.Ltmp184:
	@DEBUG_VALUE: u32TotalLen <- undef
.LBB4_15:
	@DEBUG_VALUE: HSUSBD_GetDescriptor:u32Len <- $lr
	@DEBUG_VALUE: HSUSBD_GetDescriptor:val <- 0
	.loc	2 0 0 is_stmt 0                 @ ../../../../Library/StdDriver/src/hsusbd.c:0:0
	ldrh	r3, [r2, #2]
	@DEBUG_VALUE: u32TotalLen <- $r3
	cmp	r3, lr
	bhs	.LBB4_17
.Ltmp185:
.LBB4_16:
	@DEBUG_VALUE: HSUSBD_GetDescriptor:u32Len <- $lr
	@DEBUG_VALUE: HSUSBD_GetDescriptor:val <- 0
	@DEBUG_VALUE: HSUSBD_GetDescriptor:u32Len <- $r3
	movw	r0, :lower16:g_hsusbd_CtrlMaxPktSize
	mov	lr, r3
	movt	r0, :upper16:g_hsusbd_CtrlMaxPktSize
	ldr	r0, [r0]
	udiv	r1, r3, r0
	mls	r0, r1, r0, r3
	cmp	r0, #0
	itt	eq
	moveq	r0, #1
	strbeq.w	r0, [r12]
.Ltmp186:
.LBB4_17:
	@DEBUG_VALUE: HSUSBD_GetDescriptor:val <- 0
	@DEBUG_VALUE: HSUSBD_GetDescriptor:u32Len <- $lr
	@DEBUG_VALUE: HSUSBD_PrepareCtrlIn:pu8Buf <- $r2
	@DEBUG_VALUE: HSUSBD_PrepareCtrlIn:u32Size <- $lr
	.loc	2 701 28 is_stmt 1              @ ../../../../Library/StdDriver/src/hsusbd.c:701:28
	movw	r0, :lower16:g_hsusbd_CtrlInPointer
	movt	r0, :upper16:g_hsusbd_CtrlInPointer
	str	r2, [r0]
.Ltmp187:
.LBB4_18:
	@DEBUG_VALUE: HSUSBD_GetDescriptor:u32Len <- $lr
	@DEBUG_VALUE: HSUSBD_GetDescriptor:val <- 0
	.loc	2 702 25                        @ ../../../../Library/StdDriver/src/hsusbd.c:702:25
	movw	r0, :lower16:g_hsusbd_CtrlInSize
	movt	r0, :upper16:g_hsusbd_CtrlInSize
	str.w	lr, [r0]
	movs	r0, #0
.Ltmp188:
	@DEBUG_VALUE: HSUSBD_GetDescriptor:val <- $r0
	.loc	2 368 5 epilogue_begin          @ ../../../../Library/StdDriver/src/hsusbd.c:368:5
	pop	{r7, pc}
.Ltmp189:
.Lfunc_end4:
	.size	HSUSBD_GetDescriptor, .Lfunc_end4-HSUSBD_GetDescriptor
	.cfi_endproc
	.cantunwind
	.fnend
                                        @ -- End function
	.section	.text.HSUSBD_PrepareCtrlIn,"ax",%progbits
	.hidden	HSUSBD_PrepareCtrlIn            @ -- Begin function HSUSBD_PrepareCtrlIn
	.globl	HSUSBD_PrepareCtrlIn
	.p2align	2
	.type	HSUSBD_PrepareCtrlIn,%function
	.code	16                              @ @HSUSBD_PrepareCtrlIn
	.thumb_func
HSUSBD_PrepareCtrlIn:
.Lfunc_begin5:
	.fnstart
	.cfi_startproc
@ %bb.0:
	@DEBUG_VALUE: HSUSBD_PrepareCtrlIn:pu8Buf <- $r0
	@DEBUG_VALUE: HSUSBD_PrepareCtrlIn:u32Size <- $r1
	.loc	2 701 28 prologue_end           @ ../../../../Library/StdDriver/src/hsusbd.c:701:28
	movw	r2, :lower16:g_hsusbd_CtrlInPointer
	movt	r2, :upper16:g_hsusbd_CtrlInPointer
	str	r0, [r2]
	.loc	2 702 25                        @ ../../../../Library/StdDriver/src/hsusbd.c:702:25
	movw	r0, :lower16:g_hsusbd_CtrlInSize
.Ltmp190:
	@DEBUG_VALUE: HSUSBD_PrepareCtrlIn:pu8Buf <- [DW_OP_LLVM_entry_value 1] $r0
	movt	r0, :upper16:g_hsusbd_CtrlInSize
	str	r1, [r0]
	.loc	2 703 1                         @ ../../../../Library/StdDriver/src/hsusbd.c:703:1
	bx	lr
.Ltmp191:
.Lfunc_end5:
	.size	HSUSBD_PrepareCtrlIn, .Lfunc_end5-HSUSBD_PrepareCtrlIn
	.cfi_endproc
	.cantunwind
	.fnend
                                        @ -- End function
	.section	.text.HSUSBD_GetStall,"ax",%progbits
	.p2align	2                               @ -- Begin function HSUSBD_GetStall
	.type	HSUSBD_GetStall,%function
	.code	16                              @ @HSUSBD_GetStall
	.thumb_func
HSUSBD_GetStall:
.Lfunc_begin6:
	.loc	1 376 0                         @ ../../../../Library/StdDriver/inc\hsusbd.h:376:0
	.fnstart
	.cfi_startproc
@ %bb.0:
	@DEBUG_VALUE: HSUSBD_GetStall:u32EpNum <- $r0
	movw	r1, #20580
	movt	r1, #16416
.Ltmp192:
	@DEBUG_VALUE: HSUSBD_GetStall:i <- 0
	@DEBUG_VALUE: HSUSBD_GetStall:val <- 0
	.loc	1 382 29 prologue_end           @ ../../../../Library/StdDriver/inc\hsusbd.h:382:29
	ldr	r2, [r1, #28]
	.loc	1 382 45 is_stmt 0              @ ../../../../Library/StdDriver/inc\hsusbd.h:382:45
	ubfx	r2, r2, #4, #4
.Ltmp193:
	@DEBUG_VALUE: HSUSBD_GetStall:i <- [DW_OP_plus_uconst 1, DW_OP_stack_value] 0
	.loc	1 382 13                        @ ../../../../Library/StdDriver/inc\hsusbd.h:382:13
	cmp	r2, r0
	beq.w	.LBB6_35
.Ltmp194:
@ %bb.1:
	@DEBUG_VALUE: HSUSBD_GetStall:i <- [DW_OP_plus_uconst 1, DW_OP_stack_value] 0
	@DEBUG_VALUE: HSUSBD_GetStall:val <- 0
	@DEBUG_VALUE: HSUSBD_GetStall:u32EpNum <- $r0
	@DEBUG_VALUE: HSUSBD_GetStall:i <- 1
	.loc	1 382 29                        @ ../../../../Library/StdDriver/inc\hsusbd.h:382:29
	ldr	r2, [r1, #68]
	.loc	1 382 45                        @ ../../../../Library/StdDriver/inc\hsusbd.h:382:45
	ubfx	r2, r2, #4, #4
.Ltmp195:
	@DEBUG_VALUE: HSUSBD_GetStall:i <- [DW_OP_plus_uconst 1, DW_OP_stack_value] 1
	.loc	1 382 13                        @ ../../../../Library/StdDriver/inc\hsusbd.h:382:13
	cmp	r2, r0
	bne	.LBB6_3
.Ltmp196:
@ %bb.2:
	@DEBUG_VALUE: HSUSBD_GetStall:i <- [DW_OP_plus_uconst 1, DW_OP_stack_value] 1
	@DEBUG_VALUE: HSUSBD_GetStall:val <- 0
	@DEBUG_VALUE: HSUSBD_GetStall:u32EpNum <- $r0
	.loc	1 382 0                         @ ../../../../Library/StdDriver/inc\hsusbd.h:382:0
	adds	r1, #40
	.loc	1 382 13                        @ ../../../../Library/StdDriver/inc\hsusbd.h:382:13
	b	.LBB6_35
.Ltmp197:
.LBB6_3:
	@DEBUG_VALUE: HSUSBD_GetStall:i <- [DW_OP_plus_uconst 1, DW_OP_stack_value] 1
	@DEBUG_VALUE: HSUSBD_GetStall:val <- 0
	@DEBUG_VALUE: HSUSBD_GetStall:u32EpNum <- $r0
	@DEBUG_VALUE: HSUSBD_GetStall:i <- 2
	.loc	1 382 29                        @ ../../../../Library/StdDriver/inc\hsusbd.h:382:29
	ldr	r2, [r1, #108]
	.loc	1 382 45                        @ ../../../../Library/StdDriver/inc\hsusbd.h:382:45
	ubfx	r2, r2, #4, #4
.Ltmp198:
	@DEBUG_VALUE: HSUSBD_GetStall:i <- [DW_OP_plus_uconst 1, DW_OP_stack_value] 2
	.loc	1 382 13                        @ ../../../../Library/StdDriver/inc\hsusbd.h:382:13
	cmp	r2, r0
	bne	.LBB6_5
.Ltmp199:
@ %bb.4:
	@DEBUG_VALUE: HSUSBD_GetStall:i <- [DW_OP_plus_uconst 1, DW_OP_stack_value] 2
	@DEBUG_VALUE: HSUSBD_GetStall:val <- 0
	@DEBUG_VALUE: HSUSBD_GetStall:u32EpNum <- $r0
	.loc	1 382 0                         @ ../../../../Library/StdDriver/inc\hsusbd.h:382:0
	adds	r1, #80
	.loc	1 382 13                        @ ../../../../Library/StdDriver/inc\hsusbd.h:382:13
	b	.LBB6_35
.Ltmp200:
.LBB6_5:
	@DEBUG_VALUE: HSUSBD_GetStall:i <- [DW_OP_plus_uconst 1, DW_OP_stack_value] 2
	@DEBUG_VALUE: HSUSBD_GetStall:val <- 0
	@DEBUG_VALUE: HSUSBD_GetStall:u32EpNum <- $r0
	@DEBUG_VALUE: HSUSBD_GetStall:i <- 3
	.loc	1 382 29                        @ ../../../../Library/StdDriver/inc\hsusbd.h:382:29
	ldr.w	r2, [r1, #148]
	.loc	1 382 45                        @ ../../../../Library/StdDriver/inc\hsusbd.h:382:45
	ubfx	r2, r2, #4, #4
.Ltmp201:
	@DEBUG_VALUE: HSUSBD_GetStall:i <- [DW_OP_plus_uconst 1, DW_OP_stack_value] 3
	.loc	1 382 13                        @ ../../../../Library/StdDriver/inc\hsusbd.h:382:13
	cmp	r2, r0
	bne	.LBB6_7
.Ltmp202:
@ %bb.6:
	@DEBUG_VALUE: HSUSBD_GetStall:i <- [DW_OP_plus_uconst 1, DW_OP_stack_value] 3
	@DEBUG_VALUE: HSUSBD_GetStall:val <- 0
	@DEBUG_VALUE: HSUSBD_GetStall:u32EpNum <- $r0
	.loc	1 382 0                         @ ../../../../Library/StdDriver/inc\hsusbd.h:382:0
	adds	r1, #120
	.loc	1 382 13                        @ ../../../../Library/StdDriver/inc\hsusbd.h:382:13
	b	.LBB6_35
.Ltmp203:
.LBB6_7:
	@DEBUG_VALUE: HSUSBD_GetStall:i <- [DW_OP_plus_uconst 1, DW_OP_stack_value] 3
	@DEBUG_VALUE: HSUSBD_GetStall:val <- 0
	@DEBUG_VALUE: HSUSBD_GetStall:u32EpNum <- $r0
	@DEBUG_VALUE: HSUSBD_GetStall:i <- 4
	.loc	1 382 29                        @ ../../../../Library/StdDriver/inc\hsusbd.h:382:29
	ldr.w	r2, [r1, #188]
	.loc	1 382 45                        @ ../../../../Library/StdDriver/inc\hsusbd.h:382:45
	ubfx	r2, r2, #4, #4
.Ltmp204:
	@DEBUG_VALUE: HSUSBD_GetStall:i <- [DW_OP_plus_uconst 1, DW_OP_stack_value] 4
	.loc	1 382 13                        @ ../../../../Library/StdDriver/inc\hsusbd.h:382:13
	cmp	r2, r0
	bne	.LBB6_9
.Ltmp205:
@ %bb.8:
	@DEBUG_VALUE: HSUSBD_GetStall:i <- [DW_OP_plus_uconst 1, DW_OP_stack_value] 4
	@DEBUG_VALUE: HSUSBD_GetStall:val <- 0
	@DEBUG_VALUE: HSUSBD_GetStall:u32EpNum <- $r0
	.loc	1 382 0                         @ ../../../../Library/StdDriver/inc\hsusbd.h:382:0
	adds	r1, #160
	.loc	1 382 13                        @ ../../../../Library/StdDriver/inc\hsusbd.h:382:13
	b	.LBB6_35
.Ltmp206:
.LBB6_9:
	@DEBUG_VALUE: HSUSBD_GetStall:i <- [DW_OP_plus_uconst 1, DW_OP_stack_value] 4
	@DEBUG_VALUE: HSUSBD_GetStall:val <- 0
	@DEBUG_VALUE: HSUSBD_GetStall:u32EpNum <- $r0
	@DEBUG_VALUE: HSUSBD_GetStall:i <- 5
	.loc	1 382 29                        @ ../../../../Library/StdDriver/inc\hsusbd.h:382:29
	ldr.w	r2, [r1, #228]
	.loc	1 382 45                        @ ../../../../Library/StdDriver/inc\hsusbd.h:382:45
	ubfx	r2, r2, #4, #4
.Ltmp207:
	@DEBUG_VALUE: HSUSBD_GetStall:i <- [DW_OP_plus_uconst 1, DW_OP_stack_value] 5
	.loc	1 382 13                        @ ../../../../Library/StdDriver/inc\hsusbd.h:382:13
	cmp	r2, r0
	bne	.LBB6_11
.Ltmp208:
@ %bb.10:
	@DEBUG_VALUE: HSUSBD_GetStall:i <- [DW_OP_plus_uconst 1, DW_OP_stack_value] 5
	@DEBUG_VALUE: HSUSBD_GetStall:val <- 0
	@DEBUG_VALUE: HSUSBD_GetStall:u32EpNum <- $r0
	.loc	1 382 0                         @ ../../../../Library/StdDriver/inc\hsusbd.h:382:0
	adds	r1, #200
	.loc	1 382 13                        @ ../../../../Library/StdDriver/inc\hsusbd.h:382:13
	b	.LBB6_35
.Ltmp209:
.LBB6_11:
	@DEBUG_VALUE: HSUSBD_GetStall:i <- [DW_OP_plus_uconst 1, DW_OP_stack_value] 5
	@DEBUG_VALUE: HSUSBD_GetStall:val <- 0
	@DEBUG_VALUE: HSUSBD_GetStall:u32EpNum <- $r0
	@DEBUG_VALUE: HSUSBD_GetStall:i <- 6
	.loc	1 382 29                        @ ../../../../Library/StdDriver/inc\hsusbd.h:382:29
	ldr.w	r2, [r1, #268]
	.loc	1 382 45                        @ ../../../../Library/StdDriver/inc\hsusbd.h:382:45
	ubfx	r2, r2, #4, #4
.Ltmp210:
	@DEBUG_VALUE: HSUSBD_GetStall:i <- [DW_OP_plus_uconst 1, DW_OP_stack_value] 6
	.loc	1 382 13                        @ ../../../../Library/StdDriver/inc\hsusbd.h:382:13
	cmp	r2, r0
	bne	.LBB6_13
.Ltmp211:
@ %bb.12:
	@DEBUG_VALUE: HSUSBD_GetStall:i <- [DW_OP_plus_uconst 1, DW_OP_stack_value] 6
	@DEBUG_VALUE: HSUSBD_GetStall:val <- 0
	@DEBUG_VALUE: HSUSBD_GetStall:u32EpNum <- $r0
	.loc	1 382 0                         @ ../../../../Library/StdDriver/inc\hsusbd.h:382:0
	adds	r1, #240
	.loc	1 382 13                        @ ../../../../Library/StdDriver/inc\hsusbd.h:382:13
	b	.LBB6_35
.Ltmp212:
.LBB6_13:
	@DEBUG_VALUE: HSUSBD_GetStall:i <- [DW_OP_plus_uconst 1, DW_OP_stack_value] 6
	@DEBUG_VALUE: HSUSBD_GetStall:val <- 0
	@DEBUG_VALUE: HSUSBD_GetStall:u32EpNum <- $r0
	@DEBUG_VALUE: HSUSBD_GetStall:i <- 7
	.loc	1 382 29                        @ ../../../../Library/StdDriver/inc\hsusbd.h:382:29
	ldr.w	r2, [r1, #308]
	.loc	1 382 45                        @ ../../../../Library/StdDriver/inc\hsusbd.h:382:45
	ubfx	r2, r2, #4, #4
.Ltmp213:
	@DEBUG_VALUE: HSUSBD_GetStall:i <- [DW_OP_plus_uconst 1, DW_OP_stack_value] 7
	.loc	1 382 13                        @ ../../../../Library/StdDriver/inc\hsusbd.h:382:13
	cmp	r2, r0
	bne	.LBB6_15
.Ltmp214:
@ %bb.14:
	@DEBUG_VALUE: HSUSBD_GetStall:i <- [DW_OP_plus_uconst 1, DW_OP_stack_value] 7
	@DEBUG_VALUE: HSUSBD_GetStall:val <- 0
	@DEBUG_VALUE: HSUSBD_GetStall:u32EpNum <- $r0
	.loc	1 382 0                         @ ../../../../Library/StdDriver/inc\hsusbd.h:382:0
	add.w	r1, r1, #280
	.loc	1 382 13                        @ ../../../../Library/StdDriver/inc\hsusbd.h:382:13
	b	.LBB6_35
.Ltmp215:
.LBB6_15:
	@DEBUG_VALUE: HSUSBD_GetStall:i <- [DW_OP_plus_uconst 1, DW_OP_stack_value] 7
	@DEBUG_VALUE: HSUSBD_GetStall:val <- 0
	@DEBUG_VALUE: HSUSBD_GetStall:u32EpNum <- $r0
	@DEBUG_VALUE: HSUSBD_GetStall:i <- 8
	.loc	1 382 29                        @ ../../../../Library/StdDriver/inc\hsusbd.h:382:29
	ldr.w	r2, [r1, #348]
	.loc	1 382 45                        @ ../../../../Library/StdDriver/inc\hsusbd.h:382:45
	ubfx	r2, r2, #4, #4
.Ltmp216:
	@DEBUG_VALUE: HSUSBD_GetStall:i <- [DW_OP_plus_uconst 1, DW_OP_stack_value] 8
	.loc	1 382 13                        @ ../../../../Library/StdDriver/inc\hsusbd.h:382:13
	cmp	r2, r0
	bne	.LBB6_17
.Ltmp217:
@ %bb.16:
	@DEBUG_VALUE: HSUSBD_GetStall:i <- [DW_OP_plus_uconst 1, DW_OP_stack_value] 8
	@DEBUG_VALUE: HSUSBD_GetStall:val <- 0
	@DEBUG_VALUE: HSUSBD_GetStall:u32EpNum <- $r0
	.loc	1 382 0                         @ ../../../../Library/StdDriver/inc\hsusbd.h:382:0
	add.w	r1, r1, #320
	.loc	1 382 13                        @ ../../../../Library/StdDriver/inc\hsusbd.h:382:13
	b	.LBB6_35
.Ltmp218:
.LBB6_17:
	@DEBUG_VALUE: HSUSBD_GetStall:i <- [DW_OP_plus_uconst 1, DW_OP_stack_value] 8
	@DEBUG_VALUE: HSUSBD_GetStall:val <- 0
	@DEBUG_VALUE: HSUSBD_GetStall:u32EpNum <- $r0
	@DEBUG_VALUE: HSUSBD_GetStall:i <- 9
	.loc	1 382 29                        @ ../../../../Library/StdDriver/inc\hsusbd.h:382:29
	ldr.w	r2, [r1, #388]
	.loc	1 382 45                        @ ../../../../Library/StdDriver/inc\hsusbd.h:382:45
	ubfx	r2, r2, #4, #4
.Ltmp219:
	@DEBUG_VALUE: HSUSBD_GetStall:i <- [DW_OP_plus_uconst 1, DW_OP_stack_value] 9
	.loc	1 382 13                        @ ../../../../Library/StdDriver/inc\hsusbd.h:382:13
	cmp	r2, r0
	bne	.LBB6_19
.Ltmp220:
@ %bb.18:
	@DEBUG_VALUE: HSUSBD_GetStall:i <- [DW_OP_plus_uconst 1, DW_OP_stack_value] 9
	@DEBUG_VALUE: HSUSBD_GetStall:val <- 0
	@DEBUG_VALUE: HSUSBD_GetStall:u32EpNum <- $r0
	.loc	1 382 0                         @ ../../../../Library/StdDriver/inc\hsusbd.h:382:0
	add.w	r1, r1, #360
	.loc	1 382 13                        @ ../../../../Library/StdDriver/inc\hsusbd.h:382:13
	b	.LBB6_35
.Ltmp221:
.LBB6_19:
	@DEBUG_VALUE: HSUSBD_GetStall:i <- [DW_OP_plus_uconst 1, DW_OP_stack_value] 9
	@DEBUG_VALUE: HSUSBD_GetStall:val <- 0
	@DEBUG_VALUE: HSUSBD_GetStall:u32EpNum <- $r0
	@DEBUG_VALUE: HSUSBD_GetStall:i <- 10
	.loc	1 382 29                        @ ../../../../Library/StdDriver/inc\hsusbd.h:382:29
	ldr.w	r2, [r1, #428]
	.loc	1 382 45                        @ ../../../../Library/StdDriver/inc\hsusbd.h:382:45
	ubfx	r2, r2, #4, #4
.Ltmp222:
	@DEBUG_VALUE: HSUSBD_GetStall:i <- [DW_OP_plus_uconst 1, DW_OP_stack_value] 10
	.loc	1 382 13                        @ ../../../../Library/StdDriver/inc\hsusbd.h:382:13
	cmp	r2, r0
	bne	.LBB6_21
.Ltmp223:
@ %bb.20:
	@DEBUG_VALUE: HSUSBD_GetStall:i <- [DW_OP_plus_uconst 1, DW_OP_stack_value] 10
	@DEBUG_VALUE: HSUSBD_GetStall:val <- 0
	@DEBUG_VALUE: HSUSBD_GetStall:u32EpNum <- $r0
	.loc	1 382 0                         @ ../../../../Library/StdDriver/inc\hsusbd.h:382:0
	add.w	r1, r1, #400
	.loc	1 382 13                        @ ../../../../Library/StdDriver/inc\hsusbd.h:382:13
	b	.LBB6_35
.Ltmp224:
.LBB6_21:
	@DEBUG_VALUE: HSUSBD_GetStall:i <- [DW_OP_plus_uconst 1, DW_OP_stack_value] 10
	@DEBUG_VALUE: HSUSBD_GetStall:val <- 0
	@DEBUG_VALUE: HSUSBD_GetStall:u32EpNum <- $r0
	@DEBUG_VALUE: HSUSBD_GetStall:i <- 11
	.loc	1 382 29                        @ ../../../../Library/StdDriver/inc\hsusbd.h:382:29
	ldr.w	r2, [r1, #468]
	.loc	1 382 45                        @ ../../../../Library/StdDriver/inc\hsusbd.h:382:45
	ubfx	r2, r2, #4, #4
.Ltmp225:
	@DEBUG_VALUE: HSUSBD_GetStall:i <- [DW_OP_plus_uconst 1, DW_OP_stack_value] 11
	.loc	1 382 13                        @ ../../../../Library/StdDriver/inc\hsusbd.h:382:13
	cmp	r2, r0
	bne	.LBB6_23
.Ltmp226:
@ %bb.22:
	@DEBUG_VALUE: HSUSBD_GetStall:i <- [DW_OP_plus_uconst 1, DW_OP_stack_value] 11
	@DEBUG_VALUE: HSUSBD_GetStall:val <- 0
	@DEBUG_VALUE: HSUSBD_GetStall:u32EpNum <- $r0
	.loc	1 382 0                         @ ../../../../Library/StdDriver/inc\hsusbd.h:382:0
	add.w	r1, r1, #440
	.loc	1 382 13                        @ ../../../../Library/StdDriver/inc\hsusbd.h:382:13
	b	.LBB6_35
.Ltmp227:
.LBB6_23:
	@DEBUG_VALUE: HSUSBD_GetStall:i <- [DW_OP_plus_uconst 1, DW_OP_stack_value] 11
	@DEBUG_VALUE: HSUSBD_GetStall:val <- 0
	@DEBUG_VALUE: HSUSBD_GetStall:u32EpNum <- $r0
	@DEBUG_VALUE: HSUSBD_GetStall:i <- 12
	.loc	1 382 29                        @ ../../../../Library/StdDriver/inc\hsusbd.h:382:29
	ldr.w	r2, [r1, #508]
	.loc	1 382 45                        @ ../../../../Library/StdDriver/inc\hsusbd.h:382:45
	ubfx	r2, r2, #4, #4
.Ltmp228:
	@DEBUG_VALUE: HSUSBD_GetStall:i <- [DW_OP_plus_uconst 1, DW_OP_stack_value] 12
	.loc	1 382 13                        @ ../../../../Library/StdDriver/inc\hsusbd.h:382:13
	cmp	r2, r0
	bne	.LBB6_25
.Ltmp229:
@ %bb.24:
	@DEBUG_VALUE: HSUSBD_GetStall:i <- [DW_OP_plus_uconst 1, DW_OP_stack_value] 12
	@DEBUG_VALUE: HSUSBD_GetStall:val <- 0
	@DEBUG_VALUE: HSUSBD_GetStall:u32EpNum <- $r0
	.loc	1 382 0                         @ ../../../../Library/StdDriver/inc\hsusbd.h:382:0
	add.w	r1, r1, #480
	.loc	1 382 13                        @ ../../../../Library/StdDriver/inc\hsusbd.h:382:13
	b	.LBB6_35
.Ltmp230:
.LBB6_25:
	@DEBUG_VALUE: HSUSBD_GetStall:i <- [DW_OP_plus_uconst 1, DW_OP_stack_value] 12
	@DEBUG_VALUE: HSUSBD_GetStall:val <- 0
	@DEBUG_VALUE: HSUSBD_GetStall:u32EpNum <- $r0
	@DEBUG_VALUE: HSUSBD_GetStall:i <- 13
	.loc	1 382 29                        @ ../../../../Library/StdDriver/inc\hsusbd.h:382:29
	ldr.w	r2, [r1, #548]
	.loc	1 382 45                        @ ../../../../Library/StdDriver/inc\hsusbd.h:382:45
	ubfx	r2, r2, #4, #4
.Ltmp231:
	@DEBUG_VALUE: HSUSBD_GetStall:i <- [DW_OP_plus_uconst 1, DW_OP_stack_value] 13
	.loc	1 382 13                        @ ../../../../Library/StdDriver/inc\hsusbd.h:382:13
	cmp	r2, r0
	bne	.LBB6_27
.Ltmp232:
@ %bb.26:
	@DEBUG_VALUE: HSUSBD_GetStall:i <- [DW_OP_plus_uconst 1, DW_OP_stack_value] 13
	@DEBUG_VALUE: HSUSBD_GetStall:val <- 0
	@DEBUG_VALUE: HSUSBD_GetStall:u32EpNum <- $r0
	.loc	1 382 0                         @ ../../../../Library/StdDriver/inc\hsusbd.h:382:0
	add.w	r1, r1, #520
	.loc	1 382 13                        @ ../../../../Library/StdDriver/inc\hsusbd.h:382:13
	b	.LBB6_35
.Ltmp233:
.LBB6_27:
	@DEBUG_VALUE: HSUSBD_GetStall:i <- [DW_OP_plus_uconst 1, DW_OP_stack_value] 13
	@DEBUG_VALUE: HSUSBD_GetStall:val <- 0
	@DEBUG_VALUE: HSUSBD_GetStall:u32EpNum <- $r0
	@DEBUG_VALUE: HSUSBD_GetStall:i <- 14
	.loc	1 382 29                        @ ../../../../Library/StdDriver/inc\hsusbd.h:382:29
	ldr.w	r2, [r1, #588]
	.loc	1 382 45                        @ ../../../../Library/StdDriver/inc\hsusbd.h:382:45
	ubfx	r2, r2, #4, #4
.Ltmp234:
	@DEBUG_VALUE: HSUSBD_GetStall:i <- [DW_OP_plus_uconst 1, DW_OP_stack_value] 14
	.loc	1 382 13                        @ ../../../../Library/StdDriver/inc\hsusbd.h:382:13
	cmp	r2, r0
	bne	.LBB6_29
.Ltmp235:
@ %bb.28:
	@DEBUG_VALUE: HSUSBD_GetStall:i <- [DW_OP_plus_uconst 1, DW_OP_stack_value] 14
	@DEBUG_VALUE: HSUSBD_GetStall:val <- 0
	@DEBUG_VALUE: HSUSBD_GetStall:u32EpNum <- $r0
	.loc	1 382 0                         @ ../../../../Library/StdDriver/inc\hsusbd.h:382:0
	add.w	r1, r1, #560
	.loc	1 382 13                        @ ../../../../Library/StdDriver/inc\hsusbd.h:382:13
	b	.LBB6_35
.Ltmp236:
.LBB6_29:
	@DEBUG_VALUE: HSUSBD_GetStall:i <- [DW_OP_plus_uconst 1, DW_OP_stack_value] 14
	@DEBUG_VALUE: HSUSBD_GetStall:val <- 0
	@DEBUG_VALUE: HSUSBD_GetStall:u32EpNum <- $r0
	@DEBUG_VALUE: HSUSBD_GetStall:i <- 15
	.loc	1 382 29                        @ ../../../../Library/StdDriver/inc\hsusbd.h:382:29
	ldr.w	r2, [r1, #628]
	.loc	1 382 45                        @ ../../../../Library/StdDriver/inc\hsusbd.h:382:45
	ubfx	r2, r2, #4, #4
.Ltmp237:
	@DEBUG_VALUE: HSUSBD_GetStall:i <- [DW_OP_plus_uconst 1, DW_OP_stack_value] 15
	.loc	1 382 13                        @ ../../../../Library/StdDriver/inc\hsusbd.h:382:13
	cmp	r2, r0
	bne	.LBB6_31
.Ltmp238:
@ %bb.30:
	@DEBUG_VALUE: HSUSBD_GetStall:i <- [DW_OP_plus_uconst 1, DW_OP_stack_value] 15
	@DEBUG_VALUE: HSUSBD_GetStall:val <- 0
	@DEBUG_VALUE: HSUSBD_GetStall:u32EpNum <- $r0
	.loc	1 382 0                         @ ../../../../Library/StdDriver/inc\hsusbd.h:382:0
	add.w	r1, r1, #600
	.loc	1 382 13                        @ ../../../../Library/StdDriver/inc\hsusbd.h:382:13
	b	.LBB6_35
.Ltmp239:
.LBB6_31:
	@DEBUG_VALUE: HSUSBD_GetStall:i <- [DW_OP_plus_uconst 1, DW_OP_stack_value] 15
	@DEBUG_VALUE: HSUSBD_GetStall:val <- 0
	@DEBUG_VALUE: HSUSBD_GetStall:u32EpNum <- $r0
	@DEBUG_VALUE: HSUSBD_GetStall:i <- 16
	.loc	1 382 29                        @ ../../../../Library/StdDriver/inc\hsusbd.h:382:29
	ldr.w	r2, [r1, #668]
	.loc	1 382 45                        @ ../../../../Library/StdDriver/inc\hsusbd.h:382:45
	ubfx	r2, r2, #4, #4
.Ltmp240:
	@DEBUG_VALUE: HSUSBD_GetStall:i <- [DW_OP_plus_uconst 1, DW_OP_stack_value] 16
	.loc	1 382 13                        @ ../../../../Library/StdDriver/inc\hsusbd.h:382:13
	cmp	r2, r0
	bne	.LBB6_33
.Ltmp241:
@ %bb.32:
	@DEBUG_VALUE: HSUSBD_GetStall:i <- [DW_OP_plus_uconst 1, DW_OP_stack_value] 16
	@DEBUG_VALUE: HSUSBD_GetStall:val <- 0
	@DEBUG_VALUE: HSUSBD_GetStall:u32EpNum <- $r0
	.loc	1 382 0                         @ ../../../../Library/StdDriver/inc\hsusbd.h:382:0
	add.w	r1, r1, #640
	.loc	1 382 13                        @ ../../../../Library/StdDriver/inc\hsusbd.h:382:13
	b	.LBB6_35
.Ltmp242:
.LBB6_33:
	@DEBUG_VALUE: HSUSBD_GetStall:i <- [DW_OP_plus_uconst 1, DW_OP_stack_value] 16
	@DEBUG_VALUE: HSUSBD_GetStall:val <- 0
	@DEBUG_VALUE: HSUSBD_GetStall:u32EpNum <- $r0
	@DEBUG_VALUE: HSUSBD_GetStall:i <- 17
	.loc	1 382 29                        @ ../../../../Library/StdDriver/inc\hsusbd.h:382:29
	ldr.w	r2, [r1, #708]
	.loc	1 382 45                        @ ../../../../Library/StdDriver/inc\hsusbd.h:382:45
	ubfx	r2, r2, #4, #4
.Ltmp243:
	@DEBUG_VALUE: HSUSBD_GetStall:i <- [DW_OP_plus_uconst 1, DW_OP_stack_value] 17
	.loc	1 382 13                        @ ../../../../Library/StdDriver/inc\hsusbd.h:382:13
	cmp	r2, r0
	itt	ne
	movne	r0, #0
.Ltmp244:
	@DEBUG_VALUE: HSUSBD_GetStall:u32EpNum <- [DW_OP_LLVM_entry_value 1] $r0
	@DEBUG_VALUE: HSUSBD_GetStall:val <- $r0
	.loc	1 389 5 is_stmt 1               @ ../../../../Library/StdDriver/inc\hsusbd.h:389:5
	bxne	lr
.Ltmp245:
.LBB6_34:
	@DEBUG_VALUE: HSUSBD_GetStall:val <- $r0
	@DEBUG_VALUE: HSUSBD_GetStall:u32EpNum <- [DW_OP_LLVM_entry_value 1] $r0
	@DEBUG_VALUE: HSUSBD_GetStall:i <- [DW_OP_plus_uconst 1, DW_OP_stack_value] 17
	.loc	1 0 5 is_stmt 0                 @ ../../../../Library/StdDriver/inc\hsusbd.h:0:5
	add.w	r1, r1, #680
.Ltmp246:
.LBB6_35:
	.loc	1 384 34 is_stmt 1              @ ../../../../Library/StdDriver/inc\hsusbd.h:384:34
	ldr	r0, [r1, #16]
	.loc	1 384 43 is_stmt 0              @ ../../../../Library/StdDriver/inc\hsusbd.h:384:43
	and	r0, r0, #16
.Ltmp247:
	@DEBUG_VALUE: HSUSBD_GetStall:val <- $r0
	@DEBUG_VALUE: HSUSBD_GetStall:val <- $r0
	.loc	1 389 5 is_stmt 1               @ ../../../../Library/StdDriver/inc\hsusbd.h:389:5
	bx	lr
.Ltmp248:
.Lfunc_end6:
	.size	HSUSBD_GetStall, .Lfunc_end6-HSUSBD_GetStall
	.cfi_endproc
	.cantunwind
	.fnend
                                        @ -- End function
	.section	.text.HSUSBD_UpdateDeviceState,"ax",%progbits
	.hidden	HSUSBD_UpdateDeviceState        @ -- Begin function HSUSBD_UpdateDeviceState
	.globl	HSUSBD_UpdateDeviceState
	.p2align	2
	.type	HSUSBD_UpdateDeviceState,%function
	.code	16                              @ @HSUSBD_UpdateDeviceState
	.thumb_func
HSUSBD_UpdateDeviceState:
.Lfunc_begin7:
	.loc	2 597 0                         @ ../../../../Library/StdDriver/src/hsusbd.c:597:0
	.fnstart
	.cfi_startproc
@ %bb.0:
	.save	{r7, lr}
	push	{r7, lr}
	.cfi_def_cfa_offset 8
	.cfi_offset lr, -4
	.cfi_offset r7, -8
	.pad	#4
	sub	sp, #4
	.cfi_def_cfa_offset 12
.Ltmp249:
	.loc	2 598 21 prologue_end           @ ../../../../Library/StdDriver/src/hsusbd.c:598:21
	movw	r1, :lower16:gUsbCmd
	movt	r1, :upper16:gUsbCmd
	ldrb	r0, [r1, #1]
	.loc	2 598 5 is_stmt 0               @ ../../../../Library/StdDriver/src/hsusbd.c:598:5
	subs	r0, #1
	cmp	r0, #8
	bhi.w	.LBB7_19
@ %bb.1:
.LCPI7_0:
	tbh	[pc, r0, lsl #1]
@ %bb.2:
	.loc	2 0 5                           @ ../../../../Library/StdDriver/src/hsusbd.c:0:5
.LJTI7_0:
	.short	(.LBB7_3-(.LCPI7_0+4))/2
	.short	(.LBB7_19-(.LCPI7_0+4))/2
	.short	(.LBB7_8-(.LCPI7_0+4))/2
	.short	(.LBB7_19-(.LCPI7_0+4))/2
	.short	(.LBB7_7-(.LCPI7_0+4))/2
	.short	(.LBB7_19-(.LCPI7_0+4))/2
	.short	(.LBB7_19-(.LCPI7_0+4))/2
	.short	(.LBB7_19-(.LCPI7_0+4))/2
	.short	(.LBB7_13-(.LCPI7_0+4))/2
	.p2align	1
.LBB7_3:
.Ltmp250:
	.loc	2 669 25 is_stmt 1              @ ../../../../Library/StdDriver/src/hsusbd.c:669:25
	ldrh	r0, [r1, #2]
.Ltmp251:
	.loc	2 669 17 is_stmt 0              @ ../../../../Library/StdDriver/src/hsusbd.c:669:17
	cmp	r0, #1
	beq.w	.LBB7_41
@ %bb.4:
	cmp	r0, #0
	bne.w	.LBB7_19
@ %bb.5:
	.loc	2 0 17                          @ ../../../../Library/StdDriver/src/hsusbd.c:0:17
	movw	r0, #20580
.Ltmp252:
	.loc	2 672 42 is_stmt 1              @ ../../../../Library/StdDriver/src/hsusbd.c:672:42
	ldrh	r1, [r1, #4]
	movt	r0, #16416
.Ltmp253:
	.loc	1 347 29                        @ ../../../../Library/StdDriver/inc\hsusbd.h:347:29
	ldr	r2, [r0, #28]
.Ltmp254:
	.loc	2 672 49                        @ ../../../../Library/StdDriver/src/hsusbd.c:672:49
	and	r1, r1, #15
.Ltmp255:
	@DEBUG_VALUE: HSUSBD_ClearStall:i <- 0
	@DEBUG_VALUE: HSUSBD_ClearStall:u32EpNum <- $r1
	@DEBUG_VALUE: idx <- $r1
	.loc	1 347 45                        @ ../../../../Library/StdDriver/inc\hsusbd.h:347:45
	ubfx	r2, r2, #4, #4
.Ltmp256:
	.loc	1 347 13 is_stmt 0              @ ../../../../Library/StdDriver/inc\hsusbd.h:347:13
	cmp	r2, r1
	itt	eq
	moveq	r2, #8
.Ltmp257:
	.loc	1 349 36 is_stmt 1              @ ../../../../Library/StdDriver/inc\hsusbd.h:349:36
	streq	r2, [r0, #16]
.Ltmp258:
	@DEBUG_VALUE: HSUSBD_ClearStall:i <- 1
	.loc	1 347 29                        @ ../../../../Library/StdDriver/inc\hsusbd.h:347:29
	ldr	r2, [r0, #68]
	.loc	1 347 45 is_stmt 0              @ ../../../../Library/StdDriver/inc\hsusbd.h:347:45
	ubfx	r2, r2, #4, #4
.Ltmp259:
	.loc	1 347 13                        @ ../../../../Library/StdDriver/inc\hsusbd.h:347:13
	cmp	r2, r1
	itt	eq
	moveq	r2, #8
.Ltmp260:
	.loc	1 349 36 is_stmt 1              @ ../../../../Library/StdDriver/inc\hsusbd.h:349:36
	streq	r2, [r0, #56]
.Ltmp261:
	@DEBUG_VALUE: HSUSBD_ClearStall:i <- 2
	.loc	1 347 29                        @ ../../../../Library/StdDriver/inc\hsusbd.h:347:29
	ldr	r2, [r0, #108]
	.loc	1 347 45 is_stmt 0              @ ../../../../Library/StdDriver/inc\hsusbd.h:347:45
	ubfx	r2, r2, #4, #4
.Ltmp262:
	.loc	1 347 13                        @ ../../../../Library/StdDriver/inc\hsusbd.h:347:13
	cmp	r2, r1
	itt	eq
	moveq	r2, #8
.Ltmp263:
	.loc	1 349 36 is_stmt 1              @ ../../../../Library/StdDriver/inc\hsusbd.h:349:36
	streq	r2, [r0, #96]
.Ltmp264:
	@DEBUG_VALUE: HSUSBD_ClearStall:i <- 3
	.loc	1 347 29                        @ ../../../../Library/StdDriver/inc\hsusbd.h:347:29
	ldr.w	r2, [r0, #148]
	.loc	1 347 45 is_stmt 0              @ ../../../../Library/StdDriver/inc\hsusbd.h:347:45
	ubfx	r2, r2, #4, #4
.Ltmp265:
	.loc	1 347 13                        @ ../../../../Library/StdDriver/inc\hsusbd.h:347:13
	cmp	r2, r1
	itt	eq
	moveq	r2, #8
.Ltmp266:
	.loc	1 349 36 is_stmt 1              @ ../../../../Library/StdDriver/inc\hsusbd.h:349:36
	streq.w	r2, [r0, #136]
.Ltmp267:
	@DEBUG_VALUE: HSUSBD_ClearStall:i <- 4
	.loc	1 347 29                        @ ../../../../Library/StdDriver/inc\hsusbd.h:347:29
	ldr.w	r2, [r0, #188]
	.loc	1 347 45 is_stmt 0              @ ../../../../Library/StdDriver/inc\hsusbd.h:347:45
	ubfx	r2, r2, #4, #4
.Ltmp268:
	.loc	1 347 13                        @ ../../../../Library/StdDriver/inc\hsusbd.h:347:13
	cmp	r2, r1
	itt	eq
	moveq	r2, #8
.Ltmp269:
	.loc	1 349 36 is_stmt 1              @ ../../../../Library/StdDriver/inc\hsusbd.h:349:36
	streq.w	r2, [r0, #176]
.Ltmp270:
	@DEBUG_VALUE: HSUSBD_ClearStall:i <- 5
	.loc	1 347 29                        @ ../../../../Library/StdDriver/inc\hsusbd.h:347:29
	ldr.w	r2, [r0, #228]
	.loc	1 347 45 is_stmt 0              @ ../../../../Library/StdDriver/inc\hsusbd.h:347:45
	ubfx	r2, r2, #4, #4
.Ltmp271:
	.loc	1 347 13                        @ ../../../../Library/StdDriver/inc\hsusbd.h:347:13
	cmp	r2, r1
	itt	eq
	moveq	r2, #8
.Ltmp272:
	.loc	1 349 36 is_stmt 1              @ ../../../../Library/StdDriver/inc\hsusbd.h:349:36
	streq.w	r2, [r0, #216]
.Ltmp273:
	@DEBUG_VALUE: HSUSBD_ClearStall:i <- 6
	.loc	1 347 29                        @ ../../../../Library/StdDriver/inc\hsusbd.h:347:29
	ldr.w	r2, [r0, #268]
	.loc	1 347 45 is_stmt 0              @ ../../../../Library/StdDriver/inc\hsusbd.h:347:45
	ubfx	r2, r2, #4, #4
.Ltmp274:
	.loc	1 347 13                        @ ../../../../Library/StdDriver/inc\hsusbd.h:347:13
	cmp	r2, r1
	itt	eq
	moveq	r2, #8
.Ltmp275:
	.loc	1 349 36 is_stmt 1              @ ../../../../Library/StdDriver/inc\hsusbd.h:349:36
	streq.w	r2, [r0, #256]
.Ltmp276:
	@DEBUG_VALUE: HSUSBD_ClearStall:i <- 7
	.loc	1 347 29                        @ ../../../../Library/StdDriver/inc\hsusbd.h:347:29
	ldr.w	r2, [r0, #308]
	.loc	1 347 45 is_stmt 0              @ ../../../../Library/StdDriver/inc\hsusbd.h:347:45
	ubfx	r2, r2, #4, #4
.Ltmp277:
	.loc	1 347 13                        @ ../../../../Library/StdDriver/inc\hsusbd.h:347:13
	cmp	r2, r1
	itt	eq
	moveq	r2, #8
.Ltmp278:
	.loc	1 349 36 is_stmt 1              @ ../../../../Library/StdDriver/inc\hsusbd.h:349:36
	streq.w	r2, [r0, #296]
.Ltmp279:
	@DEBUG_VALUE: HSUSBD_ClearStall:i <- 8
	.loc	1 347 29                        @ ../../../../Library/StdDriver/inc\hsusbd.h:347:29
	ldr.w	r2, [r0, #348]
	.loc	1 347 45 is_stmt 0              @ ../../../../Library/StdDriver/inc\hsusbd.h:347:45
	ubfx	r2, r2, #4, #4
.Ltmp280:
	.loc	1 347 13                        @ ../../../../Library/StdDriver/inc\hsusbd.h:347:13
	cmp	r2, r1
	itt	eq
	moveq	r2, #8
.Ltmp281:
	.loc	1 349 36 is_stmt 1              @ ../../../../Library/StdDriver/inc\hsusbd.h:349:36
	streq.w	r2, [r0, #336]
.Ltmp282:
	@DEBUG_VALUE: HSUSBD_ClearStall:i <- 9
	.loc	1 347 29                        @ ../../../../Library/StdDriver/inc\hsusbd.h:347:29
	ldr.w	r2, [r0, #388]
	.loc	1 347 45 is_stmt 0              @ ../../../../Library/StdDriver/inc\hsusbd.h:347:45
	ubfx	r2, r2, #4, #4
.Ltmp283:
	.loc	1 347 13                        @ ../../../../Library/StdDriver/inc\hsusbd.h:347:13
	cmp	r2, r1
	itt	eq
	moveq	r2, #8
.Ltmp284:
	.loc	1 349 36 is_stmt 1              @ ../../../../Library/StdDriver/inc\hsusbd.h:349:36
	streq.w	r2, [r0, #376]
.Ltmp285:
	@DEBUG_VALUE: HSUSBD_ClearStall:i <- 10
	.loc	1 347 29                        @ ../../../../Library/StdDriver/inc\hsusbd.h:347:29
	ldr.w	r2, [r0, #428]
	.loc	1 347 45 is_stmt 0              @ ../../../../Library/StdDriver/inc\hsusbd.h:347:45
	ubfx	r2, r2, #4, #4
.Ltmp286:
	.loc	1 347 13                        @ ../../../../Library/StdDriver/inc\hsusbd.h:347:13
	cmp	r2, r1
	itt	eq
	moveq	r2, #8
.Ltmp287:
	.loc	1 349 36 is_stmt 1              @ ../../../../Library/StdDriver/inc\hsusbd.h:349:36
	streq.w	r2, [r0, #416]
.Ltmp288:
	@DEBUG_VALUE: HSUSBD_ClearStall:i <- 11
	.loc	1 347 29                        @ ../../../../Library/StdDriver/inc\hsusbd.h:347:29
	ldr.w	r2, [r0, #468]
	.loc	1 347 45 is_stmt 0              @ ../../../../Library/StdDriver/inc\hsusbd.h:347:45
	ubfx	r2, r2, #4, #4
.Ltmp289:
	.loc	1 347 13                        @ ../../../../Library/StdDriver/inc\hsusbd.h:347:13
	cmp	r2, r1
	itt	eq
	moveq	r2, #8
.Ltmp290:
	.loc	1 349 36 is_stmt 1              @ ../../../../Library/StdDriver/inc\hsusbd.h:349:36
	streq.w	r2, [r0, #456]
.Ltmp291:
	@DEBUG_VALUE: HSUSBD_ClearStall:i <- 12
	.loc	1 347 29                        @ ../../../../Library/StdDriver/inc\hsusbd.h:347:29
	ldr.w	r2, [r0, #508]
	.loc	1 347 45 is_stmt 0              @ ../../../../Library/StdDriver/inc\hsusbd.h:347:45
	ubfx	r2, r2, #4, #4
.Ltmp292:
	.loc	1 347 13                        @ ../../../../Library/StdDriver/inc\hsusbd.h:347:13
	cmp	r2, r1
	itt	eq
	moveq	r2, #8
.Ltmp293:
	.loc	1 349 36 is_stmt 1              @ ../../../../Library/StdDriver/inc\hsusbd.h:349:36
	streq.w	r2, [r0, #496]
.Ltmp294:
	@DEBUG_VALUE: HSUSBD_ClearStall:i <- 13
	.loc	1 347 29                        @ ../../../../Library/StdDriver/inc\hsusbd.h:347:29
	ldr.w	r2, [r0, #548]
	.loc	1 347 45 is_stmt 0              @ ../../../../Library/StdDriver/inc\hsusbd.h:347:45
	ubfx	r2, r2, #4, #4
.Ltmp295:
	.loc	1 347 13                        @ ../../../../Library/StdDriver/inc\hsusbd.h:347:13
	cmp	r2, r1
	itt	eq
	moveq	r2, #8
.Ltmp296:
	.loc	1 349 36 is_stmt 1              @ ../../../../Library/StdDriver/inc\hsusbd.h:349:36
	streq.w	r2, [r0, #536]
.Ltmp297:
	@DEBUG_VALUE: HSUSBD_ClearStall:i <- 14
	.loc	1 347 29                        @ ../../../../Library/StdDriver/inc\hsusbd.h:347:29
	ldr.w	r2, [r0, #588]
	.loc	1 347 45 is_stmt 0              @ ../../../../Library/StdDriver/inc\hsusbd.h:347:45
	ubfx	r2, r2, #4, #4
.Ltmp298:
	.loc	1 347 13                        @ ../../../../Library/StdDriver/inc\hsusbd.h:347:13
	cmp	r2, r1
	itt	eq
	moveq	r2, #8
.Ltmp299:
	.loc	1 349 36 is_stmt 1              @ ../../../../Library/StdDriver/inc\hsusbd.h:349:36
	streq.w	r2, [r0, #576]
.Ltmp300:
	@DEBUG_VALUE: HSUSBD_ClearStall:i <- 15
	.loc	1 347 29                        @ ../../../../Library/StdDriver/inc\hsusbd.h:347:29
	ldr.w	r2, [r0, #628]
	.loc	1 347 45 is_stmt 0              @ ../../../../Library/StdDriver/inc\hsusbd.h:347:45
	ubfx	r2, r2, #4, #4
.Ltmp301:
	.loc	1 347 13                        @ ../../../../Library/StdDriver/inc\hsusbd.h:347:13
	cmp	r2, r1
	itt	eq
	moveq	r2, #8
.Ltmp302:
	.loc	1 349 36 is_stmt 1              @ ../../../../Library/StdDriver/inc\hsusbd.h:349:36
	streq.w	r2, [r0, #616]
.Ltmp303:
	@DEBUG_VALUE: HSUSBD_ClearStall:i <- 16
	.loc	1 347 29                        @ ../../../../Library/StdDriver/inc\hsusbd.h:347:29
	ldr.w	r2, [r0, #668]
	.loc	1 347 45 is_stmt 0              @ ../../../../Library/StdDriver/inc\hsusbd.h:347:45
	ubfx	r2, r2, #4, #4
.Ltmp304:
	.loc	1 347 13                        @ ../../../../Library/StdDriver/inc\hsusbd.h:347:13
	cmp	r2, r1
	itt	eq
	moveq	r2, #8
.Ltmp305:
	.loc	1 349 36 is_stmt 1              @ ../../../../Library/StdDriver/inc\hsusbd.h:349:36
	streq.w	r2, [r0, #656]
.Ltmp306:
	@DEBUG_VALUE: HSUSBD_ClearStall:i <- 17
	.loc	1 347 29                        @ ../../../../Library/StdDriver/inc\hsusbd.h:347:29
	ldr.w	r2, [r0, #708]
	.loc	1 347 45 is_stmt 0              @ ../../../../Library/StdDriver/inc\hsusbd.h:347:45
	ubfx	r2, r2, #4, #4
.Ltmp307:
	.loc	1 347 13                        @ ../../../../Library/StdDriver/inc\hsusbd.h:347:13
	cmp	r2, r1
	bne	.LBB7_19
.Ltmp308:
@ %bb.6:
	@DEBUG_VALUE: HSUSBD_ClearStall:i <- 17
	@DEBUG_VALUE: idx <- $r1
	@DEBUG_VALUE: HSUSBD_ClearStall:u32EpNum <- $r1
	.loc	1 0 13                          @ ../../../../Library/StdDriver/inc\hsusbd.h:0:13
	movs	r1, #8
.Ltmp309:
	.loc	1 349 36 is_stmt 1              @ ../../../../Library/StdDriver/inc\hsusbd.h:349:36
	str.w	r1, [r0, #696]
.Ltmp310:
	.loc	2 686 1 epilogue_begin          @ ../../../../Library/StdDriver/src/hsusbd.c:686:1
	add	sp, #4
	pop	{r7, pc}
.Ltmp311:
.LBB7_7:
	.loc	2 602 13                        @ ../../../../Library/StdDriver/src/hsusbd.c:602:13
	movw	r0, :lower16:g_hsusbd_UsbAddr
	movw	r1, #20580
	movt	r0, :upper16:g_hsusbd_UsbAddr
	ldrb	r0, [r0]
	movt	r1, #16416
	str	r0, [r1, #-68]
.Ltmp312:
	.loc	2 686 1 epilogue_begin          @ ../../../../Library/StdDriver/src/hsusbd.c:686:1
	add	sp, #4
	pop	{r7, pc}
.LBB7_8:
.Ltmp313:
	.loc	2 627 25                        @ ../../../../Library/StdDriver/src/hsusbd.c:627:25
	ldrh	r0, [r1, #2]
.Ltmp314:
	.loc	2 627 17 is_stmt 0              @ ../../../../Library/StdDriver/src/hsusbd.c:627:17
	cmp	r0, #0
	beq	.LBB7_20
@ %bb.9:
.Ltmp315:
	.loc	2 633 22 is_stmt 1              @ ../../../../Library/StdDriver/src/hsusbd.c:633:22
	movw	r1, :lower16:g_hsusbd_EnableTestMode
	movt	r1, :upper16:g_hsusbd_EnableTestMode
	ldrb	r2, [r1]
.Ltmp316:
	.loc	2 633 22 is_stmt 0              @ ../../../../Library/StdDriver/src/hsusbd.c:633:22
	cmp	r2, #1
	bne	.LBB7_11
@ %bb.10:
.Ltmp317:
	.loc	2 637 21 is_stmt 1              @ ../../../../Library/StdDriver/src/hsusbd.c:637:21
	movw	r2, :lower16:g_hsusbd_TestSelector
	mov.w	r12, #0
	movt	r2, :upper16:g_hsusbd_TestSelector
	ldrb	r2, [r2]
.Ltmp318:
	.loc	2 635 41                        @ ../../../../Library/StdDriver/src/hsusbd.c:635:41
	strb.w	r12, [r1]
	.loc	2 637 21                        @ ../../../../Library/StdDriver/src/hsusbd.c:637:21
	subs	r3, r2, #1
	cmp	r3, #4
	ittt	ls
	movwls	r1, #20580
	movtls	r1, #16416
.Ltmp319:
	.loc	2 0 0 is_stmt 0                 @ ../../../../Library/StdDriver/src/hsusbd.c:0:0
	strls	r2, [r1, #-64]
.Ltmp320:
.LBB7_11:
	.loc	2 659 17 is_stmt 1              @ ../../../../Library/StdDriver/src/hsusbd.c:659:17
	lsls	r0, r0, #31
	beq	.LBB7_19
@ %bb.12:
.Ltmp321:
	.loc	2 661 41                        @ ../../../../Library/StdDriver/src/hsusbd.c:661:41
	movw	r0, :lower16:g_hsusbd_RemoteWakeupEn
	movs	r1, #1
	b	.LBB7_42
.Ltmp322:
.LBB7_13:
	.loc	2 608 17                        @ ../../../../Library/StdDriver/src/hsusbd.c:608:17
	movw	r0, :lower16:g_hsusbd_UsbConfig
	movt	r0, :upper16:g_hsusbd_UsbConfig
	ldrb	r0, [r0]
.Ltmp323:
	.loc	2 608 17 is_stmt 0              @ ../../../../Library/StdDriver/src/hsusbd.c:608:17
	cbnz	r0, .LBB7_19
@ %bb.14:
	.loc	2 0 17                          @ ../../../../Library/StdDriver/src/hsusbd.c:0:17
	movs	r0, #0
.Ltmp324:
	.loc	2 613 24 is_stmt 1              @ ../../../../Library/StdDriver/src/hsusbd.c:613:24
	str	r0, [sp]
.Ltmp325:
	.loc	2 613 31 is_stmt 0              @ ../../../../Library/StdDriver/src/hsusbd.c:613:31
	ldr	r0, [sp]
.Ltmp326:
	.loc	2 613 17                        @ ../../../../Library/StdDriver/src/hsusbd.c:613:17
	cmp	r0, #17
	bhi	.LBB7_19
@ %bb.15:
	.loc	2 0 17                          @ ../../../../Library/StdDriver/src/hsusbd.c:0:17
	movw	r0, #20580
	movs	r1, #8
	movt	r0, #16416
	b	.LBB7_17
	.p2align	2
.LBB7_16:                               @   in Loop: Header=BB7_17 Depth=1
.Ltmp327:
	.loc	2 613 51                        @ ../../../../Library/StdDriver/src/hsusbd.c:613:51
	ldr	r2, [sp]
	adds	r2, #1
	str	r2, [sp]
	.loc	2 613 31                        @ ../../../../Library/StdDriver/src/hsusbd.c:613:31
	ldr	r2, [sp]
.Ltmp328:
	.loc	2 613 17                        @ ../../../../Library/StdDriver/src/hsusbd.c:613:17
	cmp	r2, #18
	bhs	.LBB7_19
.LBB7_17:                               @ =>This Inner Loop Header: Depth=1
.Ltmp329:
	.loc	2 615 37 is_stmt 1              @ ../../../../Library/StdDriver/src/hsusbd.c:615:37
	ldr	r2, [sp]
	.loc	2 615 40 is_stmt 0              @ ../../../../Library/StdDriver/src/hsusbd.c:615:40
	add.w	r2, r2, r2, lsl #2
	add.w	r2, r0, r2, lsl #3
	ldr	r2, [r2, #28]
.Ltmp330:
	.loc	2 615 25                        @ ../../../../Library/StdDriver/src/hsusbd.c:615:25
	lsls	r2, r2, #31
	beq	.LBB7_16
@ %bb.18:                               @   in Loop: Header=BB7_17 Depth=1
.Ltmp331:
	.loc	2 617 36 is_stmt 1              @ ../../../../Library/StdDriver/src/hsusbd.c:617:36
	ldr	r2, [sp]
	.loc	2 617 39 is_stmt 0              @ ../../../../Library/StdDriver/src/hsusbd.c:617:39
	add.w	r2, r2, r2, lsl #2
	add.w	r2, r0, r2, lsl #3
	.loc	2 617 48                        @ ../../../../Library/StdDriver/src/hsusbd.c:617:48
	str	r1, [r2, #16]
	b	.LBB7_16
.Ltmp332:
.LBB7_19:
	.loc	2 686 1 epilogue_begin is_stmt 1 @ ../../../../Library/StdDriver/src/hsusbd.c:686:1
	add	sp, #4
	pop	{r7, pc}
.LBB7_20:
.Ltmp333:
	.loc	2 630 42                        @ ../../../../Library/StdDriver/src/hsusbd.c:630:42
	ldrh	r1, [r1, #4]
	movw	r2, #20580
	movt	r2, #16416
	.loc	2 630 49 is_stmt 0              @ ../../../../Library/StdDriver/src/hsusbd.c:630:49
	ands	r1, r1, #15
.Ltmp334:
	@DEBUG_VALUE: HSUSBD_SetStall:u32EpNum <- undef
	@DEBUG_VALUE: idx <- undef
	.loc	1 306 9 is_stmt 1               @ ../../../../Library/StdDriver/inc\hsusbd.h:306:9
	beq.w	.LBB7_43
.Ltmp335:
@ %bb.21:
	.loc	1 0 9 is_stmt 0                 @ ../../../../Library/StdDriver/inc\hsusbd.h:0:9
	mov.w	lr, #2
	adds	r2, #176
.Ltmp336:
	.loc	1 312 9 is_stmt 1               @ ../../../../Library/StdDriver/inc\hsusbd.h:312:9
	mov	lr, lr
	b	.LBB7_23
	.loc	1 0 9 is_stmt 0                 @ :0:9
.Ltmp337:
	.p2align	2
.LBB7_22:                               @   in Loop: Header=BB7_23 Depth=1
.Ltmp338:
	@DEBUG_VALUE: HSUSBD_SetStall:i <- undef
	.loc	1 312 25                        @ ../../../../Library/StdDriver/inc\hsusbd.h:312:25
	add.w	r2, r2, #360
.Ltmp339:
	.loc	1 312 9                         @ ../../../../Library/StdDriver/inc\hsusbd.h:312:9
	subs.w	lr, lr, #1
	bne	.LBB7_23
	b	.LBB7_11
.Ltmp340:
.LBB7_23:                               @ =>This Inner Loop Header: Depth=1
	@DEBUG_VALUE: HSUSBD_SetStall:i <- undef
	.loc	1 314 33 is_stmt 1              @ ../../../../Library/StdDriver/inc\hsusbd.h:314:33
	ldr	r3, [r2, #-148]
	.loc	1 314 49 is_stmt 0              @ ../../../../Library/StdDriver/inc\hsusbd.h:314:49
	ubfx	r3, r3, #4, #4
.Ltmp341:
	.loc	1 314 17                        @ ../../../../Library/StdDriver/inc\hsusbd.h:314:17
	cmp	r3, r1
	bne	.LBB7_25
.Ltmp342:
@ %bb.24:                               @   in Loop: Header=BB7_23 Depth=1
	.loc	1 316 57 is_stmt 1              @ ../../../../Library/StdDriver/inc\hsusbd.h:316:57
	ldr	r3, [r2, #-160]
	.loc	1 316 66 is_stmt 0              @ ../../../../Library/StdDriver/inc\hsusbd.h:316:66
	and	r3, r3, #231
	.loc	1 316 76                        @ ../../../../Library/StdDriver/inc\hsusbd.h:316:76
	adds	r3, #16
	.loc	1 316 40                        @ ../../../../Library/StdDriver/inc\hsusbd.h:316:40
	str	r3, [r2, #-160]
.Ltmp343:
.LBB7_25:                               @   in Loop: Header=BB7_23 Depth=1
	@DEBUG_VALUE: HSUSBD_SetStall:i <- undef
	.loc	1 314 33 is_stmt 1              @ ../../../../Library/StdDriver/inc\hsusbd.h:314:33
	ldr	r3, [r2, #-108]
	.loc	1 314 49 is_stmt 0              @ ../../../../Library/StdDriver/inc\hsusbd.h:314:49
	ubfx	r3, r3, #4, #4
.Ltmp344:
	.loc	1 314 17                        @ ../../../../Library/StdDriver/inc\hsusbd.h:314:17
	cmp	r3, r1
	bne	.LBB7_27
.Ltmp345:
@ %bb.26:                               @   in Loop: Header=BB7_23 Depth=1
	.loc	1 316 57 is_stmt 1              @ ../../../../Library/StdDriver/inc\hsusbd.h:316:57
	ldr	r3, [r2, #-120]
	.loc	1 316 66 is_stmt 0              @ ../../../../Library/StdDriver/inc\hsusbd.h:316:66
	and	r3, r3, #231
	.loc	1 316 76                        @ ../../../../Library/StdDriver/inc\hsusbd.h:316:76
	adds	r3, #16
	.loc	1 316 40                        @ ../../../../Library/StdDriver/inc\hsusbd.h:316:40
	str	r3, [r2, #-120]
.Ltmp346:
.LBB7_27:                               @   in Loop: Header=BB7_23 Depth=1
	@DEBUG_VALUE: HSUSBD_SetStall:i <- undef
	.loc	1 314 33 is_stmt 1              @ ../../../../Library/StdDriver/inc\hsusbd.h:314:33
	ldr	r3, [r2, #-68]
	.loc	1 314 49 is_stmt 0              @ ../../../../Library/StdDriver/inc\hsusbd.h:314:49
	ubfx	r3, r3, #4, #4
.Ltmp347:
	.loc	1 314 17                        @ ../../../../Library/StdDriver/inc\hsusbd.h:314:17
	cmp	r3, r1
	bne	.LBB7_29
.Ltmp348:
@ %bb.28:                               @   in Loop: Header=BB7_23 Depth=1
	.loc	1 316 57 is_stmt 1              @ ../../../../Library/StdDriver/inc\hsusbd.h:316:57
	ldr	r3, [r2, #-80]
	.loc	1 316 66 is_stmt 0              @ ../../../../Library/StdDriver/inc\hsusbd.h:316:66
	and	r3, r3, #231
	.loc	1 316 76                        @ ../../../../Library/StdDriver/inc\hsusbd.h:316:76
	adds	r3, #16
	.loc	1 316 40                        @ ../../../../Library/StdDriver/inc\hsusbd.h:316:40
	str	r3, [r2, #-80]
.Ltmp349:
.LBB7_29:                               @   in Loop: Header=BB7_23 Depth=1
	@DEBUG_VALUE: HSUSBD_SetStall:i <- undef
	.loc	1 314 33 is_stmt 1              @ ../../../../Library/StdDriver/inc\hsusbd.h:314:33
	ldr	r3, [r2, #-28]
	.loc	1 314 49 is_stmt 0              @ ../../../../Library/StdDriver/inc\hsusbd.h:314:49
	ubfx	r3, r3, #4, #4
.Ltmp350:
	.loc	1 314 17                        @ ../../../../Library/StdDriver/inc\hsusbd.h:314:17
	cmp	r3, r1
	bne	.LBB7_31
.Ltmp351:
@ %bb.30:                               @   in Loop: Header=BB7_23 Depth=1
	.loc	1 316 57 is_stmt 1              @ ../../../../Library/StdDriver/inc\hsusbd.h:316:57
	ldr	r3, [r2, #-40]
	.loc	1 316 66 is_stmt 0              @ ../../../../Library/StdDriver/inc\hsusbd.h:316:66
	and	r3, r3, #231
	.loc	1 316 76                        @ ../../../../Library/StdDriver/inc\hsusbd.h:316:76
	adds	r3, #16
	.loc	1 316 40                        @ ../../../../Library/StdDriver/inc\hsusbd.h:316:40
	str	r3, [r2, #-40]
.Ltmp352:
.LBB7_31:                               @   in Loop: Header=BB7_23 Depth=1
	@DEBUG_VALUE: HSUSBD_SetStall:i <- undef
	.loc	1 314 33 is_stmt 1              @ ../../../../Library/StdDriver/inc\hsusbd.h:314:33
	ldr	r3, [r2, #12]
	.loc	1 314 49 is_stmt 0              @ ../../../../Library/StdDriver/inc\hsusbd.h:314:49
	ubfx	r3, r3, #4, #4
.Ltmp353:
	.loc	1 314 17                        @ ../../../../Library/StdDriver/inc\hsusbd.h:314:17
	cmp	r3, r1
	bne	.LBB7_33
.Ltmp354:
@ %bb.32:                               @   in Loop: Header=BB7_23 Depth=1
	.loc	1 316 57 is_stmt 1              @ ../../../../Library/StdDriver/inc\hsusbd.h:316:57
	ldr	r3, [r2]
	.loc	1 316 66 is_stmt 0              @ ../../../../Library/StdDriver/inc\hsusbd.h:316:66
	and	r3, r3, #231
	.loc	1 316 76                        @ ../../../../Library/StdDriver/inc\hsusbd.h:316:76
	adds	r3, #16
	.loc	1 316 40                        @ ../../../../Library/StdDriver/inc\hsusbd.h:316:40
	str	r3, [r2]
.Ltmp355:
.LBB7_33:                               @   in Loop: Header=BB7_23 Depth=1
	@DEBUG_VALUE: HSUSBD_SetStall:i <- undef
	.loc	1 314 33 is_stmt 1              @ ../../../../Library/StdDriver/inc\hsusbd.h:314:33
	ldr	r3, [r2, #52]
	.loc	1 314 49 is_stmt 0              @ ../../../../Library/StdDriver/inc\hsusbd.h:314:49
	ubfx	r3, r3, #4, #4
.Ltmp356:
	.loc	1 314 17                        @ ../../../../Library/StdDriver/inc\hsusbd.h:314:17
	cmp	r3, r1
	bne	.LBB7_35
.Ltmp357:
@ %bb.34:                               @   in Loop: Header=BB7_23 Depth=1
	.loc	1 316 57 is_stmt 1              @ ../../../../Library/StdDriver/inc\hsusbd.h:316:57
	ldr	r3, [r2, #40]
	.loc	1 316 66 is_stmt 0              @ ../../../../Library/StdDriver/inc\hsusbd.h:316:66
	and	r3, r3, #231
	.loc	1 316 76                        @ ../../../../Library/StdDriver/inc\hsusbd.h:316:76
	adds	r3, #16
	.loc	1 316 40                        @ ../../../../Library/StdDriver/inc\hsusbd.h:316:40
	str	r3, [r2, #40]
.Ltmp358:
.LBB7_35:                               @   in Loop: Header=BB7_23 Depth=1
	@DEBUG_VALUE: HSUSBD_SetStall:i <- undef
	.loc	1 314 33 is_stmt 1              @ ../../../../Library/StdDriver/inc\hsusbd.h:314:33
	ldr	r3, [r2, #92]
	.loc	1 314 49 is_stmt 0              @ ../../../../Library/StdDriver/inc\hsusbd.h:314:49
	ubfx	r3, r3, #4, #4
.Ltmp359:
	.loc	1 314 17                        @ ../../../../Library/StdDriver/inc\hsusbd.h:314:17
	cmp	r3, r1
	bne	.LBB7_37
.Ltmp360:
@ %bb.36:                               @   in Loop: Header=BB7_23 Depth=1
	.loc	1 316 57 is_stmt 1              @ ../../../../Library/StdDriver/inc\hsusbd.h:316:57
	ldr	r3, [r2, #80]
	.loc	1 316 66 is_stmt 0              @ ../../../../Library/StdDriver/inc\hsusbd.h:316:66
	and	r3, r3, #231
	.loc	1 316 76                        @ ../../../../Library/StdDriver/inc\hsusbd.h:316:76
	adds	r3, #16
	.loc	1 316 40                        @ ../../../../Library/StdDriver/inc\hsusbd.h:316:40
	str	r3, [r2, #80]
.Ltmp361:
.LBB7_37:                               @   in Loop: Header=BB7_23 Depth=1
	@DEBUG_VALUE: HSUSBD_SetStall:i <- undef
	.loc	1 314 33 is_stmt 1              @ ../../../../Library/StdDriver/inc\hsusbd.h:314:33
	ldr.w	r3, [r2, #132]
	.loc	1 314 49 is_stmt 0              @ ../../../../Library/StdDriver/inc\hsusbd.h:314:49
	ubfx	r3, r3, #4, #4
.Ltmp362:
	.loc	1 314 17                        @ ../../../../Library/StdDriver/inc\hsusbd.h:314:17
	cmp	r3, r1
	bne	.LBB7_39
.Ltmp363:
@ %bb.38:                               @   in Loop: Header=BB7_23 Depth=1
	.loc	1 316 57 is_stmt 1              @ ../../../../Library/StdDriver/inc\hsusbd.h:316:57
	ldr	r3, [r2, #120]
	.loc	1 316 66 is_stmt 0              @ ../../../../Library/StdDriver/inc\hsusbd.h:316:66
	and	r3, r3, #231
	.loc	1 316 76                        @ ../../../../Library/StdDriver/inc\hsusbd.h:316:76
	adds	r3, #16
	.loc	1 316 40                        @ ../../../../Library/StdDriver/inc\hsusbd.h:316:40
	str	r3, [r2, #120]
.Ltmp364:
.LBB7_39:                               @   in Loop: Header=BB7_23 Depth=1
	@DEBUG_VALUE: HSUSBD_SetStall:i <- undef
	.loc	1 314 33 is_stmt 1              @ ../../../../Library/StdDriver/inc\hsusbd.h:314:33
	ldr.w	r3, [r2, #172]
	.loc	1 314 49 is_stmt 0              @ ../../../../Library/StdDriver/inc\hsusbd.h:314:49
	ubfx	r3, r3, #4, #4
.Ltmp365:
	.loc	1 314 17                        @ ../../../../Library/StdDriver/inc\hsusbd.h:314:17
	cmp	r3, r1
	bne	.LBB7_22
.Ltmp366:
@ %bb.40:                               @   in Loop: Header=BB7_23 Depth=1
	.loc	1 316 57 is_stmt 1              @ ../../../../Library/StdDriver/inc\hsusbd.h:316:57
	ldr.w	r3, [r2, #160]
	.loc	1 316 66 is_stmt 0              @ ../../../../Library/StdDriver/inc\hsusbd.h:316:66
	and	r3, r3, #231
	.loc	1 316 76                        @ ../../../../Library/StdDriver/inc\hsusbd.h:316:76
	adds	r3, #16
	.loc	1 316 40                        @ ../../../../Library/StdDriver/inc\hsusbd.h:316:40
	str.w	r3, [r2, #160]
	b	.LBB7_22
.Ltmp367:
.LBB7_41:
	.loc	2 677 41 is_stmt 1              @ ../../../../Library/StdDriver/src/hsusbd.c:677:41
	movw	r0, :lower16:g_hsusbd_RemoteWakeupEn
	movs	r1, #0
.Ltmp368:
.LBB7_42:
	.loc	2 0 0 is_stmt 0                 @ ../../../../Library/StdDriver/src/hsusbd.c:0:0
	movt	r0, :upper16:g_hsusbd_RemoteWakeupEn
	strb	r1, [r0]
.Ltmp369:
	.loc	2 686 1 epilogue_begin is_stmt 1 @ ../../../../Library/StdDriver/src/hsusbd.c:686:1
	add	sp, #4
	pop	{r7, pc}
.LBB7_43:
	.loc	2 0 1 is_stmt 0                 @ ../../../../Library/StdDriver/src/hsusbd.c:0:1
	movs	r0, #2
.Ltmp370:
	.loc	1 308 9 is_stmt 1               @ ../../../../Library/StdDriver/inc\hsusbd.h:308:9
	str	r0, [r2, #-56]
.Ltmp371:
	.loc	2 686 1 epilogue_begin          @ ../../../../Library/StdDriver/src/hsusbd.c:686:1
	add	sp, #4
	pop	{r7, pc}
.Ltmp372:
.Lfunc_end7:
	.size	HSUSBD_UpdateDeviceState, .Lfunc_end7-HSUSBD_UpdateDeviceState
	.cfi_endproc
	.cantunwind
	.fnend
                                        @ -- End function
	.section	.text.HSUSBD_CtrlIn,"ax",%progbits
	.hidden	HSUSBD_CtrlIn                   @ -- Begin function HSUSBD_CtrlIn
	.globl	HSUSBD_CtrlIn
	.p2align	2
	.type	HSUSBD_CtrlIn,%function
	.code	16                              @ @HSUSBD_CtrlIn
	.thumb_func
HSUSBD_CtrlIn:
.Lfunc_begin8:
	.loc	2 717 0                         @ ../../../../Library/StdDriver/src/hsusbd.c:717:0
	.fnstart
	.cfi_startproc
@ %bb.0:
	.save	{r4, r5, r6, lr}
	push	{r4, r5, r6, lr}
	.cfi_def_cfa_offset 16
	.cfi_offset lr, -4
	.cfi_offset r6, -8
	.cfi_offset r5, -12
	.cfi_offset r4, -16
.Ltmp373:
	.loc	2 721 9 prologue_end            @ ../../../../Library/StdDriver/src/hsusbd.c:721:9
	movw	r12, :lower16:g_hsusbd_CtrlInSize
	.loc	2 721 32 is_stmt 0              @ ../../../../Library/StdDriver/src/hsusbd.c:721:32
	movw	r6, :lower16:g_hsusbd_CtrlMaxPktSize
	.loc	2 721 9                         @ ../../../../Library/StdDriver/src/hsusbd.c:721:9
	movt	r12, :upper16:g_hsusbd_CtrlInSize
	movw	r1, #20520
	.loc	2 721 32                        @ ../../../../Library/StdDriver/src/hsusbd.c:721:32
	movt	r6, :upper16:g_hsusbd_CtrlMaxPktSize
	.loc	2 721 9                         @ ../../../../Library/StdDriver/src/hsusbd.c:721:9
	ldr.w	r3, [r12]
	.loc	2 721 32                        @ ../../../../Library/StdDriver/src/hsusbd.c:721:32
	ldr	r4, [r6]
	movt	r1, #16416
.Ltmp374:
	.loc	2 721 9                         @ ../../../../Library/StdDriver/src/hsusbd.c:721:9
	cmp	r3, r4
	bhs	.LBB8_4
@ %bb.1:
.Ltmp375:
	@DEBUG_VALUE: HSUSBD_CtrlIn:i <- 0
	.loc	2 740 9 is_stmt 1               @ ../../../../Library/StdDriver/src/hsusbd.c:740:9
	cmp	r3, #0
	mov.w	r2, #0
	beq	.LBB8_14
.Ltmp376:
@ %bb.2:
	@DEBUG_VALUE: HSUSBD_CtrlIn:i <- 0
	cmp	r3, #4
	and	r0, r3, #3
	bhs	.LBB8_15
.Ltmp377:
@ %bb.3:
	@DEBUG_VALUE: HSUSBD_CtrlIn:i <- 0
	.loc	2 0 9 is_stmt 0                 @ ../../../../Library/StdDriver/src/hsusbd.c:0:9
	movs	r3, #0
	b	.LBB8_17
.Ltmp378:
.LBB8_4:
	@DEBUG_VALUE: HSUSBD_CtrlIn:i <- 0
	.loc	2 724 39 is_stmt 1              @ ../../../../Library/StdDriver/src/hsusbd.c:724:39
	lsrs	r5, r4, #2
.Ltmp379:
	@DEBUG_VALUE: HSUSBD_CtrlIn:cnt <- [DW_OP_constu 2, DW_OP_shr, DW_OP_stack_value] undef
	.loc	2 726 9                         @ ../../../../Library/StdDriver/src/hsusbd.c:726:9
	beq	.LBB8_13
.Ltmp380:
@ %bb.5:
	@DEBUG_VALUE: HSUSBD_CtrlIn:i <- 0
	@DEBUG_VALUE: HSUSBD_CtrlIn:cnt <- $r5
	.loc	2 728 43                        @ ../../../../Library/StdDriver/src/hsusbd.c:728:43
	movw	r3, :lower16:g_hsusbd_CtrlInPointer
.Ltmp381:
	.loc	2 726 9                         @ ../../../../Library/StdDriver/src/hsusbd.c:726:9
	subs	r2, r5, #1
.Ltmp382:
	.loc	2 728 43                        @ ../../../../Library/StdDriver/src/hsusbd.c:728:43
	movt	r3, :upper16:g_hsusbd_CtrlInPointer
	ldr	r0, [r3]
.Ltmp383:
	.loc	2 726 9                         @ ../../../../Library/StdDriver/src/hsusbd.c:726:9
	cmp	r2, #3
	and	r5, r5, #3
.Ltmp384:
	blo	.LBB8_8
.Ltmp385:
@ %bb.6:
	@DEBUG_VALUE: HSUSBD_CtrlIn:i <- 0
	.loc	2 0 9 is_stmt 0                 @ ../../../../Library/StdDriver/src/hsusbd.c:0:9
	mvn	r2, #3
	and.w	r2, r2, r4, lsr #2
	movs	r4, #1
	subs	r2, #4
	.loc	2 726 9                         @ ../../../../Library/StdDriver/src/hsusbd.c:726:9
	add.w	lr, r4, r2, lsr #2
.Ltmp386:
	.loc	2 0 9                           @ :0:9
.Ltmp387:
	.p2align	2
.LBB8_7:                                @ =>This Inner Loop Header: Depth=1
	@DEBUG_VALUE: HSUSBD_CtrlIn:i <- undef
	.loc	2 728 30 is_stmt 1              @ ../../../../Library/StdDriver/src/hsusbd.c:728:30
	ldr	r0, [r0]
	.loc	2 728 28 is_stmt 0              @ ../../../../Library/StdDriver/src/hsusbd.c:728:28
	str	r0, [r1]
	.loc	2 729 50 is_stmt 1              @ ../../../../Library/StdDriver/src/hsusbd.c:729:50
	ldr	r0, [r3]
	.loc	2 728 30                        @ ../../../../Library/StdDriver/src/hsusbd.c:728:30
	ldr	r2, [r0, #4]!
	.loc	2 729 36                        @ ../../../../Library/StdDriver/src/hsusbd.c:729:36
	str	r0, [r3]
	.loc	2 728 28                        @ ../../../../Library/StdDriver/src/hsusbd.c:728:28
	str	r2, [r1]
	.loc	2 729 50                        @ ../../../../Library/StdDriver/src/hsusbd.c:729:50
	ldr	r0, [r3]
	.loc	2 728 30                        @ ../../../../Library/StdDriver/src/hsusbd.c:728:30
	ldr	r2, [r0, #4]!
	.loc	2 729 36                        @ ../../../../Library/StdDriver/src/hsusbd.c:729:36
	str	r0, [r3]
	.loc	2 728 28                        @ ../../../../Library/StdDriver/src/hsusbd.c:728:28
	str	r2, [r1]
	.loc	2 729 50                        @ ../../../../Library/StdDriver/src/hsusbd.c:729:50
	ldr	r0, [r3]
	.loc	2 728 30                        @ ../../../../Library/StdDriver/src/hsusbd.c:728:30
	ldr	r2, [r0, #4]!
	.loc	2 729 36                        @ ../../../../Library/StdDriver/src/hsusbd.c:729:36
	str	r0, [r3]
	.loc	2 728 28                        @ ../../../../Library/StdDriver/src/hsusbd.c:728:28
	str	r2, [r1]
	.loc	2 729 50                        @ ../../../../Library/StdDriver/src/hsusbd.c:729:50
	ldr	r0, [r3]
	.loc	2 729 73 is_stmt 0              @ ../../../../Library/StdDriver/src/hsusbd.c:729:73
	adds	r0, #4
	.loc	2 729 36                        @ ../../../../Library/StdDriver/src/hsusbd.c:729:36
	str	r0, [r3]
.Ltmp388:
	.loc	2 726 9 is_stmt 1               @ ../../../../Library/StdDriver/src/hsusbd.c:726:9
	le	lr, .LBB8_7
.Ltmp389:
.LBB8_8:
	cbz	r5, .LBB8_12
@ %bb.9:
.Ltmp390:
	@DEBUG_VALUE: HSUSBD_CtrlIn:i <- undef
	.loc	2 728 30                        @ ../../../../Library/StdDriver/src/hsusbd.c:728:30
	ldr	r0, [r0]
.Ltmp391:
	.loc	2 726 9                         @ ../../../../Library/StdDriver/src/hsusbd.c:726:9
	cmp	r5, #1
.Ltmp392:
	.loc	2 728 28                        @ ../../../../Library/StdDriver/src/hsusbd.c:728:28
	str	r0, [r1]
	.loc	2 729 50                        @ ../../../../Library/StdDriver/src/hsusbd.c:729:50
	ldr	r0, [r3]
	.loc	2 729 73 is_stmt 0              @ ../../../../Library/StdDriver/src/hsusbd.c:729:73
	add.w	r0, r0, #4
	.loc	2 729 36                        @ ../../../../Library/StdDriver/src/hsusbd.c:729:36
	str	r0, [r3]
.Ltmp393:
	.loc	2 726 9 is_stmt 1               @ ../../../../Library/StdDriver/src/hsusbd.c:726:9
	beq	.LBB8_12
.Ltmp394:
@ %bb.10:
	@DEBUG_VALUE: HSUSBD_CtrlIn:i <- undef
	.loc	2 728 30                        @ ../../../../Library/StdDriver/src/hsusbd.c:728:30
	ldr	r0, [r0]
.Ltmp395:
	.loc	2 726 9                         @ ../../../../Library/StdDriver/src/hsusbd.c:726:9
	cmp	r5, #2
.Ltmp396:
	.loc	2 728 28                        @ ../../../../Library/StdDriver/src/hsusbd.c:728:28
	str	r0, [r1]
	.loc	2 729 50                        @ ../../../../Library/StdDriver/src/hsusbd.c:729:50
	ldr	r0, [r3]
	.loc	2 729 73 is_stmt 0              @ ../../../../Library/StdDriver/src/hsusbd.c:729:73
	add.w	r0, r0, #4
	.loc	2 729 36                        @ ../../../../Library/StdDriver/src/hsusbd.c:729:36
	str	r0, [r3]
.Ltmp397:
	.loc	2 726 9 is_stmt 1               @ ../../../../Library/StdDriver/src/hsusbd.c:726:9
	beq	.LBB8_12
.Ltmp398:
@ %bb.11:
	@DEBUG_VALUE: HSUSBD_CtrlIn:i <- undef
	.loc	2 728 30                        @ ../../../../Library/StdDriver/src/hsusbd.c:728:30
	ldr	r0, [r0]
	.loc	2 728 28 is_stmt 0              @ ../../../../Library/StdDriver/src/hsusbd.c:728:28
	str	r0, [r1]
	.loc	2 729 50 is_stmt 1              @ ../../../../Library/StdDriver/src/hsusbd.c:729:50
	ldr	r0, [r3]
	.loc	2 729 73 is_stmt 0              @ ../../../../Library/StdDriver/src/hsusbd.c:729:73
	adds	r0, #4
	.loc	2 729 36                        @ ../../../../Library/StdDriver/src/hsusbd.c:729:36
	str	r0, [r3]
.Ltmp399:
.LBB8_12:
	.loc	2 732 9 is_stmt 1               @ ../../../../Library/StdDriver/src/hsusbd.c:732:9
	ldr	r4, [r6]
.LBB8_13:
	str	r4, [r1, #16]
	.loc	2 733 32                        @ ../../../../Library/StdDriver/src/hsusbd.c:733:32
	ldr	r0, [r6]
	.loc	2 733 29 is_stmt 0              @ ../../../../Library/StdDriver/src/hsusbd.c:733:29
	ldr.w	r1, [r12]
	subs	r2, r1, r0
.Ltmp400:
	.loc	2 0 0                           @ ../../../../Library/StdDriver/src/hsusbd.c:0:0
	str.w	r2, [r12]
.Ltmp401:
	.loc	2 750 1 epilogue_begin is_stmt 1 @ ../../../../Library/StdDriver/src/hsusbd.c:750:1
	pop	{r4, r5, r6, pc}
.LBB8_14:
.Ltmp402:
	@DEBUG_VALUE: HSUSBD_CtrlIn:i <- 0
	.loc	2 0 1 is_stmt 0                 @ ../../../../Library/StdDriver/src/hsusbd.c:0:1
	movs	r0, #0
.Ltmp403:
	.loc	2 740 9 is_stmt 1               @ ../../../../Library/StdDriver/src/hsusbd.c:740:9
	b	.LBB8_22
.Ltmp404:
.LBB8_15:
	@DEBUG_VALUE: HSUSBD_CtrlIn:i <- 0
	.loc	2 0 9 is_stmt 0                 @ ../../../../Library/StdDriver/src/hsusbd.c:0:9
	bic	r3, r3, #3
	movs	r5, #1
	subs	r3, #4
	movw	r4, :lower16:g_hsusbd_CtrlInPointer
	.loc	2 740 9                         @ ../../../../Library/StdDriver/src/hsusbd.c:740:9
	add.w	lr, r5, r3, lsr #2
	movs	r3, #0
	movt	r4, :upper16:g_hsusbd_CtrlInPointer
.Ltmp405:
	.loc	2 0 9                           @ :0:9
.Ltmp406:
	.p2align	2
.LBB8_16:                               @ =>This Inner Loop Header: Depth=1
	@DEBUG_VALUE: HSUSBD_CtrlIn:i <- $r3
	.loc	2 742 36 is_stmt 1              @ ../../../../Library/StdDriver/src/hsusbd.c:742:36
	ldr	r5, [r4]
	.loc	2 742 23 is_stmt 0              @ ../../../../Library/StdDriver/src/hsusbd.c:742:23
	ldrb	r5, [r5, r3]
.Ltmp407:
	@DEBUG_VALUE: HSUSBD_CtrlIn:u8Value <- $r5
	.loc	2 743 13 is_stmt 1              @ ../../../../Library/StdDriver/src/hsusbd.c:743:13
	strb	r5, [r1]
.Ltmp408:
	@DEBUG_VALUE: HSUSBD_CtrlIn:i <- [DW_OP_constu 1, DW_OP_or, DW_OP_stack_value] $r3
	.loc	2 742 36                        @ ../../../../Library/StdDriver/src/hsusbd.c:742:36
	ldr	r5, [r4]
.Ltmp409:
	.loc	2 742 23 is_stmt 0              @ ../../../../Library/StdDriver/src/hsusbd.c:742:23
	add	r5, r3
	ldrb	r5, [r5, #1]
.Ltmp410:
	@DEBUG_VALUE: HSUSBD_CtrlIn:u8Value <- $r5
	.loc	2 743 13 is_stmt 1              @ ../../../../Library/StdDriver/src/hsusbd.c:743:13
	strb	r5, [r1]
.Ltmp411:
	@DEBUG_VALUE: HSUSBD_CtrlIn:i <- [DW_OP_constu 2, DW_OP_or, DW_OP_stack_value] $r3
	.loc	2 742 36                        @ ../../../../Library/StdDriver/src/hsusbd.c:742:36
	ldr	r5, [r4]
.Ltmp412:
	.loc	2 742 23 is_stmt 0              @ ../../../../Library/StdDriver/src/hsusbd.c:742:23
	add	r5, r3
	ldrb	r5, [r5, #2]
.Ltmp413:
	@DEBUG_VALUE: HSUSBD_CtrlIn:u8Value <- $r5
	.loc	2 743 13 is_stmt 1              @ ../../../../Library/StdDriver/src/hsusbd.c:743:13
	strb	r5, [r1]
.Ltmp414:
	@DEBUG_VALUE: HSUSBD_CtrlIn:i <- [DW_OP_constu 3, DW_OP_or, DW_OP_stack_value] $r3
	.loc	2 742 36                        @ ../../../../Library/StdDriver/src/hsusbd.c:742:36
	ldr	r5, [r4]
.Ltmp415:
	.loc	2 742 23 is_stmt 0              @ ../../../../Library/StdDriver/src/hsusbd.c:742:23
	add	r5, r3
.Ltmp416:
	.loc	2 740 33 is_stmt 1              @ ../../../../Library/StdDriver/src/hsusbd.c:740:33
	adds	r3, #4
.Ltmp417:
	@DEBUG_VALUE: HSUSBD_CtrlIn:i <- $r3
	.loc	2 742 23                        @ ../../../../Library/StdDriver/src/hsusbd.c:742:23
	ldrb	r5, [r5, #3]
.Ltmp418:
	@DEBUG_VALUE: HSUSBD_CtrlIn:u8Value <- $r5
	.loc	2 743 13                        @ ../../../../Library/StdDriver/src/hsusbd.c:743:13
	strb	r5, [r1]
.Ltmp419:
	.loc	2 740 9                         @ ../../../../Library/StdDriver/src/hsusbd.c:740:9
	le	lr, .LBB8_16
.Ltmp420:
.LBB8_17:
	.loc	2 0 9 is_stmt 0                 @ ../../../../Library/StdDriver/src/hsusbd.c:0:9
	cbz	r0, .LBB8_21
@ %bb.18:
.Ltmp421:
	@DEBUG_VALUE: HSUSBD_CtrlIn:i <- $r3
	.loc	2 742 36 is_stmt 1              @ ../../../../Library/StdDriver/src/hsusbd.c:742:36
	movw	r5, :lower16:g_hsusbd_CtrlInPointer
.Ltmp422:
	.loc	2 740 9                         @ ../../../../Library/StdDriver/src/hsusbd.c:740:9
	cmp	r0, #1
.Ltmp423:
	.loc	2 742 36                        @ ../../../../Library/StdDriver/src/hsusbd.c:742:36
	movt	r5, :upper16:g_hsusbd_CtrlInPointer
	ldr	r6, [r5]
	.loc	2 742 23 is_stmt 0              @ ../../../../Library/StdDriver/src/hsusbd.c:742:23
	ldrb	r6, [r6, r3]
.Ltmp424:
	@DEBUG_VALUE: HSUSBD_CtrlIn:u8Value <- $r6
	.loc	2 743 13 is_stmt 1              @ ../../../../Library/StdDriver/src/hsusbd.c:743:13
	strb	r6, [r1]
.Ltmp425:
	@DEBUG_VALUE: HSUSBD_CtrlIn:i <- [DW_OP_plus_uconst 1, DW_OP_stack_value] $r3
	.loc	2 0 13 is_stmt 0                @ ../../../../Library/StdDriver/src/hsusbd.c:0:13
	beq	.LBB8_21
.Ltmp426:
@ %bb.19:
	@DEBUG_VALUE: HSUSBD_CtrlIn:i <- [DW_OP_plus_uconst 1, DW_OP_stack_value] $r3
	@DEBUG_VALUE: HSUSBD_CtrlIn:u8Value <- $r6
	@DEBUG_VALUE: HSUSBD_CtrlIn:i <- [DW_OP_plus_uconst 1, DW_OP_stack_value] $r3
	.loc	2 742 36 is_stmt 1              @ ../../../../Library/StdDriver/src/hsusbd.c:742:36
	ldr	r6, [r5]
.Ltmp427:
	.loc	2 740 9                         @ ../../../../Library/StdDriver/src/hsusbd.c:740:9
	cmp	r0, #2
.Ltmp428:
	.loc	2 742 59                        @ ../../../../Library/StdDriver/src/hsusbd.c:742:59
	add	r6, r3
	.loc	2 742 23 is_stmt 0              @ ../../../../Library/StdDriver/src/hsusbd.c:742:23
	ldrb	r6, [r6, #1]
.Ltmp429:
	@DEBUG_VALUE: HSUSBD_CtrlIn:u8Value <- $r6
	.loc	2 743 13 is_stmt 1              @ ../../../../Library/StdDriver/src/hsusbd.c:743:13
	strb	r6, [r1]
.Ltmp430:
	@DEBUG_VALUE: HSUSBD_CtrlIn:i <- [DW_OP_plus_uconst 2, DW_OP_stack_value] $r3
	.loc	2 0 13 is_stmt 0                @ ../../../../Library/StdDriver/src/hsusbd.c:0:13
	beq	.LBB8_21
.Ltmp431:
@ %bb.20:
	@DEBUG_VALUE: HSUSBD_CtrlIn:i <- [DW_OP_plus_uconst 2, DW_OP_stack_value] $r3
	@DEBUG_VALUE: HSUSBD_CtrlIn:u8Value <- $r6
	@DEBUG_VALUE: HSUSBD_CtrlIn:i <- [DW_OP_plus_uconst 2, DW_OP_stack_value] $r3
	.loc	2 742 36 is_stmt 1              @ ../../../../Library/StdDriver/src/hsusbd.c:742:36
	ldr	r0, [r5]
	.loc	2 742 59 is_stmt 0              @ ../../../../Library/StdDriver/src/hsusbd.c:742:59
	add	r0, r3
	.loc	2 742 23                        @ ../../../../Library/StdDriver/src/hsusbd.c:742:23
	ldrb	r0, [r0, #2]
.Ltmp432:
	@DEBUG_VALUE: HSUSBD_CtrlIn:u8Value <- $r0
	.loc	2 743 13 is_stmt 1              @ ../../../../Library/StdDriver/src/hsusbd.c:743:13
	strb	r0, [r1]
.Ltmp433:
	@DEBUG_VALUE: HSUSBD_CtrlIn:i <- [DW_OP_plus_uconst 3, DW_OP_stack_value] undef
.LBB8_21:
	.loc	2 746 9                         @ ../../../../Library/StdDriver/src/hsusbd.c:746:9
	ldr.w	r0, [r12]
.LBB8_22:
	str	r0, [r1, #16]
	.loc	2 747 32                        @ ../../../../Library/StdDriver/src/hsusbd.c:747:32
	movw	r0, :lower16:g_hsusbd_CtrlInPointer
	movt	r0, :upper16:g_hsusbd_CtrlInPointer
	str	r2, [r0]
.Ltmp434:
	.loc	2 0 0 is_stmt 0                 @ ../../../../Library/StdDriver/src/hsusbd.c:0:0
	str.w	r2, [r12]
.Ltmp435:
	.loc	2 750 1 epilogue_begin is_stmt 1 @ ../../../../Library/StdDriver/src/hsusbd.c:750:1
	pop	{r4, r5, r6, pc}
.Ltmp436:
.Lfunc_end8:
	.size	HSUSBD_CtrlIn, .Lfunc_end8-HSUSBD_CtrlIn
	.cfi_endproc
	.cantunwind
	.fnend
                                        @ -- End function
	.section	.text.HSUSBD_CtrlOut,"ax",%progbits
	.hidden	HSUSBD_CtrlOut                  @ -- Begin function HSUSBD_CtrlOut
	.globl	HSUSBD_CtrlOut
	.p2align	2
	.type	HSUSBD_CtrlOut,%function
	.code	16                              @ @HSUSBD_CtrlOut
	.thumb_func
HSUSBD_CtrlOut:
.Lfunc_begin9:
	.loc	2 764 0                         @ ../../../../Library/StdDriver/src/hsusbd.c:764:0
	.fnstart
	.cfi_startproc
@ %bb.0:
	@DEBUG_VALUE: HSUSBD_CtrlOut:pu8Buf <- $r0
	@DEBUG_VALUE: HSUSBD_CtrlOut:u32Size <- $r1
	.save	{r4, lr}
	push	{r4, lr}
	.cfi_def_cfa_offset 8
	.cfi_offset lr, -4
	.cfi_offset r4, -8
.Ltmp437:
	.loc	2 766 30 prologue_end           @ ../../../../Library/StdDriver/src/hsusbd.c:766:30
	movw	r2, :lower16:SystemCoreClock
	movw	r4, #20520
	movt	r2, :upper16:SystemCoreClock
	ldr	r3, [r2]
.Ltmp438:
	@DEBUG_VALUE: HSUSBD_CtrlOut:u32TimeOutCnt <- $r3
	.loc	2 0 30 is_stmt 0                @ ../../../../Library/StdDriver/src/hsusbd.c:0:30
	movt	r4, #16416
.Ltmp439:
.LBB9_1:                                @ =>This Inner Loop Header: Depth=1
	@DEBUG_VALUE: HSUSBD_CtrlOut:u32TimeOutCnt <- $r3
	@DEBUG_VALUE: HSUSBD_CtrlOut:u32Size <- $r1
	@DEBUG_VALUE: HSUSBD_CtrlOut:pu8Buf <- $r0
	@DEBUG_VALUE: HSUSBD_CtrlOut:u32TimeOutCnt <- $r3
	.loc	2 770 22 is_stmt 1              @ ../../../../Library/StdDriver/src/hsusbd.c:770:22
	ldr	r2, [r4, #12]
.Ltmp440:
	.loc	2 770 13 is_stmt 0              @ ../../../../Library/StdDriver/src/hsusbd.c:770:13
	lsls	r2, r2, #25
	bmi	.LBB9_10
.Ltmp441:
@ %bb.2:                                @   in Loop: Header=BB9_1 Depth=1
	@DEBUG_VALUE: HSUSBD_CtrlOut:u32TimeOutCnt <- $r3
	@DEBUG_VALUE: HSUSBD_CtrlOut:u32Size <- $r1
	@DEBUG_VALUE: HSUSBD_CtrlOut:pu8Buf <- $r0
	@DEBUG_VALUE: HSUSBD_CtrlOut:u32TimeOutCnt <- [DW_OP_constu 1, DW_OP_minus, DW_OP_stack_value] $r3
	.loc	2 781 13 is_stmt 1              @ ../../../../Library/StdDriver/src/hsusbd.c:781:13
	cmp	r3, #1
	beq	.LBB9_9
.Ltmp442:
@ %bb.3:                                @   in Loop: Header=BB9_1 Depth=1
	@DEBUG_VALUE: HSUSBD_CtrlOut:u32TimeOutCnt <- [DW_OP_constu 1, DW_OP_minus, DW_OP_stack_value] $r3
	@DEBUG_VALUE: HSUSBD_CtrlOut:u32Size <- $r1
	@DEBUG_VALUE: HSUSBD_CtrlOut:pu8Buf <- $r0
	@DEBUG_VALUE: HSUSBD_CtrlOut:u32TimeOutCnt <- [DW_OP_constu 1, DW_OP_minus, DW_OP_stack_value] $r3
	.loc	2 770 22                        @ ../../../../Library/StdDriver/src/hsusbd.c:770:22
	ldr	r2, [r4, #12]
.Ltmp443:
	.loc	2 770 13 is_stmt 0              @ ../../../../Library/StdDriver/src/hsusbd.c:770:13
	lsls	r2, r2, #25
	bmi	.LBB9_10
.Ltmp444:
@ %bb.4:                                @   in Loop: Header=BB9_1 Depth=1
	@DEBUG_VALUE: HSUSBD_CtrlOut:u32TimeOutCnt <- [DW_OP_constu 1, DW_OP_minus, DW_OP_stack_value] $r3
	@DEBUG_VALUE: HSUSBD_CtrlOut:u32Size <- $r1
	@DEBUG_VALUE: HSUSBD_CtrlOut:pu8Buf <- $r0
	@DEBUG_VALUE: HSUSBD_CtrlOut:u32TimeOutCnt <- [DW_OP_constu 2, DW_OP_minus, DW_OP_stack_value] $r3
	.loc	2 781 13 is_stmt 1              @ ../../../../Library/StdDriver/src/hsusbd.c:781:13
	cmp	r3, #2
	beq	.LBB9_9
.Ltmp445:
@ %bb.5:                                @   in Loop: Header=BB9_1 Depth=1
	@DEBUG_VALUE: HSUSBD_CtrlOut:u32TimeOutCnt <- [DW_OP_constu 2, DW_OP_minus, DW_OP_stack_value] $r3
	@DEBUG_VALUE: HSUSBD_CtrlOut:u32Size <- $r1
	@DEBUG_VALUE: HSUSBD_CtrlOut:pu8Buf <- $r0
	@DEBUG_VALUE: HSUSBD_CtrlOut:u32TimeOutCnt <- [DW_OP_constu 2, DW_OP_minus, DW_OP_stack_value] $r3
	.loc	2 770 22                        @ ../../../../Library/StdDriver/src/hsusbd.c:770:22
	ldr	r2, [r4, #12]
.Ltmp446:
	.loc	2 770 13 is_stmt 0              @ ../../../../Library/StdDriver/src/hsusbd.c:770:13
	lsls	r2, r2, #25
	bmi	.LBB9_10
.Ltmp447:
@ %bb.6:                                @   in Loop: Header=BB9_1 Depth=1
	@DEBUG_VALUE: HSUSBD_CtrlOut:u32TimeOutCnt <- [DW_OP_constu 2, DW_OP_minus, DW_OP_stack_value] $r3
	@DEBUG_VALUE: HSUSBD_CtrlOut:u32Size <- $r1
	@DEBUG_VALUE: HSUSBD_CtrlOut:pu8Buf <- $r0
	@DEBUG_VALUE: HSUSBD_CtrlOut:u32TimeOutCnt <- [DW_OP_constu 3, DW_OP_minus, DW_OP_stack_value] $r3
	.loc	2 781 13 is_stmt 1              @ ../../../../Library/StdDriver/src/hsusbd.c:781:13
	cmp	r3, #3
	beq	.LBB9_9
.Ltmp448:
@ %bb.7:                                @   in Loop: Header=BB9_1 Depth=1
	@DEBUG_VALUE: HSUSBD_CtrlOut:u32TimeOutCnt <- [DW_OP_constu 3, DW_OP_minus, DW_OP_stack_value] $r3
	@DEBUG_VALUE: HSUSBD_CtrlOut:u32Size <- $r1
	@DEBUG_VALUE: HSUSBD_CtrlOut:pu8Buf <- $r0
	@DEBUG_VALUE: HSUSBD_CtrlOut:u32TimeOutCnt <- [DW_OP_constu 3, DW_OP_minus, DW_OP_stack_value] $r3
	.loc	2 770 22                        @ ../../../../Library/StdDriver/src/hsusbd.c:770:22
	ldr	r2, [r4, #12]
.Ltmp449:
	.loc	2 770 13 is_stmt 0              @ ../../../../Library/StdDriver/src/hsusbd.c:770:13
	lsls	r2, r2, #25
	bmi	.LBB9_10
.Ltmp450:
@ %bb.8:                                @   in Loop: Header=BB9_1 Depth=1
	@DEBUG_VALUE: HSUSBD_CtrlOut:u32TimeOutCnt <- [DW_OP_constu 3, DW_OP_minus, DW_OP_stack_value] $r3
	@DEBUG_VALUE: HSUSBD_CtrlOut:u32Size <- $r1
	@DEBUG_VALUE: HSUSBD_CtrlOut:pu8Buf <- $r0
	.loc	2 781 13 is_stmt 1              @ ../../../../Library/StdDriver/src/hsusbd.c:781:13
	subs	r3, #4
.Ltmp451:
	@DEBUG_VALUE: HSUSBD_CtrlOut:u32TimeOutCnt <- $r3
	.loc	2 781 13 is_stmt 0              @ ../../../../Library/StdDriver/src/hsusbd.c:781:13
	bne	.LBB9_1
.Ltmp452:
.LBB9_9:
	@DEBUG_VALUE: HSUSBD_CtrlOut:u32Size <- $r1
	@DEBUG_VALUE: HSUSBD_CtrlOut:pu8Buf <- $r0
	.loc	2 0 13                          @ ../../../../Library/StdDriver/src/hsusbd.c:0:13
	mvn	r0, #1
.Ltmp453:
	@DEBUG_VALUE: HSUSBD_CtrlOut:pu8Buf <- [DW_OP_LLVM_entry_value 1] $r0
	.loc	2 785 1 epilogue_begin is_stmt 1 @ ../../../../Library/StdDriver/src/hsusbd.c:785:1
	pop	{r4, pc}
.Ltmp454:
.LBB9_10:
	@DEBUG_VALUE: HSUSBD_CtrlOut:u32Size <- $r1
	@DEBUG_VALUE: HSUSBD_CtrlOut:pu8Buf <- $r0
	@DEBUG_VALUE: HSUSBD_CtrlOut:i <- 0
	.loc	2 772 13                        @ ../../../../Library/StdDriver/src/hsusbd.c:772:13
	cbz	r1, .LBB9_18
.Ltmp455:
@ %bb.11:
	@DEBUG_VALUE: HSUSBD_CtrlOut:i <- 0
	@DEBUG_VALUE: HSUSBD_CtrlOut:u32Size <- $r1
	@DEBUG_VALUE: HSUSBD_CtrlOut:pu8Buf <- $r0
	cmp	r1, #4
	and	r12, r1, #3
	bhs	.LBB9_13
.Ltmp456:
@ %bb.12:
	@DEBUG_VALUE: HSUSBD_CtrlOut:i <- 0
	@DEBUG_VALUE: HSUSBD_CtrlOut:u32Size <- $r1
	@DEBUG_VALUE: HSUSBD_CtrlOut:pu8Buf <- $r0
	.loc	2 0 13 is_stmt 0                @ ../../../../Library/StdDriver/src/hsusbd.c:0:13
	movs	r1, #0
.Ltmp457:
	@DEBUG_VALUE: HSUSBD_CtrlOut:u32Size <- [DW_OP_LLVM_entry_value 1] $r1
	b	.LBB9_15
.Ltmp458:
.LBB9_13:
	@DEBUG_VALUE: HSUSBD_CtrlOut:i <- 0
	@DEBUG_VALUE: HSUSBD_CtrlOut:u32Size <- $r1
	@DEBUG_VALUE: HSUSBD_CtrlOut:pu8Buf <- $r0
	bic	r1, r1, #3
.Ltmp459:
	@DEBUG_VALUE: HSUSBD_CtrlOut:u32Size <- [DW_OP_LLVM_entry_value 1] $r1
	movs	r2, #1
	subs	r1, #4
	.loc	2 772 13                        @ ../../../../Library/StdDriver/src/hsusbd.c:772:13
	adds	r3, r0, #3
	add.w	lr, r2, r1, lsr #2
	movs	r1, #0
.Ltmp460:
	.loc	2 0 13                          @ :0:13
.Ltmp461:
	.p2align	2
.LBB9_14:                               @ =>This Inner Loop Header: Depth=1
	@DEBUG_VALUE: HSUSBD_CtrlOut:u32Size <- [DW_OP_LLVM_entry_value 1] $r1
	@DEBUG_VALUE: HSUSBD_CtrlOut:pu8Buf <- $r0
	@DEBUG_VALUE: HSUSBD_CtrlOut:i <- $r1
	.loc	2 774 29 is_stmt 1              @ ../../../../Library/StdDriver/src/hsusbd.c:774:29
	ldrb	r2, [r4]
.Ltmp462:
	.loc	2 772 41                        @ ../../../../Library/StdDriver/src/hsusbd.c:772:41
	adds	r1, #4
.Ltmp463:
	@DEBUG_VALUE: HSUSBD_CtrlOut:i <- $r1
	.loc	2 774 27                        @ ../../../../Library/StdDriver/src/hsusbd.c:774:27
	strb	r2, [r3, #-3]
.Ltmp464:
	@DEBUG_VALUE: HSUSBD_CtrlOut:i <- [DW_OP_constu 1, DW_OP_or, DW_OP_stack_value] $r1
	.loc	2 774 29 is_stmt 0              @ ../../../../Library/StdDriver/src/hsusbd.c:774:29
	ldrb	r2, [r4]
	.loc	2 774 27                        @ ../../../../Library/StdDriver/src/hsusbd.c:774:27
	strb	r2, [r3, #-2]
.Ltmp465:
	@DEBUG_VALUE: HSUSBD_CtrlOut:i <- [DW_OP_constu 2, DW_OP_or, DW_OP_stack_value] $r1
	.loc	2 774 29                        @ ../../../../Library/StdDriver/src/hsusbd.c:774:29
	ldrb	r2, [r4]
	.loc	2 774 27                        @ ../../../../Library/StdDriver/src/hsusbd.c:774:27
	strb	r2, [r3, #-1]
.Ltmp466:
	@DEBUG_VALUE: HSUSBD_CtrlOut:i <- [DW_OP_constu 3, DW_OP_or, DW_OP_stack_value] $r1
	.loc	2 774 29                        @ ../../../../Library/StdDriver/src/hsusbd.c:774:29
	ldrb	r2, [r4]
	.loc	2 774 27                        @ ../../../../Library/StdDriver/src/hsusbd.c:774:27
	strb	r2, [r3], #4
.Ltmp467:
	.loc	2 772 13 is_stmt 1              @ ../../../../Library/StdDriver/src/hsusbd.c:772:13
	le	lr, .LBB9_14
.Ltmp468:
.LBB9_15:
	@DEBUG_VALUE: HSUSBD_CtrlOut:u32Size <- [DW_OP_LLVM_entry_value 1] $r1
	@DEBUG_VALUE: HSUSBD_CtrlOut:pu8Buf <- $r0
	cmp.w	r12, #0
	beq	.LBB9_18
.Ltmp469:
@ %bb.16:
	@DEBUG_VALUE: HSUSBD_CtrlOut:u32Size <- [DW_OP_LLVM_entry_value 1] $r1
	@DEBUG_VALUE: HSUSBD_CtrlOut:pu8Buf <- $r0
	@DEBUG_VALUE: HSUSBD_CtrlOut:i <- $r1
	.loc	2 774 29                        @ ../../../../Library/StdDriver/src/hsusbd.c:774:29
	ldrb	r2, [r4]
.Ltmp470:
	.loc	2 772 13                        @ ../../../../Library/StdDriver/src/hsusbd.c:772:13
	cmp.w	r12, #1
.Ltmp471:
	.loc	2 774 27                        @ ../../../../Library/StdDriver/src/hsusbd.c:774:27
	strb	r2, [r0, r1]
.Ltmp472:
	@DEBUG_VALUE: HSUSBD_CtrlOut:i <- [DW_OP_plus_uconst 1, DW_OP_stack_value] $r1
	.loc	2 0 27 is_stmt 0                @ ../../../../Library/StdDriver/src/hsusbd.c:0:27
	beq	.LBB9_18
.Ltmp473:
@ %bb.17:
	@DEBUG_VALUE: HSUSBD_CtrlOut:i <- [DW_OP_plus_uconst 1, DW_OP_stack_value] $r1
	@DEBUG_VALUE: HSUSBD_CtrlOut:u32Size <- [DW_OP_LLVM_entry_value 1] $r1
	@DEBUG_VALUE: HSUSBD_CtrlOut:pu8Buf <- $r0
	@DEBUG_VALUE: HSUSBD_CtrlOut:i <- [DW_OP_plus_uconst 1, DW_OP_stack_value] $r1
	.loc	2 774 29                        @ ../../../../Library/StdDriver/src/hsusbd.c:774:29
	ldrb	r2, [r4]
	.loc	2 774 17                        @ ../../../../Library/StdDriver/src/hsusbd.c:774:17
	add	r0, r1
.Ltmp474:
	@DEBUG_VALUE: HSUSBD_CtrlOut:pu8Buf <- [DW_OP_LLVM_entry_value 1] $r0
	.loc	2 774 27                        @ ../../../../Library/StdDriver/src/hsusbd.c:774:27
	strb	r2, [r0, #1]
.Ltmp475:
	@DEBUG_VALUE: HSUSBD_CtrlOut:i <- [DW_OP_plus_uconst 2, DW_OP_stack_value] undef
	@DEBUG_VALUE: HSUSBD_CtrlOut:i <- [DW_OP_plus_uconst 2, DW_OP_stack_value] undef
	.loc	2 772 13 is_stmt 1              @ ../../../../Library/StdDriver/src/hsusbd.c:772:13
	cmp.w	r12, #2
.Ltmp476:
	.loc	2 774 29                        @ ../../../../Library/StdDriver/src/hsusbd.c:774:29
	itt	ne
	ldrbne	r1, [r4]
	.loc	2 774 27 is_stmt 0              @ ../../../../Library/StdDriver/src/hsusbd.c:774:27
	strbne	r1, [r0, #2]
.Ltmp477:
	@DEBUG_VALUE: HSUSBD_CtrlOut:i <- [DW_OP_plus_uconst 3, DW_OP_stack_value] undef
.LBB9_18:
	.loc	2 0 27                          @ ../../../../Library/StdDriver/src/hsusbd.c:0:27
	movs	r0, #64
	.loc	2 777 31 is_stmt 1              @ ../../../../Library/StdDriver/src/hsusbd.c:777:31
	str	r0, [r4, #12]
	movs	r0, #0
.Ltmp478:
	.loc	2 785 1 epilogue_begin          @ ../../../../Library/StdDriver/src/hsusbd.c:785:1
	pop	{r4, pc}
.Ltmp479:
.Lfunc_end9:
	.size	HSUSBD_CtrlOut, .Lfunc_end9-HSUSBD_CtrlOut
	.cfi_endproc
	.cantunwind
	.fnend
                                        @ -- End function
	.section	.text.HSUSBD_SwReset,"ax",%progbits
	.hidden	HSUSBD_SwReset                  @ -- Begin function HSUSBD_SwReset
	.globl	HSUSBD_SwReset
	.p2align	2
	.type	HSUSBD_SwReset,%function
	.code	16                              @ @HSUSBD_SwReset
	.thumb_func
HSUSBD_SwReset:
.Lfunc_begin10:
	.fnstart
	.cfi_startproc
@ %bb.0:
	.loc	2 799 22 prologue_end           @ ../../../../Library/StdDriver/src/hsusbd.c:799:22
	movw	r0, :lower16:g_hsusbd_UsbAddr
	movs	r1, #0
	movt	r0, :upper16:g_hsusbd_UsbAddr
	strb	r1, [r0]
	.loc	2 800 22                        @ ../../../../Library/StdDriver/src/hsusbd.c:800:22
	movw	r0, :lower16:g_hsusbd_DmaDone
	movt	r0, :upper16:g_hsusbd_DmaDone
	str	r1, [r0]
	.loc	2 801 26                        @ ../../../../Library/StdDriver/src/hsusbd.c:801:26
	movw	r0, :lower16:g_hsusbd_ShortPacket
	movt	r0, :upper16:g_hsusbd_ShortPacket
	strb	r1, [r0]
	.loc	2 802 25                        @ ../../../../Library/StdDriver/src/hsusbd.c:802:25
	movw	r0, :lower16:g_hsusbd_Configured
	movt	r0, :upper16:g_hsusbd_Configured
	strb	r1, [r0]
	movw	r0, #20512
	movt	r0, #16416
	.loc	2 805 5                         @ ../../../../Library/StdDriver/src/hsusbd.c:805:5
	str	r1, [r0]
	.loc	2 806 1                         @ ../../../../Library/StdDriver/src/hsusbd.c:806:1
	bx	lr
.Ltmp480:
.Lfunc_end10:
	.size	HSUSBD_SwReset, .Lfunc_end10-HSUSBD_SwReset
	.cfi_endproc
	.cantunwind
	.fnend
                                        @ -- End function
	.section	.text.HSUSBD_SetVendorRequest,"ax",%progbits
	.hidden	HSUSBD_SetVendorRequest         @ -- Begin function HSUSBD_SetVendorRequest
	.globl	HSUSBD_SetVendorRequest
	.p2align	2
	.type	HSUSBD_SetVendorRequest,%function
	.code	16                              @ @HSUSBD_SetVendorRequest
	.thumb_func
HSUSBD_SetVendorRequest:
.Lfunc_begin11:
	.fnstart
	.cfi_startproc
@ %bb.0:
	@DEBUG_VALUE: HSUSBD_SetVendorRequest:pfnVendorReq <- $r0
	.loc	2 819 31 prologue_end           @ ../../../../Library/StdDriver/src/hsusbd.c:819:31
	movw	r1, :lower16:g_hsusbd_pfnVendorRequest
	movt	r1, :upper16:g_hsusbd_pfnVendorRequest
	str	r0, [r1]
	.loc	2 820 1                         @ ../../../../Library/StdDriver/src/hsusbd.c:820:1
	bx	lr
.Ltmp481:
.Lfunc_end11:
	.size	HSUSBD_SetVendorRequest, .Lfunc_end11-HSUSBD_SetVendorRequest
	.cfi_endproc
	.cantunwind
	.fnend
                                        @ -- End function
	.section	.text.SYS_Enable_HSUSB_PHY,"ax",%progbits
	.hidden	SYS_Enable_HSUSB_PHY            @ -- Begin function SYS_Enable_HSUSB_PHY
	.globl	SYS_Enable_HSUSB_PHY
	.p2align	2
	.type	SYS_Enable_HSUSB_PHY,%function
	.code	16                              @ @SYS_Enable_HSUSB_PHY
	.thumb_func
SYS_Enable_HSUSB_PHY:
.Lfunc_begin12:
	.loc	2 833 0                         @ ../../../../Library/StdDriver/src/hsusbd.c:833:0
	.fnstart
	.cfi_startproc
@ %bb.0:
	.save	{r4, lr}
	push	{r4, lr}
	.cfi_def_cfa_offset 8
	.cfi_offset lr, -4
	.cfi_offset r4, -8
	movw	r0, #256
	movt	r0, #16384
.Ltmp482:
	.file	8 "D:\\GitHub\\ML_M55M1_SampleCode\\M55M1BSP-3.01.002\\SampleCode\\NuEdgeWise\\PoseLandmark_YOLOv8n\\KEIL" "../../../../Library/StdDriver/inc\\sys.h"
	.loc	8 4332 17 prologue_end          @ ../../../../Library/StdDriver/inc\sys.h:4332:17
	ldr	r1, [r0]
.Ltmp483:
	.loc	2 837 9                         @ ../../../../Library/StdDriver/src/hsusbd.c:837:9
	lsls.w	r12, r1, #31
	bne	.LBB12_10
@ %bb.1:
.Ltmp484:
	.loc	8 4257 32                       @ ../../../../Library/StdDriver/inc\sys.h:4257:32
	movw	r1, :lower16:SystemCoreClock
	mov.w	lr, #89
	movt	r1, :upper16:SystemCoreClock
	movs	r3, #136
	ldr	r2, [r1]
.Ltmp485:
	@DEBUG_VALUE: SYS_UnlockReg:u32TimeOutCount <- $r2
	.loc	8 0 32 is_stmt 0                @ ../../../../Library/StdDriver/inc\sys.h:0:32
	movs	r1, #22
.Ltmp486:
.LBB12_2:                               @ =>This Inner Loop Header: Depth=1
	@DEBUG_VALUE: SYS_UnlockReg:u32TimeOutCount <- $r2
	@DEBUG_VALUE: SYS_UnlockReg:u32TimeOutCount <- $r2
	.loc	8 4265 13 is_stmt 1             @ ../../../../Library/StdDriver/inc\sys.h:4265:13
	cmp	r2, #1
	.loc	8 4261 22                       @ ../../../../Library/StdDriver/inc\sys.h:4261:22
	str.w	lr, [r0]
	.loc	8 4262 22                       @ ../../../../Library/StdDriver/inc\sys.h:4262:22
	str	r1, [r0]
	.loc	8 4263 22                       @ ../../../../Library/StdDriver/inc\sys.h:4263:22
	str	r3, [r0]
.Ltmp487:
	@DEBUG_VALUE: SYS_UnlockReg:u32TimeOutCount <- [DW_OP_constu 1, DW_OP_minus, DW_OP_stack_value] $r2
	.loc	8 4265 13                       @ ../../../../Library/StdDriver/inc\sys.h:4265:13
	beq	.LBB12_10
.Ltmp488:
@ %bb.3:                                @   in Loop: Header=BB12_2 Depth=1
	@DEBUG_VALUE: SYS_UnlockReg:u32TimeOutCount <- [DW_OP_constu 1, DW_OP_minus, DW_OP_stack_value] $r2
	.loc	8 4266 19                       @ ../../../../Library/StdDriver/inc\sys.h:4266:19
	ldr	r4, [r0]
.Ltmp489:
	.loc	8 4266 5 is_stmt 0              @ ../../../../Library/StdDriver/inc\sys.h:4266:5
	cbnz	r4, .LBB12_10
.Ltmp490:
@ %bb.4:                                @   in Loop: Header=BB12_2 Depth=1
	@DEBUG_VALUE: SYS_UnlockReg:u32TimeOutCount <- [DW_OP_constu 1, DW_OP_minus, DW_OP_stack_value] $r2
	@DEBUG_VALUE: SYS_UnlockReg:u32TimeOutCount <- [DW_OP_constu 1, DW_OP_minus, DW_OP_stack_value] $r2
	.loc	8 4265 13 is_stmt 1             @ ../../../../Library/StdDriver/inc\sys.h:4265:13
	cmp	r2, #2
	.loc	8 4261 22                       @ ../../../../Library/StdDriver/inc\sys.h:4261:22
	str.w	lr, [r0]
	.loc	8 4262 22                       @ ../../../../Library/StdDriver/inc\sys.h:4262:22
	str	r1, [r0]
	.loc	8 4263 22                       @ ../../../../Library/StdDriver/inc\sys.h:4263:22
	str	r3, [r0]
.Ltmp491:
	@DEBUG_VALUE: SYS_UnlockReg:u32TimeOutCount <- [DW_OP_constu 2, DW_OP_minus, DW_OP_stack_value] $r2
	.loc	8 4265 13                       @ ../../../../Library/StdDriver/inc\sys.h:4265:13
	beq	.LBB12_10
.Ltmp492:
@ %bb.5:                                @   in Loop: Header=BB12_2 Depth=1
	@DEBUG_VALUE: SYS_UnlockReg:u32TimeOutCount <- [DW_OP_constu 2, DW_OP_minus, DW_OP_stack_value] $r2
	.loc	8 4266 19                       @ ../../../../Library/StdDriver/inc\sys.h:4266:19
	ldr	r4, [r0]
.Ltmp493:
	.loc	8 4266 5 is_stmt 0              @ ../../../../Library/StdDriver/inc\sys.h:4266:5
	cbnz	r4, .LBB12_10
.Ltmp494:
@ %bb.6:                                @   in Loop: Header=BB12_2 Depth=1
	@DEBUG_VALUE: SYS_UnlockReg:u32TimeOutCount <- [DW_OP_constu 2, DW_OP_minus, DW_OP_stack_value] $r2
	@DEBUG_VALUE: SYS_UnlockReg:u32TimeOutCount <- [DW_OP_constu 2, DW_OP_minus, DW_OP_stack_value] $r2
	.loc	8 4265 13 is_stmt 1             @ ../../../../Library/StdDriver/inc\sys.h:4265:13
	cmp	r2, #3
	.loc	8 4261 22                       @ ../../../../Library/StdDriver/inc\sys.h:4261:22
	str.w	lr, [r0]
	.loc	8 4262 22                       @ ../../../../Library/StdDriver/inc\sys.h:4262:22
	str	r1, [r0]
	.loc	8 4263 22                       @ ../../../../Library/StdDriver/inc\sys.h:4263:22
	str	r3, [r0]
.Ltmp495:
	@DEBUG_VALUE: SYS_UnlockReg:u32TimeOutCount <- [DW_OP_constu 3, DW_OP_minus, DW_OP_stack_value] $r2
	.loc	8 4265 13                       @ ../../../../Library/StdDriver/inc\sys.h:4265:13
	beq	.LBB12_10
.Ltmp496:
@ %bb.7:                                @   in Loop: Header=BB12_2 Depth=1
	@DEBUG_VALUE: SYS_UnlockReg:u32TimeOutCount <- [DW_OP_constu 3, DW_OP_minus, DW_OP_stack_value] $r2
	.loc	8 4266 19                       @ ../../../../Library/StdDriver/inc\sys.h:4266:19
	ldr	r4, [r0]
.Ltmp497:
	.loc	8 4266 5 is_stmt 0              @ ../../../../Library/StdDriver/inc\sys.h:4266:5
	cbnz	r4, .LBB12_10
.Ltmp498:
@ %bb.8:                                @   in Loop: Header=BB12_2 Depth=1
	@DEBUG_VALUE: SYS_UnlockReg:u32TimeOutCount <- [DW_OP_constu 3, DW_OP_minus, DW_OP_stack_value] $r2
	@DEBUG_VALUE: SYS_UnlockReg:u32TimeOutCount <- [DW_OP_constu 3, DW_OP_minus, DW_OP_stack_value] $r2
	.loc	8 4265 13 is_stmt 1             @ ../../../../Library/StdDriver/inc\sys.h:4265:13
	subs	r2, #4
.Ltmp499:
	@DEBUG_VALUE: SYS_UnlockReg:u32TimeOutCount <- $r2
	.loc	8 4261 22                       @ ../../../../Library/StdDriver/inc\sys.h:4261:22
	str.w	lr, [r0]
	.loc	8 4262 22                       @ ../../../../Library/StdDriver/inc\sys.h:4262:22
	str	r1, [r0]
	.loc	8 4263 22                       @ ../../../../Library/StdDriver/inc\sys.h:4263:22
	str	r3, [r0]
	.loc	8 4265 13                       @ ../../../../Library/StdDriver/inc\sys.h:4265:13
	beq	.LBB12_10
.Ltmp500:
@ %bb.9:                                @   in Loop: Header=BB12_2 Depth=1
	@DEBUG_VALUE: SYS_UnlockReg:u32TimeOutCount <- $r2
	.loc	8 4266 19                       @ ../../../../Library/StdDriver/inc\sys.h:4266:19
	ldr	r4, [r0]
.Ltmp501:
	.loc	8 4266 5 is_stmt 0              @ ../../../../Library/StdDriver/inc\sys.h:4266:5
	cbnz	r4, .LBB12_10
	le	.LBB12_2
.Ltmp502:
.LBB12_10:
	.loc	2 841 25 is_stmt 1              @ ../../../../Library/StdDriver/src/hsusbd.c:841:25
	ldr	r1, [r0, #-204]
	movs	r2, #1
	mov.w	lr, #64
.Ltmp503:
	@DEBUG_VALUE: SYS_Enable_HSUSB_PHY:i <- 0
	.loc	2 841 60 is_stmt 0              @ ../../../../Library/StdDriver/src/hsusbd.c:841:60
	bfi	r1, r2, #24, #2
	.loc	2 841 17                        @ ../../../../Library/StdDriver/src/hsusbd.c:841:17
	str	r1, [r0, #-204]
.Ltmp504:
	.loc	2 0 17                          @ :0:17
.Ltmp505:
	.p2align	2
.LBB12_11:                              @ =>This Inner Loop Header: Depth=1
	@DEBUG_VALUE: SYS_Enable_HSUSB_PHY:i <- undef
	.loc	2 846 9 is_stmt 1               @ ../../../../Library/StdDriver/src/hsusbd.c:846:9
	nop
	nop
	nop
	nop
	nop
	nop
	nop
	nop
	nop
	nop
	nop
	nop
	nop
	nop
	nop
	nop
	nop
	nop
	nop
	nop
	nop
	nop
	nop
	nop
	nop
	nop
	nop
	nop
	nop
	nop
	nop
	nop
	nop
	nop
	nop
	nop
	nop
	nop
	nop
	nop
	nop
	nop
	nop
	nop
	nop
	nop
	nop
	nop
	nop
	nop
	nop
	nop
	nop
	nop
	nop
	nop
	nop
	nop
	nop
	nop
	nop
	nop
	nop
	nop
.Ltmp506:
	.loc	2 844 5                         @ ../../../../Library/StdDriver/src/hsusbd.c:844:5
	le	lr, .LBB12_11
.Ltmp507:
@ %bb.12:
	.loc	2 850 17                        @ ../../../../Library/StdDriver/src/hsusbd.c:850:17
	ldr	r1, [r0, #-204]
	.loc	2 852 9                         @ ../../../../Library/StdDriver/src/hsusbd.c:852:9
	cmp.w	r12, #0
	.loc	2 850 17                        @ ../../../../Library/StdDriver/src/hsusbd.c:850:17
	orr	r1, r1, #33554432
	str	r1, [r0, #-204]
	itt	eq
	moveq	r1, #0
.Ltmp508:
	.loc	8 4278 18                       @ ../../../../Library/StdDriver/inc\sys.h:4278:18
	streq	r1, [r0]
.Ltmp509:
	.loc	2 854 1 epilogue_begin          @ ../../../../Library/StdDriver/src/hsusbd.c:854:1
	pop	{r4, pc}
.Ltmp510:
.Lfunc_end12:
	.size	SYS_Enable_HSUSB_PHY, .Lfunc_end12-SYS_Enable_HSUSB_PHY
	.cfi_endproc
	.cantunwind
	.fnend
                                        @ -- End function
	.section	.text.HSUSBD_Enable_PHY,"ax",%progbits
	.hidden	HSUSBD_Enable_PHY               @ -- Begin function HSUSBD_Enable_PHY
	.globl	HSUSBD_Enable_PHY
	.p2align	2
	.type	HSUSBD_Enable_PHY,%function
	.code	16                              @ @HSUSBD_Enable_PHY
	.thumb_func
HSUSBD_Enable_PHY:
.Lfunc_begin13:
	.loc	2 866 0                         @ ../../../../Library/StdDriver/src/hsusbd.c:866:0
	.fnstart
	.cfi_startproc
@ %bb.0:
	movw	r0, #22276
	movt	r0, #16416
.Ltmp511:
	.loc	2 870 5 prologue_end            @ ../../../../Library/StdDriver/src/hsusbd.c:870:5
	ldr	r1, [r0]
	orr	r1, r1, #512
	str	r1, [r0]
	.loc	2 873 21                        @ ../../../../Library/StdDriver/src/hsusbd.c:873:21
	movw	r1, :lower16:SystemCoreClock
	movt	r1, :upper16:SystemCoreClock
	ldr	r1, [r1]
.Ltmp512:
	@DEBUG_VALUE: HSUSBD_Enable_PHY:u32TimeOutCnt <- $r1
.LBB13_1:                               @ =>This Inner Loop Header: Depth=1
	@DEBUG_VALUE: HSUSBD_Enable_PHY:u32TimeOutCnt <- $r1
	@DEBUG_VALUE: HSUSBD_Enable_PHY:u32TimeOutCnt <- $r1
	.loc	2 875 22                        @ ../../../../Library/StdDriver/src/hsusbd.c:875:22
	ldr	r2, [r0]
	.loc	2 875 5 is_stmt 0               @ ../../../../Library/StdDriver/src/hsusbd.c:875:5
	lsls	r2, r2, #4
	bmi	.LBB13_10
.Ltmp513:
@ %bb.2:                                @   in Loop: Header=BB13_1 Depth=1
	@DEBUG_VALUE: HSUSBD_Enable_PHY:u32TimeOutCnt <- $r1
	@DEBUG_VALUE: HSUSBD_Enable_PHY:u32TimeOutCnt <- [DW_OP_constu 1, DW_OP_minus, DW_OP_stack_value] $r1
	.loc	2 877 13 is_stmt 1              @ ../../../../Library/StdDriver/src/hsusbd.c:877:13
	cmp	r1, #1
	beq	.LBB13_9
.Ltmp514:
@ %bb.3:                                @   in Loop: Header=BB13_1 Depth=1
	@DEBUG_VALUE: HSUSBD_Enable_PHY:u32TimeOutCnt <- [DW_OP_constu 1, DW_OP_minus, DW_OP_stack_value] $r1
	@DEBUG_VALUE: HSUSBD_Enable_PHY:u32TimeOutCnt <- [DW_OP_constu 1, DW_OP_minus, DW_OP_stack_value] $r1
	.loc	2 875 22                        @ ../../../../Library/StdDriver/src/hsusbd.c:875:22
	ldr	r2, [r0]
	.loc	2 875 5 is_stmt 0               @ ../../../../Library/StdDriver/src/hsusbd.c:875:5
	lsls	r2, r2, #4
	bmi	.LBB13_10
.Ltmp515:
@ %bb.4:                                @   in Loop: Header=BB13_1 Depth=1
	@DEBUG_VALUE: HSUSBD_Enable_PHY:u32TimeOutCnt <- [DW_OP_constu 1, DW_OP_minus, DW_OP_stack_value] $r1
	@DEBUG_VALUE: HSUSBD_Enable_PHY:u32TimeOutCnt <- [DW_OP_constu 2, DW_OP_minus, DW_OP_stack_value] $r1
	.loc	2 877 13 is_stmt 1              @ ../../../../Library/StdDriver/src/hsusbd.c:877:13
	cmp	r1, #2
	beq	.LBB13_9
.Ltmp516:
@ %bb.5:                                @   in Loop: Header=BB13_1 Depth=1
	@DEBUG_VALUE: HSUSBD_Enable_PHY:u32TimeOutCnt <- [DW_OP_constu 2, DW_OP_minus, DW_OP_stack_value] $r1
	@DEBUG_VALUE: HSUSBD_Enable_PHY:u32TimeOutCnt <- [DW_OP_constu 2, DW_OP_minus, DW_OP_stack_value] $r1
	.loc	2 875 22                        @ ../../../../Library/StdDriver/src/hsusbd.c:875:22
	ldr	r2, [r0]
	.loc	2 875 5 is_stmt 0               @ ../../../../Library/StdDriver/src/hsusbd.c:875:5
	lsls	r2, r2, #4
	bmi	.LBB13_10
.Ltmp517:
@ %bb.6:                                @   in Loop: Header=BB13_1 Depth=1
	@DEBUG_VALUE: HSUSBD_Enable_PHY:u32TimeOutCnt <- [DW_OP_constu 2, DW_OP_minus, DW_OP_stack_value] $r1
	@DEBUG_VALUE: HSUSBD_Enable_PHY:u32TimeOutCnt <- [DW_OP_constu 3, DW_OP_minus, DW_OP_stack_value] $r1
	.loc	2 877 13 is_stmt 1              @ ../../../../Library/StdDriver/src/hsusbd.c:877:13
	cmp	r1, #3
	beq	.LBB13_9
.Ltmp518:
@ %bb.7:                                @   in Loop: Header=BB13_1 Depth=1
	@DEBUG_VALUE: HSUSBD_Enable_PHY:u32TimeOutCnt <- [DW_OP_constu 3, DW_OP_minus, DW_OP_stack_value] $r1
	@DEBUG_VALUE: HSUSBD_Enable_PHY:u32TimeOutCnt <- [DW_OP_constu 3, DW_OP_minus, DW_OP_stack_value] $r1
	.loc	2 875 22                        @ ../../../../Library/StdDriver/src/hsusbd.c:875:22
	ldr	r2, [r0]
	.loc	2 875 5 is_stmt 0               @ ../../../../Library/StdDriver/src/hsusbd.c:875:5
	lsls	r2, r2, #4
	bmi	.LBB13_10
.Ltmp519:
@ %bb.8:                                @   in Loop: Header=BB13_1 Depth=1
	@DEBUG_VALUE: HSUSBD_Enable_PHY:u32TimeOutCnt <- [DW_OP_constu 3, DW_OP_minus, DW_OP_stack_value] $r1
	.loc	2 877 13 is_stmt 1              @ ../../../../Library/StdDriver/src/hsusbd.c:877:13
	subs	r1, #4
.Ltmp520:
	@DEBUG_VALUE: HSUSBD_Enable_PHY:u32TimeOutCnt <- $r1
	.loc	2 877 13 is_stmt 0              @ ../../../../Library/StdDriver/src/hsusbd.c:877:13
	bne	.LBB13_1
.Ltmp521:
.LBB13_9:
	.loc	2 0 13                          @ ../../../../Library/StdDriver/src/hsusbd.c:0:13
	mvn	r0, #1
	.loc	2 881 1 is_stmt 1               @ ../../../../Library/StdDriver/src/hsusbd.c:881:1
	bx	lr
.LBB13_10:
	.loc	2 0 1 is_stmt 0                 @ ../../../../Library/StdDriver/src/hsusbd.c:0:1
	movs	r0, #0
	.loc	2 881 1                         @ ../../../../Library/StdDriver/src/hsusbd.c:881:1
	bx	lr
.Ltmp522:
.Lfunc_end13:
	.size	HSUSBD_Enable_PHY, .Lfunc_end13-HSUSBD_Enable_PHY
	.cfi_endproc
	.cantunwind
	.fnend
                                        @ -- End function
	.hidden	g_hsusbd_pfnVendorRequest       @ @g_hsusbd_pfnVendorRequest
	.type	g_hsusbd_pfnVendorRequest,%object
	.section	.bss.g_hsusbd_pfnVendorRequest,"aw",%nobits
	.globl	g_hsusbd_pfnVendorRequest
	.p2align	2, 0x0
g_hsusbd_pfnVendorRequest:
	.long	0
	.size	g_hsusbd_pfnVendorRequest, 4

	.hidden	g_hsusbd_pfnClassRequest        @ @g_hsusbd_pfnClassRequest
	.type	g_hsusbd_pfnClassRequest,%object
	.section	.bss.g_hsusbd_pfnClassRequest,"aw",%nobits
	.globl	g_hsusbd_pfnClassRequest
	.p2align	2, 0x0
g_hsusbd_pfnClassRequest:
	.long	0
	.size	g_hsusbd_pfnClassRequest, 4

	.hidden	g_hsusbd_pfnSetInterface        @ @g_hsusbd_pfnSetInterface
	.type	g_hsusbd_pfnSetInterface,%object
	.section	.bss.g_hsusbd_pfnSetInterface,"aw",%nobits
	.globl	g_hsusbd_pfnSetInterface
	.p2align	2, 0x0
g_hsusbd_pfnSetInterface:
	.long	0
	.size	g_hsusbd_pfnSetInterface, 4

	.hidden	g_u32HsEpStallLock              @ @g_u32HsEpStallLock
	.type	g_u32HsEpStallLock,%object
	.section	.bss.g_u32HsEpStallLock,"aw",%nobits
	.globl	g_u32HsEpStallLock
	.p2align	2, 0x0
g_u32HsEpStallLock:
	.long	0                               @ 0x0
	.size	g_u32HsEpStallLock, 4

	.hidden	g_u8GetDesDevice                @ @g_u8GetDesDevice
	.type	g_u8GetDesDevice,%object
	.section	.bss.g_u8GetDesDevice,"aw",%nobits
	.globl	g_u8GetDesDevice
g_u8GetDesDevice:
	.byte	0                               @ 0x0
	.size	g_u8GetDesDevice, 1

	.hidden	g_hsusbd_RemoteWakeupEn         @ @g_hsusbd_RemoteWakeupEn
	.type	g_hsusbd_RemoteWakeupEn,%object
	.section	.bss.g_hsusbd_RemoteWakeupEn,"aw",%nobits
	.globl	g_hsusbd_RemoteWakeupEn
g_hsusbd_RemoteWakeupEn:
	.byte	0                               @ 0x0
	.size	g_hsusbd_RemoteWakeupEn, 1

	.hidden	g_hsusbd_Configured             @ @g_hsusbd_Configured
	.type	g_hsusbd_Configured,%object
	.section	.bss.g_hsusbd_Configured,"aw",%nobits
	.globl	g_hsusbd_Configured
g_hsusbd_Configured:
	.byte	0                               @ 0x0
	.size	g_hsusbd_Configured, 1

	.hidden	g_hsusbd_CtrlZero               @ @g_hsusbd_CtrlZero
	.type	g_hsusbd_CtrlZero,%object
	.section	.bss.g_hsusbd_CtrlZero,"aw",%nobits
	.globl	g_hsusbd_CtrlZero
g_hsusbd_CtrlZero:
	.byte	0                               @ 0x0
	.size	g_hsusbd_CtrlZero, 1

	.hidden	g_hsusbd_UsbAddr                @ @g_hsusbd_UsbAddr
	.type	g_hsusbd_UsbAddr,%object
	.section	.bss.g_hsusbd_UsbAddr,"aw",%nobits
	.globl	g_hsusbd_UsbAddr
g_hsusbd_UsbAddr:
	.byte	0                               @ 0x0
	.size	g_hsusbd_UsbAddr, 1

	.hidden	g_hsusbd_ShortPacket            @ @g_hsusbd_ShortPacket
	.type	g_hsusbd_ShortPacket,%object
	.section	.bss.g_hsusbd_ShortPacket,"aw",%nobits
	.globl	g_hsusbd_ShortPacket
g_hsusbd_ShortPacket:
	.byte	0                               @ 0x0
	.size	g_hsusbd_ShortPacket, 1

	.hidden	g_hsusbd_DmaDone                @ @g_hsusbd_DmaDone
	.type	g_hsusbd_DmaDone,%object
	.section	.bss.g_hsusbd_DmaDone,"aw",%nobits
	.globl	g_hsusbd_DmaDone
	.p2align	2, 0x0
g_hsusbd_DmaDone:
	.long	0                               @ 0x0
	.size	g_hsusbd_DmaDone, 4

	.hidden	g_hsusbd_CtrlInSize             @ @g_hsusbd_CtrlInSize
	.type	g_hsusbd_CtrlInSize,%object
	.section	.bss.g_hsusbd_CtrlInSize,"aw",%nobits
	.globl	g_hsusbd_CtrlInSize
	.p2align	2, 0x0
g_hsusbd_CtrlInSize:
	.long	0                               @ 0x0
	.size	g_hsusbd_CtrlInSize, 4

	.hidden	g_hsusbd_sInfo                  @ @g_hsusbd_sInfo
	.type	g_hsusbd_sInfo,%object
	.section	.bss.g_hsusbd_sInfo,"aw",%nobits
	.globl	g_hsusbd_sInfo
	.p2align	2, 0x0
g_hsusbd_sInfo:
	.long	0
	.size	g_hsusbd_sInfo, 4

	.type	g_hsusbd_CtrlMaxPktSize,%object @ @g_hsusbd_CtrlMaxPktSize
	.section	.data.g_hsusbd_CtrlMaxPktSize,"aw",%progbits
	.p2align	2, 0x0
g_hsusbd_CtrlMaxPktSize:
	.long	64                              @ 0x40
	.size	g_hsusbd_CtrlMaxPktSize, 4

	.hidden	gUsbCmd                         @ @gUsbCmd
	.type	gUsbCmd,%object
	.section	.bss.gUsbCmd,"aw",%nobits
	.globl	gUsbCmd
	.p2align	1, 0x0
gUsbCmd:
	.zero	8
	.size	gUsbCmd, 8

	.type	g_hsusbd_CtrlInPointer,%object  @ @g_hsusbd_CtrlInPointer
	.section	.bss.g_hsusbd_CtrlInPointer,"aw",%nobits
	.p2align	2, 0x0
g_hsusbd_CtrlInPointer:
	.long	0
	.size	g_hsusbd_CtrlInPointer, 4

	.type	g_hsusbd_UsbConfig,%object      @ @g_hsusbd_UsbConfig
	.section	.bss.g_hsusbd_UsbConfig,"aw",%nobits
g_hsusbd_UsbConfig:
	.byte	0                               @ 0x0
	.size	g_hsusbd_UsbConfig, 1

	.type	g_hsusbd_UsbAltInterface,%object @ @g_hsusbd_UsbAltInterface
	.section	.bss.g_hsusbd_UsbAltInterface,"aw",%nobits
g_hsusbd_UsbAltInterface:
	.byte	0                               @ 0x0
	.size	g_hsusbd_UsbAltInterface, 1

	.type	g_hsusbd_buf,%object            @ @g_hsusbd_buf
	.section	.bss.g_hsusbd_buf,"aw",%nobits
g_hsusbd_buf:
	.zero	12
	.size	g_hsusbd_buf, 12

	.type	g_hsusbd_EnableTestMode,%object @ @g_hsusbd_EnableTestMode
	.section	.bss.g_hsusbd_EnableTestMode,"aw",%nobits
g_hsusbd_EnableTestMode:
	.byte	0                               @ 0x0
	.size	g_hsusbd_EnableTestMode, 1

	.type	g_hsusbd_TestSelector,%object   @ @g_hsusbd_TestSelector
	.section	.bss.g_hsusbd_TestSelector,"aw",%nobits
g_hsusbd_TestSelector:
	.byte	0                               @ 0x0
	.size	g_hsusbd_TestSelector, 1

	.section	.debug_loc,"",%progbits
.Ldebug_loc0:
	.long	-1
	.long	.Lfunc_begin0                   @   base address
	.long	.Lfunc_begin0-.Lfunc_begin0
	.long	.Ltmp2-.Lfunc_begin0
	.short	1                               @ Loc expr size
	.byte	80                              @ DW_OP_reg0
	.long	.Ltmp2-.Lfunc_begin0
	.long	.Lfunc_end0-.Lfunc_begin0
	.short	4                               @ Loc expr size
	.byte	243                             @ DW_OP_GNU_entry_value
	.byte	1                               @ 1
	.byte	80                              @ DW_OP_reg0
	.byte	159                             @ DW_OP_stack_value
	.long	0
	.long	0
.Ldebug_loc1:
	.long	-1
	.long	.Lfunc_begin0                   @   base address
	.long	.Lfunc_begin0-.Lfunc_begin0
	.long	.Ltmp0-.Lfunc_begin0
	.short	1                               @ Loc expr size
	.byte	81                              @ DW_OP_reg1
	.long	.Ltmp0-.Lfunc_begin0
	.long	.Lfunc_end0-.Lfunc_begin0
	.short	4                               @ Loc expr size
	.byte	243                             @ DW_OP_GNU_entry_value
	.byte	1                               @ 1
	.byte	81                              @ DW_OP_reg1
	.byte	159                             @ DW_OP_stack_value
	.long	0
	.long	0
.Ldebug_loc2:
	.long	-1
	.long	.Lfunc_begin0                   @   base address
	.long	.Lfunc_begin0-.Lfunc_begin0
	.long	.Ltmp1-.Lfunc_begin0
	.short	1                               @ Loc expr size
	.byte	82                              @ DW_OP_reg2
	.long	.Ltmp1-.Lfunc_begin0
	.long	.Lfunc_end0-.Lfunc_begin0
	.short	4                               @ Loc expr size
	.byte	243                             @ DW_OP_GNU_entry_value
	.byte	1                               @ 1
	.byte	82                              @ DW_OP_reg2
	.byte	159                             @ DW_OP_stack_value
	.long	0
	.long	0
.Ldebug_loc3:
	.long	-1
	.long	.Lfunc_begin0                   @   base address
	.long	.Ltmp3-.Lfunc_begin0
	.long	.Ltmp5-.Lfunc_begin0
	.short	1                               @ Loc expr size
	.byte	81                              @ DW_OP_reg1
	.long	.Ltmp5-.Lfunc_begin0
	.long	.Ltmp7-.Lfunc_begin0
	.short	3                               @ Loc expr size
	.byte	113                             @ DW_OP_breg1
	.byte	127                             @ -1
	.byte	159                             @ DW_OP_stack_value
	.long	.Ltmp7-.Lfunc_begin0
	.long	.Ltmp9-.Lfunc_begin0
	.short	3                               @ Loc expr size
	.byte	113                             @ DW_OP_breg1
	.byte	126                             @ -2
	.byte	159                             @ DW_OP_stack_value
	.long	.Ltmp9-.Lfunc_begin0
	.long	.Ltmp12-.Lfunc_begin0
	.short	3                               @ Loc expr size
	.byte	113                             @ DW_OP_breg1
	.byte	125                             @ -3
	.byte	159                             @ DW_OP_stack_value
	.long	.Ltmp12-.Lfunc_begin0
	.long	.Ltmp14-.Lfunc_begin0
	.short	1                               @ Loc expr size
	.byte	81                              @ DW_OP_reg1
	.long	0
	.long	0
.Ldebug_loc4:
	.long	-1
	.long	.Lfunc_begin3                   @   base address
	.long	.Ltmp48-.Lfunc_begin3
	.long	.Ltmp49-.Lfunc_begin3
	.short	2                               @ Loc expr size
	.byte	48                              @ DW_OP_lit0
	.byte	159                             @ DW_OP_stack_value
	.long	.Ltmp49-.Lfunc_begin3
	.long	.Ltmp50-.Lfunc_begin3
	.short	3                               @ Loc expr size
	.byte	114                             @ DW_OP_breg2
	.byte	8                               @ 8
	.byte	159                             @ DW_OP_stack_value
	.long	.Ltmp50-.Lfunc_begin3
	.long	.Ltmp54-.Lfunc_begin3
	.short	1                               @ Loc expr size
	.byte	82                              @ DW_OP_reg2
	.long	.Ltmp54-.Lfunc_begin3
	.long	.Ltmp58-.Lfunc_begin3
	.short	3                               @ Loc expr size
	.byte	114                             @ DW_OP_breg2
	.byte	1                               @ 1
	.byte	159                             @ DW_OP_stack_value
	.long	.Ltmp58-.Lfunc_begin3
	.long	.Ltmp63-.Lfunc_begin3
	.short	3                               @ Loc expr size
	.byte	114                             @ DW_OP_breg2
	.byte	2                               @ 2
	.byte	159                             @ DW_OP_stack_value
	.long	.Ltmp63-.Lfunc_begin3
	.long	.Ltmp68-.Lfunc_begin3
	.short	3                               @ Loc expr size
	.byte	114                             @ DW_OP_breg2
	.byte	3                               @ 3
	.byte	159                             @ DW_OP_stack_value
	.long	.Ltmp68-.Lfunc_begin3
	.long	.Ltmp73-.Lfunc_begin3
	.short	3                               @ Loc expr size
	.byte	114                             @ DW_OP_breg2
	.byte	4                               @ 4
	.byte	159                             @ DW_OP_stack_value
	.long	.Ltmp73-.Lfunc_begin3
	.long	.Ltmp78-.Lfunc_begin3
	.short	3                               @ Loc expr size
	.byte	114                             @ DW_OP_breg2
	.byte	5                               @ 5
	.byte	159                             @ DW_OP_stack_value
	.long	.Ltmp78-.Lfunc_begin3
	.long	.Ltmp83-.Lfunc_begin3
	.short	3                               @ Loc expr size
	.byte	114                             @ DW_OP_breg2
	.byte	6                               @ 6
	.byte	159                             @ DW_OP_stack_value
	.long	.Ltmp83-.Lfunc_begin3
	.long	.Ltmp88-.Lfunc_begin3
	.short	3                               @ Loc expr size
	.byte	114                             @ DW_OP_breg2
	.byte	7                               @ 7
	.byte	159                             @ DW_OP_stack_value
	.long	.Ltmp88-.Lfunc_begin3
	.long	.Ltmp93-.Lfunc_begin3
	.short	3                               @ Loc expr size
	.byte	114                             @ DW_OP_breg2
	.byte	8                               @ 8
	.byte	159                             @ DW_OP_stack_value
	.long	.Ltmp93-.Lfunc_begin3
	.long	.Ltmp94-.Lfunc_begin3
	.short	1                               @ Loc expr size
	.byte	82                              @ DW_OP_reg2
	.long	0
	.long	0
.Ldebug_loc5:
	.long	-1
	.long	.Lfunc_begin3                   @   base address
	.long	.Ltmp48-.Lfunc_begin3
	.long	.Ltmp94-.Lfunc_begin3
	.short	1                               @ Loc expr size
	.byte	80                              @ DW_OP_reg0
	.long	0
	.long	0
.Ldebug_loc6:
	.long	-1
	.long	.Lfunc_begin3                   @   base address
	.long	.Ltmp96-.Lfunc_begin3
	.long	.Ltmp98-.Lfunc_begin3
	.short	2                               @ Loc expr size
	.byte	48                              @ DW_OP_lit0
	.byte	159                             @ DW_OP_stack_value
	.long	.Ltmp98-.Lfunc_begin3
	.long	.Ltmp101-.Lfunc_begin3
	.short	1                               @ Loc expr size
	.byte	80                              @ DW_OP_reg0
	.long	0
	.long	0
.Ldebug_loc7:
	.long	-1
	.long	.Lfunc_begin3                   @   base address
	.long	.Ltmp120-.Lfunc_begin3
	.long	.Ltmp121-.Lfunc_begin3
	.short	1                               @ Loc expr size
	.byte	80                              @ DW_OP_reg0
	.long	0
	.long	0
.Ldebug_loc8:
	.long	-1
	.long	.Lfunc_begin3                   @   base address
	.long	.Ltmp135-.Lfunc_begin3
	.long	.Ltmp136-.Lfunc_begin3
	.short	1                               @ Loc expr size
	.byte	80                              @ DW_OP_reg0
	.long	0
	.long	0
.Ldebug_loc9:
	.long	-1
	.long	.Lfunc_begin4                   @   base address
	.long	.Ltmp148-.Lfunc_begin4
	.long	.Ltmp151-.Lfunc_begin4
	.short	3                               @ Loc expr size
	.byte	17                              @ DW_OP_consts
	.byte	0                               @ 0
	.byte	159                             @ DW_OP_stack_value
	.long	.Ltmp152-.Lfunc_begin4
	.long	.Ltmp176-.Lfunc_begin4
	.short	3                               @ Loc expr size
	.byte	17                              @ DW_OP_consts
	.byte	0                               @ 0
	.byte	159                             @ DW_OP_stack_value
	.long	.Ltmp176-.Lfunc_begin4
	.long	.Ltmp177-.Lfunc_begin4
	.short	1                               @ Loc expr size
	.byte	80                              @ DW_OP_reg0
	.long	.Ltmp177-.Lfunc_begin4
	.long	.Ltmp188-.Lfunc_begin4
	.short	3                               @ Loc expr size
	.byte	17                              @ DW_OP_consts
	.byte	0                               @ 0
	.byte	159                             @ DW_OP_stack_value
	.long	.Ltmp188-.Lfunc_begin4
	.long	.Lfunc_end4-.Lfunc_begin4
	.short	1                               @ Loc expr size
	.byte	80                              @ DW_OP_reg0
	.long	0
	.long	0
.Ldebug_loc10:
	.long	-1
	.long	.Lfunc_begin4                   @   base address
	.long	.Ltmp149-.Lfunc_begin4
	.long	.Ltmp151-.Lfunc_begin4
	.short	1                               @ Loc expr size
	.byte	94                              @ DW_OP_reg14
	.long	.Ltmp152-.Lfunc_begin4
	.long	.Ltmp166-.Lfunc_begin4
	.short	1                               @ Loc expr size
	.byte	94                              @ DW_OP_reg14
	.long	.Ltmp166-.Lfunc_begin4
	.long	.Ltmp167-.Lfunc_begin4
	.short	1                               @ Loc expr size
	.byte	81                              @ DW_OP_reg1
	.long	.Ltmp167-.Lfunc_begin4
	.long	.Ltmp185-.Lfunc_begin4
	.short	1                               @ Loc expr size
	.byte	94                              @ DW_OP_reg14
	.long	.Ltmp185-.Lfunc_begin4
	.long	.Ltmp186-.Lfunc_begin4
	.short	1                               @ Loc expr size
	.byte	83                              @ DW_OP_reg3
	.long	.Ltmp186-.Lfunc_begin4
	.long	.Lfunc_end4-.Lfunc_begin4
	.short	1                               @ Loc expr size
	.byte	94                              @ DW_OP_reg14
	.long	0
	.long	0
.Ldebug_loc11:
	.long	-1
	.long	.Lfunc_begin4                   @   base address
	.long	.Ltmp155-.Lfunc_begin4
	.long	.Ltmp158-.Lfunc_begin4
	.short	1                               @ Loc expr size
	.byte	81                              @ DW_OP_reg1
	.long	0
	.long	0
.Ldebug_loc12:
	.long	-1
	.long	.Lfunc_begin5                   @   base address
	.long	.Lfunc_begin5-.Lfunc_begin5
	.long	.Ltmp190-.Lfunc_begin5
	.short	1                               @ Loc expr size
	.byte	80                              @ DW_OP_reg0
	.long	.Ltmp190-.Lfunc_begin5
	.long	.Lfunc_end5-.Lfunc_begin5
	.short	4                               @ Loc expr size
	.byte	243                             @ DW_OP_GNU_entry_value
	.byte	1                               @ 1
	.byte	80                              @ DW_OP_reg0
	.byte	159                             @ DW_OP_stack_value
	.long	0
	.long	0
.Ldebug_loc13:
	.long	-1
	.long	.Lfunc_begin6                   @   base address
	.long	.Lfunc_begin6-.Lfunc_begin6
	.long	.Ltmp244-.Lfunc_begin6
	.short	1                               @ Loc expr size
	.byte	80                              @ DW_OP_reg0
	.long	.Ltmp244-.Lfunc_begin6
	.long	.Ltmp246-.Lfunc_begin6
	.short	4                               @ Loc expr size
	.byte	243                             @ DW_OP_GNU_entry_value
	.byte	1                               @ 1
	.byte	80                              @ DW_OP_reg0
	.byte	159                             @ DW_OP_stack_value
	.long	0
	.long	0
.Ldebug_loc14:
	.long	-1
	.long	.Lfunc_begin6                   @   base address
	.long	.Ltmp192-.Lfunc_begin6
	.long	.Ltmp193-.Lfunc_begin6
	.short	2                               @ Loc expr size
	.byte	48                              @ DW_OP_lit0
	.byte	159                             @ DW_OP_stack_value
	.long	.Ltmp193-.Lfunc_begin6
	.long	.Ltmp194-.Lfunc_begin6
	.short	4                               @ Loc expr size
	.byte	48                              @ DW_OP_lit0
	.byte	35                              @ DW_OP_plus_uconst
	.byte	1                               @ 1
	.byte	159                             @ DW_OP_stack_value
	.long	.Ltmp194-.Lfunc_begin6
	.long	.Ltmp195-.Lfunc_begin6
	.short	2                               @ Loc expr size
	.byte	49                              @ DW_OP_lit1
	.byte	159                             @ DW_OP_stack_value
	.long	.Ltmp195-.Lfunc_begin6
	.long	.Ltmp197-.Lfunc_begin6
	.short	4                               @ Loc expr size
	.byte	49                              @ DW_OP_lit1
	.byte	35                              @ DW_OP_plus_uconst
	.byte	1                               @ 1
	.byte	159                             @ DW_OP_stack_value
	.long	.Ltmp197-.Lfunc_begin6
	.long	.Ltmp198-.Lfunc_begin6
	.short	2                               @ Loc expr size
	.byte	50                              @ DW_OP_lit2
	.byte	159                             @ DW_OP_stack_value
	.long	.Ltmp198-.Lfunc_begin6
	.long	.Ltmp200-.Lfunc_begin6
	.short	4                               @ Loc expr size
	.byte	50                              @ DW_OP_lit2
	.byte	35                              @ DW_OP_plus_uconst
	.byte	1                               @ 1
	.byte	159                             @ DW_OP_stack_value
	.long	.Ltmp200-.Lfunc_begin6
	.long	.Ltmp201-.Lfunc_begin6
	.short	2                               @ Loc expr size
	.byte	51                              @ DW_OP_lit3
	.byte	159                             @ DW_OP_stack_value
	.long	.Ltmp201-.Lfunc_begin6
	.long	.Ltmp203-.Lfunc_begin6
	.short	4                               @ Loc expr size
	.byte	51                              @ DW_OP_lit3
	.byte	35                              @ DW_OP_plus_uconst
	.byte	1                               @ 1
	.byte	159                             @ DW_OP_stack_value
	.long	.Ltmp203-.Lfunc_begin6
	.long	.Ltmp204-.Lfunc_begin6
	.short	2                               @ Loc expr size
	.byte	52                              @ DW_OP_lit4
	.byte	159                             @ DW_OP_stack_value
	.long	.Ltmp204-.Lfunc_begin6
	.long	.Ltmp206-.Lfunc_begin6
	.short	4                               @ Loc expr size
	.byte	52                              @ DW_OP_lit4
	.byte	35                              @ DW_OP_plus_uconst
	.byte	1                               @ 1
	.byte	159                             @ DW_OP_stack_value
	.long	.Ltmp206-.Lfunc_begin6
	.long	.Ltmp207-.Lfunc_begin6
	.short	2                               @ Loc expr size
	.byte	53                              @ DW_OP_lit5
	.byte	159                             @ DW_OP_stack_value
	.long	.Ltmp207-.Lfunc_begin6
	.long	.Ltmp209-.Lfunc_begin6
	.short	4                               @ Loc expr size
	.byte	53                              @ DW_OP_lit5
	.byte	35                              @ DW_OP_plus_uconst
	.byte	1                               @ 1
	.byte	159                             @ DW_OP_stack_value
	.long	.Ltmp209-.Lfunc_begin6
	.long	.Ltmp210-.Lfunc_begin6
	.short	2                               @ Loc expr size
	.byte	54                              @ DW_OP_lit6
	.byte	159                             @ DW_OP_stack_value
	.long	.Ltmp210-.Lfunc_begin6
	.long	.Ltmp212-.Lfunc_begin6
	.short	4                               @ Loc expr size
	.byte	54                              @ DW_OP_lit6
	.byte	35                              @ DW_OP_plus_uconst
	.byte	1                               @ 1
	.byte	159                             @ DW_OP_stack_value
	.long	.Ltmp212-.Lfunc_begin6
	.long	.Ltmp213-.Lfunc_begin6
	.short	2                               @ Loc expr size
	.byte	55                              @ DW_OP_lit7
	.byte	159                             @ DW_OP_stack_value
	.long	.Ltmp213-.Lfunc_begin6
	.long	.Ltmp215-.Lfunc_begin6
	.short	4                               @ Loc expr size
	.byte	55                              @ DW_OP_lit7
	.byte	35                              @ DW_OP_plus_uconst
	.byte	1                               @ 1
	.byte	159                             @ DW_OP_stack_value
	.long	.Ltmp215-.Lfunc_begin6
	.long	.Ltmp216-.Lfunc_begin6
	.short	2                               @ Loc expr size
	.byte	56                              @ DW_OP_lit8
	.byte	159                             @ DW_OP_stack_value
	.long	.Ltmp216-.Lfunc_begin6
	.long	.Ltmp218-.Lfunc_begin6
	.short	4                               @ Loc expr size
	.byte	56                              @ DW_OP_lit8
	.byte	35                              @ DW_OP_plus_uconst
	.byte	1                               @ 1
	.byte	159                             @ DW_OP_stack_value
	.long	.Ltmp218-.Lfunc_begin6
	.long	.Ltmp219-.Lfunc_begin6
	.short	2                               @ Loc expr size
	.byte	57                              @ DW_OP_lit9
	.byte	159                             @ DW_OP_stack_value
	.long	.Ltmp219-.Lfunc_begin6
	.long	.Ltmp221-.Lfunc_begin6
	.short	4                               @ Loc expr size
	.byte	57                              @ DW_OP_lit9
	.byte	35                              @ DW_OP_plus_uconst
	.byte	1                               @ 1
	.byte	159                             @ DW_OP_stack_value
	.long	.Ltmp221-.Lfunc_begin6
	.long	.Ltmp222-.Lfunc_begin6
	.short	2                               @ Loc expr size
	.byte	58                              @ DW_OP_lit10
	.byte	159                             @ DW_OP_stack_value
	.long	.Ltmp222-.Lfunc_begin6
	.long	.Ltmp224-.Lfunc_begin6
	.short	4                               @ Loc expr size
	.byte	58                              @ DW_OP_lit10
	.byte	35                              @ DW_OP_plus_uconst
	.byte	1                               @ 1
	.byte	159                             @ DW_OP_stack_value
	.long	.Ltmp224-.Lfunc_begin6
	.long	.Ltmp225-.Lfunc_begin6
	.short	2                               @ Loc expr size
	.byte	59                              @ DW_OP_lit11
	.byte	159                             @ DW_OP_stack_value
	.long	.Ltmp225-.Lfunc_begin6
	.long	.Ltmp227-.Lfunc_begin6
	.short	4                               @ Loc expr size
	.byte	59                              @ DW_OP_lit11
	.byte	35                              @ DW_OP_plus_uconst
	.byte	1                               @ 1
	.byte	159                             @ DW_OP_stack_value
	.long	.Ltmp227-.Lfunc_begin6
	.long	.Ltmp228-.Lfunc_begin6
	.short	2                               @ Loc expr size
	.byte	60                              @ DW_OP_lit12
	.byte	159                             @ DW_OP_stack_value
	.long	.Ltmp228-.Lfunc_begin6
	.long	.Ltmp230-.Lfunc_begin6
	.short	4                               @ Loc expr size
	.byte	60                              @ DW_OP_lit12
	.byte	35                              @ DW_OP_plus_uconst
	.byte	1                               @ 1
	.byte	159                             @ DW_OP_stack_value
	.long	.Ltmp230-.Lfunc_begin6
	.long	.Ltmp231-.Lfunc_begin6
	.short	2                               @ Loc expr size
	.byte	61                              @ DW_OP_lit13
	.byte	159                             @ DW_OP_stack_value
	.long	.Ltmp231-.Lfunc_begin6
	.long	.Ltmp233-.Lfunc_begin6
	.short	4                               @ Loc expr size
	.byte	61                              @ DW_OP_lit13
	.byte	35                              @ DW_OP_plus_uconst
	.byte	1                               @ 1
	.byte	159                             @ DW_OP_stack_value
	.long	.Ltmp233-.Lfunc_begin6
	.long	.Ltmp234-.Lfunc_begin6
	.short	2                               @ Loc expr size
	.byte	62                              @ DW_OP_lit14
	.byte	159                             @ DW_OP_stack_value
	.long	.Ltmp234-.Lfunc_begin6
	.long	.Ltmp236-.Lfunc_begin6
	.short	4                               @ Loc expr size
	.byte	62                              @ DW_OP_lit14
	.byte	35                              @ DW_OP_plus_uconst
	.byte	1                               @ 1
	.byte	159                             @ DW_OP_stack_value
	.long	.Ltmp236-.Lfunc_begin6
	.long	.Ltmp237-.Lfunc_begin6
	.short	2                               @ Loc expr size
	.byte	63                              @ DW_OP_lit15
	.byte	159                             @ DW_OP_stack_value
	.long	.Ltmp237-.Lfunc_begin6
	.long	.Ltmp239-.Lfunc_begin6
	.short	4                               @ Loc expr size
	.byte	63                              @ DW_OP_lit15
	.byte	35                              @ DW_OP_plus_uconst
	.byte	1                               @ 1
	.byte	159                             @ DW_OP_stack_value
	.long	.Ltmp239-.Lfunc_begin6
	.long	.Ltmp240-.Lfunc_begin6
	.short	2                               @ Loc expr size
	.byte	64                              @ DW_OP_lit16
	.byte	159                             @ DW_OP_stack_value
	.long	.Ltmp240-.Lfunc_begin6
	.long	.Ltmp242-.Lfunc_begin6
	.short	4                               @ Loc expr size
	.byte	64                              @ DW_OP_lit16
	.byte	35                              @ DW_OP_plus_uconst
	.byte	1                               @ 1
	.byte	159                             @ DW_OP_stack_value
	.long	.Ltmp242-.Lfunc_begin6
	.long	.Ltmp243-.Lfunc_begin6
	.short	2                               @ Loc expr size
	.byte	65                              @ DW_OP_lit17
	.byte	159                             @ DW_OP_stack_value
	.long	.Ltmp243-.Lfunc_begin6
	.long	.Ltmp246-.Lfunc_begin6
	.short	4                               @ Loc expr size
	.byte	65                              @ DW_OP_lit17
	.byte	35                              @ DW_OP_plus_uconst
	.byte	1                               @ 1
	.byte	159                             @ DW_OP_stack_value
	.long	0
	.long	0
.Ldebug_loc15:
	.long	-1
	.long	.Lfunc_begin6                   @   base address
	.long	.Ltmp192-.Lfunc_begin6
	.long	.Ltmp244-.Lfunc_begin6
	.short	2                               @ Loc expr size
	.byte	48                              @ DW_OP_lit0
	.byte	159                             @ DW_OP_stack_value
	.long	.Ltmp244-.Lfunc_begin6
	.long	.Ltmp246-.Lfunc_begin6
	.short	1                               @ Loc expr size
	.byte	80                              @ DW_OP_reg0
	.long	.Ltmp247-.Lfunc_begin6
	.long	.Lfunc_end6-.Lfunc_begin6
	.short	1                               @ Loc expr size
	.byte	80                              @ DW_OP_reg0
	.long	0
	.long	0
.Ldebug_loc16:
	.long	-1
	.long	.Lfunc_begin7                   @   base address
	.long	.Ltmp255-.Lfunc_begin7
	.long	.Ltmp258-.Lfunc_begin7
	.short	2                               @ Loc expr size
	.byte	48                              @ DW_OP_lit0
	.byte	159                             @ DW_OP_stack_value
	.long	.Ltmp258-.Lfunc_begin7
	.long	.Ltmp261-.Lfunc_begin7
	.short	2                               @ Loc expr size
	.byte	49                              @ DW_OP_lit1
	.byte	159                             @ DW_OP_stack_value
	.long	.Ltmp261-.Lfunc_begin7
	.long	.Ltmp264-.Lfunc_begin7
	.short	2                               @ Loc expr size
	.byte	50                              @ DW_OP_lit2
	.byte	159                             @ DW_OP_stack_value
	.long	.Ltmp264-.Lfunc_begin7
	.long	.Ltmp267-.Lfunc_begin7
	.short	2                               @ Loc expr size
	.byte	51                              @ DW_OP_lit3
	.byte	159                             @ DW_OP_stack_value
	.long	.Ltmp267-.Lfunc_begin7
	.long	.Ltmp270-.Lfunc_begin7
	.short	2                               @ Loc expr size
	.byte	52                              @ DW_OP_lit4
	.byte	159                             @ DW_OP_stack_value
	.long	.Ltmp270-.Lfunc_begin7
	.long	.Ltmp273-.Lfunc_begin7
	.short	2                               @ Loc expr size
	.byte	53                              @ DW_OP_lit5
	.byte	159                             @ DW_OP_stack_value
	.long	.Ltmp273-.Lfunc_begin7
	.long	.Ltmp276-.Lfunc_begin7
	.short	2                               @ Loc expr size
	.byte	54                              @ DW_OP_lit6
	.byte	159                             @ DW_OP_stack_value
	.long	.Ltmp276-.Lfunc_begin7
	.long	.Ltmp279-.Lfunc_begin7
	.short	2                               @ Loc expr size
	.byte	55                              @ DW_OP_lit7
	.byte	159                             @ DW_OP_stack_value
	.long	.Ltmp279-.Lfunc_begin7
	.long	.Ltmp282-.Lfunc_begin7
	.short	2                               @ Loc expr size
	.byte	56                              @ DW_OP_lit8
	.byte	159                             @ DW_OP_stack_value
	.long	.Ltmp282-.Lfunc_begin7
	.long	.Ltmp285-.Lfunc_begin7
	.short	2                               @ Loc expr size
	.byte	57                              @ DW_OP_lit9
	.byte	159                             @ DW_OP_stack_value
	.long	.Ltmp285-.Lfunc_begin7
	.long	.Ltmp288-.Lfunc_begin7
	.short	2                               @ Loc expr size
	.byte	58                              @ DW_OP_lit10
	.byte	159                             @ DW_OP_stack_value
	.long	.Ltmp288-.Lfunc_begin7
	.long	.Ltmp291-.Lfunc_begin7
	.short	2                               @ Loc expr size
	.byte	59                              @ DW_OP_lit11
	.byte	159                             @ DW_OP_stack_value
	.long	.Ltmp291-.Lfunc_begin7
	.long	.Ltmp294-.Lfunc_begin7
	.short	2                               @ Loc expr size
	.byte	60                              @ DW_OP_lit12
	.byte	159                             @ DW_OP_stack_value
	.long	.Ltmp294-.Lfunc_begin7
	.long	.Ltmp297-.Lfunc_begin7
	.short	2                               @ Loc expr size
	.byte	61                              @ DW_OP_lit13
	.byte	159                             @ DW_OP_stack_value
	.long	.Ltmp297-.Lfunc_begin7
	.long	.Ltmp300-.Lfunc_begin7
	.short	2                               @ Loc expr size
	.byte	62                              @ DW_OP_lit14
	.byte	159                             @ DW_OP_stack_value
	.long	.Ltmp300-.Lfunc_begin7
	.long	.Ltmp303-.Lfunc_begin7
	.short	2                               @ Loc expr size
	.byte	63                              @ DW_OP_lit15
	.byte	159                             @ DW_OP_stack_value
	.long	.Ltmp303-.Lfunc_begin7
	.long	.Ltmp306-.Lfunc_begin7
	.short	2                               @ Loc expr size
	.byte	64                              @ DW_OP_lit16
	.byte	159                             @ DW_OP_stack_value
	.long	.Ltmp306-.Lfunc_begin7
	.long	.Ltmp311-.Lfunc_begin7
	.short	2                               @ Loc expr size
	.byte	65                              @ DW_OP_lit17
	.byte	159                             @ DW_OP_stack_value
	.long	0
	.long	0
.Ldebug_loc17:
	.long	-1
	.long	.Lfunc_begin7                   @   base address
	.long	.Ltmp255-.Lfunc_begin7
	.long	.Ltmp309-.Lfunc_begin7
	.short	1                               @ Loc expr size
	.byte	81                              @ DW_OP_reg1
	.long	0
	.long	0
.Ldebug_loc18:
	.long	-1
	.long	.Lfunc_begin7                   @   base address
	.long	.Ltmp255-.Lfunc_begin7
	.long	.Ltmp309-.Lfunc_begin7
	.short	1                               @ Loc expr size
	.byte	81                              @ DW_OP_reg1
	.long	0
	.long	0
.Ldebug_loc19:
	.long	-1
	.long	.Lfunc_begin8                   @   base address
	.long	.Ltmp375-.Lfunc_begin8
	.long	.Ltmp386-.Lfunc_begin8
	.short	2                               @ Loc expr size
	.byte	48                              @ DW_OP_lit0
	.byte	159                             @ DW_OP_stack_value
	.long	.Ltmp402-.Lfunc_begin8
	.long	.Ltmp405-.Lfunc_begin8
	.short	2                               @ Loc expr size
	.byte	48                              @ DW_OP_lit0
	.byte	159                             @ DW_OP_stack_value
	.long	.Ltmp405-.Lfunc_begin8
	.long	.Ltmp408-.Lfunc_begin8
	.short	1                               @ Loc expr size
	.byte	83                              @ DW_OP_reg3
	.long	.Ltmp408-.Lfunc_begin8
	.long	.Ltmp411-.Lfunc_begin8
	.short	5                               @ Loc expr size
	.byte	115                             @ DW_OP_breg3
	.byte	0                               @ 0
	.byte	49                              @ DW_OP_lit1
	.byte	33                              @ DW_OP_or
	.byte	159                             @ DW_OP_stack_value
	.long	.Ltmp411-.Lfunc_begin8
	.long	.Ltmp414-.Lfunc_begin8
	.short	5                               @ Loc expr size
	.byte	115                             @ DW_OP_breg3
	.byte	0                               @ 0
	.byte	50                              @ DW_OP_lit2
	.byte	33                              @ DW_OP_or
	.byte	159                             @ DW_OP_stack_value
	.long	.Ltmp414-.Lfunc_begin8
	.long	.Ltmp417-.Lfunc_begin8
	.short	5                               @ Loc expr size
	.byte	115                             @ DW_OP_breg3
	.byte	0                               @ 0
	.byte	51                              @ DW_OP_lit3
	.byte	33                              @ DW_OP_or
	.byte	159                             @ DW_OP_stack_value
	.long	.Ltmp417-.Lfunc_begin8
	.long	.Ltmp420-.Lfunc_begin8
	.short	1                               @ Loc expr size
	.byte	83                              @ DW_OP_reg3
	.long	.Ltmp421-.Lfunc_begin8
	.long	.Ltmp425-.Lfunc_begin8
	.short	1                               @ Loc expr size
	.byte	83                              @ DW_OP_reg3
	.long	.Ltmp425-.Lfunc_begin8
	.long	.Ltmp430-.Lfunc_begin8
	.short	3                               @ Loc expr size
	.byte	115                             @ DW_OP_breg3
	.byte	1                               @ 1
	.byte	159                             @ DW_OP_stack_value
	.long	.Ltmp430-.Lfunc_begin8
	.long	.Ltmp433-.Lfunc_begin8
	.short	3                               @ Loc expr size
	.byte	115                             @ DW_OP_breg3
	.byte	2                               @ 2
	.byte	159                             @ DW_OP_stack_value
	.long	0
	.long	0
.Ldebug_loc20:
	.long	-1
	.long	.Lfunc_begin8                   @   base address
	.long	.Ltmp380-.Lfunc_begin8
	.long	.Ltmp384-.Lfunc_begin8
	.short	1                               @ Loc expr size
	.byte	85                              @ DW_OP_reg5
	.long	0
	.long	0
.Ldebug_loc21:
	.long	-1
	.long	.Lfunc_begin8                   @   base address
	.long	.Ltmp407-.Lfunc_begin8
	.long	.Ltmp409-.Lfunc_begin8
	.short	1                               @ Loc expr size
	.byte	85                              @ DW_OP_reg5
	.long	.Ltmp410-.Lfunc_begin8
	.long	.Ltmp412-.Lfunc_begin8
	.short	1                               @ Loc expr size
	.byte	85                              @ DW_OP_reg5
	.long	.Ltmp413-.Lfunc_begin8
	.long	.Ltmp415-.Lfunc_begin8
	.short	1                               @ Loc expr size
	.byte	85                              @ DW_OP_reg5
	.long	.Ltmp418-.Lfunc_begin8
	.long	.Ltmp420-.Lfunc_begin8
	.short	1                               @ Loc expr size
	.byte	85                              @ DW_OP_reg5
	.long	.Ltmp424-.Lfunc_begin8
	.long	.Ltmp427-.Lfunc_begin8
	.short	1                               @ Loc expr size
	.byte	86                              @ DW_OP_reg6
	.long	.Ltmp429-.Lfunc_begin8
	.long	.Ltmp432-.Lfunc_begin8
	.short	1                               @ Loc expr size
	.byte	86                              @ DW_OP_reg6
	.long	.Ltmp432-.Lfunc_begin8
	.long	.Ltmp433-.Lfunc_begin8
	.short	1                               @ Loc expr size
	.byte	80                              @ DW_OP_reg0
	.long	0
	.long	0
.Ldebug_loc22:
	.long	-1
	.long	.Lfunc_begin9                   @   base address
	.long	.Lfunc_begin9-.Lfunc_begin9
	.long	.Ltmp453-.Lfunc_begin9
	.short	1                               @ Loc expr size
	.byte	80                              @ DW_OP_reg0
	.long	.Ltmp453-.Lfunc_begin9
	.long	.Ltmp454-.Lfunc_begin9
	.short	4                               @ Loc expr size
	.byte	243                             @ DW_OP_GNU_entry_value
	.byte	1                               @ 1
	.byte	80                              @ DW_OP_reg0
	.byte	159                             @ DW_OP_stack_value
	.long	.Ltmp454-.Lfunc_begin9
	.long	.Ltmp474-.Lfunc_begin9
	.short	1                               @ Loc expr size
	.byte	80                              @ DW_OP_reg0
	.long	.Ltmp474-.Lfunc_begin9
	.long	.Ltmp477-.Lfunc_begin9
	.short	4                               @ Loc expr size
	.byte	243                             @ DW_OP_GNU_entry_value
	.byte	1                               @ 1
	.byte	80                              @ DW_OP_reg0
	.byte	159                             @ DW_OP_stack_value
	.long	0
	.long	0
.Ldebug_loc23:
	.long	-1
	.long	.Lfunc_begin9                   @   base address
	.long	.Lfunc_begin9-.Lfunc_begin9
	.long	.Ltmp457-.Lfunc_begin9
	.short	1                               @ Loc expr size
	.byte	81                              @ DW_OP_reg1
	.long	.Ltmp457-.Lfunc_begin9
	.long	.Ltmp458-.Lfunc_begin9
	.short	4                               @ Loc expr size
	.byte	243                             @ DW_OP_GNU_entry_value
	.byte	1                               @ 1
	.byte	81                              @ DW_OP_reg1
	.byte	159                             @ DW_OP_stack_value
	.long	.Ltmp458-.Lfunc_begin9
	.long	.Ltmp459-.Lfunc_begin9
	.short	1                               @ Loc expr size
	.byte	81                              @ DW_OP_reg1
	.long	.Ltmp459-.Lfunc_begin9
	.long	.Ltmp477-.Lfunc_begin9
	.short	4                               @ Loc expr size
	.byte	243                             @ DW_OP_GNU_entry_value
	.byte	1                               @ 1
	.byte	81                              @ DW_OP_reg1
	.byte	159                             @ DW_OP_stack_value
	.long	0
	.long	0
.Ldebug_loc24:
	.long	-1
	.long	.Lfunc_begin9                   @   base address
	.long	.Ltmp438-.Lfunc_begin9
	.long	.Ltmp441-.Lfunc_begin9
	.short	1                               @ Loc expr size
	.byte	83                              @ DW_OP_reg3
	.long	.Ltmp441-.Lfunc_begin9
	.long	.Ltmp444-.Lfunc_begin9
	.short	3                               @ Loc expr size
	.byte	115                             @ DW_OP_breg3
	.byte	127                             @ -1
	.byte	159                             @ DW_OP_stack_value
	.long	.Ltmp444-.Lfunc_begin9
	.long	.Ltmp447-.Lfunc_begin9
	.short	3                               @ Loc expr size
	.byte	115                             @ DW_OP_breg3
	.byte	126                             @ -2
	.byte	159                             @ DW_OP_stack_value
	.long	.Ltmp447-.Lfunc_begin9
	.long	.Ltmp451-.Lfunc_begin9
	.short	3                               @ Loc expr size
	.byte	115                             @ DW_OP_breg3
	.byte	125                             @ -3
	.byte	159                             @ DW_OP_stack_value
	.long	.Ltmp451-.Lfunc_begin9
	.long	.Ltmp452-.Lfunc_begin9
	.short	1                               @ Loc expr size
	.byte	83                              @ DW_OP_reg3
	.long	0
	.long	0
.Ldebug_loc25:
	.long	-1
	.long	.Lfunc_begin9                   @   base address
	.long	.Ltmp454-.Lfunc_begin9
	.long	.Ltmp460-.Lfunc_begin9
	.short	2                               @ Loc expr size
	.byte	48                              @ DW_OP_lit0
	.byte	159                             @ DW_OP_stack_value
	.long	.Ltmp460-.Lfunc_begin9
	.long	.Ltmp464-.Lfunc_begin9
	.short	1                               @ Loc expr size
	.byte	81                              @ DW_OP_reg1
	.long	.Ltmp464-.Lfunc_begin9
	.long	.Ltmp465-.Lfunc_begin9
	.short	5                               @ Loc expr size
	.byte	113                             @ DW_OP_breg1
	.byte	0                               @ 0
	.byte	49                              @ DW_OP_lit1
	.byte	33                              @ DW_OP_or
	.byte	159                             @ DW_OP_stack_value
	.long	.Ltmp465-.Lfunc_begin9
	.long	.Ltmp466-.Lfunc_begin9
	.short	5                               @ Loc expr size
	.byte	113                             @ DW_OP_breg1
	.byte	0                               @ 0
	.byte	50                              @ DW_OP_lit2
	.byte	33                              @ DW_OP_or
	.byte	159                             @ DW_OP_stack_value
	.long	.Ltmp466-.Lfunc_begin9
	.long	.Ltmp468-.Lfunc_begin9
	.short	5                               @ Loc expr size
	.byte	113                             @ DW_OP_breg1
	.byte	0                               @ 0
	.byte	51                              @ DW_OP_lit3
	.byte	33                              @ DW_OP_or
	.byte	159                             @ DW_OP_stack_value
	.long	.Ltmp469-.Lfunc_begin9
	.long	.Ltmp472-.Lfunc_begin9
	.short	1                               @ Loc expr size
	.byte	81                              @ DW_OP_reg1
	.long	.Ltmp472-.Lfunc_begin9
	.long	.Ltmp475-.Lfunc_begin9
	.short	3                               @ Loc expr size
	.byte	113                             @ DW_OP_breg1
	.byte	1                               @ 1
	.byte	159                             @ DW_OP_stack_value
	.long	0
	.long	0
.Ldebug_loc26:
	.long	-1
	.long	.Lfunc_begin12                  @   base address
	.long	.Ltmp485-.Lfunc_begin12
	.long	.Ltmp487-.Lfunc_begin12
	.short	1                               @ Loc expr size
	.byte	82                              @ DW_OP_reg2
	.long	.Ltmp487-.Lfunc_begin12
	.long	.Ltmp491-.Lfunc_begin12
	.short	3                               @ Loc expr size
	.byte	114                             @ DW_OP_breg2
	.byte	127                             @ -1
	.byte	159                             @ DW_OP_stack_value
	.long	.Ltmp491-.Lfunc_begin12
	.long	.Ltmp495-.Lfunc_begin12
	.short	3                               @ Loc expr size
	.byte	114                             @ DW_OP_breg2
	.byte	126                             @ -2
	.byte	159                             @ DW_OP_stack_value
	.long	.Ltmp495-.Lfunc_begin12
	.long	.Ltmp499-.Lfunc_begin12
	.short	3                               @ Loc expr size
	.byte	114                             @ DW_OP_breg2
	.byte	125                             @ -3
	.byte	159                             @ DW_OP_stack_value
	.long	.Ltmp499-.Lfunc_begin12
	.long	.Ltmp502-.Lfunc_begin12
	.short	1                               @ Loc expr size
	.byte	82                              @ DW_OP_reg2
	.long	0
	.long	0
.Ldebug_loc27:
	.long	-1
	.long	.Lfunc_begin12                  @   base address
	.long	.Ltmp503-.Lfunc_begin12
	.long	.Ltmp504-.Lfunc_begin12
	.short	2                               @ Loc expr size
	.byte	48                              @ DW_OP_lit0
	.byte	159                             @ DW_OP_stack_value
	.long	0
	.long	0
.Ldebug_loc28:
	.long	-1
	.long	.Lfunc_begin13                  @   base address
	.long	.Ltmp512-.Lfunc_begin13
	.long	.Ltmp513-.Lfunc_begin13
	.short	1                               @ Loc expr size
	.byte	81                              @ DW_OP_reg1
	.long	.Ltmp513-.Lfunc_begin13
	.long	.Ltmp515-.Lfunc_begin13
	.short	3                               @ Loc expr size
	.byte	113                             @ DW_OP_breg1
	.byte	127                             @ -1
	.byte	159                             @ DW_OP_stack_value
	.long	.Ltmp515-.Lfunc_begin13
	.long	.Ltmp517-.Lfunc_begin13
	.short	3                               @ Loc expr size
	.byte	113                             @ DW_OP_breg1
	.byte	126                             @ -2
	.byte	159                             @ DW_OP_stack_value
	.long	.Ltmp517-.Lfunc_begin13
	.long	.Ltmp520-.Lfunc_begin13
	.short	3                               @ Loc expr size
	.byte	113                             @ DW_OP_breg1
	.byte	125                             @ -3
	.byte	159                             @ DW_OP_stack_value
	.long	.Ltmp520-.Lfunc_begin13
	.long	.Ltmp521-.Lfunc_begin13
	.short	1                               @ Loc expr size
	.byte	81                              @ DW_OP_reg1
	.long	0
	.long	0
	.section	.debug_abbrev,"",%progbits
	.byte	1                               @ Abbreviation Code
	.byte	17                              @ DW_TAG_compile_unit
	.byte	1                               @ DW_CHILDREN_yes
	.byte	37                              @ DW_AT_producer
	.byte	14                              @ DW_FORM_strp
	.byte	19                              @ DW_AT_language
	.byte	5                               @ DW_FORM_data2
	.byte	3                               @ DW_AT_name
	.byte	14                              @ DW_FORM_strp
	.byte	16                              @ DW_AT_stmt_list
	.byte	23                              @ DW_FORM_sec_offset
	.byte	27                              @ DW_AT_comp_dir
	.byte	14                              @ DW_FORM_strp
	.byte	17                              @ DW_AT_low_pc
	.byte	1                               @ DW_FORM_addr
	.byte	85                              @ DW_AT_ranges
	.byte	23                              @ DW_FORM_sec_offset
	.byte	0                               @ EOM(1)
	.byte	0                               @ EOM(2)
	.byte	2                               @ Abbreviation Code
	.byte	52                              @ DW_TAG_variable
	.byte	0                               @ DW_CHILDREN_no
	.byte	3                               @ DW_AT_name
	.byte	14                              @ DW_FORM_strp
	.byte	73                              @ DW_AT_type
	.byte	19                              @ DW_FORM_ref4
	.byte	63                              @ DW_AT_external
	.byte	25                              @ DW_FORM_flag_present
	.byte	58                              @ DW_AT_decl_file
	.byte	11                              @ DW_FORM_data1
	.byte	59                              @ DW_AT_decl_line
	.byte	11                              @ DW_FORM_data1
	.byte	2                               @ DW_AT_location
	.byte	24                              @ DW_FORM_exprloc
	.byte	0                               @ EOM(1)
	.byte	0                               @ EOM(2)
	.byte	3                               @ Abbreviation Code
	.byte	22                              @ DW_TAG_typedef
	.byte	0                               @ DW_CHILDREN_no
	.byte	73                              @ DW_AT_type
	.byte	19                              @ DW_FORM_ref4
	.byte	3                               @ DW_AT_name
	.byte	14                              @ DW_FORM_strp
	.byte	58                              @ DW_AT_decl_file
	.byte	11                              @ DW_FORM_data1
	.byte	59                              @ DW_AT_decl_line
	.byte	5                               @ DW_FORM_data2
	.byte	0                               @ EOM(1)
	.byte	0                               @ EOM(2)
	.byte	4                               @ Abbreviation Code
	.byte	15                              @ DW_TAG_pointer_type
	.byte	0                               @ DW_CHILDREN_no
	.byte	73                              @ DW_AT_type
	.byte	19                              @ DW_FORM_ref4
	.byte	0                               @ EOM(1)
	.byte	0                               @ EOM(2)
	.byte	5                               @ Abbreviation Code
	.byte	21                              @ DW_TAG_subroutine_type
	.byte	0                               @ DW_CHILDREN_no
	.byte	39                              @ DW_AT_prototyped
	.byte	25                              @ DW_FORM_flag_present
	.byte	0                               @ EOM(1)
	.byte	0                               @ EOM(2)
	.byte	6                               @ Abbreviation Code
	.byte	21                              @ DW_TAG_subroutine_type
	.byte	1                               @ DW_CHILDREN_yes
	.byte	39                              @ DW_AT_prototyped
	.byte	25                              @ DW_FORM_flag_present
	.byte	0                               @ EOM(1)
	.byte	0                               @ EOM(2)
	.byte	7                               @ Abbreviation Code
	.byte	5                               @ DW_TAG_formal_parameter
	.byte	0                               @ DW_CHILDREN_no
	.byte	73                              @ DW_AT_type
	.byte	19                              @ DW_FORM_ref4
	.byte	0                               @ EOM(1)
	.byte	0                               @ EOM(2)
	.byte	8                               @ Abbreviation Code
	.byte	22                              @ DW_TAG_typedef
	.byte	0                               @ DW_CHILDREN_no
	.byte	73                              @ DW_AT_type
	.byte	19                              @ DW_FORM_ref4
	.byte	3                               @ DW_AT_name
	.byte	14                              @ DW_FORM_strp
	.byte	58                              @ DW_AT_decl_file
	.byte	11                              @ DW_FORM_data1
	.byte	59                              @ DW_AT_decl_line
	.byte	11                              @ DW_FORM_data1
	.byte	0                               @ EOM(1)
	.byte	0                               @ EOM(2)
	.byte	9                               @ Abbreviation Code
	.byte	36                              @ DW_TAG_base_type
	.byte	0                               @ DW_CHILDREN_no
	.byte	3                               @ DW_AT_name
	.byte	14                              @ DW_FORM_strp
	.byte	62                              @ DW_AT_encoding
	.byte	11                              @ DW_FORM_data1
	.byte	11                              @ DW_AT_byte_size
	.byte	11                              @ DW_FORM_data1
	.byte	0                               @ EOM(1)
	.byte	0                               @ EOM(2)
	.byte	10                              @ Abbreviation Code
	.byte	53                              @ DW_TAG_volatile_type
	.byte	0                               @ DW_CHILDREN_no
	.byte	73                              @ DW_AT_type
	.byte	19                              @ DW_FORM_ref4
	.byte	0                               @ EOM(1)
	.byte	0                               @ EOM(2)
	.byte	11                              @ Abbreviation Code
	.byte	19                              @ DW_TAG_structure_type
	.byte	1                               @ DW_CHILDREN_yes
	.byte	3                               @ DW_AT_name
	.byte	14                              @ DW_FORM_strp
	.byte	11                              @ DW_AT_byte_size
	.byte	11                              @ DW_FORM_data1
	.byte	58                              @ DW_AT_decl_file
	.byte	11                              @ DW_FORM_data1
	.byte	59                              @ DW_AT_decl_line
	.byte	11                              @ DW_FORM_data1
	.byte	0                               @ EOM(1)
	.byte	0                               @ EOM(2)
	.byte	12                              @ Abbreviation Code
	.byte	13                              @ DW_TAG_member
	.byte	0                               @ DW_CHILDREN_no
	.byte	3                               @ DW_AT_name
	.byte	14                              @ DW_FORM_strp
	.byte	73                              @ DW_AT_type
	.byte	19                              @ DW_FORM_ref4
	.byte	58                              @ DW_AT_decl_file
	.byte	11                              @ DW_FORM_data1
	.byte	59                              @ DW_AT_decl_line
	.byte	11                              @ DW_FORM_data1
	.byte	56                              @ DW_AT_data_member_location
	.byte	11                              @ DW_FORM_data1
	.byte	0                               @ EOM(1)
	.byte	0                               @ EOM(2)
	.byte	13                              @ Abbreviation Code
	.byte	52                              @ DW_TAG_variable
	.byte	0                               @ DW_CHILDREN_no
	.byte	3                               @ DW_AT_name
	.byte	14                              @ DW_FORM_strp
	.byte	73                              @ DW_AT_type
	.byte	19                              @ DW_FORM_ref4
	.byte	58                              @ DW_AT_decl_file
	.byte	11                              @ DW_FORM_data1
	.byte	59                              @ DW_AT_decl_line
	.byte	11                              @ DW_FORM_data1
	.byte	2                               @ DW_AT_location
	.byte	24                              @ DW_FORM_exprloc
	.byte	0                               @ EOM(1)
	.byte	0                               @ EOM(2)
	.byte	14                              @ Abbreviation Code
	.byte	1                               @ DW_TAG_array_type
	.byte	1                               @ DW_CHILDREN_yes
	.byte	73                              @ DW_AT_type
	.byte	19                              @ DW_FORM_ref4
	.byte	0                               @ EOM(1)
	.byte	0                               @ EOM(2)
	.byte	15                              @ Abbreviation Code
	.byte	33                              @ DW_TAG_subrange_type
	.byte	0                               @ DW_CHILDREN_no
	.byte	73                              @ DW_AT_type
	.byte	19                              @ DW_FORM_ref4
	.byte	55                              @ DW_AT_count
	.byte	11                              @ DW_FORM_data1
	.byte	0                               @ EOM(1)
	.byte	0                               @ EOM(2)
	.byte	16                              @ Abbreviation Code
	.byte	36                              @ DW_TAG_base_type
	.byte	0                               @ DW_CHILDREN_no
	.byte	3                               @ DW_AT_name
	.byte	14                              @ DW_FORM_strp
	.byte	11                              @ DW_AT_byte_size
	.byte	11                              @ DW_FORM_data1
	.byte	62                              @ DW_AT_encoding
	.byte	11                              @ DW_FORM_data1
	.byte	0                               @ EOM(1)
	.byte	0                               @ EOM(2)
	.byte	17                              @ Abbreviation Code
	.byte	19                              @ DW_TAG_structure_type
	.byte	1                               @ DW_CHILDREN_yes
	.byte	11                              @ DW_AT_byte_size
	.byte	5                               @ DW_FORM_data2
	.byte	58                              @ DW_AT_decl_file
	.byte	11                              @ DW_FORM_data1
	.byte	59                              @ DW_AT_decl_line
	.byte	5                               @ DW_FORM_data2
	.byte	0                               @ EOM(1)
	.byte	0                               @ EOM(2)
	.byte	18                              @ Abbreviation Code
	.byte	13                              @ DW_TAG_member
	.byte	0                               @ DW_CHILDREN_no
	.byte	3                               @ DW_AT_name
	.byte	14                              @ DW_FORM_strp
	.byte	73                              @ DW_AT_type
	.byte	19                              @ DW_FORM_ref4
	.byte	58                              @ DW_AT_decl_file
	.byte	11                              @ DW_FORM_data1
	.byte	59                              @ DW_AT_decl_line
	.byte	5                               @ DW_FORM_data2
	.byte	56                              @ DW_AT_data_member_location
	.byte	11                              @ DW_FORM_data1
	.byte	0                               @ EOM(1)
	.byte	0                               @ EOM(2)
	.byte	19                              @ Abbreviation Code
	.byte	13                              @ DW_TAG_member
	.byte	0                               @ DW_CHILDREN_no
	.byte	73                              @ DW_AT_type
	.byte	19                              @ DW_FORM_ref4
	.byte	58                              @ DW_AT_decl_file
	.byte	11                              @ DW_FORM_data1
	.byte	59                              @ DW_AT_decl_line
	.byte	5                               @ DW_FORM_data2
	.byte	56                              @ DW_AT_data_member_location
	.byte	11                              @ DW_FORM_data1
	.byte	0                               @ EOM(1)
	.byte	0                               @ EOM(2)
	.byte	20                              @ Abbreviation Code
	.byte	23                              @ DW_TAG_union_type
	.byte	1                               @ DW_CHILDREN_yes
	.byte	11                              @ DW_AT_byte_size
	.byte	11                              @ DW_FORM_data1
	.byte	58                              @ DW_AT_decl_file
	.byte	11                              @ DW_FORM_data1
	.byte	59                              @ DW_AT_decl_line
	.byte	5                               @ DW_FORM_data2
	.byte	0                               @ EOM(1)
	.byte	0                               @ EOM(2)
	.byte	21                              @ Abbreviation Code
	.byte	13                              @ DW_TAG_member
	.byte	0                               @ DW_CHILDREN_no
	.byte	3                               @ DW_AT_name
	.byte	14                              @ DW_FORM_strp
	.byte	73                              @ DW_AT_type
	.byte	19                              @ DW_FORM_ref4
	.byte	58                              @ DW_AT_decl_file
	.byte	11                              @ DW_FORM_data1
	.byte	59                              @ DW_AT_decl_line
	.byte	5                               @ DW_FORM_data2
	.byte	56                              @ DW_AT_data_member_location
	.byte	5                               @ DW_FORM_data2
	.byte	0                               @ EOM(1)
	.byte	0                               @ EOM(2)
	.byte	22                              @ Abbreviation Code
	.byte	38                              @ DW_TAG_const_type
	.byte	0                               @ DW_CHILDREN_no
	.byte	73                              @ DW_AT_type
	.byte	19                              @ DW_FORM_ref4
	.byte	0                               @ EOM(1)
	.byte	0                               @ EOM(2)
	.byte	23                              @ Abbreviation Code
	.byte	19                              @ DW_TAG_structure_type
	.byte	1                               @ DW_CHILDREN_yes
	.byte	11                              @ DW_AT_byte_size
	.byte	11                              @ DW_FORM_data1
	.byte	58                              @ DW_AT_decl_file
	.byte	11                              @ DW_FORM_data1
	.byte	59                              @ DW_AT_decl_line
	.byte	11                              @ DW_FORM_data1
	.byte	0                               @ EOM(1)
	.byte	0                               @ EOM(2)
	.byte	24                              @ Abbreviation Code
	.byte	19                              @ DW_TAG_structure_type
	.byte	1                               @ DW_CHILDREN_yes
	.byte	11                              @ DW_AT_byte_size
	.byte	5                               @ DW_FORM_data2
	.byte	58                              @ DW_AT_decl_file
	.byte	11                              @ DW_FORM_data1
	.byte	59                              @ DW_AT_decl_line
	.byte	11                              @ DW_FORM_data1
	.byte	0                               @ EOM(1)
	.byte	0                               @ EOM(2)
	.byte	25                              @ Abbreviation Code
	.byte	33                              @ DW_TAG_subrange_type
	.byte	0                               @ DW_CHILDREN_no
	.byte	73                              @ DW_AT_type
	.byte	19                              @ DW_FORM_ref4
	.byte	55                              @ DW_AT_count
	.byte	5                               @ DW_FORM_data2
	.byte	0                               @ EOM(1)
	.byte	0                               @ EOM(2)
	.byte	26                              @ Abbreviation Code
	.byte	46                              @ DW_TAG_subprogram
	.byte	1                               @ DW_CHILDREN_yes
	.byte	17                              @ DW_AT_low_pc
	.byte	1                               @ DW_FORM_addr
	.byte	18                              @ DW_AT_high_pc
	.byte	6                               @ DW_FORM_data4
	.byte	64                              @ DW_AT_frame_base
	.byte	24                              @ DW_FORM_exprloc
	.ascii	"\227B"                         @ DW_AT_GNU_all_call_sites
	.byte	25                              @ DW_FORM_flag_present
	.byte	3                               @ DW_AT_name
	.byte	14                              @ DW_FORM_strp
	.byte	58                              @ DW_AT_decl_file
	.byte	11                              @ DW_FORM_data1
	.byte	59                              @ DW_AT_decl_line
	.byte	11                              @ DW_FORM_data1
	.byte	39                              @ DW_AT_prototyped
	.byte	25                              @ DW_FORM_flag_present
	.byte	73                              @ DW_AT_type
	.byte	19                              @ DW_FORM_ref4
	.byte	63                              @ DW_AT_external
	.byte	25                              @ DW_FORM_flag_present
	.byte	0                               @ EOM(1)
	.byte	0                               @ EOM(2)
	.byte	27                              @ Abbreviation Code
	.byte	5                               @ DW_TAG_formal_parameter
	.byte	0                               @ DW_CHILDREN_no
	.byte	2                               @ DW_AT_location
	.byte	23                              @ DW_FORM_sec_offset
	.byte	3                               @ DW_AT_name
	.byte	14                              @ DW_FORM_strp
	.byte	58                              @ DW_AT_decl_file
	.byte	11                              @ DW_FORM_data1
	.byte	59                              @ DW_AT_decl_line
	.byte	11                              @ DW_FORM_data1
	.byte	73                              @ DW_AT_type
	.byte	19                              @ DW_FORM_ref4
	.byte	0                               @ EOM(1)
	.byte	0                               @ EOM(2)
	.byte	28                              @ Abbreviation Code
	.byte	52                              @ DW_TAG_variable
	.byte	0                               @ DW_CHILDREN_no
	.byte	2                               @ DW_AT_location
	.byte	23                              @ DW_FORM_sec_offset
	.byte	3                               @ DW_AT_name
	.byte	14                              @ DW_FORM_strp
	.byte	58                              @ DW_AT_decl_file
	.byte	11                              @ DW_FORM_data1
	.byte	59                              @ DW_AT_decl_line
	.byte	11                              @ DW_FORM_data1
	.byte	73                              @ DW_AT_type
	.byte	19                              @ DW_FORM_ref4
	.byte	0                               @ EOM(1)
	.byte	0                               @ EOM(2)
	.byte	29                              @ Abbreviation Code
	.byte	46                              @ DW_TAG_subprogram
	.byte	0                               @ DW_CHILDREN_no
	.byte	17                              @ DW_AT_low_pc
	.byte	1                               @ DW_FORM_addr
	.byte	18                              @ DW_AT_high_pc
	.byte	6                               @ DW_FORM_data4
	.byte	64                              @ DW_AT_frame_base
	.byte	24                              @ DW_FORM_exprloc
	.ascii	"\227B"                         @ DW_AT_GNU_all_call_sites
	.byte	25                              @ DW_FORM_flag_present
	.byte	3                               @ DW_AT_name
	.byte	14                              @ DW_FORM_strp
	.byte	58                              @ DW_AT_decl_file
	.byte	11                              @ DW_FORM_data1
	.byte	59                              @ DW_AT_decl_line
	.byte	11                              @ DW_FORM_data1
	.byte	39                              @ DW_AT_prototyped
	.byte	25                              @ DW_FORM_flag_present
	.byte	63                              @ DW_AT_external
	.byte	25                              @ DW_FORM_flag_present
	.byte	0                               @ EOM(1)
	.byte	0                               @ EOM(2)
	.byte	30                              @ Abbreviation Code
	.byte	46                              @ DW_TAG_subprogram
	.byte	1                               @ DW_CHILDREN_yes
	.byte	17                              @ DW_AT_low_pc
	.byte	1                               @ DW_FORM_addr
	.byte	18                              @ DW_AT_high_pc
	.byte	6                               @ DW_FORM_data4
	.byte	64                              @ DW_AT_frame_base
	.byte	24                              @ DW_FORM_exprloc
	.ascii	"\227B"                         @ DW_AT_GNU_all_call_sites
	.byte	25                              @ DW_FORM_flag_present
	.byte	3                               @ DW_AT_name
	.byte	14                              @ DW_FORM_strp
	.byte	58                              @ DW_AT_decl_file
	.byte	11                              @ DW_FORM_data1
	.byte	59                              @ DW_AT_decl_line
	.byte	11                              @ DW_FORM_data1
	.byte	39                              @ DW_AT_prototyped
	.byte	25                              @ DW_FORM_flag_present
	.byte	63                              @ DW_AT_external
	.byte	25                              @ DW_FORM_flag_present
	.byte	0                               @ EOM(1)
	.byte	0                               @ EOM(2)
	.byte	31                              @ Abbreviation Code
	.ascii	"\211\202\001"                  @ DW_TAG_GNU_call_site
	.byte	0                               @ DW_CHILDREN_no
	.byte	49                              @ DW_AT_abstract_origin
	.byte	19                              @ DW_FORM_ref4
	.ascii	"\225B"                         @ DW_AT_GNU_tail_call
	.byte	25                              @ DW_FORM_flag_present
	.byte	17                              @ DW_AT_low_pc
	.byte	1                               @ DW_FORM_addr
	.byte	0                               @ EOM(1)
	.byte	0                               @ EOM(2)
	.byte	32                              @ Abbreviation Code
	.ascii	"\211\202\001"                  @ DW_TAG_GNU_call_site
	.byte	0                               @ DW_CHILDREN_no
	.ascii	"\223B"                         @ DW_AT_GNU_call_site_target
	.byte	24                              @ DW_FORM_exprloc
	.ascii	"\225B"                         @ DW_AT_GNU_tail_call
	.byte	25                              @ DW_FORM_flag_present
	.byte	17                              @ DW_AT_low_pc
	.byte	1                               @ DW_FORM_addr
	.byte	0                               @ EOM(1)
	.byte	0                               @ EOM(2)
	.byte	33                              @ Abbreviation Code
	.byte	46                              @ DW_TAG_subprogram
	.byte	1                               @ DW_CHILDREN_yes
	.byte	17                              @ DW_AT_low_pc
	.byte	1                               @ DW_FORM_addr
	.byte	18                              @ DW_AT_high_pc
	.byte	6                               @ DW_FORM_data4
	.byte	64                              @ DW_AT_frame_base
	.byte	24                              @ DW_FORM_exprloc
	.ascii	"\227B"                         @ DW_AT_GNU_all_call_sites
	.byte	25                              @ DW_FORM_flag_present
	.byte	3                               @ DW_AT_name
	.byte	14                              @ DW_FORM_strp
	.byte	58                              @ DW_AT_decl_file
	.byte	11                              @ DW_FORM_data1
	.byte	59                              @ DW_AT_decl_line
	.byte	5                               @ DW_FORM_data2
	.byte	39                              @ DW_AT_prototyped
	.byte	25                              @ DW_FORM_flag_present
	.byte	63                              @ DW_AT_external
	.byte	25                              @ DW_FORM_flag_present
	.byte	0                               @ EOM(1)
	.byte	0                               @ EOM(2)
	.byte	34                              @ Abbreviation Code
	.byte	11                              @ DW_TAG_lexical_block
	.byte	1                               @ DW_CHILDREN_yes
	.byte	17                              @ DW_AT_low_pc
	.byte	1                               @ DW_FORM_addr
	.byte	18                              @ DW_AT_high_pc
	.byte	6                               @ DW_FORM_data4
	.byte	0                               @ EOM(1)
	.byte	0                               @ EOM(2)
	.byte	35                              @ Abbreviation Code
	.byte	52                              @ DW_TAG_variable
	.byte	0                               @ DW_CHILDREN_no
	.byte	2                               @ DW_AT_location
	.byte	23                              @ DW_FORM_sec_offset
	.byte	3                               @ DW_AT_name
	.byte	14                              @ DW_FORM_strp
	.byte	58                              @ DW_AT_decl_file
	.byte	11                              @ DW_FORM_data1
	.byte	59                              @ DW_AT_decl_line
	.byte	5                               @ DW_FORM_data2
	.byte	73                              @ DW_AT_type
	.byte	19                              @ DW_FORM_ref4
	.byte	0                               @ EOM(1)
	.byte	0                               @ EOM(2)
	.byte	36                              @ Abbreviation Code
	.byte	29                              @ DW_TAG_inlined_subroutine
	.byte	0                               @ DW_CHILDREN_no
	.byte	49                              @ DW_AT_abstract_origin
	.byte	19                              @ DW_FORM_ref4
	.byte	17                              @ DW_AT_low_pc
	.byte	1                               @ DW_FORM_addr
	.byte	18                              @ DW_AT_high_pc
	.byte	6                               @ DW_FORM_data4
	.byte	88                              @ DW_AT_call_file
	.byte	11                              @ DW_FORM_data1
	.byte	89                              @ DW_AT_call_line
	.byte	5                               @ DW_FORM_data2
	.byte	87                              @ DW_AT_call_column
	.byte	11                              @ DW_FORM_data1
	.byte	0                               @ EOM(1)
	.byte	0                               @ EOM(2)
	.byte	37                              @ Abbreviation Code
	.byte	29                              @ DW_TAG_inlined_subroutine
	.byte	1                               @ DW_CHILDREN_yes
	.byte	49                              @ DW_AT_abstract_origin
	.byte	19                              @ DW_FORM_ref4
	.byte	17                              @ DW_AT_low_pc
	.byte	1                               @ DW_FORM_addr
	.byte	18                              @ DW_AT_high_pc
	.byte	6                               @ DW_FORM_data4
	.byte	88                              @ DW_AT_call_file
	.byte	11                              @ DW_FORM_data1
	.byte	89                              @ DW_AT_call_line
	.byte	5                               @ DW_FORM_data2
	.byte	87                              @ DW_AT_call_column
	.byte	11                              @ DW_FORM_data1
	.byte	0                               @ EOM(1)
	.byte	0                               @ EOM(2)
	.byte	38                              @ Abbreviation Code
	.byte	5                               @ DW_TAG_formal_parameter
	.byte	0                               @ DW_CHILDREN_no
	.byte	2                               @ DW_AT_location
	.byte	23                              @ DW_FORM_sec_offset
	.byte	49                              @ DW_AT_abstract_origin
	.byte	19                              @ DW_FORM_ref4
	.byte	0                               @ EOM(1)
	.byte	0                               @ EOM(2)
	.byte	39                              @ Abbreviation Code
	.byte	5                               @ DW_TAG_formal_parameter
	.byte	0                               @ DW_CHILDREN_no
	.byte	28                              @ DW_AT_const_value
	.byte	15                              @ DW_FORM_udata
	.byte	49                              @ DW_AT_abstract_origin
	.byte	19                              @ DW_FORM_ref4
	.byte	0                               @ EOM(1)
	.byte	0                               @ EOM(2)
	.byte	40                              @ Abbreviation Code
	.byte	5                               @ DW_TAG_formal_parameter
	.byte	0                               @ DW_CHILDREN_no
	.byte	49                              @ DW_AT_abstract_origin
	.byte	19                              @ DW_FORM_ref4
	.byte	0                               @ EOM(1)
	.byte	0                               @ EOM(2)
	.byte	41                              @ Abbreviation Code
	.byte	29                              @ DW_TAG_inlined_subroutine
	.byte	0                               @ DW_CHILDREN_no
	.byte	49                              @ DW_AT_abstract_origin
	.byte	19                              @ DW_FORM_ref4
	.byte	85                              @ DW_AT_ranges
	.byte	23                              @ DW_FORM_sec_offset
	.byte	88                              @ DW_AT_call_file
	.byte	11                              @ DW_FORM_data1
	.byte	89                              @ DW_AT_call_line
	.byte	11                              @ DW_FORM_data1
	.byte	0                               @ EOM(1)
	.byte	0                               @ EOM(2)
	.byte	42                              @ Abbreviation Code
	.byte	46                              @ DW_TAG_subprogram
	.byte	1                               @ DW_CHILDREN_yes
	.byte	3                               @ DW_AT_name
	.byte	14                              @ DW_FORM_strp
	.byte	58                              @ DW_AT_decl_file
	.byte	11                              @ DW_FORM_data1
	.byte	59                              @ DW_AT_decl_line
	.byte	5                               @ DW_FORM_data2
	.byte	39                              @ DW_AT_prototyped
	.byte	25                              @ DW_FORM_flag_present
	.byte	63                              @ DW_AT_external
	.byte	25                              @ DW_FORM_flag_present
	.byte	32                              @ DW_AT_inline
	.byte	11                              @ DW_FORM_data1
	.byte	0                               @ EOM(1)
	.byte	0                               @ EOM(2)
	.byte	43                              @ Abbreviation Code
	.byte	5                               @ DW_TAG_formal_parameter
	.byte	0                               @ DW_CHILDREN_no
	.byte	3                               @ DW_AT_name
	.byte	14                              @ DW_FORM_strp
	.byte	58                              @ DW_AT_decl_file
	.byte	11                              @ DW_FORM_data1
	.byte	59                              @ DW_AT_decl_line
	.byte	5                               @ DW_FORM_data2
	.byte	73                              @ DW_AT_type
	.byte	19                              @ DW_FORM_ref4
	.byte	0                               @ EOM(1)
	.byte	0                               @ EOM(2)
	.byte	44                              @ Abbreviation Code
	.byte	5                               @ DW_TAG_formal_parameter
	.byte	0                               @ DW_CHILDREN_no
	.byte	2                               @ DW_AT_location
	.byte	24                              @ DW_FORM_exprloc
	.byte	49                              @ DW_AT_abstract_origin
	.byte	19                              @ DW_FORM_ref4
	.byte	0                               @ EOM(1)
	.byte	0                               @ EOM(2)
	.byte	45                              @ Abbreviation Code
	.byte	52                              @ DW_TAG_variable
	.byte	0                               @ DW_CHILDREN_no
	.byte	3                               @ DW_AT_name
	.byte	14                              @ DW_FORM_strp
	.byte	58                              @ DW_AT_decl_file
	.byte	11                              @ DW_FORM_data1
	.byte	59                              @ DW_AT_decl_line
	.byte	11                              @ DW_FORM_data1
	.byte	73                              @ DW_AT_type
	.byte	19                              @ DW_FORM_ref4
	.byte	0                               @ EOM(1)
	.byte	0                               @ EOM(2)
	.byte	46                              @ Abbreviation Code
	.byte	52                              @ DW_TAG_variable
	.byte	0                               @ DW_CHILDREN_no
	.byte	3                               @ DW_AT_name
	.byte	14                              @ DW_FORM_strp
	.byte	58                              @ DW_AT_decl_file
	.byte	11                              @ DW_FORM_data1
	.byte	59                              @ DW_AT_decl_line
	.byte	5                               @ DW_FORM_data2
	.byte	73                              @ DW_AT_type
	.byte	19                              @ DW_FORM_ref4
	.byte	0                               @ EOM(1)
	.byte	0                               @ EOM(2)
	.byte	47                              @ Abbreviation Code
	.byte	46                              @ DW_TAG_subprogram
	.byte	1                               @ DW_CHILDREN_yes
	.byte	17                              @ DW_AT_low_pc
	.byte	1                               @ DW_FORM_addr
	.byte	18                              @ DW_AT_high_pc
	.byte	6                               @ DW_FORM_data4
	.byte	64                              @ DW_AT_frame_base
	.byte	24                              @ DW_FORM_exprloc
	.ascii	"\227B"                         @ DW_AT_GNU_all_call_sites
	.byte	25                              @ DW_FORM_flag_present
	.byte	49                              @ DW_AT_abstract_origin
	.byte	19                              @ DW_FORM_ref4
	.byte	0                               @ EOM(1)
	.byte	0                               @ EOM(2)
	.byte	48                              @ Abbreviation Code
	.byte	46                              @ DW_TAG_subprogram
	.byte	1                               @ DW_CHILDREN_yes
	.byte	17                              @ DW_AT_low_pc
	.byte	1                               @ DW_FORM_addr
	.byte	18                              @ DW_AT_high_pc
	.byte	6                               @ DW_FORM_data4
	.byte	64                              @ DW_AT_frame_base
	.byte	24                              @ DW_FORM_exprloc
	.ascii	"\227B"                         @ DW_AT_GNU_all_call_sites
	.byte	25                              @ DW_FORM_flag_present
	.byte	3                               @ DW_AT_name
	.byte	14                              @ DW_FORM_strp
	.byte	58                              @ DW_AT_decl_file
	.byte	11                              @ DW_FORM_data1
	.byte	59                              @ DW_AT_decl_line
	.byte	5                               @ DW_FORM_data2
	.byte	39                              @ DW_AT_prototyped
	.byte	25                              @ DW_FORM_flag_present
	.byte	73                              @ DW_AT_type
	.byte	19                              @ DW_FORM_ref4
	.byte	0                               @ EOM(1)
	.byte	0                               @ EOM(2)
	.byte	49                              @ Abbreviation Code
	.byte	5                               @ DW_TAG_formal_parameter
	.byte	0                               @ DW_CHILDREN_no
	.byte	2                               @ DW_AT_location
	.byte	23                              @ DW_FORM_sec_offset
	.byte	3                               @ DW_AT_name
	.byte	14                              @ DW_FORM_strp
	.byte	58                              @ DW_AT_decl_file
	.byte	11                              @ DW_FORM_data1
	.byte	59                              @ DW_AT_decl_line
	.byte	5                               @ DW_FORM_data2
	.byte	73                              @ DW_AT_type
	.byte	19                              @ DW_FORM_ref4
	.byte	0                               @ EOM(1)
	.byte	0                               @ EOM(2)
	.byte	50                              @ Abbreviation Code
	.byte	46                              @ DW_TAG_subprogram
	.byte	1                               @ DW_CHILDREN_yes
	.byte	3                               @ DW_AT_name
	.byte	14                              @ DW_FORM_strp
	.byte	58                              @ DW_AT_decl_file
	.byte	11                              @ DW_FORM_data1
	.byte	59                              @ DW_AT_decl_line
	.byte	5                               @ DW_FORM_data2
	.byte	39                              @ DW_AT_prototyped
	.byte	25                              @ DW_FORM_flag_present
	.byte	32                              @ DW_AT_inline
	.byte	11                              @ DW_FORM_data1
	.byte	0                               @ EOM(1)
	.byte	0                               @ EOM(2)
	.byte	51                              @ Abbreviation Code
	.byte	29                              @ DW_TAG_inlined_subroutine
	.byte	1                               @ DW_CHILDREN_yes
	.byte	49                              @ DW_AT_abstract_origin
	.byte	19                              @ DW_FORM_ref4
	.byte	85                              @ DW_AT_ranges
	.byte	23                              @ DW_FORM_sec_offset
	.byte	88                              @ DW_AT_call_file
	.byte	11                              @ DW_FORM_data1
	.byte	89                              @ DW_AT_call_line
	.byte	5                               @ DW_FORM_data2
	.byte	87                              @ DW_AT_call_column
	.byte	11                              @ DW_FORM_data1
	.byte	0                               @ EOM(1)
	.byte	0                               @ EOM(2)
	.byte	52                              @ Abbreviation Code
	.byte	52                              @ DW_TAG_variable
	.byte	0                               @ DW_CHILDREN_no
	.byte	2                               @ DW_AT_location
	.byte	23                              @ DW_FORM_sec_offset
	.byte	49                              @ DW_AT_abstract_origin
	.byte	19                              @ DW_FORM_ref4
	.byte	0                               @ EOM(1)
	.byte	0                               @ EOM(2)
	.byte	53                              @ Abbreviation Code
	.byte	11                              @ DW_TAG_lexical_block
	.byte	1                               @ DW_CHILDREN_yes
	.byte	85                              @ DW_AT_ranges
	.byte	23                              @ DW_FORM_sec_offset
	.byte	0                               @ EOM(1)
	.byte	0                               @ EOM(2)
	.byte	54                              @ Abbreviation Code
	.byte	29                              @ DW_TAG_inlined_subroutine
	.byte	0                               @ DW_CHILDREN_no
	.byte	49                              @ DW_AT_abstract_origin
	.byte	19                              @ DW_FORM_ref4
	.byte	85                              @ DW_AT_ranges
	.byte	23                              @ DW_FORM_sec_offset
	.byte	88                              @ DW_AT_call_file
	.byte	11                              @ DW_FORM_data1
	.byte	89                              @ DW_AT_call_line
	.byte	5                               @ DW_FORM_data2
	.byte	87                              @ DW_AT_call_column
	.byte	11                              @ DW_FORM_data1
	.byte	0                               @ EOM(1)
	.byte	0                               @ EOM(2)
	.byte	55                              @ Abbreviation Code
	.byte	52                              @ DW_TAG_variable
	.byte	0                               @ DW_CHILDREN_no
	.byte	2                               @ DW_AT_location
	.byte	24                              @ DW_FORM_exprloc
	.byte	3                               @ DW_AT_name
	.byte	14                              @ DW_FORM_strp
	.byte	58                              @ DW_AT_decl_file
	.byte	11                              @ DW_FORM_data1
	.byte	59                              @ DW_AT_decl_line
	.byte	5                               @ DW_FORM_data2
	.byte	73                              @ DW_AT_type
	.byte	19                              @ DW_FORM_ref4
	.byte	0                               @ EOM(1)
	.byte	0                               @ EOM(2)
	.byte	56                              @ Abbreviation Code
	.byte	46                              @ DW_TAG_subprogram
	.byte	1                               @ DW_CHILDREN_yes
	.byte	17                              @ DW_AT_low_pc
	.byte	1                               @ DW_FORM_addr
	.byte	18                              @ DW_AT_high_pc
	.byte	6                               @ DW_FORM_data4
	.byte	64                              @ DW_AT_frame_base
	.byte	24                              @ DW_FORM_exprloc
	.ascii	"\227B"                         @ DW_AT_GNU_all_call_sites
	.byte	25                              @ DW_FORM_flag_present
	.byte	3                               @ DW_AT_name
	.byte	14                              @ DW_FORM_strp
	.byte	58                              @ DW_AT_decl_file
	.byte	11                              @ DW_FORM_data1
	.byte	59                              @ DW_AT_decl_line
	.byte	5                               @ DW_FORM_data2
	.byte	39                              @ DW_AT_prototyped
	.byte	25                              @ DW_FORM_flag_present
	.byte	73                              @ DW_AT_type
	.byte	19                              @ DW_FORM_ref4
	.byte	63                              @ DW_AT_external
	.byte	25                              @ DW_FORM_flag_present
	.byte	0                               @ EOM(1)
	.byte	0                               @ EOM(2)
	.byte	57                              @ Abbreviation Code
	.byte	46                              @ DW_TAG_subprogram
	.byte	0                               @ DW_CHILDREN_no
	.byte	17                              @ DW_AT_low_pc
	.byte	1                               @ DW_FORM_addr
	.byte	18                              @ DW_AT_high_pc
	.byte	6                               @ DW_FORM_data4
	.byte	64                              @ DW_AT_frame_base
	.byte	24                              @ DW_FORM_exprloc
	.ascii	"\227B"                         @ DW_AT_GNU_all_call_sites
	.byte	25                              @ DW_FORM_flag_present
	.byte	3                               @ DW_AT_name
	.byte	14                              @ DW_FORM_strp
	.byte	58                              @ DW_AT_decl_file
	.byte	11                              @ DW_FORM_data1
	.byte	59                              @ DW_AT_decl_line
	.byte	5                               @ DW_FORM_data2
	.byte	39                              @ DW_AT_prototyped
	.byte	25                              @ DW_FORM_flag_present
	.byte	63                              @ DW_AT_external
	.byte	25                              @ DW_FORM_flag_present
	.byte	0                               @ EOM(1)
	.byte	0                               @ EOM(2)
	.byte	58                              @ Abbreviation Code
	.byte	5                               @ DW_TAG_formal_parameter
	.byte	0                               @ DW_CHILDREN_no
	.byte	2                               @ DW_AT_location
	.byte	24                              @ DW_FORM_exprloc
	.byte	3                               @ DW_AT_name
	.byte	14                              @ DW_FORM_strp
	.byte	58                              @ DW_AT_decl_file
	.byte	11                              @ DW_FORM_data1
	.byte	59                              @ DW_AT_decl_line
	.byte	5                               @ DW_FORM_data2
	.byte	73                              @ DW_AT_type
	.byte	19                              @ DW_FORM_ref4
	.byte	0                               @ EOM(1)
	.byte	0                               @ EOM(2)
	.byte	59                              @ Abbreviation Code
	.byte	46                              @ DW_TAG_subprogram
	.byte	0                               @ DW_CHILDREN_no
	.byte	3                               @ DW_AT_name
	.byte	14                              @ DW_FORM_strp
	.byte	58                              @ DW_AT_decl_file
	.byte	11                              @ DW_FORM_data1
	.byte	59                              @ DW_AT_decl_line
	.byte	5                               @ DW_FORM_data2
	.byte	39                              @ DW_AT_prototyped
	.byte	25                              @ DW_FORM_flag_present
	.byte	73                              @ DW_AT_type
	.byte	19                              @ DW_FORM_ref4
	.byte	32                              @ DW_AT_inline
	.byte	11                              @ DW_FORM_data1
	.byte	0                               @ EOM(1)
	.byte	0                               @ EOM(2)
	.byte	60                              @ Abbreviation Code
	.byte	46                              @ DW_TAG_subprogram
	.byte	0                               @ DW_CHILDREN_no
	.byte	3                               @ DW_AT_name
	.byte	14                              @ DW_FORM_strp
	.byte	58                              @ DW_AT_decl_file
	.byte	11                              @ DW_FORM_data1
	.byte	59                              @ DW_AT_decl_line
	.byte	5                               @ DW_FORM_data2
	.byte	39                              @ DW_AT_prototyped
	.byte	25                              @ DW_FORM_flag_present
	.byte	32                              @ DW_AT_inline
	.byte	11                              @ DW_FORM_data1
	.byte	0                               @ EOM(1)
	.byte	0                               @ EOM(2)
	.byte	0                               @ EOM(3)
	.section	.debug_info,"",%progbits
.Lcu_begin0:
	.long	.Ldebug_info_end0-.Ldebug_info_start0 @ Length of Unit
.Ldebug_info_start0:
	.short	4                               @ DWARF version number
	.long	.debug_abbrev                   @ Offset Into Abbrev. Section
	.byte	4                               @ Address Size (in bytes)
	.byte	1                               @ Abbrev [1] 0xb:0x15a1 DW_TAG_compile_unit
	.long	.Linfo_string0                  @ DW_AT_producer
	.short	29                              @ DW_AT_language
	.long	.Linfo_string1                  @ DW_AT_name
	.long	.Lline_table_start0             @ DW_AT_stmt_list
	.long	.Linfo_string2                  @ DW_AT_comp_dir
	.long	0                               @ DW_AT_low_pc
	.long	.Ldebug_ranges5                 @ DW_AT_ranges
	.byte	2                               @ Abbrev [2] 0x26:0x11 DW_TAG_variable
	.long	.Linfo_string3                  @ DW_AT_name
	.long	55                              @ DW_AT_type
                                        @ DW_AT_external
	.byte	2                               @ DW_AT_decl_file
	.byte	31                              @ DW_AT_decl_line
	.byte	5                               @ DW_AT_location
	.byte	3
	.long	g_hsusbd_pfnVendorRequest
	.byte	3                               @ Abbrev [3] 0x37:0xc DW_TAG_typedef
	.long	67                              @ DW_AT_type
	.long	.Linfo_string4                  @ DW_AT_name
	.byte	1                               @ DW_AT_decl_file
	.short	393                             @ DW_AT_decl_line
	.byte	4                               @ Abbrev [4] 0x43:0x5 DW_TAG_pointer_type
	.long	72                              @ DW_AT_type
	.byte	5                               @ Abbrev [5] 0x48:0x1 DW_TAG_subroutine_type
                                        @ DW_AT_prototyped
	.byte	2                               @ Abbrev [2] 0x49:0x11 DW_TAG_variable
	.long	.Linfo_string5                  @ DW_AT_name
	.long	90                              @ DW_AT_type
                                        @ DW_AT_external
	.byte	2                               @ DW_AT_decl_file
	.byte	32                              @ DW_AT_decl_line
	.byte	5                               @ DW_AT_location
	.byte	3
	.long	g_hsusbd_pfnClassRequest
	.byte	3                               @ Abbrev [3] 0x5a:0xc DW_TAG_typedef
	.long	67                              @ DW_AT_type
	.long	.Linfo_string6                  @ DW_AT_name
	.byte	1                               @ DW_AT_decl_file
	.short	394                             @ DW_AT_decl_line
	.byte	2                               @ Abbrev [2] 0x66:0x11 DW_TAG_variable
	.long	.Linfo_string7                  @ DW_AT_name
	.long	119                             @ DW_AT_type
                                        @ DW_AT_external
	.byte	2                               @ DW_AT_decl_file
	.byte	33                              @ DW_AT_decl_line
	.byte	5                               @ DW_AT_location
	.byte	3
	.long	g_hsusbd_pfnSetInterface
	.byte	3                               @ Abbrev [3] 0x77:0xc DW_TAG_typedef
	.long	131                             @ DW_AT_type
	.long	.Linfo_string10                 @ DW_AT_name
	.byte	1                               @ DW_AT_decl_file
	.short	395                             @ DW_AT_decl_line
	.byte	4                               @ Abbrev [4] 0x83:0x5 DW_TAG_pointer_type
	.long	136                             @ DW_AT_type
	.byte	6                               @ Abbrev [6] 0x88:0x7 DW_TAG_subroutine_type
                                        @ DW_AT_prototyped
	.byte	7                               @ Abbrev [7] 0x89:0x5 DW_TAG_formal_parameter
	.long	143                             @ DW_AT_type
	.byte	0                               @ End Of Children Mark
	.byte	8                               @ Abbrev [8] 0x8f:0xb DW_TAG_typedef
	.long	154                             @ DW_AT_type
	.long	.Linfo_string9                  @ DW_AT_name
	.byte	3                               @ DW_AT_decl_file
	.byte	64                              @ DW_AT_decl_line
	.byte	9                               @ Abbrev [9] 0x9a:0x7 DW_TAG_base_type
	.long	.Linfo_string8                  @ DW_AT_name
	.byte	7                               @ DW_AT_encoding
	.byte	4                               @ DW_AT_byte_size
	.byte	2                               @ Abbrev [2] 0xa1:0x11 DW_TAG_variable
	.long	.Linfo_string11                 @ DW_AT_name
	.long	143                             @ DW_AT_type
                                        @ DW_AT_external
	.byte	2                               @ DW_AT_decl_file
	.byte	34                              @ DW_AT_decl_line
	.byte	5                               @ DW_AT_location
	.byte	3
	.long	g_u32HsEpStallLock
	.byte	2                               @ Abbrev [2] 0xb2:0x11 DW_TAG_variable
	.long	.Linfo_string12                 @ DW_AT_name
	.long	195                             @ DW_AT_type
                                        @ DW_AT_external
	.byte	2                               @ DW_AT_decl_file
	.byte	43                              @ DW_AT_decl_line
	.byte	5                               @ DW_AT_location
	.byte	3
	.long	g_u8GetDesDevice
	.byte	10                              @ Abbrev [10] 0xc3:0x5 DW_TAG_volatile_type
	.long	200                             @ DW_AT_type
	.byte	8                               @ Abbrev [8] 0xc8:0xb DW_TAG_typedef
	.long	211                             @ DW_AT_type
	.long	.Linfo_string14                 @ DW_AT_name
	.byte	3                               @ DW_AT_decl_file
	.byte	62                              @ DW_AT_decl_line
	.byte	9                               @ Abbrev [9] 0xd3:0x7 DW_TAG_base_type
	.long	.Linfo_string13                 @ DW_AT_name
	.byte	8                               @ DW_AT_encoding
	.byte	1                               @ DW_AT_byte_size
	.byte	2                               @ Abbrev [2] 0xda:0x11 DW_TAG_variable
	.long	.Linfo_string15                 @ DW_AT_name
	.long	195                             @ DW_AT_type
                                        @ DW_AT_external
	.byte	2                               @ DW_AT_decl_file
	.byte	44                              @ DW_AT_decl_line
	.byte	5                               @ DW_AT_location
	.byte	3
	.long	g_hsusbd_RemoteWakeupEn
	.byte	2                               @ Abbrev [2] 0xeb:0x11 DW_TAG_variable
	.long	.Linfo_string16                 @ DW_AT_name
	.long	195                             @ DW_AT_type
                                        @ DW_AT_external
	.byte	2                               @ DW_AT_decl_file
	.byte	48                              @ DW_AT_decl_line
	.byte	5                               @ DW_AT_location
	.byte	3
	.long	g_hsusbd_Configured
	.byte	2                               @ Abbrev [2] 0xfc:0x11 DW_TAG_variable
	.long	.Linfo_string17                 @ DW_AT_name
	.long	200                             @ DW_AT_type
                                        @ DW_AT_external
	.byte	2                               @ DW_AT_decl_file
	.byte	49                              @ DW_AT_decl_line
	.byte	5                               @ DW_AT_location
	.byte	3
	.long	g_hsusbd_CtrlZero
	.byte	2                               @ Abbrev [2] 0x10d:0x11 DW_TAG_variable
	.long	.Linfo_string18                 @ DW_AT_name
	.long	200                             @ DW_AT_type
                                        @ DW_AT_external
	.byte	2                               @ DW_AT_decl_file
	.byte	50                              @ DW_AT_decl_line
	.byte	5                               @ DW_AT_location
	.byte	3
	.long	g_hsusbd_UsbAddr
	.byte	2                               @ Abbrev [2] 0x11e:0x11 DW_TAG_variable
	.long	.Linfo_string19                 @ DW_AT_name
	.long	200                             @ DW_AT_type
                                        @ DW_AT_external
	.byte	2                               @ DW_AT_decl_file
	.byte	51                              @ DW_AT_decl_line
	.byte	5                               @ DW_AT_location
	.byte	3
	.long	g_hsusbd_ShortPacket
	.byte	2                               @ Abbrev [2] 0x12f:0x11 DW_TAG_variable
	.long	.Linfo_string20                 @ DW_AT_name
	.long	320                             @ DW_AT_type
                                        @ DW_AT_external
	.byte	2                               @ DW_AT_decl_file
	.byte	52                              @ DW_AT_decl_line
	.byte	5                               @ DW_AT_location
	.byte	3
	.long	g_hsusbd_DmaDone
	.byte	10                              @ Abbrev [10] 0x140:0x5 DW_TAG_volatile_type
	.long	143                             @ DW_AT_type
	.byte	2                               @ Abbrev [2] 0x145:0x11 DW_TAG_variable
	.long	.Linfo_string21                 @ DW_AT_name
	.long	143                             @ DW_AT_type
                                        @ DW_AT_external
	.byte	2                               @ DW_AT_decl_file
	.byte	53                              @ DW_AT_decl_line
	.byte	5                               @ DW_AT_location
	.byte	3
	.long	g_hsusbd_CtrlInSize
	.byte	2                               @ Abbrev [2] 0x156:0x11 DW_TAG_variable
	.long	.Linfo_string22                 @ DW_AT_name
	.long	359                             @ DW_AT_type
                                        @ DW_AT_external
	.byte	2                               @ DW_AT_decl_file
	.byte	28                              @ DW_AT_decl_line
	.byte	5                               @ DW_AT_location
	.byte	3
	.long	gUsbCmd
	.byte	8                               @ Abbrev [8] 0x167:0xb DW_TAG_typedef
	.long	370                             @ DW_AT_type
	.long	.Linfo_string31                 @ DW_AT_name
	.byte	1                               @ DW_AT_decl_file
	.byte	122                             @ DW_AT_decl_line
	.byte	11                              @ Abbrev [11] 0x172:0x45 DW_TAG_structure_type
	.long	.Linfo_string30                 @ DW_AT_name
	.byte	8                               @ DW_AT_byte_size
	.byte	1                               @ DW_AT_decl_file
	.byte	114                             @ DW_AT_decl_line
	.byte	12                              @ Abbrev [12] 0x17a:0xc DW_TAG_member
	.long	.Linfo_string23                 @ DW_AT_name
	.long	200                             @ DW_AT_type
	.byte	1                               @ DW_AT_decl_file
	.byte	116                             @ DW_AT_decl_line
	.byte	0                               @ DW_AT_data_member_location
	.byte	12                              @ Abbrev [12] 0x186:0xc DW_TAG_member
	.long	.Linfo_string24                 @ DW_AT_name
	.long	200                             @ DW_AT_type
	.byte	1                               @ DW_AT_decl_file
	.byte	117                             @ DW_AT_decl_line
	.byte	1                               @ DW_AT_data_member_location
	.byte	12                              @ Abbrev [12] 0x192:0xc DW_TAG_member
	.long	.Linfo_string25                 @ DW_AT_name
	.long	439                             @ DW_AT_type
	.byte	1                               @ DW_AT_decl_file
	.byte	118                             @ DW_AT_decl_line
	.byte	2                               @ DW_AT_data_member_location
	.byte	12                              @ Abbrev [12] 0x19e:0xc DW_TAG_member
	.long	.Linfo_string28                 @ DW_AT_name
	.long	439                             @ DW_AT_type
	.byte	1                               @ DW_AT_decl_file
	.byte	119                             @ DW_AT_decl_line
	.byte	4                               @ DW_AT_data_member_location
	.byte	12                              @ Abbrev [12] 0x1aa:0xc DW_TAG_member
	.long	.Linfo_string29                 @ DW_AT_name
	.long	439                             @ DW_AT_type
	.byte	1                               @ DW_AT_decl_file
	.byte	120                             @ DW_AT_decl_line
	.byte	6                               @ DW_AT_data_member_location
	.byte	0                               @ End Of Children Mark
	.byte	8                               @ Abbrev [8] 0x1b7:0xb DW_TAG_typedef
	.long	450                             @ DW_AT_type
	.long	.Linfo_string27                 @ DW_AT_name
	.byte	3                               @ DW_AT_decl_file
	.byte	63                              @ DW_AT_decl_line
	.byte	9                               @ Abbrev [9] 0x1c2:0x7 DW_TAG_base_type
	.long	.Linfo_string26                 @ DW_AT_name
	.byte	7                               @ DW_AT_encoding
	.byte	2                               @ DW_AT_byte_size
	.byte	2                               @ Abbrev [2] 0x1c9:0x11 DW_TAG_variable
	.long	.Linfo_string32                 @ DW_AT_name
	.long	474                             @ DW_AT_type
                                        @ DW_AT_external
	.byte	2                               @ DW_AT_decl_file
	.byte	29                              @ DW_AT_decl_line
	.byte	5                               @ DW_AT_location
	.byte	3
	.long	g_hsusbd_sInfo
	.byte	4                               @ Abbrev [4] 0x1da:0x5 DW_TAG_pointer_type
	.long	479                             @ DW_AT_type
	.byte	8                               @ Abbrev [8] 0x1df:0xb DW_TAG_typedef
	.long	490                             @ DW_AT_type
	.long	.Linfo_string45                 @ DW_AT_name
	.byte	1                               @ DW_AT_decl_file
	.byte	141                             @ DW_AT_decl_line
	.byte	11                              @ Abbrev [11] 0x1ea:0x8d DW_TAG_structure_type
	.long	.Linfo_string44                 @ DW_AT_name
	.byte	44                              @ DW_AT_byte_size
	.byte	1                               @ DW_AT_decl_file
	.byte	127                             @ DW_AT_decl_line
	.byte	12                              @ Abbrev [12] 0x1f2:0xc DW_TAG_member
	.long	.Linfo_string33                 @ DW_AT_name
	.long	631                             @ DW_AT_type
	.byte	1                               @ DW_AT_decl_file
	.byte	129                             @ DW_AT_decl_line
	.byte	0                               @ DW_AT_data_member_location
	.byte	12                              @ Abbrev [12] 0x1fe:0xc DW_TAG_member
	.long	.Linfo_string34                 @ DW_AT_name
	.long	631                             @ DW_AT_type
	.byte	1                               @ DW_AT_decl_file
	.byte	130                             @ DW_AT_decl_line
	.byte	4                               @ DW_AT_data_member_location
	.byte	12                              @ Abbrev [12] 0x20a:0xc DW_TAG_member
	.long	.Linfo_string35                 @ DW_AT_name
	.long	636                             @ DW_AT_type
	.byte	1                               @ DW_AT_decl_file
	.byte	131                             @ DW_AT_decl_line
	.byte	8                               @ DW_AT_data_member_location
	.byte	12                              @ Abbrev [12] 0x216:0xc DW_TAG_member
	.long	.Linfo_string36                 @ DW_AT_name
	.long	631                             @ DW_AT_type
	.byte	1                               @ DW_AT_decl_file
	.byte	132                             @ DW_AT_decl_line
	.byte	12                              @ DW_AT_data_member_location
	.byte	12                              @ Abbrev [12] 0x222:0xc DW_TAG_member
	.long	.Linfo_string37                 @ DW_AT_name
	.long	631                             @ DW_AT_type
	.byte	1                               @ DW_AT_decl_file
	.byte	133                             @ DW_AT_decl_line
	.byte	16                              @ DW_AT_data_member_location
	.byte	12                              @ Abbrev [12] 0x22e:0xc DW_TAG_member
	.long	.Linfo_string38                 @ DW_AT_name
	.long	631                             @ DW_AT_type
	.byte	1                               @ DW_AT_decl_file
	.byte	134                             @ DW_AT_decl_line
	.byte	20                              @ DW_AT_data_member_location
	.byte	12                              @ Abbrev [12] 0x23a:0xc DW_TAG_member
	.long	.Linfo_string39                 @ DW_AT_name
	.long	631                             @ DW_AT_type
	.byte	1                               @ DW_AT_decl_file
	.byte	135                             @ DW_AT_decl_line
	.byte	24                              @ DW_AT_data_member_location
	.byte	12                              @ Abbrev [12] 0x246:0xc DW_TAG_member
	.long	.Linfo_string40                 @ DW_AT_name
	.long	631                             @ DW_AT_type
	.byte	1                               @ DW_AT_decl_file
	.byte	136                             @ DW_AT_decl_line
	.byte	28                              @ DW_AT_data_member_location
	.byte	12                              @ Abbrev [12] 0x252:0xc DW_TAG_member
	.long	.Linfo_string41                 @ DW_AT_name
	.long	636                             @ DW_AT_type
	.byte	1                               @ DW_AT_decl_file
	.byte	137                             @ DW_AT_decl_line
	.byte	32                              @ DW_AT_data_member_location
	.byte	12                              @ Abbrev [12] 0x25e:0xc DW_TAG_member
	.long	.Linfo_string42                 @ DW_AT_name
	.long	641                             @ DW_AT_type
	.byte	1                               @ DW_AT_decl_file
	.byte	138                             @ DW_AT_decl_line
	.byte	36                              @ DW_AT_data_member_location
	.byte	12                              @ Abbrev [12] 0x26a:0xc DW_TAG_member
	.long	.Linfo_string43                 @ DW_AT_name
	.long	641                             @ DW_AT_type
	.byte	1                               @ DW_AT_decl_file
	.byte	139                             @ DW_AT_decl_line
	.byte	40                              @ DW_AT_data_member_location
	.byte	0                               @ End Of Children Mark
	.byte	4                               @ Abbrev [4] 0x277:0x5 DW_TAG_pointer_type
	.long	200                             @ DW_AT_type
	.byte	4                               @ Abbrev [4] 0x27c:0x5 DW_TAG_pointer_type
	.long	631                             @ DW_AT_type
	.byte	4                               @ Abbrev [4] 0x281:0x5 DW_TAG_pointer_type
	.long	143                             @ DW_AT_type
	.byte	13                              @ Abbrev [13] 0x286:0x11 DW_TAG_variable
	.long	.Linfo_string46                 @ DW_AT_name
	.long	663                             @ DW_AT_type
	.byte	2                               @ DW_AT_decl_file
	.byte	46                              @ DW_AT_decl_line
	.byte	5                               @ DW_AT_location
	.byte	3
	.long	g_hsusbd_buf
	.byte	14                              @ Abbrev [14] 0x297:0xc DW_TAG_array_type
	.long	200                             @ DW_AT_type
	.byte	15                              @ Abbrev [15] 0x29c:0x6 DW_TAG_subrange_type
	.long	675                             @ DW_AT_type
	.byte	12                              @ DW_AT_count
	.byte	0                               @ End Of Children Mark
	.byte	16                              @ Abbrev [16] 0x2a3:0x7 DW_TAG_base_type
	.long	.Linfo_string47                 @ DW_AT_name
	.byte	8                               @ DW_AT_byte_size
	.byte	7                               @ DW_AT_encoding
	.byte	13                              @ Abbrev [13] 0x2aa:0x11 DW_TAG_variable
	.long	.Linfo_string48                 @ DW_AT_name
	.long	143                             @ DW_AT_type
	.byte	2                               @ DW_AT_decl_file
	.byte	37                              @ DW_AT_decl_line
	.byte	5                               @ DW_AT_location
	.byte	3
	.long	g_hsusbd_CtrlMaxPktSize
	.byte	13                              @ Abbrev [13] 0x2bb:0x11 DW_TAG_variable
	.long	.Linfo_string49                 @ DW_AT_name
	.long	631                             @ DW_AT_type
	.byte	2                               @ DW_AT_decl_file
	.byte	36                              @ DW_AT_decl_line
	.byte	5                               @ DW_AT_location
	.byte	3
	.long	g_hsusbd_CtrlInPointer
	.byte	13                              @ Abbrev [13] 0x2cc:0x11 DW_TAG_variable
	.long	.Linfo_string50                 @ DW_AT_name
	.long	200                             @ DW_AT_type
	.byte	2                               @ DW_AT_decl_file
	.byte	38                              @ DW_AT_decl_line
	.byte	5                               @ DW_AT_location
	.byte	3
	.long	g_hsusbd_UsbConfig
	.byte	13                              @ Abbrev [13] 0x2dd:0x11 DW_TAG_variable
	.long	.Linfo_string51                 @ DW_AT_name
	.long	200                             @ DW_AT_type
	.byte	2                               @ DW_AT_decl_file
	.byte	39                              @ DW_AT_decl_line
	.byte	5                               @ DW_AT_location
	.byte	3
	.long	g_hsusbd_UsbAltInterface
	.byte	13                              @ Abbrev [13] 0x2ee:0x18 DW_TAG_variable
	.long	.Linfo_string52                 @ DW_AT_name
	.long	200                             @ DW_AT_type
	.byte	2                               @ DW_AT_decl_file
	.byte	40                              @ DW_AT_decl_line
	.byte	12                              @ DW_AT_location
	.byte	3
	.long	g_hsusbd_EnableTestMode
	.byte	148
	.byte	1
	.byte	49
	.byte	30
	.byte	48
	.byte	34
	.byte	159
	.byte	13                              @ Abbrev [13] 0x306:0x11 DW_TAG_variable
	.long	.Linfo_string53                 @ DW_AT_name
	.long	200                             @ DW_AT_type
	.byte	2                               @ DW_AT_decl_file
	.byte	41                              @ DW_AT_decl_line
	.byte	5                               @ DW_AT_location
	.byte	3
	.long	g_hsusbd_TestSelector
	.byte	4                               @ Abbrev [4] 0x317:0x5 DW_TAG_pointer_type
	.long	796                             @ DW_AT_type
	.byte	3                               @ Abbrev [3] 0x31c:0xc DW_TAG_typedef
	.long	808                             @ DW_AT_type
	.long	.Linfo_string98                 @ DW_AT_name
	.byte	4                               @ DW_AT_decl_file
	.short	1047                            @ DW_AT_decl_line
	.byte	17                              @ Abbrev [17] 0x328:0x1bb DW_TAG_structure_type
	.short	1800                            @ DW_AT_byte_size
	.byte	4                               @ DW_AT_decl_file
	.short	299                             @ DW_AT_decl_line
	.byte	18                              @ Abbrev [18] 0x32e:0xd DW_TAG_member
	.long	.Linfo_string54                 @ DW_AT_name
	.long	1251                            @ DW_AT_type
	.byte	4                               @ DW_AT_decl_file
	.short	1006                            @ DW_AT_decl_line
	.byte	0                               @ DW_AT_data_member_location
	.byte	18                              @ Abbrev [18] 0x33b:0xd DW_TAG_member
	.long	.Linfo_string55                 @ DW_AT_name
	.long	1256                            @ DW_AT_type
	.byte	4                               @ DW_AT_decl_file
	.short	1007                            @ DW_AT_decl_line
	.byte	4                               @ DW_AT_data_member_location
	.byte	18                              @ Abbrev [18] 0x348:0xd DW_TAG_member
	.long	.Linfo_string56                 @ DW_AT_name
	.long	320                             @ DW_AT_type
	.byte	4                               @ DW_AT_decl_file
	.short	1008                            @ DW_AT_decl_line
	.byte	8                               @ DW_AT_data_member_location
	.byte	18                              @ Abbrev [18] 0x355:0xd DW_TAG_member
	.long	.Linfo_string57                 @ DW_AT_name
	.long	1256                            @ DW_AT_type
	.byte	4                               @ DW_AT_decl_file
	.short	1009                            @ DW_AT_decl_line
	.byte	12                              @ DW_AT_data_member_location
	.byte	18                              @ Abbrev [18] 0x362:0xd DW_TAG_member
	.long	.Linfo_string58                 @ DW_AT_name
	.long	320                             @ DW_AT_type
	.byte	4                               @ DW_AT_decl_file
	.short	1010                            @ DW_AT_decl_line
	.byte	16                              @ DW_AT_data_member_location
	.byte	18                              @ Abbrev [18] 0x36f:0xd DW_TAG_member
	.long	.Linfo_string59                 @ DW_AT_name
	.long	320                             @ DW_AT_type
	.byte	4                               @ DW_AT_decl_file
	.short	1011                            @ DW_AT_decl_line
	.byte	20                              @ DW_AT_data_member_location
	.byte	18                              @ Abbrev [18] 0x37c:0xd DW_TAG_member
	.long	.Linfo_string60                 @ DW_AT_name
	.long	320                             @ DW_AT_type
	.byte	4                               @ DW_AT_decl_file
	.short	1012                            @ DW_AT_decl_line
	.byte	24                              @ DW_AT_data_member_location
	.byte	18                              @ Abbrev [18] 0x389:0xd DW_TAG_member
	.long	.Linfo_string61                 @ DW_AT_name
	.long	1251                            @ DW_AT_type
	.byte	4                               @ DW_AT_decl_file
	.short	1013                            @ DW_AT_decl_line
	.byte	28                              @ DW_AT_data_member_location
	.byte	18                              @ Abbrev [18] 0x396:0xd DW_TAG_member
	.long	.Linfo_string62                 @ DW_AT_name
	.long	320                             @ DW_AT_type
	.byte	4                               @ DW_AT_decl_file
	.short	1014                            @ DW_AT_decl_line
	.byte	32                              @ DW_AT_data_member_location
	.byte	18                              @ Abbrev [18] 0x3a3:0xd DW_TAG_member
	.long	.Linfo_string63                 @ DW_AT_name
	.long	320                             @ DW_AT_type
	.byte	4                               @ DW_AT_decl_file
	.short	1015                            @ DW_AT_decl_line
	.byte	36                              @ DW_AT_data_member_location
	.byte	19                              @ Abbrev [19] 0x3b0:0x9 DW_TAG_member
	.long	953                             @ DW_AT_type
	.byte	4                               @ DW_AT_decl_file
	.short	1017                            @ DW_AT_decl_line
	.byte	40                              @ DW_AT_data_member_location
	.byte	20                              @ Abbrev [20] 0x3b9:0x20 DW_TAG_union_type
	.byte	4                               @ DW_AT_byte_size
	.byte	4                               @ DW_AT_decl_file
	.short	1017                            @ DW_AT_decl_line
	.byte	18                              @ Abbrev [18] 0x3be:0xd DW_TAG_member
	.long	.Linfo_string64                 @ DW_AT_name
	.long	320                             @ DW_AT_type
	.byte	4                               @ DW_AT_decl_file
	.short	1019                            @ DW_AT_decl_line
	.byte	0                               @ DW_AT_data_member_location
	.byte	18                              @ Abbrev [18] 0x3cb:0xd DW_TAG_member
	.long	.Linfo_string65                 @ DW_AT_name
	.long	195                             @ DW_AT_type
	.byte	4                               @ DW_AT_decl_file
	.short	1020                            @ DW_AT_decl_line
	.byte	0                               @ DW_AT_data_member_location
	.byte	0                               @ End Of Children Mark
	.byte	18                              @ Abbrev [18] 0x3d9:0xd DW_TAG_member
	.long	.Linfo_string66                 @ DW_AT_name
	.long	320                             @ DW_AT_type
	.byte	4                               @ DW_AT_decl_file
	.short	1024                            @ DW_AT_decl_line
	.byte	44                              @ DW_AT_data_member_location
	.byte	18                              @ Abbrev [18] 0x3e6:0xd DW_TAG_member
	.long	.Linfo_string67                 @ DW_AT_name
	.long	320                             @ DW_AT_type
	.byte	4                               @ DW_AT_decl_file
	.short	1025                            @ DW_AT_decl_line
	.byte	48                              @ DW_AT_data_member_location
	.byte	18                              @ Abbrev [18] 0x3f3:0xd DW_TAG_member
	.long	.Linfo_string68                 @ DW_AT_name
	.long	320                             @ DW_AT_type
	.byte	4                               @ DW_AT_decl_file
	.short	1026                            @ DW_AT_decl_line
	.byte	52                              @ DW_AT_data_member_location
	.byte	18                              @ Abbrev [18] 0x400:0xd DW_TAG_member
	.long	.Linfo_string69                 @ DW_AT_name
	.long	320                             @ DW_AT_type
	.byte	4                               @ DW_AT_decl_file
	.short	1027                            @ DW_AT_decl_line
	.byte	56                              @ DW_AT_data_member_location
	.byte	18                              @ Abbrev [18] 0x40d:0xd DW_TAG_member
	.long	.Linfo_string70                 @ DW_AT_name
	.long	1251                            @ DW_AT_type
	.byte	4                               @ DW_AT_decl_file
	.short	1028                            @ DW_AT_decl_line
	.byte	60                              @ DW_AT_data_member_location
	.byte	18                              @ Abbrev [18] 0x41a:0xd DW_TAG_member
	.long	.Linfo_string71                 @ DW_AT_name
	.long	1251                            @ DW_AT_type
	.byte	4                               @ DW_AT_decl_file
	.short	1029                            @ DW_AT_decl_line
	.byte	64                              @ DW_AT_data_member_location
	.byte	18                              @ Abbrev [18] 0x427:0xd DW_TAG_member
	.long	.Linfo_string72                 @ DW_AT_name
	.long	1251                            @ DW_AT_type
	.byte	4                               @ DW_AT_decl_file
	.short	1030                            @ DW_AT_decl_line
	.byte	68                              @ DW_AT_data_member_location
	.byte	18                              @ Abbrev [18] 0x434:0xd DW_TAG_member
	.long	.Linfo_string73                 @ DW_AT_name
	.long	1251                            @ DW_AT_type
	.byte	4                               @ DW_AT_decl_file
	.short	1031                            @ DW_AT_decl_line
	.byte	72                              @ DW_AT_data_member_location
	.byte	18                              @ Abbrev [18] 0x441:0xd DW_TAG_member
	.long	.Linfo_string74                 @ DW_AT_name
	.long	1251                            @ DW_AT_type
	.byte	4                               @ DW_AT_decl_file
	.short	1032                            @ DW_AT_decl_line
	.byte	76                              @ DW_AT_data_member_location
	.byte	18                              @ Abbrev [18] 0x44e:0xd DW_TAG_member
	.long	.Linfo_string75                 @ DW_AT_name
	.long	1251                            @ DW_AT_type
	.byte	4                               @ DW_AT_decl_file
	.short	1033                            @ DW_AT_decl_line
	.byte	80                              @ DW_AT_data_member_location
	.byte	18                              @ Abbrev [18] 0x45b:0xd DW_TAG_member
	.long	.Linfo_string76                 @ DW_AT_name
	.long	320                             @ DW_AT_type
	.byte	4                               @ DW_AT_decl_file
	.short	1034                            @ DW_AT_decl_line
	.byte	84                              @ DW_AT_data_member_location
	.byte	18                              @ Abbrev [18] 0x468:0xd DW_TAG_member
	.long	.Linfo_string77                 @ DW_AT_name
	.long	320                             @ DW_AT_type
	.byte	4                               @ DW_AT_decl_file
	.short	1035                            @ DW_AT_decl_line
	.byte	88                              @ DW_AT_data_member_location
	.byte	18                              @ Abbrev [18] 0x475:0xd DW_TAG_member
	.long	.Linfo_string78                 @ DW_AT_name
	.long	320                             @ DW_AT_type
	.byte	4                               @ DW_AT_decl_file
	.short	1036                            @ DW_AT_decl_line
	.byte	92                              @ DW_AT_data_member_location
	.byte	18                              @ Abbrev [18] 0x482:0xd DW_TAG_member
	.long	.Linfo_string79                 @ DW_AT_name
	.long	320                             @ DW_AT_type
	.byte	4                               @ DW_AT_decl_file
	.short	1037                            @ DW_AT_decl_line
	.byte	96                              @ DW_AT_data_member_location
	.byte	18                              @ Abbrev [18] 0x48f:0xd DW_TAG_member
	.long	.Linfo_string80                 @ DW_AT_name
	.long	1268                            @ DW_AT_type
	.byte	4                               @ DW_AT_decl_file
	.short	1039                            @ DW_AT_decl_line
	.byte	100                             @ DW_AT_data_member_location
	.byte	21                              @ Abbrev [21] 0x49c:0xe DW_TAG_member
	.long	.Linfo_string93                 @ DW_AT_name
	.long	1455                            @ DW_AT_type
	.byte	4                               @ DW_AT_decl_file
	.short	1041                            @ DW_AT_decl_line
	.short	820                             @ DW_AT_data_member_location
	.byte	21                              @ Abbrev [21] 0x4aa:0xe DW_TAG_member
	.long	.Linfo_string94                 @ DW_AT_name
	.long	320                             @ DW_AT_type
	.byte	4                               @ DW_AT_decl_file
	.short	1042                            @ DW_AT_decl_line
	.short	1784                            @ DW_AT_data_member_location
	.byte	21                              @ Abbrev [21] 0x4b8:0xe DW_TAG_member
	.long	.Linfo_string95                 @ DW_AT_name
	.long	320                             @ DW_AT_type
	.byte	4                               @ DW_AT_decl_file
	.short	1043                            @ DW_AT_decl_line
	.short	1788                            @ DW_AT_data_member_location
	.byte	21                              @ Abbrev [21] 0x4c6:0xe DW_TAG_member
	.long	.Linfo_string96                 @ DW_AT_name
	.long	320                             @ DW_AT_type
	.byte	4                               @ DW_AT_decl_file
	.short	1044                            @ DW_AT_decl_line
	.short	1792                            @ DW_AT_data_member_location
	.byte	21                              @ Abbrev [21] 0x4d4:0xe DW_TAG_member
	.long	.Linfo_string97                 @ DW_AT_name
	.long	320                             @ DW_AT_type
	.byte	4                               @ DW_AT_decl_file
	.short	1045                            @ DW_AT_decl_line
	.short	1796                            @ DW_AT_data_member_location
	.byte	0                               @ End Of Children Mark
	.byte	22                              @ Abbrev [22] 0x4e3:0x5 DW_TAG_const_type
	.long	320                             @ DW_AT_type
	.byte	14                              @ Abbrev [14] 0x4e8:0xc DW_TAG_array_type
	.long	1251                            @ DW_AT_type
	.byte	15                              @ Abbrev [15] 0x4ed:0x6 DW_TAG_subrange_type
	.long	675                             @ DW_AT_type
	.byte	1                               @ DW_AT_count
	.byte	0                               @ End Of Children Mark
	.byte	14                              @ Abbrev [14] 0x4f4:0xc DW_TAG_array_type
	.long	1280                            @ DW_AT_type
	.byte	15                              @ Abbrev [15] 0x4f9:0x6 DW_TAG_subrange_type
	.long	675                             @ DW_AT_type
	.byte	18                              @ DW_AT_count
	.byte	0                               @ End Of Children Mark
	.byte	3                               @ Abbrev [3] 0x500:0xc DW_TAG_typedef
	.long	1292                            @ DW_AT_type
	.long	.Linfo_string92                 @ DW_AT_name
	.byte	4                               @ DW_AT_decl_file
	.short	297                             @ DW_AT_decl_line
	.byte	23                              @ Abbrev [23] 0x50c:0xa3 DW_TAG_structure_type
	.byte	40                              @ DW_AT_byte_size
	.byte	4                               @ DW_AT_decl_file
	.byte	28                              @ DW_AT_decl_line
	.byte	19                              @ Abbrev [19] 0x510:0x9 DW_TAG_member
	.long	1305                            @ DW_AT_type
	.byte	4                               @ DW_AT_decl_file
	.short	280                             @ DW_AT_decl_line
	.byte	0                               @ DW_AT_data_member_location
	.byte	20                              @ Abbrev [20] 0x519:0x20 DW_TAG_union_type
	.byte	4                               @ DW_AT_byte_size
	.byte	4                               @ DW_AT_decl_file
	.short	280                             @ DW_AT_decl_line
	.byte	18                              @ Abbrev [18] 0x51e:0xd DW_TAG_member
	.long	.Linfo_string81                 @ DW_AT_name
	.long	320                             @ DW_AT_type
	.byte	4                               @ DW_AT_decl_file
	.short	282                             @ DW_AT_decl_line
	.byte	0                               @ DW_AT_data_member_location
	.byte	18                              @ Abbrev [18] 0x52b:0xd DW_TAG_member
	.long	.Linfo_string82                 @ DW_AT_name
	.long	195                             @ DW_AT_type
	.byte	4                               @ DW_AT_decl_file
	.short	283                             @ DW_AT_decl_line
	.byte	0                               @ DW_AT_data_member_location
	.byte	0                               @ End Of Children Mark
	.byte	18                              @ Abbrev [18] 0x539:0xd DW_TAG_member
	.long	.Linfo_string83                 @ DW_AT_name
	.long	320                             @ DW_AT_type
	.byte	4                               @ DW_AT_decl_file
	.short	287                             @ DW_AT_decl_line
	.byte	4                               @ DW_AT_data_member_location
	.byte	18                              @ Abbrev [18] 0x546:0xd DW_TAG_member
	.long	.Linfo_string84                 @ DW_AT_name
	.long	320                             @ DW_AT_type
	.byte	4                               @ DW_AT_decl_file
	.short	288                             @ DW_AT_decl_line
	.byte	8                               @ DW_AT_data_member_location
	.byte	18                              @ Abbrev [18] 0x553:0xd DW_TAG_member
	.long	.Linfo_string85                 @ DW_AT_name
	.long	1251                            @ DW_AT_type
	.byte	4                               @ DW_AT_decl_file
	.short	289                             @ DW_AT_decl_line
	.byte	12                              @ DW_AT_data_member_location
	.byte	18                              @ Abbrev [18] 0x560:0xd DW_TAG_member
	.long	.Linfo_string86                 @ DW_AT_name
	.long	320                             @ DW_AT_type
	.byte	4                               @ DW_AT_decl_file
	.short	290                             @ DW_AT_decl_line
	.byte	16                              @ DW_AT_data_member_location
	.byte	18                              @ Abbrev [18] 0x56d:0xd DW_TAG_member
	.long	.Linfo_string87                 @ DW_AT_name
	.long	320                             @ DW_AT_type
	.byte	4                               @ DW_AT_decl_file
	.short	291                             @ DW_AT_decl_line
	.byte	20                              @ DW_AT_data_member_location
	.byte	18                              @ Abbrev [18] 0x57a:0xd DW_TAG_member
	.long	.Linfo_string88                 @ DW_AT_name
	.long	320                             @ DW_AT_type
	.byte	4                               @ DW_AT_decl_file
	.short	292                             @ DW_AT_decl_line
	.byte	24                              @ DW_AT_data_member_location
	.byte	18                              @ Abbrev [18] 0x587:0xd DW_TAG_member
	.long	.Linfo_string89                 @ DW_AT_name
	.long	320                             @ DW_AT_type
	.byte	4                               @ DW_AT_decl_file
	.short	293                             @ DW_AT_decl_line
	.byte	28                              @ DW_AT_data_member_location
	.byte	18                              @ Abbrev [18] 0x594:0xd DW_TAG_member
	.long	.Linfo_string90                 @ DW_AT_name
	.long	320                             @ DW_AT_type
	.byte	4                               @ DW_AT_decl_file
	.short	294                             @ DW_AT_decl_line
	.byte	32                              @ DW_AT_data_member_location
	.byte	18                              @ Abbrev [18] 0x5a1:0xd DW_TAG_member
	.long	.Linfo_string91                 @ DW_AT_name
	.long	320                             @ DW_AT_type
	.byte	4                               @ DW_AT_decl_file
	.short	295                             @ DW_AT_decl_line
	.byte	36                              @ DW_AT_data_member_location
	.byte	0                               @ End Of Children Mark
	.byte	14                              @ Abbrev [14] 0x5af:0xc DW_TAG_array_type
	.long	1251                            @ DW_AT_type
	.byte	15                              @ Abbrev [15] 0x5b4:0x6 DW_TAG_subrange_type
	.long	675                             @ DW_AT_type
	.byte	241                             @ DW_AT_count
	.byte	0                               @ End Of Children Mark
	.byte	4                               @ Abbrev [4] 0x5bb:0x5 DW_TAG_pointer_type
	.long	1472                            @ DW_AT_type
	.byte	3                               @ Abbrev [3] 0x5c0:0xc DW_TAG_typedef
	.long	1484                            @ DW_AT_type
	.long	.Linfo_string103                @ DW_AT_name
	.byte	5                               @ DW_AT_decl_file
	.short	272                             @ DW_AT_decl_line
	.byte	23                              @ Abbrev [23] 0x5cc:0x46 DW_TAG_structure_type
	.byte	20                              @ DW_AT_byte_size
	.byte	5                               @ DW_AT_decl_file
	.byte	28                              @ DW_AT_decl_line
	.byte	18                              @ Abbrev [18] 0x5d0:0xd DW_TAG_member
	.long	.Linfo_string99                 @ DW_AT_name
	.long	320                             @ DW_AT_type
	.byte	5                               @ DW_AT_decl_file
	.short	266                             @ DW_AT_decl_line
	.byte	0                               @ DW_AT_data_member_location
	.byte	18                              @ Abbrev [18] 0x5dd:0xd DW_TAG_member
	.long	.Linfo_string97                 @ DW_AT_name
	.long	320                             @ DW_AT_type
	.byte	5                               @ DW_AT_decl_file
	.short	267                             @ DW_AT_decl_line
	.byte	4                               @ DW_AT_data_member_location
	.byte	18                              @ Abbrev [18] 0x5ea:0xd DW_TAG_member
	.long	.Linfo_string100                @ DW_AT_name
	.long	320                             @ DW_AT_type
	.byte	5                               @ DW_AT_decl_file
	.short	268                             @ DW_AT_decl_line
	.byte	8                               @ DW_AT_data_member_location
	.byte	18                              @ Abbrev [18] 0x5f7:0xd DW_TAG_member
	.long	.Linfo_string101                @ DW_AT_name
	.long	320                             @ DW_AT_type
	.byte	5                               @ DW_AT_decl_file
	.short	269                             @ DW_AT_decl_line
	.byte	12                              @ DW_AT_data_member_location
	.byte	18                              @ Abbrev [18] 0x604:0xd DW_TAG_member
	.long	.Linfo_string102                @ DW_AT_name
	.long	1251                            @ DW_AT_type
	.byte	5                               @ DW_AT_decl_file
	.short	270                             @ DW_AT_decl_line
	.byte	16                              @ DW_AT_data_member_location
	.byte	0                               @ End Of Children Mark
	.byte	4                               @ Abbrev [4] 0x612:0x5 DW_TAG_pointer_type
	.long	1559                            @ DW_AT_type
	.byte	10                              @ Abbrev [10] 0x617:0x5 DW_TAG_volatile_type
	.long	211                             @ DW_AT_type
	.byte	4                               @ Abbrev [4] 0x61c:0x5 DW_TAG_pointer_type
	.long	1569                            @ DW_AT_type
	.byte	3                               @ Abbrev [3] 0x621:0xc DW_TAG_typedef
	.long	1581                            @ DW_AT_type
	.long	.Linfo_string247                @ DW_AT_name
	.byte	6                               @ DW_AT_decl_file
	.short	3508                            @ DW_AT_decl_line
	.byte	24                              @ Abbrev [24] 0x62d:0x7e5 DW_TAG_structure_type
	.short	3740                            @ DW_AT_byte_size
	.byte	6                               @ DW_AT_decl_file
	.byte	27                              @ DW_AT_decl_line
	.byte	18                              @ Abbrev [18] 0x632:0xd DW_TAG_member
	.long	.Linfo_string104                @ DW_AT_name
	.long	1251                            @ DW_AT_type
	.byte	6                               @ DW_AT_decl_file
	.short	3361                            @ DW_AT_decl_line
	.byte	0                               @ DW_AT_data_member_location
	.byte	18                              @ Abbrev [18] 0x63f:0xd DW_TAG_member
	.long	.Linfo_string105                @ DW_AT_name
	.long	320                             @ DW_AT_type
	.byte	6                               @ DW_AT_decl_file
	.short	3362                            @ DW_AT_decl_line
	.byte	4                               @ DW_AT_data_member_location
	.byte	18                              @ Abbrev [18] 0x64c:0xd DW_TAG_member
	.long	.Linfo_string106                @ DW_AT_name
	.long	320                             @ DW_AT_type
	.byte	6                               @ DW_AT_decl_file
	.short	3363                            @ DW_AT_decl_line
	.byte	8                               @ DW_AT_data_member_location
	.byte	18                              @ Abbrev [18] 0x659:0xd DW_TAG_member
	.long	.Linfo_string107                @ DW_AT_name
	.long	320                             @ DW_AT_type
	.byte	6                               @ DW_AT_decl_file
	.short	3364                            @ DW_AT_decl_line
	.byte	12                              @ DW_AT_data_member_location
	.byte	18                              @ Abbrev [18] 0x666:0xd DW_TAG_member
	.long	.Linfo_string108                @ DW_AT_name
	.long	320                             @ DW_AT_type
	.byte	6                               @ DW_AT_decl_file
	.short	3365                            @ DW_AT_decl_line
	.byte	16                              @ DW_AT_data_member_location
	.byte	18                              @ Abbrev [18] 0x673:0xd DW_TAG_member
	.long	.Linfo_string109                @ DW_AT_name
	.long	320                             @ DW_AT_type
	.byte	6                               @ DW_AT_decl_file
	.short	3366                            @ DW_AT_decl_line
	.byte	20                              @ DW_AT_data_member_location
	.byte	18                              @ Abbrev [18] 0x680:0xd DW_TAG_member
	.long	.Linfo_string110                @ DW_AT_name
	.long	1251                            @ DW_AT_type
	.byte	6                               @ DW_AT_decl_file
	.short	3367                            @ DW_AT_decl_line
	.byte	24                              @ DW_AT_data_member_location
	.byte	18                              @ Abbrev [18] 0x68d:0xd DW_TAG_member
	.long	.Linfo_string55                 @ DW_AT_name
	.long	1256                            @ DW_AT_type
	.byte	6                               @ DW_AT_decl_file
	.short	3368                            @ DW_AT_decl_line
	.byte	28                              @ DW_AT_data_member_location
	.byte	18                              @ Abbrev [18] 0x69a:0xd DW_TAG_member
	.long	.Linfo_string111                @ DW_AT_name
	.long	320                             @ DW_AT_type
	.byte	6                               @ DW_AT_decl_file
	.short	3369                            @ DW_AT_decl_line
	.byte	32                              @ DW_AT_data_member_location
	.byte	18                              @ Abbrev [18] 0x6a7:0xd DW_TAG_member
	.long	.Linfo_string112                @ DW_AT_name
	.long	320                             @ DW_AT_type
	.byte	6                               @ DW_AT_decl_file
	.short	3370                            @ DW_AT_decl_line
	.byte	36                              @ DW_AT_data_member_location
	.byte	18                              @ Abbrev [18] 0x6b4:0xd DW_TAG_member
	.long	.Linfo_string113                @ DW_AT_name
	.long	320                             @ DW_AT_type
	.byte	6                               @ DW_AT_decl_file
	.short	3371                            @ DW_AT_decl_line
	.byte	40                              @ DW_AT_data_member_location
	.byte	18                              @ Abbrev [18] 0x6c1:0xd DW_TAG_member
	.long	.Linfo_string114                @ DW_AT_name
	.long	320                             @ DW_AT_type
	.byte	6                               @ DW_AT_decl_file
	.short	3372                            @ DW_AT_decl_line
	.byte	44                              @ DW_AT_data_member_location
	.byte	18                              @ Abbrev [18] 0x6ce:0xd DW_TAG_member
	.long	.Linfo_string115                @ DW_AT_name
	.long	320                             @ DW_AT_type
	.byte	6                               @ DW_AT_decl_file
	.short	3373                            @ DW_AT_decl_line
	.byte	48                              @ DW_AT_data_member_location
	.byte	18                              @ Abbrev [18] 0x6db:0xd DW_TAG_member
	.long	.Linfo_string116                @ DW_AT_name
	.long	320                             @ DW_AT_type
	.byte	6                               @ DW_AT_decl_file
	.short	3374                            @ DW_AT_decl_line
	.byte	52                              @ DW_AT_data_member_location
	.byte	18                              @ Abbrev [18] 0x6e8:0xd DW_TAG_member
	.long	.Linfo_string117                @ DW_AT_name
	.long	320                             @ DW_AT_type
	.byte	6                               @ DW_AT_decl_file
	.short	3375                            @ DW_AT_decl_line
	.byte	56                              @ DW_AT_data_member_location
	.byte	18                              @ Abbrev [18] 0x6f5:0xd DW_TAG_member
	.long	.Linfo_string57                 @ DW_AT_name
	.long	1256                            @ DW_AT_type
	.byte	6                               @ DW_AT_decl_file
	.short	3376                            @ DW_AT_decl_line
	.byte	60                              @ DW_AT_data_member_location
	.byte	18                              @ Abbrev [18] 0x702:0xd DW_TAG_member
	.long	.Linfo_string118                @ DW_AT_name
	.long	320                             @ DW_AT_type
	.byte	6                               @ DW_AT_decl_file
	.short	3377                            @ DW_AT_decl_line
	.byte	64                              @ DW_AT_data_member_location
	.byte	18                              @ Abbrev [18] 0x70f:0xd DW_TAG_member
	.long	.Linfo_string93                 @ DW_AT_name
	.long	3602                            @ DW_AT_type
	.byte	6                               @ DW_AT_decl_file
	.short	3378                            @ DW_AT_decl_line
	.byte	68                              @ DW_AT_data_member_location
	.byte	18                              @ Abbrev [18] 0x71c:0xd DW_TAG_member
	.long	.Linfo_string119                @ DW_AT_name
	.long	320                             @ DW_AT_type
	.byte	6                               @ DW_AT_decl_file
	.short	3379                            @ DW_AT_decl_line
	.byte	128                             @ DW_AT_data_member_location
	.byte	18                              @ Abbrev [18] 0x729:0xd DW_TAG_member
	.long	.Linfo_string120                @ DW_AT_name
	.long	320                             @ DW_AT_type
	.byte	6                               @ DW_AT_decl_file
	.short	3380                            @ DW_AT_decl_line
	.byte	132                             @ DW_AT_data_member_location
	.byte	18                              @ Abbrev [18] 0x736:0xd DW_TAG_member
	.long	.Linfo_string121                @ DW_AT_name
	.long	320                             @ DW_AT_type
	.byte	6                               @ DW_AT_decl_file
	.short	3381                            @ DW_AT_decl_line
	.byte	136                             @ DW_AT_data_member_location
	.byte	18                              @ Abbrev [18] 0x743:0xd DW_TAG_member
	.long	.Linfo_string122                @ DW_AT_name
	.long	320                             @ DW_AT_type
	.byte	6                               @ DW_AT_decl_file
	.short	3382                            @ DW_AT_decl_line
	.byte	140                             @ DW_AT_data_member_location
	.byte	18                              @ Abbrev [18] 0x750:0xd DW_TAG_member
	.long	.Linfo_string123                @ DW_AT_name
	.long	320                             @ DW_AT_type
	.byte	6                               @ DW_AT_decl_file
	.short	3383                            @ DW_AT_decl_line
	.byte	144                             @ DW_AT_data_member_location
	.byte	18                              @ Abbrev [18] 0x75d:0xd DW_TAG_member
	.long	.Linfo_string124                @ DW_AT_name
	.long	320                             @ DW_AT_type
	.byte	6                               @ DW_AT_decl_file
	.short	3384                            @ DW_AT_decl_line
	.byte	148                             @ DW_AT_data_member_location
	.byte	18                              @ Abbrev [18] 0x76a:0xd DW_TAG_member
	.long	.Linfo_string125                @ DW_AT_name
	.long	320                             @ DW_AT_type
	.byte	6                               @ DW_AT_decl_file
	.short	3385                            @ DW_AT_decl_line
	.byte	152                             @ DW_AT_data_member_location
	.byte	18                              @ Abbrev [18] 0x777:0xd DW_TAG_member
	.long	.Linfo_string126                @ DW_AT_name
	.long	320                             @ DW_AT_type
	.byte	6                               @ DW_AT_decl_file
	.short	3386                            @ DW_AT_decl_line
	.byte	156                             @ DW_AT_data_member_location
	.byte	18                              @ Abbrev [18] 0x784:0xd DW_TAG_member
	.long	.Linfo_string127                @ DW_AT_name
	.long	320                             @ DW_AT_type
	.byte	6                               @ DW_AT_decl_file
	.short	3387                            @ DW_AT_decl_line
	.byte	160                             @ DW_AT_data_member_location
	.byte	18                              @ Abbrev [18] 0x791:0xd DW_TAG_member
	.long	.Linfo_string128                @ DW_AT_name
	.long	320                             @ DW_AT_type
	.byte	6                               @ DW_AT_decl_file
	.short	3388                            @ DW_AT_decl_line
	.byte	164                             @ DW_AT_data_member_location
	.byte	18                              @ Abbrev [18] 0x79e:0xd DW_TAG_member
	.long	.Linfo_string129                @ DW_AT_name
	.long	3614                            @ DW_AT_type
	.byte	6                               @ DW_AT_decl_file
	.short	3389                            @ DW_AT_decl_line
	.byte	168                             @ DW_AT_data_member_location
	.byte	21                              @ Abbrev [21] 0x7ab:0xe DW_TAG_member
	.long	.Linfo_string130                @ DW_AT_name
	.long	320                             @ DW_AT_type
	.byte	6                               @ DW_AT_decl_file
	.short	3390                            @ DW_AT_decl_line
	.short	256                             @ DW_AT_data_member_location
	.byte	21                              @ Abbrev [21] 0x7b9:0xe DW_TAG_member
	.long	.Linfo_string131                @ DW_AT_name
	.long	3626                            @ DW_AT_type
	.byte	6                               @ DW_AT_decl_file
	.short	3391                            @ DW_AT_decl_line
	.short	260                             @ DW_AT_data_member_location
	.byte	21                              @ Abbrev [21] 0x7c7:0xe DW_TAG_member
	.long	.Linfo_string132                @ DW_AT_name
	.long	320                             @ DW_AT_type
	.byte	6                               @ DW_AT_decl_file
	.short	3392                            @ DW_AT_decl_line
	.short	272                             @ DW_AT_data_member_location
	.byte	21                              @ Abbrev [21] 0x7d5:0xe DW_TAG_member
	.long	.Linfo_string133                @ DW_AT_name
	.long	320                             @ DW_AT_type
	.byte	6                               @ DW_AT_decl_file
	.short	3393                            @ DW_AT_decl_line
	.short	276                             @ DW_AT_data_member_location
	.byte	21                              @ Abbrev [21] 0x7e3:0xe DW_TAG_member
	.long	.Linfo_string134                @ DW_AT_name
	.long	320                             @ DW_AT_type
	.byte	6                               @ DW_AT_decl_file
	.short	3394                            @ DW_AT_decl_line
	.short	280                             @ DW_AT_data_member_location
	.byte	21                              @ Abbrev [21] 0x7f1:0xe DW_TAG_member
	.long	.Linfo_string135                @ DW_AT_name
	.long	1256                            @ DW_AT_type
	.byte	6                               @ DW_AT_decl_file
	.short	3395                            @ DW_AT_decl_line
	.short	284                             @ DW_AT_data_member_location
	.byte	21                              @ Abbrev [21] 0x7ff:0xe DW_TAG_member
	.long	.Linfo_string136                @ DW_AT_name
	.long	320                             @ DW_AT_type
	.byte	6                               @ DW_AT_decl_file
	.short	3396                            @ DW_AT_decl_line
	.short	288                             @ DW_AT_data_member_location
	.byte	21                              @ Abbrev [21] 0x80d:0xe DW_TAG_member
	.long	.Linfo_string137                @ DW_AT_name
	.long	320                             @ DW_AT_type
	.byte	6                               @ DW_AT_decl_file
	.short	3397                            @ DW_AT_decl_line
	.short	292                             @ DW_AT_data_member_location
	.byte	21                              @ Abbrev [21] 0x81b:0xe DW_TAG_member
	.long	.Linfo_string138                @ DW_AT_name
	.long	320                             @ DW_AT_type
	.byte	6                               @ DW_AT_decl_file
	.short	3398                            @ DW_AT_decl_line
	.short	296                             @ DW_AT_data_member_location
	.byte	21                              @ Abbrev [21] 0x829:0xe DW_TAG_member
	.long	.Linfo_string139                @ DW_AT_name
	.long	1256                            @ DW_AT_type
	.byte	6                               @ DW_AT_decl_file
	.short	3399                            @ DW_AT_decl_line
	.short	300                             @ DW_AT_data_member_location
	.byte	21                              @ Abbrev [21] 0x837:0xe DW_TAG_member
	.long	.Linfo_string140                @ DW_AT_name
	.long	320                             @ DW_AT_type
	.byte	6                               @ DW_AT_decl_file
	.short	3400                            @ DW_AT_decl_line
	.short	304                             @ DW_AT_data_member_location
	.byte	21                              @ Abbrev [21] 0x845:0xe DW_TAG_member
	.long	.Linfo_string141                @ DW_AT_name
	.long	320                             @ DW_AT_type
	.byte	6                               @ DW_AT_decl_file
	.short	3401                            @ DW_AT_decl_line
	.short	308                             @ DW_AT_data_member_location
	.byte	21                              @ Abbrev [21] 0x853:0xe DW_TAG_member
	.long	.Linfo_string142                @ DW_AT_name
	.long	320                             @ DW_AT_type
	.byte	6                               @ DW_AT_decl_file
	.short	3402                            @ DW_AT_decl_line
	.short	312                             @ DW_AT_data_member_location
	.byte	21                              @ Abbrev [21] 0x861:0xe DW_TAG_member
	.long	.Linfo_string143                @ DW_AT_name
	.long	3638                            @ DW_AT_type
	.byte	6                               @ DW_AT_decl_file
	.short	3403                            @ DW_AT_decl_line
	.short	316                             @ DW_AT_data_member_location
	.byte	21                              @ Abbrev [21] 0x86f:0xe DW_TAG_member
	.long	.Linfo_string144                @ DW_AT_name
	.long	320                             @ DW_AT_type
	.byte	6                               @ DW_AT_decl_file
	.short	3404                            @ DW_AT_decl_line
	.short	512                             @ DW_AT_data_member_location
	.byte	21                              @ Abbrev [21] 0x87d:0xe DW_TAG_member
	.long	.Linfo_string145                @ DW_AT_name
	.long	320                             @ DW_AT_type
	.byte	6                               @ DW_AT_decl_file
	.short	3405                            @ DW_AT_decl_line
	.short	516                             @ DW_AT_data_member_location
	.byte	21                              @ Abbrev [21] 0x88b:0xe DW_TAG_member
	.long	.Linfo_string146                @ DW_AT_name
	.long	320                             @ DW_AT_type
	.byte	6                               @ DW_AT_decl_file
	.short	3406                            @ DW_AT_decl_line
	.short	520                             @ DW_AT_data_member_location
	.byte	21                              @ Abbrev [21] 0x899:0xe DW_TAG_member
	.long	.Linfo_string147                @ DW_AT_name
	.long	320                             @ DW_AT_type
	.byte	6                               @ DW_AT_decl_file
	.short	3407                            @ DW_AT_decl_line
	.short	524                             @ DW_AT_data_member_location
	.byte	21                              @ Abbrev [21] 0x8a7:0xe DW_TAG_member
	.long	.Linfo_string148                @ DW_AT_name
	.long	320                             @ DW_AT_type
	.byte	6                               @ DW_AT_decl_file
	.short	3408                            @ DW_AT_decl_line
	.short	528                             @ DW_AT_data_member_location
	.byte	21                              @ Abbrev [21] 0x8b5:0xe DW_TAG_member
	.long	.Linfo_string149                @ DW_AT_name
	.long	320                             @ DW_AT_type
	.byte	6                               @ DW_AT_decl_file
	.short	3409                            @ DW_AT_decl_line
	.short	532                             @ DW_AT_data_member_location
	.byte	21                              @ Abbrev [21] 0x8c3:0xe DW_TAG_member
	.long	.Linfo_string150                @ DW_AT_name
	.long	320                             @ DW_AT_type
	.byte	6                               @ DW_AT_decl_file
	.short	3410                            @ DW_AT_decl_line
	.short	536                             @ DW_AT_data_member_location
	.byte	21                              @ Abbrev [21] 0x8d1:0xe DW_TAG_member
	.long	.Linfo_string151                @ DW_AT_name
	.long	320                             @ DW_AT_type
	.byte	6                               @ DW_AT_decl_file
	.short	3411                            @ DW_AT_decl_line
	.short	540                             @ DW_AT_data_member_location
	.byte	21                              @ Abbrev [21] 0x8df:0xe DW_TAG_member
	.long	.Linfo_string152                @ DW_AT_name
	.long	320                             @ DW_AT_type
	.byte	6                               @ DW_AT_decl_file
	.short	3412                            @ DW_AT_decl_line
	.short	544                             @ DW_AT_data_member_location
	.byte	21                              @ Abbrev [21] 0x8ed:0xe DW_TAG_member
	.long	.Linfo_string153                @ DW_AT_name
	.long	320                             @ DW_AT_type
	.byte	6                               @ DW_AT_decl_file
	.short	3413                            @ DW_AT_decl_line
	.short	548                             @ DW_AT_data_member_location
	.byte	21                              @ Abbrev [21] 0x8fb:0xe DW_TAG_member
	.long	.Linfo_string154                @ DW_AT_name
	.long	320                             @ DW_AT_type
	.byte	6                               @ DW_AT_decl_file
	.short	3414                            @ DW_AT_decl_line
	.short	552                             @ DW_AT_data_member_location
	.byte	21                              @ Abbrev [21] 0x909:0xe DW_TAG_member
	.long	.Linfo_string155                @ DW_AT_name
	.long	320                             @ DW_AT_type
	.byte	6                               @ DW_AT_decl_file
	.short	3415                            @ DW_AT_decl_line
	.short	556                             @ DW_AT_data_member_location
	.byte	21                              @ Abbrev [21] 0x917:0xe DW_TAG_member
	.long	.Linfo_string156                @ DW_AT_name
	.long	320                             @ DW_AT_type
	.byte	6                               @ DW_AT_decl_file
	.short	3416                            @ DW_AT_decl_line
	.short	560                             @ DW_AT_data_member_location
	.byte	21                              @ Abbrev [21] 0x925:0xe DW_TAG_member
	.long	.Linfo_string157                @ DW_AT_name
	.long	320                             @ DW_AT_type
	.byte	6                               @ DW_AT_decl_file
	.short	3417                            @ DW_AT_decl_line
	.short	564                             @ DW_AT_data_member_location
	.byte	21                              @ Abbrev [21] 0x933:0xe DW_TAG_member
	.long	.Linfo_string158                @ DW_AT_name
	.long	320                             @ DW_AT_type
	.byte	6                               @ DW_AT_decl_file
	.short	3418                            @ DW_AT_decl_line
	.short	568                             @ DW_AT_data_member_location
	.byte	21                              @ Abbrev [21] 0x941:0xe DW_TAG_member
	.long	.Linfo_string159                @ DW_AT_name
	.long	320                             @ DW_AT_type
	.byte	6                               @ DW_AT_decl_file
	.short	3419                            @ DW_AT_decl_line
	.short	572                             @ DW_AT_data_member_location
	.byte	21                              @ Abbrev [21] 0x94f:0xe DW_TAG_member
	.long	.Linfo_string160                @ DW_AT_name
	.long	320                             @ DW_AT_type
	.byte	6                               @ DW_AT_decl_file
	.short	3420                            @ DW_AT_decl_line
	.short	576                             @ DW_AT_data_member_location
	.byte	21                              @ Abbrev [21] 0x95d:0xe DW_TAG_member
	.long	.Linfo_string161                @ DW_AT_name
	.long	320                             @ DW_AT_type
	.byte	6                               @ DW_AT_decl_file
	.short	3421                            @ DW_AT_decl_line
	.short	580                             @ DW_AT_data_member_location
	.byte	21                              @ Abbrev [21] 0x96b:0xe DW_TAG_member
	.long	.Linfo_string162                @ DW_AT_name
	.long	320                             @ DW_AT_type
	.byte	6                               @ DW_AT_decl_file
	.short	3422                            @ DW_AT_decl_line
	.short	584                             @ DW_AT_data_member_location
	.byte	21                              @ Abbrev [21] 0x979:0xe DW_TAG_member
	.long	.Linfo_string163                @ DW_AT_name
	.long	320                             @ DW_AT_type
	.byte	6                               @ DW_AT_decl_file
	.short	3423                            @ DW_AT_decl_line
	.short	588                             @ DW_AT_data_member_location
	.byte	21                              @ Abbrev [21] 0x987:0xe DW_TAG_member
	.long	.Linfo_string164                @ DW_AT_name
	.long	320                             @ DW_AT_type
	.byte	6                               @ DW_AT_decl_file
	.short	3424                            @ DW_AT_decl_line
	.short	592                             @ DW_AT_data_member_location
	.byte	21                              @ Abbrev [21] 0x995:0xe DW_TAG_member
	.long	.Linfo_string165                @ DW_AT_name
	.long	320                             @ DW_AT_type
	.byte	6                               @ DW_AT_decl_file
	.short	3425                            @ DW_AT_decl_line
	.short	596                             @ DW_AT_data_member_location
	.byte	21                              @ Abbrev [21] 0x9a3:0xe DW_TAG_member
	.long	.Linfo_string166                @ DW_AT_name
	.long	320                             @ DW_AT_type
	.byte	6                               @ DW_AT_decl_file
	.short	3426                            @ DW_AT_decl_line
	.short	600                             @ DW_AT_data_member_location
	.byte	21                              @ Abbrev [21] 0x9b1:0xe DW_TAG_member
	.long	.Linfo_string167                @ DW_AT_name
	.long	320                             @ DW_AT_type
	.byte	6                               @ DW_AT_decl_file
	.short	3427                            @ DW_AT_decl_line
	.short	604                             @ DW_AT_data_member_location
	.byte	21                              @ Abbrev [21] 0x9bf:0xe DW_TAG_member
	.long	.Linfo_string168                @ DW_AT_name
	.long	320                             @ DW_AT_type
	.byte	6                               @ DW_AT_decl_file
	.short	3428                            @ DW_AT_decl_line
	.short	608                             @ DW_AT_data_member_location
	.byte	21                              @ Abbrev [21] 0x9cd:0xe DW_TAG_member
	.long	.Linfo_string169                @ DW_AT_name
	.long	320                             @ DW_AT_type
	.byte	6                               @ DW_AT_decl_file
	.short	3429                            @ DW_AT_decl_line
	.short	612                             @ DW_AT_data_member_location
	.byte	21                              @ Abbrev [21] 0x9db:0xe DW_TAG_member
	.long	.Linfo_string170                @ DW_AT_name
	.long	320                             @ DW_AT_type
	.byte	6                               @ DW_AT_decl_file
	.short	3430                            @ DW_AT_decl_line
	.short	616                             @ DW_AT_data_member_location
	.byte	21                              @ Abbrev [21] 0x9e9:0xe DW_TAG_member
	.long	.Linfo_string171                @ DW_AT_name
	.long	320                             @ DW_AT_type
	.byte	6                               @ DW_AT_decl_file
	.short	3431                            @ DW_AT_decl_line
	.short	620                             @ DW_AT_data_member_location
	.byte	21                              @ Abbrev [21] 0x9f7:0xe DW_TAG_member
	.long	.Linfo_string172                @ DW_AT_name
	.long	320                             @ DW_AT_type
	.byte	6                               @ DW_AT_decl_file
	.short	3432                            @ DW_AT_decl_line
	.short	624                             @ DW_AT_data_member_location
	.byte	21                              @ Abbrev [21] 0xa05:0xe DW_TAG_member
	.long	.Linfo_string173                @ DW_AT_name
	.long	320                             @ DW_AT_type
	.byte	6                               @ DW_AT_decl_file
	.short	3433                            @ DW_AT_decl_line
	.short	628                             @ DW_AT_data_member_location
	.byte	21                              @ Abbrev [21] 0xa13:0xe DW_TAG_member
	.long	.Linfo_string174                @ DW_AT_name
	.long	320                             @ DW_AT_type
	.byte	6                               @ DW_AT_decl_file
	.short	3434                            @ DW_AT_decl_line
	.short	632                             @ DW_AT_data_member_location
	.byte	21                              @ Abbrev [21] 0xa21:0xe DW_TAG_member
	.long	.Linfo_string175                @ DW_AT_name
	.long	320                             @ DW_AT_type
	.byte	6                               @ DW_AT_decl_file
	.short	3435                            @ DW_AT_decl_line
	.short	636                             @ DW_AT_data_member_location
	.byte	21                              @ Abbrev [21] 0xa2f:0xe DW_TAG_member
	.long	.Linfo_string176                @ DW_AT_name
	.long	320                             @ DW_AT_type
	.byte	6                               @ DW_AT_decl_file
	.short	3436                            @ DW_AT_decl_line
	.short	640                             @ DW_AT_data_member_location
	.byte	21                              @ Abbrev [21] 0xa3d:0xe DW_TAG_member
	.long	.Linfo_string177                @ DW_AT_name
	.long	320                             @ DW_AT_type
	.byte	6                               @ DW_AT_decl_file
	.short	3437                            @ DW_AT_decl_line
	.short	644                             @ DW_AT_data_member_location
	.byte	21                              @ Abbrev [21] 0xa4b:0xe DW_TAG_member
	.long	.Linfo_string178                @ DW_AT_name
	.long	320                             @ DW_AT_type
	.byte	6                               @ DW_AT_decl_file
	.short	3438                            @ DW_AT_decl_line
	.short	648                             @ DW_AT_data_member_location
	.byte	21                              @ Abbrev [21] 0xa59:0xe DW_TAG_member
	.long	.Linfo_string179                @ DW_AT_name
	.long	320                             @ DW_AT_type
	.byte	6                               @ DW_AT_decl_file
	.short	3439                            @ DW_AT_decl_line
	.short	652                             @ DW_AT_data_member_location
	.byte	21                              @ Abbrev [21] 0xa67:0xe DW_TAG_member
	.long	.Linfo_string180                @ DW_AT_name
	.long	320                             @ DW_AT_type
	.byte	6                               @ DW_AT_decl_file
	.short	3440                            @ DW_AT_decl_line
	.short	656                             @ DW_AT_data_member_location
	.byte	21                              @ Abbrev [21] 0xa75:0xe DW_TAG_member
	.long	.Linfo_string181                @ DW_AT_name
	.long	320                             @ DW_AT_type
	.byte	6                               @ DW_AT_decl_file
	.short	3441                            @ DW_AT_decl_line
	.short	660                             @ DW_AT_data_member_location
	.byte	21                              @ Abbrev [21] 0xa83:0xe DW_TAG_member
	.long	.Linfo_string182                @ DW_AT_name
	.long	320                             @ DW_AT_type
	.byte	6                               @ DW_AT_decl_file
	.short	3442                            @ DW_AT_decl_line
	.short	664                             @ DW_AT_data_member_location
	.byte	21                              @ Abbrev [21] 0xa91:0xe DW_TAG_member
	.long	.Linfo_string183                @ DW_AT_name
	.long	320                             @ DW_AT_type
	.byte	6                               @ DW_AT_decl_file
	.short	3443                            @ DW_AT_decl_line
	.short	668                             @ DW_AT_data_member_location
	.byte	21                              @ Abbrev [21] 0xa9f:0xe DW_TAG_member
	.long	.Linfo_string184                @ DW_AT_name
	.long	320                             @ DW_AT_type
	.byte	6                               @ DW_AT_decl_file
	.short	3444                            @ DW_AT_decl_line
	.short	672                             @ DW_AT_data_member_location
	.byte	21                              @ Abbrev [21] 0xaad:0xe DW_TAG_member
	.long	.Linfo_string185                @ DW_AT_name
	.long	320                             @ DW_AT_type
	.byte	6                               @ DW_AT_decl_file
	.short	3445                            @ DW_AT_decl_line
	.short	676                             @ DW_AT_data_member_location
	.byte	21                              @ Abbrev [21] 0xabb:0xe DW_TAG_member
	.long	.Linfo_string186                @ DW_AT_name
	.long	320                             @ DW_AT_type
	.byte	6                               @ DW_AT_decl_file
	.short	3446                            @ DW_AT_decl_line
	.short	680                             @ DW_AT_data_member_location
	.byte	21                              @ Abbrev [21] 0xac9:0xe DW_TAG_member
	.long	.Linfo_string187                @ DW_AT_name
	.long	320                             @ DW_AT_type
	.byte	6                               @ DW_AT_decl_file
	.short	3447                            @ DW_AT_decl_line
	.short	684                             @ DW_AT_data_member_location
	.byte	21                              @ Abbrev [21] 0xad7:0xe DW_TAG_member
	.long	.Linfo_string188                @ DW_AT_name
	.long	320                             @ DW_AT_type
	.byte	6                               @ DW_AT_decl_file
	.short	3448                            @ DW_AT_decl_line
	.short	688                             @ DW_AT_data_member_location
	.byte	21                              @ Abbrev [21] 0xae5:0xe DW_TAG_member
	.long	.Linfo_string189                @ DW_AT_name
	.long	3626                            @ DW_AT_type
	.byte	6                               @ DW_AT_decl_file
	.short	3449                            @ DW_AT_decl_line
	.short	692                             @ DW_AT_data_member_location
	.byte	21                              @ Abbrev [21] 0xaf3:0xe DW_TAG_member
	.long	.Linfo_string190                @ DW_AT_name
	.long	320                             @ DW_AT_type
	.byte	6                               @ DW_AT_decl_file
	.short	3450                            @ DW_AT_decl_line
	.short	704                             @ DW_AT_data_member_location
	.byte	21                              @ Abbrev [21] 0xb01:0xe DW_TAG_member
	.long	.Linfo_string191                @ DW_AT_name
	.long	320                             @ DW_AT_type
	.byte	6                               @ DW_AT_decl_file
	.short	3451                            @ DW_AT_decl_line
	.short	708                             @ DW_AT_data_member_location
	.byte	21                              @ Abbrev [21] 0xb0f:0xe DW_TAG_member
	.long	.Linfo_string192                @ DW_AT_name
	.long	320                             @ DW_AT_type
	.byte	6                               @ DW_AT_decl_file
	.short	3452                            @ DW_AT_decl_line
	.short	712                             @ DW_AT_data_member_location
	.byte	21                              @ Abbrev [21] 0xb1d:0xe DW_TAG_member
	.long	.Linfo_string193                @ DW_AT_name
	.long	320                             @ DW_AT_type
	.byte	6                               @ DW_AT_decl_file
	.short	3453                            @ DW_AT_decl_line
	.short	716                             @ DW_AT_data_member_location
	.byte	21                              @ Abbrev [21] 0xb2b:0xe DW_TAG_member
	.long	.Linfo_string194                @ DW_AT_name
	.long	320                             @ DW_AT_type
	.byte	6                               @ DW_AT_decl_file
	.short	3454                            @ DW_AT_decl_line
	.short	720                             @ DW_AT_data_member_location
	.byte	21                              @ Abbrev [21] 0xb39:0xe DW_TAG_member
	.long	.Linfo_string195                @ DW_AT_name
	.long	320                             @ DW_AT_type
	.byte	6                               @ DW_AT_decl_file
	.short	3455                            @ DW_AT_decl_line
	.short	724                             @ DW_AT_data_member_location
	.byte	21                              @ Abbrev [21] 0xb47:0xe DW_TAG_member
	.long	.Linfo_string196                @ DW_AT_name
	.long	320                             @ DW_AT_type
	.byte	6                               @ DW_AT_decl_file
	.short	3456                            @ DW_AT_decl_line
	.short	728                             @ DW_AT_data_member_location
	.byte	21                              @ Abbrev [21] 0xb55:0xe DW_TAG_member
	.long	.Linfo_string197                @ DW_AT_name
	.long	320                             @ DW_AT_type
	.byte	6                               @ DW_AT_decl_file
	.short	3457                            @ DW_AT_decl_line
	.short	732                             @ DW_AT_data_member_location
	.byte	21                              @ Abbrev [21] 0xb63:0xe DW_TAG_member
	.long	.Linfo_string198                @ DW_AT_name
	.long	320                             @ DW_AT_type
	.byte	6                               @ DW_AT_decl_file
	.short	3458                            @ DW_AT_decl_line
	.short	736                             @ DW_AT_data_member_location
	.byte	21                              @ Abbrev [21] 0xb71:0xe DW_TAG_member
	.long	.Linfo_string199                @ DW_AT_name
	.long	3650                            @ DW_AT_type
	.byte	6                               @ DW_AT_decl_file
	.short	3459                            @ DW_AT_decl_line
	.short	740                             @ DW_AT_data_member_location
	.byte	21                              @ Abbrev [21] 0xb7f:0xe DW_TAG_member
	.long	.Linfo_string200                @ DW_AT_name
	.long	320                             @ DW_AT_type
	.byte	6                               @ DW_AT_decl_file
	.short	3460                            @ DW_AT_decl_line
	.short	768                             @ DW_AT_data_member_location
	.byte	21                              @ Abbrev [21] 0xb8d:0xe DW_TAG_member
	.long	.Linfo_string201                @ DW_AT_name
	.long	320                             @ DW_AT_type
	.byte	6                               @ DW_AT_decl_file
	.short	3461                            @ DW_AT_decl_line
	.short	772                             @ DW_AT_data_member_location
	.byte	21                              @ Abbrev [21] 0xb9b:0xe DW_TAG_member
	.long	.Linfo_string202                @ DW_AT_name
	.long	320                             @ DW_AT_type
	.byte	6                               @ DW_AT_decl_file
	.short	3462                            @ DW_AT_decl_line
	.short	776                             @ DW_AT_data_member_location
	.byte	21                              @ Abbrev [21] 0xba9:0xe DW_TAG_member
	.long	.Linfo_string203                @ DW_AT_name
	.long	320                             @ DW_AT_type
	.byte	6                               @ DW_AT_decl_file
	.short	3463                            @ DW_AT_decl_line
	.short	780                             @ DW_AT_data_member_location
	.byte	21                              @ Abbrev [21] 0xbb7:0xe DW_TAG_member
	.long	.Linfo_string204                @ DW_AT_name
	.long	320                             @ DW_AT_type
	.byte	6                               @ DW_AT_decl_file
	.short	3464                            @ DW_AT_decl_line
	.short	784                             @ DW_AT_data_member_location
	.byte	21                              @ Abbrev [21] 0xbc5:0xe DW_TAG_member
	.long	.Linfo_string205                @ DW_AT_name
	.long	320                             @ DW_AT_type
	.byte	6                               @ DW_AT_decl_file
	.short	3465                            @ DW_AT_decl_line
	.short	788                             @ DW_AT_data_member_location
	.byte	21                              @ Abbrev [21] 0xbd3:0xe DW_TAG_member
	.long	.Linfo_string206                @ DW_AT_name
	.long	320                             @ DW_AT_type
	.byte	6                               @ DW_AT_decl_file
	.short	3466                            @ DW_AT_decl_line
	.short	792                             @ DW_AT_data_member_location
	.byte	21                              @ Abbrev [21] 0xbe1:0xe DW_TAG_member
	.long	.Linfo_string207                @ DW_AT_name
	.long	320                             @ DW_AT_type
	.byte	6                               @ DW_AT_decl_file
	.short	3467                            @ DW_AT_decl_line
	.short	796                             @ DW_AT_data_member_location
	.byte	21                              @ Abbrev [21] 0xbef:0xe DW_TAG_member
	.long	.Linfo_string208                @ DW_AT_name
	.long	320                             @ DW_AT_type
	.byte	6                               @ DW_AT_decl_file
	.short	3468                            @ DW_AT_decl_line
	.short	800                             @ DW_AT_data_member_location
	.byte	21                              @ Abbrev [21] 0xbfd:0xe DW_TAG_member
	.long	.Linfo_string209                @ DW_AT_name
	.long	320                             @ DW_AT_type
	.byte	6                               @ DW_AT_decl_file
	.short	3469                            @ DW_AT_decl_line
	.short	804                             @ DW_AT_data_member_location
	.byte	21                              @ Abbrev [21] 0xc0b:0xe DW_TAG_member
	.long	.Linfo_string210                @ DW_AT_name
	.long	320                             @ DW_AT_type
	.byte	6                               @ DW_AT_decl_file
	.short	3470                            @ DW_AT_decl_line
	.short	808                             @ DW_AT_data_member_location
	.byte	21                              @ Abbrev [21] 0xc19:0xe DW_TAG_member
	.long	.Linfo_string211                @ DW_AT_name
	.long	320                             @ DW_AT_type
	.byte	6                               @ DW_AT_decl_file
	.short	3471                            @ DW_AT_decl_line
	.short	812                             @ DW_AT_data_member_location
	.byte	21                              @ Abbrev [21] 0xc27:0xe DW_TAG_member
	.long	.Linfo_string212                @ DW_AT_name
	.long	320                             @ DW_AT_type
	.byte	6                               @ DW_AT_decl_file
	.short	3472                            @ DW_AT_decl_line
	.short	816                             @ DW_AT_data_member_location
	.byte	21                              @ Abbrev [21] 0xc35:0xe DW_TAG_member
	.long	.Linfo_string213                @ DW_AT_name
	.long	320                             @ DW_AT_type
	.byte	6                               @ DW_AT_decl_file
	.short	3473                            @ DW_AT_decl_line
	.short	820                             @ DW_AT_data_member_location
	.byte	21                              @ Abbrev [21] 0xc43:0xe DW_TAG_member
	.long	.Linfo_string214                @ DW_AT_name
	.long	320                             @ DW_AT_type
	.byte	6                               @ DW_AT_decl_file
	.short	3474                            @ DW_AT_decl_line
	.short	824                             @ DW_AT_data_member_location
	.byte	21                              @ Abbrev [21] 0xc51:0xe DW_TAG_member
	.long	.Linfo_string215                @ DW_AT_name
	.long	320                             @ DW_AT_type
	.byte	6                               @ DW_AT_decl_file
	.short	3475                            @ DW_AT_decl_line
	.short	828                             @ DW_AT_data_member_location
	.byte	21                              @ Abbrev [21] 0xc5f:0xe DW_TAG_member
	.long	.Linfo_string216                @ DW_AT_name
	.long	320                             @ DW_AT_type
	.byte	6                               @ DW_AT_decl_file
	.short	3476                            @ DW_AT_decl_line
	.short	832                             @ DW_AT_data_member_location
	.byte	21                              @ Abbrev [21] 0xc6d:0xe DW_TAG_member
	.long	.Linfo_string217                @ DW_AT_name
	.long	320                             @ DW_AT_type
	.byte	6                               @ DW_AT_decl_file
	.short	3477                            @ DW_AT_decl_line
	.short	836                             @ DW_AT_data_member_location
	.byte	21                              @ Abbrev [21] 0xc7b:0xe DW_TAG_member
	.long	.Linfo_string218                @ DW_AT_name
	.long	320                             @ DW_AT_type
	.byte	6                               @ DW_AT_decl_file
	.short	3478                            @ DW_AT_decl_line
	.short	840                             @ DW_AT_data_member_location
	.byte	21                              @ Abbrev [21] 0xc89:0xe DW_TAG_member
	.long	.Linfo_string219                @ DW_AT_name
	.long	320                             @ DW_AT_type
	.byte	6                               @ DW_AT_decl_file
	.short	3479                            @ DW_AT_decl_line
	.short	844                             @ DW_AT_data_member_location
	.byte	21                              @ Abbrev [21] 0xc97:0xe DW_TAG_member
	.long	.Linfo_string220                @ DW_AT_name
	.long	320                             @ DW_AT_type
	.byte	6                               @ DW_AT_decl_file
	.short	3480                            @ DW_AT_decl_line
	.short	848                             @ DW_AT_data_member_location
	.byte	21                              @ Abbrev [21] 0xca5:0xe DW_TAG_member
	.long	.Linfo_string221                @ DW_AT_name
	.long	320                             @ DW_AT_type
	.byte	6                               @ DW_AT_decl_file
	.short	3481                            @ DW_AT_decl_line
	.short	852                             @ DW_AT_data_member_location
	.byte	21                              @ Abbrev [21] 0xcb3:0xe DW_TAG_member
	.long	.Linfo_string222                @ DW_AT_name
	.long	320                             @ DW_AT_type
	.byte	6                               @ DW_AT_decl_file
	.short	3482                            @ DW_AT_decl_line
	.short	856                             @ DW_AT_data_member_location
	.byte	21                              @ Abbrev [21] 0xcc1:0xe DW_TAG_member
	.long	.Linfo_string223                @ DW_AT_name
	.long	1256                            @ DW_AT_type
	.byte	6                               @ DW_AT_decl_file
	.short	3483                            @ DW_AT_decl_line
	.short	860                             @ DW_AT_data_member_location
	.byte	21                              @ Abbrev [21] 0xccf:0xe DW_TAG_member
	.long	.Linfo_string224                @ DW_AT_name
	.long	320                             @ DW_AT_type
	.byte	6                               @ DW_AT_decl_file
	.short	3484                            @ DW_AT_decl_line
	.short	864                             @ DW_AT_data_member_location
	.byte	21                              @ Abbrev [21] 0xcdd:0xe DW_TAG_member
	.long	.Linfo_string225                @ DW_AT_name
	.long	320                             @ DW_AT_type
	.byte	6                               @ DW_AT_decl_file
	.short	3485                            @ DW_AT_decl_line
	.short	868                             @ DW_AT_data_member_location
	.byte	21                              @ Abbrev [21] 0xceb:0xe DW_TAG_member
	.long	.Linfo_string226                @ DW_AT_name
	.long	320                             @ DW_AT_type
	.byte	6                               @ DW_AT_decl_file
	.short	3486                            @ DW_AT_decl_line
	.short	872                             @ DW_AT_data_member_location
	.byte	21                              @ Abbrev [21] 0xcf9:0xe DW_TAG_member
	.long	.Linfo_string227                @ DW_AT_name
	.long	320                             @ DW_AT_type
	.byte	6                               @ DW_AT_decl_file
	.short	3487                            @ DW_AT_decl_line
	.short	876                             @ DW_AT_data_member_location
	.byte	21                              @ Abbrev [21] 0xd07:0xe DW_TAG_member
	.long	.Linfo_string228                @ DW_AT_name
	.long	320                             @ DW_AT_type
	.byte	6                               @ DW_AT_decl_file
	.short	3488                            @ DW_AT_decl_line
	.short	880                             @ DW_AT_data_member_location
	.byte	21                              @ Abbrev [21] 0xd15:0xe DW_TAG_member
	.long	.Linfo_string229                @ DW_AT_name
	.long	320                             @ DW_AT_type
	.byte	6                               @ DW_AT_decl_file
	.short	3489                            @ DW_AT_decl_line
	.short	884                             @ DW_AT_data_member_location
	.byte	21                              @ Abbrev [21] 0xd23:0xe DW_TAG_member
	.long	.Linfo_string230                @ DW_AT_name
	.long	320                             @ DW_AT_type
	.byte	6                               @ DW_AT_decl_file
	.short	3490                            @ DW_AT_decl_line
	.short	888                             @ DW_AT_data_member_location
	.byte	21                              @ Abbrev [21] 0xd31:0xe DW_TAG_member
	.long	.Linfo_string231                @ DW_AT_name
	.long	320                             @ DW_AT_type
	.byte	6                               @ DW_AT_decl_file
	.short	3491                            @ DW_AT_decl_line
	.short	892                             @ DW_AT_data_member_location
	.byte	21                              @ Abbrev [21] 0xd3f:0xe DW_TAG_member
	.long	.Linfo_string232                @ DW_AT_name
	.long	1256                            @ DW_AT_type
	.byte	6                               @ DW_AT_decl_file
	.short	3492                            @ DW_AT_decl_line
	.short	896                             @ DW_AT_data_member_location
	.byte	21                              @ Abbrev [21] 0xd4d:0xe DW_TAG_member
	.long	.Linfo_string233                @ DW_AT_name
	.long	320                             @ DW_AT_type
	.byte	6                               @ DW_AT_decl_file
	.short	3493                            @ DW_AT_decl_line
	.short	900                             @ DW_AT_data_member_location
	.byte	21                              @ Abbrev [21] 0xd5b:0xe DW_TAG_member
	.long	.Linfo_string234                @ DW_AT_name
	.long	320                             @ DW_AT_type
	.byte	6                               @ DW_AT_decl_file
	.short	3494                            @ DW_AT_decl_line
	.short	904                             @ DW_AT_data_member_location
	.byte	21                              @ Abbrev [21] 0xd69:0xe DW_TAG_member
	.long	.Linfo_string235                @ DW_AT_name
	.long	320                             @ DW_AT_type
	.byte	6                               @ DW_AT_decl_file
	.short	3495                            @ DW_AT_decl_line
	.short	908                             @ DW_AT_data_member_location
	.byte	21                              @ Abbrev [21] 0xd77:0xe DW_TAG_member
	.long	.Linfo_string236                @ DW_AT_name
	.long	320                             @ DW_AT_type
	.byte	6                               @ DW_AT_decl_file
	.short	3496                            @ DW_AT_decl_line
	.short	912                             @ DW_AT_data_member_location
	.byte	21                              @ Abbrev [21] 0xd85:0xe DW_TAG_member
	.long	.Linfo_string237                @ DW_AT_name
	.long	320                             @ DW_AT_type
	.byte	6                               @ DW_AT_decl_file
	.short	3497                            @ DW_AT_decl_line
	.short	916                             @ DW_AT_data_member_location
	.byte	21                              @ Abbrev [21] 0xd93:0xe DW_TAG_member
	.long	.Linfo_string238                @ DW_AT_name
	.long	320                             @ DW_AT_type
	.byte	6                               @ DW_AT_decl_file
	.short	3498                            @ DW_AT_decl_line
	.short	920                             @ DW_AT_data_member_location
	.byte	21                              @ Abbrev [21] 0xda1:0xe DW_TAG_member
	.long	.Linfo_string239                @ DW_AT_name
	.long	320                             @ DW_AT_type
	.byte	6                               @ DW_AT_decl_file
	.short	3499                            @ DW_AT_decl_line
	.short	924                             @ DW_AT_data_member_location
	.byte	21                              @ Abbrev [21] 0xdaf:0xe DW_TAG_member
	.long	.Linfo_string240                @ DW_AT_name
	.long	3662                            @ DW_AT_type
	.byte	6                               @ DW_AT_decl_file
	.short	3500                            @ DW_AT_decl_line
	.short	928                             @ DW_AT_data_member_location
	.byte	21                              @ Abbrev [21] 0xdbd:0xe DW_TAG_member
	.long	.Linfo_string241                @ DW_AT_name
	.long	320                             @ DW_AT_type
	.byte	6                               @ DW_AT_decl_file
	.short	3501                            @ DW_AT_decl_line
	.short	1280                            @ DW_AT_data_member_location
	.byte	21                              @ Abbrev [21] 0xdcb:0xe DW_TAG_member
	.long	.Linfo_string242                @ DW_AT_name
	.long	1251                            @ DW_AT_type
	.byte	6                               @ DW_AT_decl_file
	.short	3502                            @ DW_AT_decl_line
	.short	1284                            @ DW_AT_data_member_location
	.byte	21                              @ Abbrev [21] 0xdd9:0xe DW_TAG_member
	.long	.Linfo_string243                @ DW_AT_name
	.long	3674                            @ DW_AT_type
	.byte	6                               @ DW_AT_decl_file
	.short	3503                            @ DW_AT_decl_line
	.short	1288                            @ DW_AT_data_member_location
	.byte	21                              @ Abbrev [21] 0xde7:0xe DW_TAG_member
	.long	.Linfo_string244                @ DW_AT_name
	.long	320                             @ DW_AT_type
	.byte	6                               @ DW_AT_decl_file
	.short	3504                            @ DW_AT_decl_line
	.short	3728                            @ DW_AT_data_member_location
	.byte	21                              @ Abbrev [21] 0xdf5:0xe DW_TAG_member
	.long	.Linfo_string245                @ DW_AT_name
	.long	1251                            @ DW_AT_type
	.byte	6                               @ DW_AT_decl_file
	.short	3505                            @ DW_AT_decl_line
	.short	3732                            @ DW_AT_data_member_location
	.byte	21                              @ Abbrev [21] 0xe03:0xe DW_TAG_member
	.long	.Linfo_string246                @ DW_AT_name
	.long	1251                            @ DW_AT_type
	.byte	6                               @ DW_AT_decl_file
	.short	3506                            @ DW_AT_decl_line
	.short	3736                            @ DW_AT_data_member_location
	.byte	0                               @ End Of Children Mark
	.byte	14                              @ Abbrev [14] 0xe12:0xc DW_TAG_array_type
	.long	1251                            @ DW_AT_type
	.byte	15                              @ Abbrev [15] 0xe17:0x6 DW_TAG_subrange_type
	.long	675                             @ DW_AT_type
	.byte	15                              @ DW_AT_count
	.byte	0                               @ End Of Children Mark
	.byte	14                              @ Abbrev [14] 0xe1e:0xc DW_TAG_array_type
	.long	1251                            @ DW_AT_type
	.byte	15                              @ Abbrev [15] 0xe23:0x6 DW_TAG_subrange_type
	.long	675                             @ DW_AT_type
	.byte	22                              @ DW_AT_count
	.byte	0                               @ End Of Children Mark
	.byte	14                              @ Abbrev [14] 0xe2a:0xc DW_TAG_array_type
	.long	1251                            @ DW_AT_type
	.byte	15                              @ Abbrev [15] 0xe2f:0x6 DW_TAG_subrange_type
	.long	675                             @ DW_AT_type
	.byte	3                               @ DW_AT_count
	.byte	0                               @ End Of Children Mark
	.byte	14                              @ Abbrev [14] 0xe36:0xc DW_TAG_array_type
	.long	1251                            @ DW_AT_type
	.byte	15                              @ Abbrev [15] 0xe3b:0x6 DW_TAG_subrange_type
	.long	675                             @ DW_AT_type
	.byte	49                              @ DW_AT_count
	.byte	0                               @ End Of Children Mark
	.byte	14                              @ Abbrev [14] 0xe42:0xc DW_TAG_array_type
	.long	1251                            @ DW_AT_type
	.byte	15                              @ Abbrev [15] 0xe47:0x6 DW_TAG_subrange_type
	.long	675                             @ DW_AT_type
	.byte	7                               @ DW_AT_count
	.byte	0                               @ End Of Children Mark
	.byte	14                              @ Abbrev [14] 0xe4e:0xc DW_TAG_array_type
	.long	1251                            @ DW_AT_type
	.byte	15                              @ Abbrev [15] 0xe53:0x6 DW_TAG_subrange_type
	.long	675                             @ DW_AT_type
	.byte	88                              @ DW_AT_count
	.byte	0                               @ End Of Children Mark
	.byte	14                              @ Abbrev [14] 0xe5a:0xd DW_TAG_array_type
	.long	1251                            @ DW_AT_type
	.byte	25                              @ Abbrev [25] 0xe5f:0x7 DW_TAG_subrange_type
	.long	675                             @ DW_AT_type
	.short	610                             @ DW_AT_count
	.byte	0                               @ End Of Children Mark
	.byte	4                               @ Abbrev [4] 0xe67:0x5 DW_TAG_pointer_type
	.long	3692                            @ DW_AT_type
	.byte	3                               @ Abbrev [3] 0xe6c:0xc DW_TAG_typedef
	.long	3704                            @ DW_AT_type
	.long	.Linfo_string277                @ DW_AT_name
	.byte	7                               @ DW_AT_decl_file
	.short	466                             @ DW_AT_decl_line
	.byte	24                              @ Abbrev [24] 0xe78:0x20c DW_TAG_structure_type
	.short	448                             @ DW_AT_byte_size
	.byte	7                               @ DW_AT_decl_file
	.byte	28                              @ DW_AT_decl_line
	.byte	18                              @ Abbrev [18] 0xe7d:0xd DW_TAG_member
	.long	.Linfo_string99                 @ DW_AT_name
	.long	320                             @ DW_AT_type
	.byte	7                               @ DW_AT_decl_file
	.short	427                             @ DW_AT_decl_line
	.byte	0                               @ DW_AT_data_member_location
	.byte	18                              @ Abbrev [18] 0xe8a:0xd DW_TAG_member
	.long	.Linfo_string248                @ DW_AT_name
	.long	320                             @ DW_AT_type
	.byte	7                               @ DW_AT_decl_file
	.short	428                             @ DW_AT_decl_line
	.byte	4                               @ DW_AT_data_member_location
	.byte	18                              @ Abbrev [18] 0xe97:0xd DW_TAG_member
	.long	.Linfo_string100                @ DW_AT_name
	.long	320                             @ DW_AT_type
	.byte	7                               @ DW_AT_decl_file
	.short	429                             @ DW_AT_decl_line
	.byte	8                               @ DW_AT_data_member_location
	.byte	18                              @ Abbrev [18] 0xea4:0xd DW_TAG_member
	.long	.Linfo_string101                @ DW_AT_name
	.long	320                             @ DW_AT_type
	.byte	7                               @ DW_AT_decl_file
	.short	430                             @ DW_AT_decl_line
	.byte	12                              @ DW_AT_data_member_location
	.byte	18                              @ Abbrev [18] 0xeb1:0xd DW_TAG_member
	.long	.Linfo_string249                @ DW_AT_name
	.long	320                             @ DW_AT_type
	.byte	7                               @ DW_AT_decl_file
	.short	431                             @ DW_AT_decl_line
	.byte	16                              @ DW_AT_data_member_location
	.byte	18                              @ Abbrev [18] 0xebe:0xd DW_TAG_member
	.long	.Linfo_string55                 @ DW_AT_name
	.long	3626                            @ DW_AT_type
	.byte	7                               @ DW_AT_decl_file
	.short	432                             @ DW_AT_decl_line
	.byte	20                              @ DW_AT_data_member_location
	.byte	18                              @ Abbrev [18] 0xecb:0xd DW_TAG_member
	.long	.Linfo_string250                @ DW_AT_name
	.long	320                             @ DW_AT_type
	.byte	7                               @ DW_AT_decl_file
	.short	433                             @ DW_AT_decl_line
	.byte	32                              @ DW_AT_data_member_location
	.byte	18                              @ Abbrev [18] 0xed8:0xd DW_TAG_member
	.long	.Linfo_string251                @ DW_AT_name
	.long	320                             @ DW_AT_type
	.byte	7                               @ DW_AT_decl_file
	.short	434                             @ DW_AT_decl_line
	.byte	36                              @ DW_AT_data_member_location
	.byte	18                              @ Abbrev [18] 0xee5:0xd DW_TAG_member
	.long	.Linfo_string252                @ DW_AT_name
	.long	320                             @ DW_AT_type
	.byte	7                               @ DW_AT_decl_file
	.short	435                             @ DW_AT_decl_line
	.byte	40                              @ DW_AT_data_member_location
	.byte	18                              @ Abbrev [18] 0xef2:0xd DW_TAG_member
	.long	.Linfo_string253                @ DW_AT_name
	.long	320                             @ DW_AT_type
	.byte	7                               @ DW_AT_decl_file
	.short	436                             @ DW_AT_decl_line
	.byte	44                              @ DW_AT_data_member_location
	.byte	18                              @ Abbrev [18] 0xeff:0xd DW_TAG_member
	.long	.Linfo_string254                @ DW_AT_name
	.long	320                             @ DW_AT_type
	.byte	7                               @ DW_AT_decl_file
	.short	437                             @ DW_AT_decl_line
	.byte	48                              @ DW_AT_data_member_location
	.byte	18                              @ Abbrev [18] 0xf0c:0xd DW_TAG_member
	.long	.Linfo_string255                @ DW_AT_name
	.long	320                             @ DW_AT_type
	.byte	7                               @ DW_AT_decl_file
	.short	438                             @ DW_AT_decl_line
	.byte	52                              @ DW_AT_data_member_location
	.byte	18                              @ Abbrev [18] 0xf19:0xd DW_TAG_member
	.long	.Linfo_string57                 @ DW_AT_name
	.long	1256                            @ DW_AT_type
	.byte	7                               @ DW_AT_decl_file
	.short	439                             @ DW_AT_decl_line
	.byte	56                              @ DW_AT_data_member_location
	.byte	18                              @ Abbrev [18] 0xf26:0xd DW_TAG_member
	.long	.Linfo_string256                @ DW_AT_name
	.long	320                             @ DW_AT_type
	.byte	7                               @ DW_AT_decl_file
	.short	440                             @ DW_AT_decl_line
	.byte	60                              @ DW_AT_data_member_location
	.byte	18                              @ Abbrev [18] 0xf33:0xd DW_TAG_member
	.long	.Linfo_string257                @ DW_AT_name
	.long	320                             @ DW_AT_type
	.byte	7                               @ DW_AT_decl_file
	.short	441                             @ DW_AT_decl_line
	.byte	64                              @ DW_AT_data_member_location
	.byte	18                              @ Abbrev [18] 0xf40:0xd DW_TAG_member
	.long	.Linfo_string258                @ DW_AT_name
	.long	320                             @ DW_AT_type
	.byte	7                               @ DW_AT_decl_file
	.short	442                             @ DW_AT_decl_line
	.byte	68                              @ DW_AT_data_member_location
	.byte	18                              @ Abbrev [18] 0xf4d:0xd DW_TAG_member
	.long	.Linfo_string259                @ DW_AT_name
	.long	320                             @ DW_AT_type
	.byte	7                               @ DW_AT_decl_file
	.short	443                             @ DW_AT_decl_line
	.byte	72                              @ DW_AT_data_member_location
	.byte	18                              @ Abbrev [18] 0xf5a:0xd DW_TAG_member
	.long	.Linfo_string260                @ DW_AT_name
	.long	320                             @ DW_AT_type
	.byte	7                               @ DW_AT_decl_file
	.short	444                             @ DW_AT_decl_line
	.byte	76                              @ DW_AT_data_member_location
	.byte	18                              @ Abbrev [18] 0xf67:0xd DW_TAG_member
	.long	.Linfo_string261                @ DW_AT_name
	.long	1251                            @ DW_AT_type
	.byte	7                               @ DW_AT_decl_file
	.short	445                             @ DW_AT_decl_line
	.byte	80                              @ DW_AT_data_member_location
	.byte	18                              @ Abbrev [18] 0xf74:0xd DW_TAG_member
	.long	.Linfo_string262                @ DW_AT_name
	.long	1251                            @ DW_AT_type
	.byte	7                               @ DW_AT_decl_file
	.short	446                             @ DW_AT_decl_line
	.byte	84                              @ DW_AT_data_member_location
	.byte	18                              @ Abbrev [18] 0xf81:0xd DW_TAG_member
	.long	.Linfo_string263                @ DW_AT_name
	.long	1251                            @ DW_AT_type
	.byte	7                               @ DW_AT_decl_file
	.short	447                             @ DW_AT_decl_line
	.byte	88                              @ DW_AT_data_member_location
	.byte	18                              @ Abbrev [18] 0xf8e:0xd DW_TAG_member
	.long	.Linfo_string264                @ DW_AT_name
	.long	1251                            @ DW_AT_type
	.byte	7                               @ DW_AT_decl_file
	.short	448                             @ DW_AT_decl_line
	.byte	92                              @ DW_AT_data_member_location
	.byte	18                              @ Abbrev [18] 0xf9b:0xd DW_TAG_member
	.long	.Linfo_string265                @ DW_AT_name
	.long	320                             @ DW_AT_type
	.byte	7                               @ DW_AT_decl_file
	.short	449                             @ DW_AT_decl_line
	.byte	96                              @ DW_AT_data_member_location
	.byte	18                              @ Abbrev [18] 0xfa8:0xd DW_TAG_member
	.long	.Linfo_string93                 @ DW_AT_name
	.long	3650                            @ DW_AT_type
	.byte	7                               @ DW_AT_decl_file
	.short	450                             @ DW_AT_decl_line
	.byte	100                             @ DW_AT_data_member_location
	.byte	18                              @ Abbrev [18] 0xfb5:0xd DW_TAG_member
	.long	.Linfo_string266                @ DW_AT_name
	.long	320                             @ DW_AT_type
	.byte	7                               @ DW_AT_decl_file
	.short	451                             @ DW_AT_decl_line
	.byte	128                             @ DW_AT_data_member_location
	.byte	18                              @ Abbrev [18] 0xfc2:0xd DW_TAG_member
	.long	.Linfo_string267                @ DW_AT_name
	.long	320                             @ DW_AT_type
	.byte	7                               @ DW_AT_decl_file
	.short	452                             @ DW_AT_decl_line
	.byte	132                             @ DW_AT_data_member_location
	.byte	18                              @ Abbrev [18] 0xfcf:0xd DW_TAG_member
	.long	.Linfo_string268                @ DW_AT_name
	.long	320                             @ DW_AT_type
	.byte	7                               @ DW_AT_decl_file
	.short	453                             @ DW_AT_decl_line
	.byte	136                             @ DW_AT_data_member_location
	.byte	18                              @ Abbrev [18] 0xfdc:0xd DW_TAG_member
	.long	.Linfo_string129                @ DW_AT_name
	.long	4228                            @ DW_AT_type
	.byte	7                               @ DW_AT_decl_file
	.short	454                             @ DW_AT_decl_line
	.byte	140                             @ DW_AT_data_member_location
	.byte	21                              @ Abbrev [21] 0xfe9:0xe DW_TAG_member
	.long	.Linfo_string269                @ DW_AT_name
	.long	320                             @ DW_AT_type
	.byte	7                               @ DW_AT_decl_file
	.short	455                             @ DW_AT_decl_line
	.short	256                             @ DW_AT_data_member_location
	.byte	21                              @ Abbrev [21] 0xff7:0xe DW_TAG_member
	.long	.Linfo_string270                @ DW_AT_name
	.long	320                             @ DW_AT_type
	.byte	7                               @ DW_AT_decl_file
	.short	456                             @ DW_AT_decl_line
	.short	260                             @ DW_AT_data_member_location
	.byte	21                              @ Abbrev [21] 0x1005:0xe DW_TAG_member
	.long	.Linfo_string131                @ DW_AT_name
	.long	4240                            @ DW_AT_type
	.byte	7                               @ DW_AT_decl_file
	.short	457                             @ DW_AT_decl_line
	.short	264                             @ DW_AT_data_member_location
	.byte	21                              @ Abbrev [21] 0x1013:0xe DW_TAG_member
	.long	.Linfo_string271                @ DW_AT_name
	.long	320                             @ DW_AT_type
	.byte	7                               @ DW_AT_decl_file
	.short	458                             @ DW_AT_decl_line
	.short	272                             @ DW_AT_data_member_location
	.byte	21                              @ Abbrev [21] 0x1021:0xe DW_TAG_member
	.long	.Linfo_string272                @ DW_AT_name
	.long	1251                            @ DW_AT_type
	.byte	7                               @ DW_AT_decl_file
	.short	459                             @ DW_AT_decl_line
	.short	276                             @ DW_AT_data_member_location
	.byte	21                              @ Abbrev [21] 0x102f:0xe DW_TAG_member
	.long	.Linfo_string135                @ DW_AT_name
	.long	4240                            @ DW_AT_type
	.byte	7                               @ DW_AT_decl_file
	.short	460                             @ DW_AT_decl_line
	.short	280                             @ DW_AT_data_member_location
	.byte	21                              @ Abbrev [21] 0x103d:0xe DW_TAG_member
	.long	.Linfo_string273                @ DW_AT_name
	.long	320                             @ DW_AT_type
	.byte	7                               @ DW_AT_decl_file
	.short	461                             @ DW_AT_decl_line
	.short	288                             @ DW_AT_data_member_location
	.byte	21                              @ Abbrev [21] 0x104b:0xe DW_TAG_member
	.long	.Linfo_string274                @ DW_AT_name
	.long	1251                            @ DW_AT_type
	.byte	7                               @ DW_AT_decl_file
	.short	462                             @ DW_AT_decl_line
	.short	292                             @ DW_AT_data_member_location
	.byte	21                              @ Abbrev [21] 0x1059:0xe DW_TAG_member
	.long	.Linfo_string139                @ DW_AT_name
	.long	4252                            @ DW_AT_type
	.byte	7                               @ DW_AT_decl_file
	.short	463                             @ DW_AT_decl_line
	.short	296                             @ DW_AT_data_member_location
	.byte	21                              @ Abbrev [21] 0x1067:0xe DW_TAG_member
	.long	.Linfo_string275                @ DW_AT_name
	.long	4264                            @ DW_AT_type
	.byte	7                               @ DW_AT_decl_file
	.short	464                             @ DW_AT_decl_line
	.short	320                             @ DW_AT_data_member_location
	.byte	21                              @ Abbrev [21] 0x1075:0xe DW_TAG_member
	.long	.Linfo_string276                @ DW_AT_name
	.long	4276                            @ DW_AT_type
	.byte	7                               @ DW_AT_decl_file
	.short	465                             @ DW_AT_decl_line
	.short	384                             @ DW_AT_data_member_location
	.byte	0                               @ End Of Children Mark
	.byte	14                              @ Abbrev [14] 0x1084:0xc DW_TAG_array_type
	.long	1251                            @ DW_AT_type
	.byte	15                              @ Abbrev [15] 0x1089:0x6 DW_TAG_subrange_type
	.long	675                             @ DW_AT_type
	.byte	29                              @ DW_AT_count
	.byte	0                               @ End Of Children Mark
	.byte	14                              @ Abbrev [14] 0x1090:0xc DW_TAG_array_type
	.long	1251                            @ DW_AT_type
	.byte	15                              @ Abbrev [15] 0x1095:0x6 DW_TAG_subrange_type
	.long	675                             @ DW_AT_type
	.byte	2                               @ DW_AT_count
	.byte	0                               @ End Of Children Mark
	.byte	14                              @ Abbrev [14] 0x109c:0xc DW_TAG_array_type
	.long	1251                            @ DW_AT_type
	.byte	15                              @ Abbrev [15] 0x10a1:0x6 DW_TAG_subrange_type
	.long	675                             @ DW_AT_type
	.byte	6                               @ DW_AT_count
	.byte	0                               @ End Of Children Mark
	.byte	14                              @ Abbrev [14] 0x10a8:0xc DW_TAG_array_type
	.long	320                             @ DW_AT_type
	.byte	15                              @ Abbrev [15] 0x10ad:0x6 DW_TAG_subrange_type
	.long	675                             @ DW_AT_type
	.byte	16                              @ DW_AT_count
	.byte	0                               @ End Of Children Mark
	.byte	14                              @ Abbrev [14] 0x10b4:0xc DW_TAG_array_type
	.long	1251                            @ DW_AT_type
	.byte	15                              @ Abbrev [15] 0x10b9:0x6 DW_TAG_subrange_type
	.long	675                             @ DW_AT_type
	.byte	16                              @ DW_AT_count
	.byte	0                               @ End Of Children Mark
	.byte	26                              @ Abbrev [26] 0x10c0:0x52 DW_TAG_subprogram
	.long	.Lfunc_begin0                   @ DW_AT_low_pc
	.long	.Lfunc_end0-.Lfunc_begin0       @ DW_AT_high_pc
	.byte	1                               @ DW_AT_frame_base
	.byte	93
                                        @ DW_AT_GNU_all_call_sites
	.long	.Linfo_string289                @ DW_AT_name
	.byte	2                               @ DW_AT_decl_file
	.byte	68                              @ DW_AT_decl_line
                                        @ DW_AT_prototyped
	.long	5529                            @ DW_AT_type
                                        @ DW_AT_external
	.byte	27                              @ Abbrev [27] 0x10d5:0xf DW_TAG_formal_parameter
	.long	.Ldebug_loc0                    @ DW_AT_location
	.long	.Linfo_string304                @ DW_AT_name
	.byte	2                               @ DW_AT_decl_file
	.byte	68                              @ DW_AT_decl_line
	.long	474                             @ DW_AT_type
	.byte	27                              @ Abbrev [27] 0x10e4:0xf DW_TAG_formal_parameter
	.long	.Ldebug_loc1                    @ DW_AT_location
	.long	.Linfo_string305                @ DW_AT_name
	.byte	2                               @ DW_AT_decl_file
	.byte	68                              @ DW_AT_decl_line
	.long	90                              @ DW_AT_type
	.byte	27                              @ Abbrev [27] 0x10f3:0xf DW_TAG_formal_parameter
	.long	.Ldebug_loc2                    @ DW_AT_location
	.long	.Linfo_string306                @ DW_AT_name
	.byte	2                               @ DW_AT_decl_file
	.byte	68                              @ DW_AT_decl_line
	.long	119                             @ DW_AT_type
	.byte	28                              @ Abbrev [28] 0x1102:0xf DW_TAG_variable
	.long	.Ldebug_loc3                    @ DW_AT_location
	.long	.Linfo_string307                @ DW_AT_name
	.byte	2                               @ DW_AT_decl_file
	.byte	70                              @ DW_AT_decl_line
	.long	143                             @ DW_AT_type
	.byte	0                               @ End Of Children Mark
	.byte	29                              @ Abbrev [29] 0x1112:0x11 DW_TAG_subprogram
	.long	.Lfunc_begin1                   @ DW_AT_low_pc
	.long	.Lfunc_end1-.Lfunc_begin1       @ DW_AT_high_pc
	.byte	1                               @ DW_AT_frame_base
	.byte	93
                                        @ DW_AT_GNU_all_call_sites
	.long	.Linfo_string292                @ DW_AT_name
	.byte	2                               @ DW_AT_decl_file
	.byte	104                             @ DW_AT_decl_line
                                        @ DW_AT_prototyped
                                        @ DW_AT_external
	.byte	30                              @ Abbrev [30] 0x1123:0x29 DW_TAG_subprogram
	.long	.Lfunc_begin2                   @ DW_AT_low_pc
	.long	.Lfunc_end2-.Lfunc_begin2       @ DW_AT_high_pc
	.byte	1                               @ DW_AT_frame_base
	.byte	93
                                        @ DW_AT_GNU_all_call_sites
	.long	.Linfo_string293                @ DW_AT_name
	.byte	2                               @ DW_AT_decl_file
	.byte	120                             @ DW_AT_decl_line
                                        @ DW_AT_prototyped
                                        @ DW_AT_external
	.byte	31                              @ Abbrev [31] 0x1134:0x9 DW_TAG_GNU_call_site
	.long	4428                            @ DW_AT_abstract_origin
                                        @ DW_AT_GNU_tail_call
	.long	.Ltmp21                         @ DW_AT_low_pc
	.byte	32                              @ Abbrev [32] 0x113d:0x7 DW_TAG_GNU_call_site
	.byte	1                               @ DW_AT_GNU_call_site_target
	.byte	80
                                        @ DW_AT_GNU_tail_call
	.long	.Ltmp25                         @ DW_AT_low_pc
	.byte	32                              @ Abbrev [32] 0x1144:0x7 DW_TAG_GNU_call_site
	.byte	1                               @ DW_AT_GNU_call_site_target
	.byte	80
                                        @ DW_AT_GNU_tail_call
	.long	.Ltmp30                         @ DW_AT_low_pc
	.byte	0                               @ End Of Children Mark
	.byte	33                              @ Abbrev [33] 0x114c:0xcb DW_TAG_subprogram
	.long	.Lfunc_begin3                   @ DW_AT_low_pc
	.long	.Lfunc_end3-.Lfunc_begin3       @ DW_AT_high_pc
	.byte	1                               @ DW_AT_frame_base
	.byte	93
                                        @ DW_AT_GNU_all_call_sites
	.long	.Linfo_string294                @ DW_AT_name
	.byte	2                               @ DW_AT_decl_file
	.short	381                             @ DW_AT_decl_line
                                        @ DW_AT_prototyped
                                        @ DW_AT_external
	.byte	34                              @ Abbrev [34] 0x115e:0x2a DW_TAG_lexical_block
	.long	.Ltmp45                         @ DW_AT_low_pc
	.long	.Ltmp94-.Ltmp45                 @ DW_AT_high_pc
	.byte	35                              @ Abbrev [35] 0x1167:0x10 DW_TAG_variable
	.long	.Ldebug_loc4                    @ DW_AT_location
	.long	.Linfo_string283                @ DW_AT_name
	.byte	2                               @ DW_AT_decl_file
	.short	481                             @ DW_AT_decl_line
	.long	143                             @ DW_AT_type
	.byte	35                              @ Abbrev [35] 0x1177:0x10 DW_TAG_variable
	.long	.Ldebug_loc5                    @ DW_AT_location
	.long	.Linfo_string308                @ DW_AT_name
	.byte	2                               @ DW_AT_decl_file
	.short	481                             @ DW_AT_decl_line
	.long	143                             @ DW_AT_type
	.byte	0                               @ End Of Children Mark
	.byte	34                              @ Abbrev [34] 0x1188:0x1a DW_TAG_lexical_block
	.long	.Ltmp96                         @ DW_AT_low_pc
	.long	.Ltmp101-.Ltmp96                @ DW_AT_high_pc
	.byte	35                              @ Abbrev [35] 0x1191:0x10 DW_TAG_variable
	.long	.Ldebug_loc6                    @ DW_AT_location
	.long	.Linfo_string309                @ DW_AT_name
	.byte	2                               @ DW_AT_decl_file
	.short	428                             @ DW_AT_decl_line
	.long	200                             @ DW_AT_type
	.byte	0                               @ End Of Children Mark
	.byte	34                              @ Abbrev [34] 0x11a2:0x1a DW_TAG_lexical_block
	.long	.Ltmp134                        @ DW_AT_low_pc
	.long	.Ltmp137-.Ltmp134               @ DW_AT_high_pc
	.byte	35                              @ Abbrev [35] 0x11ab:0x10 DW_TAG_variable
	.long	.Ldebug_loc8                    @ DW_AT_location
	.long	.Linfo_string310                @ DW_AT_name
	.byte	2                               @ DW_AT_decl_file
	.short	452                             @ DW_AT_decl_line
	.long	200                             @ DW_AT_type
	.byte	0                               @ End Of Children Mark
	.byte	36                              @ Abbrev [36] 0x11bc:0x11 DW_TAG_inlined_subroutine
	.long	4631                            @ DW_AT_abstract_origin
	.long	.Ltmp139                        @ DW_AT_low_pc
	.long	.Ltmp140-.Ltmp139               @ DW_AT_high_pc
	.byte	2                               @ DW_AT_call_file
	.short	457                             @ DW_AT_call_line
	.byte	17                              @ DW_AT_call_column
	.byte	37                              @ Abbrev [37] 0x11cd:0x21 DW_TAG_inlined_subroutine
	.long	4631                            @ DW_AT_abstract_origin
	.long	.Ltmp119                        @ DW_AT_low_pc
	.long	.Ltmp121-.Ltmp119               @ DW_AT_high_pc
	.byte	2                               @ DW_AT_call_file
	.short	395                             @ DW_AT_call_line
	.byte	17                              @ DW_AT_call_column
	.byte	38                              @ Abbrev [38] 0x11de:0x9 DW_TAG_formal_parameter
	.long	.Ldebug_loc7                    @ DW_AT_location
	.long	4640                            @ DW_AT_abstract_origin
	.byte	39                              @ Abbrev [39] 0x11e7:0x6 DW_TAG_formal_parameter
	.byte	1                               @ DW_AT_const_value
	.long	4652                            @ DW_AT_abstract_origin
	.byte	0                               @ End Of Children Mark
	.byte	37                              @ Abbrev [37] 0x11ee:0x1d DW_TAG_inlined_subroutine
	.long	4631                            @ DW_AT_abstract_origin
	.long	.Ltmp121                        @ DW_AT_low_pc
	.long	.Ltmp122-.Ltmp121               @ DW_AT_high_pc
	.byte	2                               @ DW_AT_call_file
	.short	416                             @ DW_AT_call_line
	.byte	17                              @ DW_AT_call_column
	.byte	40                              @ Abbrev [40] 0x11ff:0x5 DW_TAG_formal_parameter
	.long	4640                            @ DW_AT_abstract_origin
	.byte	39                              @ Abbrev [39] 0x1204:0x6 DW_TAG_formal_parameter
	.byte	1                               @ DW_AT_const_value
	.long	4652                            @ DW_AT_abstract_origin
	.byte	0                               @ End Of Children Mark
	.byte	41                              @ Abbrev [41] 0x120b:0xb DW_TAG_inlined_subroutine
	.long	4631                            @ DW_AT_abstract_origin
	.long	.Ldebug_ranges0                 @ DW_AT_ranges
	.byte	2                               @ DW_AT_call_file
	.byte	0                               @ DW_AT_call_line
	.byte	0                               @ End Of Children Mark
	.byte	42                              @ Abbrev [42] 0x1217:0x22 DW_TAG_subprogram
	.long	.Linfo_string278                @ DW_AT_name
	.byte	2                               @ DW_AT_decl_file
	.short	699                             @ DW_AT_decl_line
                                        @ DW_AT_prototyped
                                        @ DW_AT_external
	.byte	1                               @ DW_AT_inline
	.byte	43                              @ Abbrev [43] 0x1220:0xc DW_TAG_formal_parameter
	.long	.Linfo_string279                @ DW_AT_name
	.byte	2                               @ DW_AT_decl_file
	.short	699                             @ DW_AT_decl_line
	.long	631                             @ DW_AT_type
	.byte	43                              @ Abbrev [43] 0x122c:0xc DW_TAG_formal_parameter
	.long	.Linfo_string280                @ DW_AT_name
	.byte	2                               @ DW_AT_decl_file
	.short	699                             @ DW_AT_decl_line
	.long	143                             @ DW_AT_type
	.byte	0                               @ End Of Children Mark
	.byte	26                              @ Abbrev [26] 0x1239:0xa4 DW_TAG_subprogram
	.long	.Lfunc_begin4                   @ DW_AT_low_pc
	.long	.Lfunc_end4-.Lfunc_begin4       @ DW_AT_high_pc
	.byte	1                               @ DW_AT_frame_base
	.byte	93
                                        @ DW_AT_GNU_all_call_sites
	.long	.Linfo_string295                @ DW_AT_name
	.byte	2                               @ DW_AT_decl_file
	.byte	176                             @ DW_AT_decl_line
                                        @ DW_AT_prototyped
	.long	5540                            @ DW_AT_type
                                        @ DW_AT_external
	.byte	28                              @ Abbrev [28] 0x124e:0xf DW_TAG_variable
	.long	.Ldebug_loc9                    @ DW_AT_location
	.long	.Linfo_string311                @ DW_AT_name
	.byte	2                               @ DW_AT_decl_file
	.byte	179                             @ DW_AT_decl_line
	.long	5540                            @ DW_AT_type
	.byte	28                              @ Abbrev [28] 0x125d:0xf DW_TAG_variable
	.long	.Ldebug_loc10                   @ DW_AT_location
	.long	.Linfo_string312                @ DW_AT_name
	.byte	2                               @ DW_AT_decl_file
	.byte	178                             @ DW_AT_decl_line
	.long	143                             @ DW_AT_type
	.byte	34                              @ Abbrev [34] 0x126c:0x3a DW_TAG_lexical_block
	.long	.Ltmp154                        @ DW_AT_low_pc
	.long	.Ltmp158-.Ltmp154               @ DW_AT_high_pc
	.byte	35                              @ Abbrev [35] 0x1275:0x10 DW_TAG_variable
	.long	.Ldebug_loc11                   @ DW_AT_location
	.long	.Linfo_string313                @ DW_AT_name
	.byte	2                               @ DW_AT_decl_file
	.short	311                             @ DW_AT_decl_line
	.long	143                             @ DW_AT_type
	.byte	37                              @ Abbrev [37] 0x1285:0x20 DW_TAG_inlined_subroutine
	.long	4631                            @ DW_AT_abstract_origin
	.long	.Ltmp157                        @ DW_AT_low_pc
	.long	.Ltmp158-.Ltmp157               @ DW_AT_high_pc
	.byte	2                               @ DW_AT_call_file
	.short	314                             @ DW_AT_call_line
	.byte	13                              @ DW_AT_call_column
	.byte	44                              @ Abbrev [44] 0x1296:0x7 DW_TAG_formal_parameter
	.byte	1                               @ DW_AT_location
	.byte	80
	.long	4640                            @ DW_AT_abstract_origin
	.byte	44                              @ Abbrev [44] 0x129d:0x7 DW_TAG_formal_parameter
	.byte	1                               @ DW_AT_location
	.byte	94
	.long	4652                            @ DW_AT_abstract_origin
	.byte	0                               @ End Of Children Mark
	.byte	0                               @ End Of Children Mark
	.byte	34                              @ Abbrev [34] 0x12a6:0x15 DW_TAG_lexical_block
	.long	.Ltmp159                        @ DW_AT_low_pc
	.long	.Ltmp164-.Ltmp159               @ DW_AT_high_pc
	.byte	45                              @ Abbrev [45] 0x12af:0xb DW_TAG_variable
	.long	.Linfo_string314                @ DW_AT_name
	.byte	2                               @ DW_AT_decl_file
	.byte	197                             @ DW_AT_decl_line
	.long	143                             @ DW_AT_type
	.byte	0                               @ End Of Children Mark
	.byte	41                              @ Abbrev [41] 0x12bb:0xb DW_TAG_inlined_subroutine
	.long	4631                            @ DW_AT_abstract_origin
	.long	.Ldebug_ranges1                 @ DW_AT_ranges
	.byte	2                               @ DW_AT_call_file
	.byte	0                               @ DW_AT_call_line
	.byte	34                              @ Abbrev [34] 0x12c6:0x16 DW_TAG_lexical_block
	.long	.Ltmp180                        @ DW_AT_low_pc
	.long	.Ltmp184-.Ltmp180               @ DW_AT_high_pc
	.byte	46                              @ Abbrev [46] 0x12cf:0xc DW_TAG_variable
	.long	.Linfo_string314                @ DW_AT_name
	.byte	2                               @ DW_AT_decl_file
	.short	268                             @ DW_AT_decl_line
	.long	143                             @ DW_AT_type
	.byte	0                               @ End Of Children Mark
	.byte	0                               @ End Of Children Mark
	.byte	47                              @ Abbrev [47] 0x12dd:0x20 DW_TAG_subprogram
	.long	.Lfunc_begin5                   @ DW_AT_low_pc
	.long	.Lfunc_end5-.Lfunc_begin5       @ DW_AT_high_pc
	.byte	1                               @ DW_AT_frame_base
	.byte	93
                                        @ DW_AT_GNU_all_call_sites
	.long	4631                            @ DW_AT_abstract_origin
	.byte	38                              @ Abbrev [38] 0x12ec:0x9 DW_TAG_formal_parameter
	.long	.Ldebug_loc12                   @ DW_AT_location
	.long	4640                            @ DW_AT_abstract_origin
	.byte	44                              @ Abbrev [44] 0x12f5:0x7 DW_TAG_formal_parameter
	.byte	1                               @ DW_AT_location
	.byte	81
	.long	4652                            @ DW_AT_abstract_origin
	.byte	0                               @ End Of Children Mark
	.byte	48                              @ Abbrev [48] 0x12fd:0x47 DW_TAG_subprogram
	.long	.Lfunc_begin6                   @ DW_AT_low_pc
	.long	.Lfunc_end6-.Lfunc_begin6       @ DW_AT_high_pc
	.byte	1                               @ DW_AT_frame_base
	.byte	93
                                        @ DW_AT_GNU_all_call_sites
	.long	.Linfo_string296                @ DW_AT_name
	.byte	1                               @ DW_AT_decl_file
	.short	375                             @ DW_AT_decl_line
                                        @ DW_AT_prototyped
	.long	143                             @ DW_AT_type
	.byte	49                              @ Abbrev [49] 0x1313:0x10 DW_TAG_formal_parameter
	.long	.Ldebug_loc13                   @ DW_AT_location
	.long	.Linfo_string282                @ DW_AT_name
	.byte	1                               @ DW_AT_decl_file
	.short	375                             @ DW_AT_decl_line
	.long	143                             @ DW_AT_type
	.byte	35                              @ Abbrev [35] 0x1323:0x10 DW_TAG_variable
	.long	.Ldebug_loc14                   @ DW_AT_location
	.long	.Linfo_string283                @ DW_AT_name
	.byte	1                               @ DW_AT_decl_file
	.short	377                             @ DW_AT_decl_line
	.long	143                             @ DW_AT_type
	.byte	35                              @ Abbrev [35] 0x1333:0x10 DW_TAG_variable
	.long	.Ldebug_loc15                   @ DW_AT_location
	.long	.Linfo_string311                @ DW_AT_name
	.byte	1                               @ DW_AT_decl_file
	.short	378                             @ DW_AT_decl_line
	.long	143                             @ DW_AT_type
	.byte	0                               @ End Of Children Mark
	.byte	50                              @ Abbrev [50] 0x1344:0x22 DW_TAG_subprogram
	.long	.Linfo_string281                @ DW_AT_name
	.byte	1                               @ DW_AT_decl_file
	.short	341                             @ DW_AT_decl_line
                                        @ DW_AT_prototyped
	.byte	1                               @ DW_AT_inline
	.byte	43                              @ Abbrev [43] 0x134d:0xc DW_TAG_formal_parameter
	.long	.Linfo_string282                @ DW_AT_name
	.byte	1                               @ DW_AT_decl_file
	.short	341                             @ DW_AT_decl_line
	.long	143                             @ DW_AT_type
	.byte	46                              @ Abbrev [46] 0x1359:0xc DW_TAG_variable
	.long	.Linfo_string283                @ DW_AT_name
	.byte	1                               @ DW_AT_decl_file
	.short	343                             @ DW_AT_decl_line
	.long	143                             @ DW_AT_type
	.byte	0                               @ End Of Children Mark
	.byte	50                              @ Abbrev [50] 0x1366:0x22 DW_TAG_subprogram
	.long	.Linfo_string284                @ DW_AT_name
	.byte	1                               @ DW_AT_decl_file
	.short	302                             @ DW_AT_decl_line
                                        @ DW_AT_prototyped
	.byte	1                               @ DW_AT_inline
	.byte	43                              @ Abbrev [43] 0x136f:0xc DW_TAG_formal_parameter
	.long	.Linfo_string282                @ DW_AT_name
	.byte	1                               @ DW_AT_decl_file
	.short	302                             @ DW_AT_decl_line
	.long	143                             @ DW_AT_type
	.byte	46                              @ Abbrev [46] 0x137b:0xc DW_TAG_variable
	.long	.Linfo_string283                @ DW_AT_name
	.byte	1                               @ DW_AT_decl_file
	.short	304                             @ DW_AT_decl_line
	.long	143                             @ DW_AT_type
	.byte	0                               @ End Of Children Mark
	.byte	33                              @ Abbrev [33] 0x1388:0x85 DW_TAG_subprogram
	.long	.Lfunc_begin7                   @ DW_AT_low_pc
	.long	.Lfunc_end7-.Lfunc_begin7       @ DW_AT_high_pc
	.byte	1                               @ DW_AT_frame_base
	.byte	93
                                        @ DW_AT_GNU_all_call_sites
	.long	.Linfo_string297                @ DW_AT_name
	.byte	2                               @ DW_AT_decl_file
	.short	596                             @ DW_AT_decl_line
                                        @ DW_AT_prototyped
                                        @ DW_AT_external
	.byte	34                              @ Abbrev [34] 0x139a:0x3a DW_TAG_lexical_block
	.long	.Ltmp252                        @ DW_AT_low_pc
	.long	.Ltmp310-.Ltmp252               @ DW_AT_high_pc
	.byte	35                              @ Abbrev [35] 0x13a3:0x10 DW_TAG_variable
	.long	.Ldebug_loc18                   @ DW_AT_location
	.long	.Linfo_string315                @ DW_AT_name
	.byte	2                               @ DW_AT_decl_file
	.short	671                             @ DW_AT_decl_line
	.long	143                             @ DW_AT_type
	.byte	51                              @ Abbrev [51] 0x13b3:0x20 DW_TAG_inlined_subroutine
	.long	4932                            @ DW_AT_abstract_origin
	.long	.Ldebug_ranges2                 @ DW_AT_ranges
	.byte	2                               @ DW_AT_call_file
	.short	673                             @ DW_AT_call_line
	.byte	17                              @ DW_AT_call_column
	.byte	38                              @ Abbrev [38] 0x13c0:0x9 DW_TAG_formal_parameter
	.long	.Ldebug_loc17                   @ DW_AT_location
	.long	4941                            @ DW_AT_abstract_origin
	.byte	52                              @ Abbrev [52] 0x13c9:0x9 DW_TAG_variable
	.long	.Ldebug_loc16                   @ DW_AT_location
	.long	4953                            @ DW_AT_abstract_origin
	.byte	0                               @ End Of Children Mark
	.byte	0                               @ End Of Children Mark
	.byte	53                              @ Abbrev [53] 0x13d4:0x1f DW_TAG_lexical_block
	.long	.Ldebug_ranges3                 @ DW_AT_ranges
	.byte	46                              @ Abbrev [46] 0x13d9:0xc DW_TAG_variable
	.long	.Linfo_string315                @ DW_AT_name
	.byte	2                               @ DW_AT_decl_file
	.short	629                             @ DW_AT_decl_line
	.long	143                             @ DW_AT_type
	.byte	54                              @ Abbrev [54] 0x13e5:0xd DW_TAG_inlined_subroutine
	.long	4966                            @ DW_AT_abstract_origin
	.long	.Ldebug_ranges4                 @ DW_AT_ranges
	.byte	2                               @ DW_AT_call_file
	.short	631                             @ DW_AT_call_line
	.byte	17                              @ DW_AT_call_column
	.byte	0                               @ End Of Children Mark
	.byte	34                              @ Abbrev [34] 0x13f3:0x19 DW_TAG_lexical_block
	.long	.Ltmp324                        @ DW_AT_low_pc
	.long	.Ltmp332-.Ltmp324               @ DW_AT_high_pc
	.byte	55                              @ Abbrev [55] 0x13fc:0xf DW_TAG_variable
	.byte	2                               @ DW_AT_location
	.byte	145
	.byte	0
	.long	.Linfo_string283                @ DW_AT_name
	.byte	2                               @ DW_AT_decl_file
	.short	610                             @ DW_AT_decl_line
	.long	320                             @ DW_AT_type
	.byte	0                               @ End Of Children Mark
	.byte	0                               @ End Of Children Mark
	.byte	33                              @ Abbrev [33] 0x140d:0x43 DW_TAG_subprogram
	.long	.Lfunc_begin8                   @ DW_AT_low_pc
	.long	.Lfunc_end8-.Lfunc_begin8       @ DW_AT_high_pc
	.byte	1                               @ DW_AT_frame_base
	.byte	93
                                        @ DW_AT_GNU_all_call_sites
	.long	.Linfo_string298                @ DW_AT_name
	.byte	2                               @ DW_AT_decl_file
	.short	716                             @ DW_AT_decl_line
                                        @ DW_AT_prototyped
                                        @ DW_AT_external
	.byte	35                              @ Abbrev [35] 0x141f:0x10 DW_TAG_variable
	.long	.Ldebug_loc19                   @ DW_AT_location
	.long	.Linfo_string283                @ DW_AT_name
	.byte	2                               @ DW_AT_decl_file
	.short	718                             @ DW_AT_decl_line
	.long	143                             @ DW_AT_type
	.byte	35                              @ Abbrev [35] 0x142f:0x10 DW_TAG_variable
	.long	.Ldebug_loc20                   @ DW_AT_location
	.long	.Linfo_string316                @ DW_AT_name
	.byte	2                               @ DW_AT_decl_file
	.short	718                             @ DW_AT_decl_line
	.long	143                             @ DW_AT_type
	.byte	35                              @ Abbrev [35] 0x143f:0x10 DW_TAG_variable
	.long	.Ldebug_loc21                   @ DW_AT_location
	.long	.Linfo_string317                @ DW_AT_name
	.byte	2                               @ DW_AT_decl_file
	.short	719                             @ DW_AT_decl_line
	.long	200                             @ DW_AT_type
	.byte	0                               @ End Of Children Mark
	.byte	56                              @ Abbrev [56] 0x1450:0x57 DW_TAG_subprogram
	.long	.Lfunc_begin9                   @ DW_AT_low_pc
	.long	.Lfunc_end9-.Lfunc_begin9       @ DW_AT_high_pc
	.byte	1                               @ DW_AT_frame_base
	.byte	93
                                        @ DW_AT_GNU_all_call_sites
	.long	.Linfo_string299                @ DW_AT_name
	.byte	2                               @ DW_AT_decl_file
	.short	763                             @ DW_AT_decl_line
                                        @ DW_AT_prototyped
	.long	5529                            @ DW_AT_type
                                        @ DW_AT_external
	.byte	49                              @ Abbrev [49] 0x1466:0x10 DW_TAG_formal_parameter
	.long	.Ldebug_loc22                   @ DW_AT_location
	.long	.Linfo_string279                @ DW_AT_name
	.byte	2                               @ DW_AT_decl_file
	.short	763                             @ DW_AT_decl_line
	.long	631                             @ DW_AT_type
	.byte	49                              @ Abbrev [49] 0x1476:0x10 DW_TAG_formal_parameter
	.long	.Ldebug_loc23                   @ DW_AT_location
	.long	.Linfo_string280                @ DW_AT_name
	.byte	2                               @ DW_AT_decl_file
	.short	763                             @ DW_AT_decl_line
	.long	143                             @ DW_AT_type
	.byte	35                              @ Abbrev [35] 0x1486:0x10 DW_TAG_variable
	.long	.Ldebug_loc24                   @ DW_AT_location
	.long	.Linfo_string307                @ DW_AT_name
	.byte	2                               @ DW_AT_decl_file
	.short	766                             @ DW_AT_decl_line
	.long	143                             @ DW_AT_type
	.byte	35                              @ Abbrev [35] 0x1496:0x10 DW_TAG_variable
	.long	.Ldebug_loc25                   @ DW_AT_location
	.long	.Linfo_string283                @ DW_AT_name
	.byte	2                               @ DW_AT_decl_file
	.short	765                             @ DW_AT_decl_line
	.long	143                             @ DW_AT_type
	.byte	0                               @ End Of Children Mark
	.byte	57                              @ Abbrev [57] 0x14a7:0x12 DW_TAG_subprogram
	.long	.Lfunc_begin10                  @ DW_AT_low_pc
	.long	.Lfunc_end10-.Lfunc_begin10     @ DW_AT_high_pc
	.byte	1                               @ DW_AT_frame_base
	.byte	93
                                        @ DW_AT_GNU_all_call_sites
	.long	.Linfo_string300                @ DW_AT_name
	.byte	2                               @ DW_AT_decl_file
	.short	796                             @ DW_AT_decl_line
                                        @ DW_AT_prototyped
                                        @ DW_AT_external
	.byte	33                              @ Abbrev [33] 0x14b9:0x21 DW_TAG_subprogram
	.long	.Lfunc_begin11                  @ DW_AT_low_pc
	.long	.Lfunc_end11-.Lfunc_begin11     @ DW_AT_high_pc
	.byte	1                               @ DW_AT_frame_base
	.byte	93
                                        @ DW_AT_GNU_all_call_sites
	.long	.Linfo_string301                @ DW_AT_name
	.byte	2                               @ DW_AT_decl_file
	.short	817                             @ DW_AT_decl_line
                                        @ DW_AT_prototyped
                                        @ DW_AT_external
	.byte	58                              @ Abbrev [58] 0x14cb:0xe DW_TAG_formal_parameter
	.byte	1                               @ DW_AT_location
	.byte	80
	.long	.Linfo_string318                @ DW_AT_name
	.byte	2                               @ DW_AT_decl_file
	.short	817                             @ DW_AT_decl_line
	.long	55                              @ DW_AT_type
	.byte	0                               @ End Of Children Mark
	.byte	59                              @ Abbrev [59] 0x14da:0xd DW_TAG_subprogram
	.long	.Linfo_string285                @ DW_AT_name
	.byte	8                               @ DW_AT_decl_file
	.short	4330                            @ DW_AT_decl_line
                                        @ DW_AT_prototyped
	.long	143                             @ DW_AT_type
	.byte	1                               @ DW_AT_inline
	.byte	50                              @ Abbrev [50] 0x14e7:0x16 DW_TAG_subprogram
	.long	.Linfo_string286                @ DW_AT_name
	.byte	8                               @ DW_AT_decl_file
	.short	4255                            @ DW_AT_decl_line
                                        @ DW_AT_prototyped
	.byte	1                               @ DW_AT_inline
	.byte	46                              @ Abbrev [46] 0x14f0:0xc DW_TAG_variable
	.long	.Linfo_string287                @ DW_AT_name
	.byte	8                               @ DW_AT_decl_file
	.short	4257                            @ DW_AT_decl_line
	.long	143                             @ DW_AT_type
	.byte	0                               @ End Of Children Mark
	.byte	60                              @ Abbrev [60] 0x14fd:0x9 DW_TAG_subprogram
	.long	.Linfo_string288                @ DW_AT_name
	.byte	8                               @ DW_AT_decl_file
	.short	4276                            @ DW_AT_decl_line
                                        @ DW_AT_prototyped
	.byte	1                               @ DW_AT_inline
	.byte	33                              @ Abbrev [33] 0x1506:0x6c DW_TAG_subprogram
	.long	.Lfunc_begin12                  @ DW_AT_low_pc
	.long	.Lfunc_end12-.Lfunc_begin12     @ DW_AT_high_pc
	.byte	1                               @ DW_AT_frame_base
	.byte	93
                                        @ DW_AT_GNU_all_call_sites
	.long	.Linfo_string302                @ DW_AT_name
	.byte	2                               @ DW_AT_decl_file
	.short	832                             @ DW_AT_decl_line
                                        @ DW_AT_prototyped
                                        @ DW_AT_external
	.byte	35                              @ Abbrev [35] 0x1518:0x10 DW_TAG_variable
	.long	.Ldebug_loc27                   @ DW_AT_location
	.long	.Linfo_string283                @ DW_AT_name
	.byte	2                               @ DW_AT_decl_file
	.short	835                             @ DW_AT_decl_line
	.long	143                             @ DW_AT_type
	.byte	46                              @ Abbrev [46] 0x1528:0xc DW_TAG_variable
	.long	.Linfo_string319                @ DW_AT_name
	.byte	2                               @ DW_AT_decl_file
	.short	834                             @ DW_AT_decl_line
	.long	143                             @ DW_AT_type
	.byte	36                              @ Abbrev [36] 0x1534:0x11 DW_TAG_inlined_subroutine
	.long	5338                            @ DW_AT_abstract_origin
	.long	.Ltmp482                        @ DW_AT_low_pc
	.long	.Ltmp483-.Ltmp482               @ DW_AT_high_pc
	.byte	2                               @ DW_AT_call_file
	.short	834                             @ DW_AT_call_line
	.byte	32                              @ DW_AT_call_column
	.byte	37                              @ Abbrev [37] 0x1545:0x1b DW_TAG_inlined_subroutine
	.long	5351                            @ DW_AT_abstract_origin
	.long	.Ltmp484                        @ DW_AT_low_pc
	.long	.Ltmp502-.Ltmp484               @ DW_AT_high_pc
	.byte	2                               @ DW_AT_call_file
	.short	838                             @ DW_AT_call_line
	.byte	9                               @ DW_AT_call_column
	.byte	52                              @ Abbrev [52] 0x1556:0x9 DW_TAG_variable
	.long	.Ldebug_loc26                   @ DW_AT_location
	.long	5360                            @ DW_AT_abstract_origin
	.byte	0                               @ End Of Children Mark
	.byte	36                              @ Abbrev [36] 0x1560:0x11 DW_TAG_inlined_subroutine
	.long	5373                            @ DW_AT_abstract_origin
	.long	.Ltmp508                        @ DW_AT_low_pc
	.long	.Ltmp509-.Ltmp508               @ DW_AT_high_pc
	.byte	2                               @ DW_AT_call_file
	.short	853                             @ DW_AT_call_line
	.byte	9                               @ DW_AT_call_column
	.byte	0                               @ End Of Children Mark
	.byte	56                              @ Abbrev [56] 0x1572:0x27 DW_TAG_subprogram
	.long	.Lfunc_begin13                  @ DW_AT_low_pc
	.long	.Lfunc_end13-.Lfunc_begin13     @ DW_AT_high_pc
	.byte	1                               @ DW_AT_frame_base
	.byte	93
                                        @ DW_AT_GNU_all_call_sites
	.long	.Linfo_string303                @ DW_AT_name
	.byte	2                               @ DW_AT_decl_file
	.short	865                             @ DW_AT_decl_line
                                        @ DW_AT_prototyped
	.long	5529                            @ DW_AT_type
                                        @ DW_AT_external
	.byte	35                              @ Abbrev [35] 0x1588:0x10 DW_TAG_variable
	.long	.Ldebug_loc28                   @ DW_AT_location
	.long	.Linfo_string307                @ DW_AT_name
	.byte	2                               @ DW_AT_decl_file
	.short	867                             @ DW_AT_decl_line
	.long	143                             @ DW_AT_type
	.byte	0                               @ End Of Children Mark
	.byte	8                               @ Abbrev [8] 0x1599:0xb DW_TAG_typedef
	.long	5540                            @ DW_AT_type
	.long	.Linfo_string291                @ DW_AT_name
	.byte	3                               @ DW_AT_decl_file
	.byte	58                              @ DW_AT_decl_line
	.byte	9                               @ Abbrev [9] 0x15a4:0x7 DW_TAG_base_type
	.long	.Linfo_string290                @ DW_AT_name
	.byte	5                               @ DW_AT_encoding
	.byte	4                               @ DW_AT_byte_size
	.byte	0                               @ End Of Children Mark
.Ldebug_info_end0:
	.section	.debug_ranges,"",%progbits
.Ldebug_ranges0:
	.long	.Ltmp122
	.long	.Ltmp123
	.long	.Ltmp141
	.long	.Ltmp142
	.long	0
	.long	0
.Ldebug_ranges1:
	.long	.Ltmp178
	.long	.Ltmp179
	.long	.Ltmp186
	.long	.Ltmp188
	.long	0
	.long	0
.Ldebug_ranges2:
	.long	.Ltmp253
	.long	.Ltmp254
	.long	.Ltmp255
	.long	.Ltmp310
	.long	0
	.long	0
.Ldebug_ranges3:
	.long	.Ltmp333
	.long	.Ltmp367
	.long	.Ltmp370
	.long	.Ltmp371
	.long	0
	.long	0
.Ldebug_ranges4:
	.long	.Ltmp334
	.long	.Ltmp367
	.long	.Ltmp370
	.long	.Ltmp371
	.long	0
	.long	0
.Ldebug_ranges5:
	.long	.Lfunc_begin0
	.long	.Lfunc_end0
	.long	.Lfunc_begin1
	.long	.Lfunc_end1
	.long	.Lfunc_begin2
	.long	.Lfunc_end2
	.long	.Lfunc_begin3
	.long	.Lfunc_end3
	.long	.Lfunc_begin4
	.long	.Lfunc_end4
	.long	.Lfunc_begin5
	.long	.Lfunc_end5
	.long	.Lfunc_begin6
	.long	.Lfunc_end6
	.long	.Lfunc_begin7
	.long	.Lfunc_end7
	.long	.Lfunc_begin8
	.long	.Lfunc_end8
	.long	.Lfunc_begin9
	.long	.Lfunc_end9
	.long	.Lfunc_begin10
	.long	.Lfunc_end10
	.long	.Lfunc_begin11
	.long	.Lfunc_end11
	.long	.Lfunc_begin12
	.long	.Lfunc_end12
	.long	.Lfunc_begin13
	.long	.Lfunc_end13
	.long	0
	.long	0
	.section	.debug_str,"MS",%progbits,1
.Linfo_string0:
	.asciz	"Component: Arm Compiler for Embedded 6.24 Tool: armclang [5f371800]" @ string offset=0
.Linfo_string1:
	.asciz	"../../../../Library/StdDriver/src\\hsusbd.c" @ string offset=68
.Linfo_string2:
	.asciz	"D:\\GitHub\\ML_M55M1_SampleCode\\M55M1BSP-3.01.002\\SampleCode\\NuEdgeWise\\PoseLandmark_YOLOv8n\\KEIL" @ string offset=111
.Linfo_string3:
	.asciz	"g_hsusbd_pfnVendorRequest"     @ string offset=207
.Linfo_string4:
	.asciz	"HSUSBD_VENDOR_REQ"             @ string offset=233
.Linfo_string5:
	.asciz	"g_hsusbd_pfnClassRequest"      @ string offset=251
.Linfo_string6:
	.asciz	"HSUSBD_CLASS_REQ"              @ string offset=276
.Linfo_string7:
	.asciz	"g_hsusbd_pfnSetInterface"      @ string offset=293
.Linfo_string8:
	.asciz	"unsigned int"                  @ string offset=318
.Linfo_string9:
	.asciz	"uint32_t"                      @ string offset=331
.Linfo_string10:
	.asciz	"HSUSBD_SET_INTERFACE_REQ"      @ string offset=340
.Linfo_string11:
	.asciz	"g_u32HsEpStallLock"            @ string offset=365
.Linfo_string12:
	.asciz	"g_u8GetDesDevice"              @ string offset=384
.Linfo_string13:
	.asciz	"unsigned char"                 @ string offset=401
.Linfo_string14:
	.asciz	"uint8_t"                       @ string offset=415
.Linfo_string15:
	.asciz	"g_hsusbd_RemoteWakeupEn"       @ string offset=423
.Linfo_string16:
	.asciz	"g_hsusbd_Configured"           @ string offset=447
.Linfo_string17:
	.asciz	"g_hsusbd_CtrlZero"             @ string offset=467
.Linfo_string18:
	.asciz	"g_hsusbd_UsbAddr"              @ string offset=485
.Linfo_string19:
	.asciz	"g_hsusbd_ShortPacket"          @ string offset=502
.Linfo_string20:
	.asciz	"g_hsusbd_DmaDone"              @ string offset=523
.Linfo_string21:
	.asciz	"g_hsusbd_CtrlInSize"           @ string offset=540
.Linfo_string22:
	.asciz	"gUsbCmd"                       @ string offset=560
.Linfo_string23:
	.asciz	"bmRequestType"                 @ string offset=568
.Linfo_string24:
	.asciz	"bRequest"                      @ string offset=582
.Linfo_string25:
	.asciz	"wValue"                        @ string offset=591
.Linfo_string26:
	.asciz	"unsigned short"                @ string offset=598
.Linfo_string27:
	.asciz	"uint16_t"                      @ string offset=613
.Linfo_string28:
	.asciz	"wIndex"                        @ string offset=622
.Linfo_string29:
	.asciz	"wLength"                       @ string offset=629
.Linfo_string30:
	.asciz	"HSUSBD_CMD_STRUCT"             @ string offset=637
.Linfo_string31:
	.asciz	"S_HSUSBD_CMD_T"                @ string offset=655
.Linfo_string32:
	.asciz	"g_hsusbd_sInfo"                @ string offset=670
.Linfo_string33:
	.asciz	"gu8DevDesc"                    @ string offset=685
.Linfo_string34:
	.asciz	"gu8ConfigDesc"                 @ string offset=696
.Linfo_string35:
	.asciz	"gu8StringDesc"                 @ string offset=710
.Linfo_string36:
	.asciz	"gu8QualDesc"                   @ string offset=724
.Linfo_string37:
	.asciz	"gu8FullConfigDesc"             @ string offset=736
.Linfo_string38:
	.asciz	"gu8HSOtherConfigDesc"          @ string offset=754
.Linfo_string39:
	.asciz	"gu8FSOtherConfigDesc"          @ string offset=775
.Linfo_string40:
	.asciz	"gu8BosDesc"                    @ string offset=796
.Linfo_string41:
	.asciz	"gu8HidReportDesc"              @ string offset=807
.Linfo_string42:
	.asciz	"gu32HidReportSize"             @ string offset=824
.Linfo_string43:
	.asciz	"gu32ConfigHidDescIdx"          @ string offset=842
.Linfo_string44:
	.asciz	"s_hsusbd_info"                 @ string offset=863
.Linfo_string45:
	.asciz	"S_HSUSBD_INFO_T"               @ string offset=877
.Linfo_string46:
	.asciz	"g_hsusbd_buf"                  @ string offset=893
.Linfo_string47:
	.asciz	"__ARRAY_SIZE_TYPE__"           @ string offset=906
.Linfo_string48:
	.asciz	"g_hsusbd_CtrlMaxPktSize"       @ string offset=926
.Linfo_string49:
	.asciz	"g_hsusbd_CtrlInPointer"        @ string offset=950
.Linfo_string50:
	.asciz	"g_hsusbd_UsbConfig"            @ string offset=973
.Linfo_string51:
	.asciz	"g_hsusbd_UsbAltInterface"      @ string offset=992
.Linfo_string52:
	.asciz	"g_hsusbd_EnableTestMode"       @ string offset=1017
.Linfo_string53:
	.asciz	"g_hsusbd_TestSelector"         @ string offset=1041
.Linfo_string54:
	.asciz	"GINTSTS"                       @ string offset=1063
.Linfo_string55:
	.asciz	"RESERVE0"                      @ string offset=1071
.Linfo_string56:
	.asciz	"GINTEN"                        @ string offset=1080
.Linfo_string57:
	.asciz	"RESERVE1"                      @ string offset=1087
.Linfo_string58:
	.asciz	"BUSINTSTS"                     @ string offset=1096
.Linfo_string59:
	.asciz	"BUSINTEN"                      @ string offset=1106
.Linfo_string60:
	.asciz	"OPER"                          @ string offset=1115
.Linfo_string61:
	.asciz	"FRAMECNT"                      @ string offset=1120
.Linfo_string62:
	.asciz	"FADDR"                         @ string offset=1129
.Linfo_string63:
	.asciz	"TEST"                          @ string offset=1135
.Linfo_string64:
	.asciz	"CEPDAT"                        @ string offset=1140
.Linfo_string65:
	.asciz	"CEPDAT_BYTE"                   @ string offset=1147
.Linfo_string66:
	.asciz	"CEPCTL"                        @ string offset=1159
.Linfo_string67:
	.asciz	"CEPINTEN"                      @ string offset=1166
.Linfo_string68:
	.asciz	"CEPINTSTS"                     @ string offset=1175
.Linfo_string69:
	.asciz	"CEPTXCNT"                      @ string offset=1185
.Linfo_string70:
	.asciz	"CEPRXCNT"                      @ string offset=1194
.Linfo_string71:
	.asciz	"CEPDATCNT"                     @ string offset=1203
.Linfo_string72:
	.asciz	"SETUP1_0"                      @ string offset=1213
.Linfo_string73:
	.asciz	"SETUP3_2"                      @ string offset=1222
.Linfo_string74:
	.asciz	"SETUP5_4"                      @ string offset=1231
.Linfo_string75:
	.asciz	"SETUP7_6"                      @ string offset=1240
.Linfo_string76:
	.asciz	"CEPBUFSTART"                   @ string offset=1249
.Linfo_string77:
	.asciz	"CEPBUFEND"                     @ string offset=1261
.Linfo_string78:
	.asciz	"DMACTL"                        @ string offset=1271
.Linfo_string79:
	.asciz	"DMACNT"                        @ string offset=1278
.Linfo_string80:
	.asciz	"EP"                            @ string offset=1285
.Linfo_string81:
	.asciz	"EPDAT"                         @ string offset=1288
.Linfo_string82:
	.asciz	"EPDAT_BYTE"                    @ string offset=1294
.Linfo_string83:
	.asciz	"EPINTSTS"                      @ string offset=1305
.Linfo_string84:
	.asciz	"EPINTEN"                       @ string offset=1314
.Linfo_string85:
	.asciz	"EPDATCNT"                      @ string offset=1322
.Linfo_string86:
	.asciz	"EPRSPCTL"                      @ string offset=1331
.Linfo_string87:
	.asciz	"EPMPS"                         @ string offset=1340
.Linfo_string88:
	.asciz	"EPTXCNT"                       @ string offset=1346
.Linfo_string89:
	.asciz	"EPCFG"                         @ string offset=1354
.Linfo_string90:
	.asciz	"EPBUFSTART"                    @ string offset=1360
.Linfo_string91:
	.asciz	"EPBUFEND"                      @ string offset=1371
.Linfo_string92:
	.asciz	"HSUSBD_EP_T"                   @ string offset=1380
.Linfo_string93:
	.asciz	"RESERVE2"                      @ string offset=1392
.Linfo_string94:
	.asciz	"BCDC"                          @ string offset=1401
.Linfo_string95:
	.asciz	"LPMCSR"                        @ string offset=1406
.Linfo_string96:
	.asciz	"DMAADDR"                       @ string offset=1413
.Linfo_string97:
	.asciz	"PHYCTL"                        @ string offset=1421
.Linfo_string98:
	.asciz	"HSUSBD_T"                      @ string offset=1428
.Linfo_string99:
	.asciz	"CTL"                           @ string offset=1437
.Linfo_string100:
	.asciz	"INTEN"                         @ string offset=1441
.Linfo_string101:
	.asciz	"INTSTS"                        @ string offset=1447
.Linfo_string102:
	.asciz	"STATUS"                        @ string offset=1454
.Linfo_string103:
	.asciz	"HSOTG_T"                       @ string offset=1461
.Linfo_string104:
	.asciz	"PDID"                          @ string offset=1469
.Linfo_string105:
	.asciz	"RSTCTL"                        @ string offset=1474
.Linfo_string106:
	.asciz	"RSTSTS"                        @ string offset=1481
.Linfo_string107:
	.asciz	"VTORSET"                       @ string offset=1488
.Linfo_string108:
	.asciz	"SRAMICTL"                      @ string offset=1496
.Linfo_string109:
	.asciz	"SRAMSTS"                       @ string offset=1505
.Linfo_string110:
	.asciz	"SRAMEADR"                      @ string offset=1513
.Linfo_string111:
	.asciz	"BODCTL"                        @ string offset=1522
.Linfo_string112:
	.asciz	"BODSTS"                        @ string offset=1529
.Linfo_string113:
	.asciz	"PORCTL"                        @ string offset=1536
.Linfo_string114:
	.asciz	"VREFCTL"                       @ string offset=1543
.Linfo_string115:
	.asciz	"IVSCTL"                        @ string offset=1551
.Linfo_string116:
	.asciz	"USBPHY"                        @ string offset=1558
.Linfo_string117:
	.asciz	"UTCPDCTL"                      @ string offset=1565
.Linfo_string118:
	.asciz	"DBUSCTL"                       @ string offset=1574
.Linfo_string119:
	.asciz	"GPA_MFOS"                      @ string offset=1582
.Linfo_string120:
	.asciz	"GPB_MFOS"                      @ string offset=1591
.Linfo_string121:
	.asciz	"GPC_MFOS"                      @ string offset=1600
.Linfo_string122:
	.asciz	"GPD_MFOS"                      @ string offset=1609
.Linfo_string123:
	.asciz	"GPE_MFOS"                      @ string offset=1618
.Linfo_string124:
	.asciz	"GPF_MFOS"                      @ string offset=1627
.Linfo_string125:
	.asciz	"GPG_MFOS"                      @ string offset=1636
.Linfo_string126:
	.asciz	"GPH_MFOS"                      @ string offset=1645
.Linfo_string127:
	.asciz	"GPI_MFOS"                      @ string offset=1654
.Linfo_string128:
	.asciz	"GPJ_MFOS"                      @ string offset=1663
.Linfo_string129:
	.asciz	"RESERVE3"                      @ string offset=1672
.Linfo_string130:
	.asciz	"REGLCTL"                       @ string offset=1681
.Linfo_string131:
	.asciz	"RESERVE4"                      @ string offset=1689
.Linfo_string132:
	.asciz	"TCTL48M"                       @ string offset=1698
.Linfo_string133:
	.asciz	"TIEN48M"                       @ string offset=1706
.Linfo_string134:
	.asciz	"TISTS48M"                      @ string offset=1714
.Linfo_string135:
	.asciz	"RESERVE5"                      @ string offset=1723
.Linfo_string136:
	.asciz	"TCTL12M"                       @ string offset=1732
.Linfo_string137:
	.asciz	"TIEN12M"                       @ string offset=1740
.Linfo_string138:
	.asciz	"TISTS12M"                      @ string offset=1748
.Linfo_string139:
	.asciz	"RESERVE6"                      @ string offset=1757
.Linfo_string140:
	.asciz	"TCTLMIRC"                      @ string offset=1766
.Linfo_string141:
	.asciz	"TIENMIRC"                      @ string offset=1775
.Linfo_string142:
	.asciz	"TISTSMIRC"                     @ string offset=1784
.Linfo_string143:
	.asciz	"RESERVE7"                      @ string offset=1794
.Linfo_string144:
	.asciz	"ACMPRST"                       @ string offset=1803
.Linfo_string145:
	.asciz	"AWFRST"                        @ string offset=1811
.Linfo_string146:
	.asciz	"BPWMRST"                       @ string offset=1818
.Linfo_string147:
	.asciz	"CANFDRST"                      @ string offset=1826
.Linfo_string148:
	.asciz	"CCAPRST"                       @ string offset=1835
.Linfo_string149:
	.asciz	"CRCRST"                        @ string offset=1843
.Linfo_string150:
	.asciz	"CRYPTORST"                     @ string offset=1850
.Linfo_string151:
	.asciz	"DACRST"                        @ string offset=1860
.Linfo_string152:
	.asciz	"DMICRST"                       @ string offset=1867
.Linfo_string153:
	.asciz	"EADCRST"                       @ string offset=1875
.Linfo_string154:
	.asciz	"EBIRST"                        @ string offset=1883
.Linfo_string155:
	.asciz	"ECAPRST"                       @ string offset=1890
.Linfo_string156:
	.asciz	"EMACRST"                       @ string offset=1898
.Linfo_string157:
	.asciz	"EPWMRST"                       @ string offset=1906
.Linfo_string158:
	.asciz	"EQEIRST"                       @ string offset=1914
.Linfo_string159:
	.asciz	"FMCRST"                        @ string offset=1922
.Linfo_string160:
	.asciz	"GDMARST"                       @ string offset=1929
.Linfo_string161:
	.asciz	"GPIORST"                       @ string offset=1937
.Linfo_string162:
	.asciz	"HSOTGRST"                      @ string offset=1945
.Linfo_string163:
	.asciz	"HSUSBDRST"                     @ string offset=1954
.Linfo_string164:
	.asciz	"HSUSBHRST"                     @ string offset=1964
.Linfo_string165:
	.asciz	"I2CRST"                        @ string offset=1974
.Linfo_string166:
	.asciz	"I2SRST"                        @ string offset=1981
.Linfo_string167:
	.asciz	"I3CRST"                        @ string offset=1988
.Linfo_string168:
	.asciz	"KDFRST"                        @ string offset=1995
.Linfo_string169:
	.asciz	"KPIRST"                        @ string offset=2002
.Linfo_string170:
	.asciz	"KSRST"                         @ string offset=2009
.Linfo_string171:
	.asciz	"LPADCRST"                      @ string offset=2015
.Linfo_string172:
	.asciz	"LPPDMARST"                     @ string offset=2024
.Linfo_string173:
	.asciz	"LPGPIORST"                     @ string offset=2034
.Linfo_string174:
	.asciz	"LPI2CRST"                      @ string offset=2044
.Linfo_string175:
	.asciz	"LPSPIRST"                      @ string offset=2053
.Linfo_string176:
	.asciz	"LPTMRRST"                      @ string offset=2062
.Linfo_string177:
	.asciz	"LPUARTRST"                     @ string offset=2071
.Linfo_string178:
	.asciz	"OTFCRST"                       @ string offset=2081
.Linfo_string179:
	.asciz	"OTGRST"                        @ string offset=2089
.Linfo_string180:
	.asciz	"PDMARST"                       @ string offset=2096
.Linfo_string181:
	.asciz	"PSIORST"                       @ string offset=2104
.Linfo_string182:
	.asciz	"QSPIRST"                       @ string offset=2112
.Linfo_string183:
	.asciz	"RTCRST"                        @ string offset=2120
.Linfo_string184:
	.asciz	"SCRST"                         @ string offset=2127
.Linfo_string185:
	.asciz	"SCURST"                        @ string offset=2133
.Linfo_string186:
	.asciz	"SDHRST"                        @ string offset=2140
.Linfo_string187:
	.asciz	"SPIRST"                        @ string offset=2147
.Linfo_string188:
	.asciz	"SPIMRST"                       @ string offset=2154
.Linfo_string189:
	.asciz	"RESERVE8"                      @ string offset=2162
.Linfo_string190:
	.asciz	"TMRRST"                        @ string offset=2171
.Linfo_string191:
	.asciz	"TRNGRST"                       @ string offset=2178
.Linfo_string192:
	.asciz	"TTMRRST"                       @ string offset=2186
.Linfo_string193:
	.asciz	"UARTRST"                       @ string offset=2194
.Linfo_string194:
	.asciz	"USBDRST"                       @ string offset=2202
.Linfo_string195:
	.asciz	"USBHRST"                       @ string offset=2210
.Linfo_string196:
	.asciz	"USCIRST"                       @ string offset=2218
.Linfo_string197:
	.asciz	"UTCPDRST"                      @ string offset=2226
.Linfo_string198:
	.asciz	"WWDTRST"                       @ string offset=2235
.Linfo_string199:
	.asciz	"RESERVE9"                      @ string offset=2243
.Linfo_string200:
	.asciz	"GPA_MFP0"                      @ string offset=2252
.Linfo_string201:
	.asciz	"GPA_MFP1"                      @ string offset=2261
.Linfo_string202:
	.asciz	"GPA_MFP2"                      @ string offset=2270
.Linfo_string203:
	.asciz	"GPA_MFP3"                      @ string offset=2279
.Linfo_string204:
	.asciz	"GPB_MFP0"                      @ string offset=2288
.Linfo_string205:
	.asciz	"GPB_MFP1"                      @ string offset=2297
.Linfo_string206:
	.asciz	"GPB_MFP2"                      @ string offset=2306
.Linfo_string207:
	.asciz	"GPB_MFP3"                      @ string offset=2315
.Linfo_string208:
	.asciz	"GPC_MFP0"                      @ string offset=2324
.Linfo_string209:
	.asciz	"GPC_MFP1"                      @ string offset=2333
.Linfo_string210:
	.asciz	"GPC_MFP2"                      @ string offset=2342
.Linfo_string211:
	.asciz	"GPC_MFP3"                      @ string offset=2351
.Linfo_string212:
	.asciz	"GPD_MFP0"                      @ string offset=2360
.Linfo_string213:
	.asciz	"GPD_MFP1"                      @ string offset=2369
.Linfo_string214:
	.asciz	"GPD_MFP2"                      @ string offset=2378
.Linfo_string215:
	.asciz	"GPD_MFP3"                      @ string offset=2387
.Linfo_string216:
	.asciz	"GPE_MFP0"                      @ string offset=2396
.Linfo_string217:
	.asciz	"GPE_MFP1"                      @ string offset=2405
.Linfo_string218:
	.asciz	"GPE_MFP2"                      @ string offset=2414
.Linfo_string219:
	.asciz	"GPE_MFP3"                      @ string offset=2423
.Linfo_string220:
	.asciz	"GPF_MFP0"                      @ string offset=2432
.Linfo_string221:
	.asciz	"GPF_MFP1"                      @ string offset=2441
.Linfo_string222:
	.asciz	"GPF_MFP2"                      @ string offset=2450
.Linfo_string223:
	.asciz	"RESERVE10"                     @ string offset=2459
.Linfo_string224:
	.asciz	"GPG_MFP0"                      @ string offset=2469
.Linfo_string225:
	.asciz	"GPG_MFP1"                      @ string offset=2478
.Linfo_string226:
	.asciz	"GPG_MFP2"                      @ string offset=2487
.Linfo_string227:
	.asciz	"GPG_MFP3"                      @ string offset=2496
.Linfo_string228:
	.asciz	"GPH_MFP0"                      @ string offset=2505
.Linfo_string229:
	.asciz	"GPH_MFP1"                      @ string offset=2514
.Linfo_string230:
	.asciz	"GPH_MFP2"                      @ string offset=2523
.Linfo_string231:
	.asciz	"GPH_MFP3"                      @ string offset=2532
.Linfo_string232:
	.asciz	"RESERVE11"                     @ string offset=2541
.Linfo_string233:
	.asciz	"GPI_MFP1"                      @ string offset=2551
.Linfo_string234:
	.asciz	"GPI_MFP2"                      @ string offset=2560
.Linfo_string235:
	.asciz	"GPI_MFP3"                      @ string offset=2569
.Linfo_string236:
	.asciz	"GPJ_MFP0"                      @ string offset=2578
.Linfo_string237:
	.asciz	"GPJ_MFP1"                      @ string offset=2587
.Linfo_string238:
	.asciz	"GPJ_MFP2"                      @ string offset=2596
.Linfo_string239:
	.asciz	"GPJ_MFP3"                      @ string offset=2605
.Linfo_string240:
	.asciz	"RESERVE12"                     @ string offset=2614
.Linfo_string241:
	.asciz	"NMIEN"                         @ string offset=2624
.Linfo_string242:
	.asciz	"NMISTS"                        @ string offset=2630
.Linfo_string243:
	.asciz	"RESERVE13"                     @ string offset=2637
.Linfo_string244:
	.asciz	"SRAMBCTL"                      @ string offset=2647
.Linfo_string245:
	.asciz	"SRAMBFF"                       @ string offset=2656
.Linfo_string246:
	.asciz	"SRAMBRF"                       @ string offset=2664
.Linfo_string247:
	.asciz	"SYS_T"                         @ string offset=2672
.Linfo_string248:
	.asciz	"PAR"                           @ string offset=2678
.Linfo_string249:
	.asciz	"PARM"                          @ string offset=2682
.Linfo_string250:
	.asciz	"CWSP"                          @ string offset=2687
.Linfo_string251:
	.asciz	"CWS"                           @ string offset=2692
.Linfo_string252:
	.asciz	"PKTSL"                         @ string offset=2696
.Linfo_string253:
	.asciz	"PLNSL"                         @ string offset=2702
.Linfo_string254:
	.asciz	"FRCTL"                         @ string offset=2708
.Linfo_string255:
	.asciz	"STRIDE"                        @ string offset=2714
.Linfo_string256:
	.asciz	"FIFOTH"                        @ string offset=2721
.Linfo_string257:
	.asciz	"CMPADDR"                       @ string offset=2728
.Linfo_string258:
	.asciz	"LUMA_Y1_THD"                   @ string offset=2736
.Linfo_string259:
	.asciz	"PKTSM"                         @ string offset=2748
.Linfo_string260:
	.asciz	"PLNSM"                         @ string offset=2754
.Linfo_string261:
	.asciz	"CURADDRP"                      @ string offset=2760
.Linfo_string262:
	.asciz	"CURADDRY"                      @ string offset=2769
.Linfo_string263:
	.asciz	"CURADDRU"                      @ string offset=2778
.Linfo_string264:
	.asciz	"CURADDRV"                      @ string offset=2787
.Linfo_string265:
	.asciz	"PKTBA0"                        @ string offset=2796
.Linfo_string266:
	.asciz	"YBA"                           @ string offset=2803
.Linfo_string267:
	.asciz	"UBA"                           @ string offset=2807
.Linfo_string268:
	.asciz	"VBA"                           @ string offset=2811
.Linfo_string269:
	.asciz	"MDCTL"                         @ string offset=2815
.Linfo_string270:
	.asciz	"MDTRG_WK"                      @ string offset=2821
.Linfo_string271:
	.asciz	"MDTTH"                         @ string offset=2830
.Linfo_string272:
	.asciz	"MDTSAD"                        @ string offset=2836
.Linfo_string273:
	.asciz	"MDWOCTH"                       @ string offset=2843
.Linfo_string274:
	.asciz	"MDWOC"                         @ string offset=2851
.Linfo_string275:
	.asciz	"MDWTH"                         @ string offset=2857
.Linfo_string276:
	.asciz	"MDWSAD"                        @ string offset=2863
.Linfo_string277:
	.asciz	"CCAP_T"                        @ string offset=2870
.Linfo_string278:
	.asciz	"HSUSBD_PrepareCtrlIn"          @ string offset=2877
.Linfo_string279:
	.asciz	"pu8Buf"                        @ string offset=2898
.Linfo_string280:
	.asciz	"u32Size"                       @ string offset=2905
.Linfo_string281:
	.asciz	"HSUSBD_ClearStall"             @ string offset=2913
.Linfo_string282:
	.asciz	"u32EpNum"                      @ string offset=2931
.Linfo_string283:
	.asciz	"i"                             @ string offset=2940
.Linfo_string284:
	.asciz	"HSUSBD_SetStall"               @ string offset=2942
.Linfo_string285:
	.asciz	"SYS_IsRegLocked"               @ string offset=2958
.Linfo_string286:
	.asciz	"SYS_UnlockReg"                 @ string offset=2974
.Linfo_string287:
	.asciz	"u32TimeOutCount"               @ string offset=2988
.Linfo_string288:
	.asciz	"SYS_LockReg"                   @ string offset=3004
.Linfo_string289:
	.asciz	"HSUSBD_Open"                   @ string offset=3016
.Linfo_string290:
	.asciz	"int"                           @ string offset=3028
.Linfo_string291:
	.asciz	"int32_t"                       @ string offset=3032
.Linfo_string292:
	.asciz	"HSUSBD_Start"                  @ string offset=3040
.Linfo_string293:
	.asciz	"HSUSBD_ProcessSetupPacket"     @ string offset=3053
.Linfo_string294:
	.asciz	"HSUSBD_StandardRequest"        @ string offset=3079
.Linfo_string295:
	.asciz	"HSUSBD_GetDescriptor"          @ string offset=3102
.Linfo_string296:
	.asciz	"HSUSBD_GetStall"               @ string offset=3123
.Linfo_string297:
	.asciz	"HSUSBD_UpdateDeviceState"      @ string offset=3139
.Linfo_string298:
	.asciz	"HSUSBD_CtrlIn"                 @ string offset=3164
.Linfo_string299:
	.asciz	"HSUSBD_CtrlOut"                @ string offset=3178
.Linfo_string300:
	.asciz	"HSUSBD_SwReset"                @ string offset=3193
.Linfo_string301:
	.asciz	"HSUSBD_SetVendorRequest"       @ string offset=3208
.Linfo_string302:
	.asciz	"SYS_Enable_HSUSB_PHY"          @ string offset=3232
.Linfo_string303:
	.asciz	"HSUSBD_Enable_PHY"             @ string offset=3253
.Linfo_string304:
	.asciz	"param"                         @ string offset=3271
.Linfo_string305:
	.asciz	"pfnClassReq"                   @ string offset=3277
.Linfo_string306:
	.asciz	"pfnSetInterface"               @ string offset=3289
.Linfo_string307:
	.asciz	"u32TimeOutCnt"                 @ string offset=3305
.Linfo_string308:
	.asciz	"epNum"                         @ string offset=3319
.Linfo_string309:
	.asciz	"u8Tmp"                         @ string offset=3325
.Linfo_string310:
	.asciz	"ep"                            @ string offset=3331
.Linfo_string311:
	.asciz	"val"                           @ string offset=3334
.Linfo_string312:
	.asciz	"u32Len"                        @ string offset=3338
.Linfo_string313:
	.asciz	"u32ConfigDescOffset"           @ string offset=3345
.Linfo_string314:
	.asciz	"u32TotalLen"                   @ string offset=3365
.Linfo_string315:
	.asciz	"idx"                           @ string offset=3377
.Linfo_string316:
	.asciz	"cnt"                           @ string offset=3381
.Linfo_string317:
	.asciz	"u8Value"                       @ string offset=3385
.Linfo_string318:
	.asciz	"pfnVendorReq"                  @ string offset=3393
.Linfo_string319:
	.asciz	"u32RegLockLevel"               @ string offset=3406
	.ident	"Component: Arm Compiler for Embedded 6.24 Tool: armclang [5f371800]"
	.section	".note.GNU-stack","",%progbits
	.eabi_attribute	30, 1	@ Tag_ABI_optimization_goals
	.ARM_attribute	16, 1	@ Tag_AV_eba
	.section	.debug_line,"",%progbits
.Lline_table_start0:
