	.text
	.syntax unified
	.eabi_attribute	67, "2.09"	@ Tag_conformance
	.cpu	cortex-m55
	.eabi_attribute	6, 21	@ Tag_CPU_arch
	.eabi_attribute	7, 77	@ Tag_CPU_arch_profile
	.eabi_attribute	8, 0	@ Tag_ARM_ISA_use
	.eabi_attribute	9, 3	@ Tag_THUMB_ISA_use
	.fpu	fpv5-d16
	.arch_extension	mve.fp
	.eabi_attribute	36, 1	@ Tag_FP_HP_extension
	.eabi_attribute	48, 2	@ Tag_MVE_arch
	.eabi_attribute	46, 1	@ Tag_DSP_extension
	.eabi_attribute	34, 1	@ Tag_CPU_unaligned_access
	.eabi_attribute	17, 1	@ Tag_ABI_PCS_GOT_use
	.eabi_attribute	20, 2	@ Tag_ABI_FP_denormal
	.eabi_attribute	21, 0	@ Tag_ABI_FP_exceptions
	.eabi_attribute	23, 1	@ Tag_ABI_FP_number_model
	.eabi_attribute	24, 1	@ Tag_ABI_align_needed
	.eabi_attribute	25, 1	@ Tag_ABI_align_preserved
	.eabi_attribute	28, 1	@ Tag_ABI_VFP_args
	.eabi_attribute	38, 1	@ Tag_ABI_FP_16bit_format
	.eabi_attribute	18, 2	@ Tag_ABI_PCS_wchar_t
	.eabi_attribute	26, 1	@ Tag_ABI_enum_size
	.eabi_attribute	14, 0	@ Tag_ABI_PCS_R9_use
	.file	"diskio_SDH.c"
	.file	1 "C:\\ML\\ML_M55M1_SampleCode-master 2\\ML_M55M1_SampleCode-master\\M55M1BSP-3.01.003\\SampleCode\\NuEdgeWise\\ObjectDetection_YOLOv8n\\KEIL" "../../../../ThirdParty/FatFs/source\\diskio.h"
	.file	2 "C:\\Users\\yuxia\\AppData\\Local\\Keil_v5\\ARM\\ARMCLANG\\bin\\..\\include" "stdint.h"
	.file	3 "C:\\ML\\ML_M55M1_SampleCode-master 2\\ML_M55M1_SampleCode-master\\M55M1BSP-3.01.003\\SampleCode\\NuEdgeWise\\ObjectDetection_YOLOv8n\\KEIL" "../../../../Library/Device/Nuvoton/M55M1/Include\\sdh_reg.h"
	.file	4 "C:\\ML\\ML_M55M1_SampleCode-master 2\\ML_M55M1_SampleCode-master\\M55M1BSP-3.01.003\\SampleCode\\NuEdgeWise\\ObjectDetection_YOLOv8n\\KEIL" "../../../../ThirdParty/FatFs/source\\ff.h"
	.file	5 "C:\\ML\\ML_M55M1_SampleCode-master 2\\ML_M55M1_SampleCode-master\\M55M1BSP-3.01.003\\SampleCode\\NuEdgeWise\\ObjectDetection_YOLOv8n\\KEIL" "../../../../Library/Device/Nuvoton/M55M1/Include\\ccap_reg.h"
	.section	.text.disk_initialize,"ax",%progbits
	.hidden	disk_initialize                 @ -- Begin function disk_initialize
	.globl	disk_initialize
	.p2align	2
	.type	disk_initialize,%function
	.code	16                              @ @disk_initialize
	.thumb_func
disk_initialize:
.Lfunc_begin0:
	.fnstart
	.cfi_sections .debug_frame
	.cfi_startproc
@ %bb.0:
	@DEBUG_VALUE: disk_initialize:pdrv <- $r0
	.file	6 "C:\\ML\\ML_M55M1_SampleCode-master 2\\ML_M55M1_SampleCode-master\\M55M1BSP-3.01.003\\SampleCode\\NuEdgeWise\\ObjectDetection_YOLOv8n\\KEIL" "../../../../Library/Storage/diskio_SDH.c"
	.loc	6 35 9 prologue_end             @ ../../../../Library/Storage/diskio_SDH.c:35:9
	cmp	r0, #1
	itt	hi
	movhi	r0, #1
.Ltmp0:
	@DEBUG_VALUE: disk_initialize:pdrv <- [DW_OP_LLVM_entry_value 1] $r0
	.loc	6 41 1                          @ ../../../../Library/Storage/diskio_SDH.c:41:1
	bxhi	lr
.Ltmp1:
.LBB0_1:
	@DEBUG_VALUE: disk_initialize:pdrv <- [DW_OP_LLVM_entry_value 1] $r0
	.loc	6 40 13                         @ ../../../../Library/Storage/diskio_SDH.c:40:13
	movw	r2, :lower16:SD1
	movw	r1, :lower16:SD0
	movt	r2, :upper16:SD1
	adds	r2, #16
	movt	r1, :upper16:SD0
	cmp	r0, #0
	it	eq
	addeq.w	r2, r1, #16
	ldr	r0, [r2]
	.loc	6 40 40 is_stmt 0               @ ../../../../Library/Storage/diskio_SDH.c:40:40
	cmp	r0, #0
	cset	r0, eq
	.loc	6 41 1 is_stmt 1                @ ../../../../Library/Storage/diskio_SDH.c:41:1
	bx	lr
.Ltmp2:
.Lfunc_end0:
	.size	disk_initialize, .Lfunc_end0-disk_initialize
	.cfi_endproc
	.cantunwind
	.fnend
                                        @ -- End function
	.section	.text.disk_status,"ax",%progbits
	.hidden	disk_status                     @ -- Begin function disk_status
	.globl	disk_status
	.p2align	2
	.type	disk_status,%function
	.code	16                              @ @disk_status
	.thumb_func
disk_status:
.Lfunc_begin1:
	.fnstart
	.cfi_startproc
@ %bb.0:
	@DEBUG_VALUE: disk_status:pdrv <- $r0
	@DEBUG_VALUE: disk_initialize:pdrv <- $r0
	.loc	6 35 9 prologue_end             @ ../../../../Library/Storage/diskio_SDH.c:35:9
	cmp	r0, #1
	itt	hi
	movhi	r0, #1
.Ltmp3:
	@DEBUG_VALUE: disk_status:pdrv <- [DW_OP_LLVM_entry_value 1] $r0
	.loc	6 48 5                          @ ../../../../Library/Storage/diskio_SDH.c:48:5
	bxhi	lr
.Ltmp4:
.LBB1_1:
	@DEBUG_VALUE: disk_status:pdrv <- [DW_OP_LLVM_entry_value 1] $r0
	.loc	6 40 13                         @ ../../../../Library/Storage/diskio_SDH.c:40:13
	movw	r2, :lower16:SD1
	movw	r1, :lower16:SD0
	movt	r2, :upper16:SD1
	adds	r2, #16
	movt	r1, :upper16:SD0
	cmp	r0, #0
	it	eq
	addeq.w	r2, r1, #16
	ldr	r0, [r2]
	.loc	6 40 40 is_stmt 0               @ ../../../../Library/Storage/diskio_SDH.c:40:40
	cmp	r0, #0
	cset	r0, eq
.Ltmp5:
	.loc	6 48 5 is_stmt 1                @ ../../../../Library/Storage/diskio_SDH.c:48:5
	bx	lr
.Ltmp6:
.Lfunc_end1:
	.size	disk_status, .Lfunc_end1-disk_status
	.cfi_endproc
	.cantunwind
	.fnend
                                        @ -- End function
	.section	.text.disk_read,"ax",%progbits
	.hidden	disk_read                       @ -- Begin function disk_read
	.globl	disk_read
	.p2align	2
	.type	disk_read,%function
	.code	16                              @ @disk_read
	.thumb_func
disk_read:
.Lfunc_begin2:
	.loc	6 60 0                          @ ../../../../Library/Storage/diskio_SDH.c:60:0
	.fnstart
	.cfi_startproc
@ %bb.0:
	@DEBUG_VALUE: disk_read:pdrv <- $r0
	@DEBUG_VALUE: disk_read:buff <- $r1
	@DEBUG_VALUE: disk_read:sector <- $r2
	@DEBUG_VALUE: disk_read:count <- $r3
	mov	r12, r0
.Ltmp7:
	@DEBUG_VALUE: disk_read:pdrv <- $r12
	mov.w	r0, #4
.Ltmp8:
	@DEBUG_VALUE: disk_read:ret <- 4
	.loc	6 66 21 prologue_end            @ ../../../../Library/Storage/diskio_SDH.c:66:21
	cbz	r1, .LBB2_4
.Ltmp9:
@ %bb.1:
	@DEBUG_VALUE: disk_read:ret <- 4
	@DEBUG_VALUE: disk_read:pdrv <- $r12
	@DEBUG_VALUE: disk_read:count <- $r3
	@DEBUG_VALUE: disk_read:sector <- $r2
	@DEBUG_VALUE: disk_read:buff <- $r1
	cmp.w	r12, #1
	bhi	.LBB2_4
.Ltmp10:
@ %bb.2:
	@DEBUG_VALUE: disk_read:ret <- 4
	@DEBUG_VALUE: disk_read:pdrv <- $r12
	@DEBUG_VALUE: disk_read:count <- $r3
	@DEBUG_VALUE: disk_read:sector <- $r2
	@DEBUG_VALUE: disk_read:buff <- $r1
	cmp	r3, #0
.Ltmp11:
	@DEBUG_VALUE: disk_read:ret <- $r0
	.loc	6 73 5                          @ ../../../../Library/Storage/diskio_SDH.c:73:5
	it	eq
	bxeq	lr
.Ltmp12:
.LBB2_3:
	@DEBUG_VALUE: disk_read:ret <- $r0
	@DEBUG_VALUE: disk_read:pdrv <- $r12
	@DEBUG_VALUE: disk_read:count <- $r3
	@DEBUG_VALUE: disk_read:sector <- $r2
	@DEBUG_VALUE: disk_read:buff <- $r1
	.save	{r7, lr}
	push	{r7, lr}
	.cfi_def_cfa_offset 8
	.cfi_offset lr, -4
	.cfi_offset r7, -8
	movw	lr, #24576
	movs	r0, #0
.Ltmp13:
	.loc	6 0 5 is_stmt 0                 @ ../../../../Library/Storage/diskio_SDH.c:0:5
	movt	lr, #16416
	.loc	6 61 18 is_stmt 1               @ ../../../../Library/Storage/diskio_SDH.c:61:18
	cmp.w	r12, #1
	it	eq
	addeq.w	r0, lr, #4096
	cmp.w	r12, #0
	itt	eq
	movweq	r0, #24576
	movteq	r0, #16416
.Ltmp14:
	@DEBUG_VALUE: disk_read:sdh <- $r0
	.loc	6 68 28                         @ ../../../../Library/Storage/diskio_SDH.c:68:28
	bl	SDH_Read
.Ltmp15:
	@DEBUG_VALUE: disk_read:count <- [DW_OP_LLVM_entry_value 1] $r3
	@DEBUG_VALUE: disk_read:sector <- [DW_OP_LLVM_entry_value 1] $r2
	@DEBUG_VALUE: disk_read:buff <- [DW_OP_LLVM_entry_value 1] $r1
	@DEBUG_VALUE: drv_ret <- $r0
	.loc	6 70 24                         @ ../../../../Library/Storage/diskio_SDH.c:70:24
	cmp	r0, #0
	cset	r0, ne
.Ltmp16:
	@DEBUG_VALUE: disk_read:ret <- undef
	.loc	6 0 24 is_stmt 0                @ ../../../../Library/Storage/diskio_SDH.c:0:24
	pop.w	{r7, lr}
.Ltmp17:
.LBB2_4:
	@DEBUG_VALUE: disk_read:ret <- $r0
	.loc	6 73 5 is_stmt 1                @ ../../../../Library/Storage/diskio_SDH.c:73:5
	bx	lr
.Ltmp18:
.Lfunc_end2:
	.size	disk_read, .Lfunc_end2-disk_read
	.cfi_endproc
	.cantunwind
	.fnend
                                        @ -- End function
	.section	.text.disk_write,"ax",%progbits
	.hidden	disk_write                      @ -- Begin function disk_write
	.globl	disk_write
	.p2align	2
	.type	disk_write,%function
	.code	16                              @ @disk_write
	.thumb_func
disk_write:
.Lfunc_begin3:
	.loc	6 85 0                          @ ../../../../Library/Storage/diskio_SDH.c:85:0
	.fnstart
	.cfi_startproc
@ %bb.0:
	@DEBUG_VALUE: disk_write:pdrv <- $r0
	@DEBUG_VALUE: disk_write:buff <- $r1
	@DEBUG_VALUE: disk_write:sector <- $r2
	@DEBUG_VALUE: disk_write:count <- $r3
	mov	r12, r0
.Ltmp19:
	@DEBUG_VALUE: disk_write:pdrv <- $r12
	mov.w	r0, #4
.Ltmp20:
	@DEBUG_VALUE: disk_write:ret <- 4
	.loc	6 92 21 prologue_end            @ ../../../../Library/Storage/diskio_SDH.c:92:21
	cbz	r1, .LBB3_4
.Ltmp21:
@ %bb.1:
	@DEBUG_VALUE: disk_write:ret <- 4
	@DEBUG_VALUE: disk_write:pdrv <- $r12
	@DEBUG_VALUE: disk_write:count <- $r3
	@DEBUG_VALUE: disk_write:sector <- $r2
	@DEBUG_VALUE: disk_write:buff <- $r1
	cmp.w	r12, #1
	bhi	.LBB3_4
.Ltmp22:
@ %bb.2:
	@DEBUG_VALUE: disk_write:ret <- 4
	@DEBUG_VALUE: disk_write:pdrv <- $r12
	@DEBUG_VALUE: disk_write:count <- $r3
	@DEBUG_VALUE: disk_write:sector <- $r2
	@DEBUG_VALUE: disk_write:buff <- $r1
	cmp	r3, #0
.Ltmp23:
	@DEBUG_VALUE: disk_write:ret <- $r0
	.loc	6 99 5                          @ ../../../../Library/Storage/diskio_SDH.c:99:5
	it	eq
	bxeq	lr
.Ltmp24:
.LBB3_3:
	@DEBUG_VALUE: disk_write:ret <- $r0
	@DEBUG_VALUE: disk_write:pdrv <- $r12
	@DEBUG_VALUE: disk_write:count <- $r3
	@DEBUG_VALUE: disk_write:sector <- $r2
	@DEBUG_VALUE: disk_write:buff <- $r1
	.save	{r7, lr}
	push	{r7, lr}
	.cfi_def_cfa_offset 8
	.cfi_offset lr, -4
	.cfi_offset r7, -8
	movw	lr, #24576
	movs	r0, #0
.Ltmp25:
	.loc	6 0 5 is_stmt 0                 @ ../../../../Library/Storage/diskio_SDH.c:0:5
	movt	lr, #16416
	.loc	6 86 18 is_stmt 1               @ ../../../../Library/Storage/diskio_SDH.c:86:18
	cmp.w	r12, #1
	it	eq
	addeq.w	r0, lr, #4096
	cmp.w	r12, #0
	itt	eq
	movweq	r0, #24576
	movteq	r0, #16416
.Ltmp26:
	@DEBUG_VALUE: disk_write:sdh <- $r0
	.loc	6 94 28                         @ ../../../../Library/Storage/diskio_SDH.c:94:28
	bl	SDH_Write
.Ltmp27:
	@DEBUG_VALUE: disk_write:count <- [DW_OP_LLVM_entry_value 1] $r3
	@DEBUG_VALUE: disk_write:sector <- [DW_OP_LLVM_entry_value 1] $r2
	@DEBUG_VALUE: disk_write:buff <- [DW_OP_LLVM_entry_value 1] $r1
	@DEBUG_VALUE: drv_ret <- $r0
	.loc	6 96 24                         @ ../../../../Library/Storage/diskio_SDH.c:96:24
	cmp	r0, #0
	cset	r0, ne
.Ltmp28:
	@DEBUG_VALUE: disk_write:ret <- undef
	.loc	6 0 24 is_stmt 0                @ ../../../../Library/Storage/diskio_SDH.c:0:24
	pop.w	{r7, lr}
.Ltmp29:
.LBB3_4:
	@DEBUG_VALUE: disk_write:ret <- $r0
	.loc	6 99 5 is_stmt 1                @ ../../../../Library/Storage/diskio_SDH.c:99:5
	bx	lr
.Ltmp30:
.Lfunc_end3:
	.size	disk_write, .Lfunc_end3-disk_write
	.cfi_endproc
	.cantunwind
	.fnend
                                        @ -- End function
	.section	.text.disk_ioctl,"ax",%progbits
	.hidden	disk_ioctl                      @ -- Begin function disk_ioctl
	.globl	disk_ioctl
	.p2align	2
	.type	disk_ioctl,%function
	.code	16                              @ @disk_ioctl
	.thumb_func
disk_ioctl:
.Lfunc_begin4:
	.loc	6 110 0                         @ ../../../../Library/Storage/diskio_SDH.c:110:0
	.fnstart
	.cfi_startproc
@ %bb.0:
	@DEBUG_VALUE: disk_ioctl:pdrv <- $r0
	@DEBUG_VALUE: disk_ioctl:cmd <- $r1
	@DEBUG_VALUE: disk_ioctl:buff <- $r2
	@DEBUG_VALUE: disk_ioctl:cmd <- undef
	@DEBUG_VALUE: disk_ioctl:pdrv <- $r0
	movw	r12, #24576
	movs	r3, #0
.Ltmp31:
	.loc	6 114 9 prologue_end            @ ../../../../Library/Storage/diskio_SDH.c:114:9
	cmp	r0, #1
	movt	r12, #16416
	it	eq
	addeq.w	r3, r12, #4096
.Ltmp32:
	@DEBUG_VALUE: disk_ioctl:res <- 4
	cmp	r0, #0
	itt	eq
	movweq	r3, #24576
	movteq	r3, #16416
.Ltmp33:
	@DEBUG_VALUE: disk_ioctl:sdh <- $r3
	cmp	r3, #0
.Ltmp34:
	@DEBUG_VALUE: disk_ioctl:cmd <- $r1
	.loc	6 0 9 is_stmt 0                 @ ../../../../Library/Storage/diskio_SDH.c:0:9
	itt	eq
	moveq	r0, #4
.Ltmp35:
	@DEBUG_VALUE: disk_ioctl:pdrv <- [DW_OP_LLVM_entry_value 1] $r0
	@DEBUG_VALUE: disk_ioctl:res <- $r0
	.loc	6 141 5 is_stmt 1               @ ../../../../Library/Storage/diskio_SDH.c:141:5
	bxeq	lr
.Ltmp36:
.LBB4_1:
	@DEBUG_VALUE: disk_ioctl:res <- $r0
	@DEBUG_VALUE: disk_ioctl:pdrv <- [DW_OP_LLVM_entry_value 1] $r0
	@DEBUG_VALUE: disk_ioctl:sdh <- $r3
	@DEBUG_VALUE: disk_ioctl:buff <- $r2
	@DEBUG_VALUE: disk_ioctl:cmd <- $r1
	.save	{r7, lr}
	push	{r7, lr}
	.cfi_def_cfa_offset 8
	.cfi_offset lr, -4
	.cfi_offset r7, -8
	mov	lr, r0
.Ltmp37:
	@DEBUG_VALUE: disk_ioctl:res <- $lr
	@DEBUG_VALUE: disk_ioctl:pdrv <- $lr
	.loc	6 0 5 is_stmt 0                 @ ../../../../Library/Storage/diskio_SDH.c:0:5
	mov	r0, r1
.Ltmp38:
	@DEBUG_VALUE: disk_ioctl:cmd <- $r0
	@DEBUG_VALUE: disk_ioctl:cmd <- $r0
	.loc	6 114 9 is_stmt 1               @ ../../../../Library/Storage/diskio_SDH.c:114:9
	cmp	r3, r12
	bne	.LBB4_3
.Ltmp39:
@ %bb.2:
	@DEBUG_VALUE: disk_ioctl:cmd <- $r0
	@DEBUG_VALUE: disk_ioctl:pdrv <- $lr
	@DEBUG_VALUE: disk_ioctl:res <- $lr
	@DEBUG_VALUE: disk_ioctl:sdh <- $r3
	@DEBUG_VALUE: disk_ioctl:buff <- $r2
	.loc	6 0 9 is_stmt 0                 @ ../../../../Library/Storage/diskio_SDH.c:0:9
	movw	r1, :lower16:SD0
	movt	r1, :upper16:SD0
	b	.LBB4_4
.Ltmp40:
.LBB4_3:
	@DEBUG_VALUE: disk_ioctl:cmd <- $r0
	@DEBUG_VALUE: disk_ioctl:pdrv <- $lr
	@DEBUG_VALUE: disk_ioctl:res <- $lr
	@DEBUG_VALUE: disk_ioctl:sdh <- $r3
	@DEBUG_VALUE: disk_ioctl:buff <- $r2
	.loc	6 116 55 is_stmt 1              @ ../../../../Library/Storage/diskio_SDH.c:116:55
	movw	r1, :lower16:SD1
	cmp.w	lr, #1
	movt	r1, :upper16:SD1
	it	ne
	movne	r1, #0
.Ltmp41:
.LBB4_4:
	@DEBUG_VALUE: disk_ioctl:cmd <- $r0
	@DEBUG_VALUE: disk_ioctl:pdrv <- $lr
	@DEBUG_VALUE: disk_ioctl:res <- $lr
	@DEBUG_VALUE: disk_ioctl:sdh <- $r3
	@DEBUG_VALUE: disk_ioctl:buff <- $r2
	@DEBUG_VALUE: disk_ioctl:cmd <- $r0
	@DEBUG_VALUE: sdh_info <- $r1
	.loc	6 118 9                         @ ../../../../Library/Storage/diskio_SDH.c:118:9
	cmp	r0, #0
	it	eq
	popeq	{r7, pc}
.Ltmp42:
.LBB4_5:
	@DEBUG_VALUE: sdh_info <- $r1
	@DEBUG_VALUE: disk_ioctl:cmd <- $r0
	@DEBUG_VALUE: disk_ioctl:pdrv <- $lr
	@DEBUG_VALUE: disk_ioctl:res <- $lr
	@DEBUG_VALUE: disk_ioctl:sdh <- $r3
	@DEBUG_VALUE: disk_ioctl:buff <- $r2
	cmp	r0, #2
	beq	.LBB4_8
.Ltmp43:
@ %bb.6:
	@DEBUG_VALUE: sdh_info <- $r1
	@DEBUG_VALUE: disk_ioctl:cmd <- $r0
	@DEBUG_VALUE: disk_ioctl:pdrv <- $lr
	@DEBUG_VALUE: disk_ioctl:res <- $lr
	@DEBUG_VALUE: disk_ioctl:sdh <- $r3
	@DEBUG_VALUE: disk_ioctl:buff <- $r2
	cmp	r0, #1
	itt	ne
	movne	r0, #4
.Ltmp44:
	@DEBUG_VALUE: disk_ioctl:res <- 4
	.loc	6 0 9 is_stmt 0                 @ ../../../../Library/Storage/diskio_SDH.c:0:9
	popne	{r7, pc}
.Ltmp45:
.LBB4_7:
	@DEBUG_VALUE: sdh_info <- $r1
	@DEBUG_VALUE: disk_ioctl:pdrv <- $lr
	@DEBUG_VALUE: disk_ioctl:sdh <- $r3
	@DEBUG_VALUE: disk_ioctl:res <- 4
	@DEBUG_VALUE: disk_ioctl:buff <- $r2
	.loc	6 125 44 is_stmt 1              @ ../../../../Library/Storage/diskio_SDH.c:125:44
	ldr	r0, [r1, #12]
	.loc	6 125 32 is_stmt 0              @ ../../../../Library/Storage/diskio_SDH.c:125:32
	str	r0, [r2]
	movs	r0, #0
.Ltmp46:
	@DEBUG_VALUE: disk_ioctl:res <- 0
	.loc	6 0 32                          @ ../../../../Library/Storage/diskio_SDH.c:0:32
	pop	{r7, pc}
.Ltmp47:
.LBB4_8:
	@DEBUG_VALUE: sdh_info <- $r1
	@DEBUG_VALUE: disk_ioctl:cmd <- $r0
	@DEBUG_VALUE: disk_ioctl:pdrv <- $lr
	@DEBUG_VALUE: disk_ioctl:res <- $lr
	@DEBUG_VALUE: disk_ioctl:sdh <- $r3
	@DEBUG_VALUE: disk_ioctl:buff <- $r2
	.loc	6 131 43 is_stmt 1              @ ../../../../Library/Storage/diskio_SDH.c:131:43
	ldr	r0, [r1, #20]
.Ltmp48:
	.loc	6 131 31 is_stmt 0              @ ../../../../Library/Storage/diskio_SDH.c:131:31
	strh	r0, [r2]
	movs	r0, #0
.Ltmp49:
	@DEBUG_VALUE: disk_ioctl:res <- 0
	.loc	6 0 31                          @ ../../../../Library/Storage/diskio_SDH.c:0:31
	pop	{r7, pc}
.Ltmp50:
.Lfunc_end4:
	.size	disk_ioctl, .Lfunc_end4-disk_ioctl
	.cfi_endproc
	.cantunwind
	.fnend
                                        @ -- End function
	.file	7 "C:\\ML\\ML_M55M1_SampleCode-master 2\\ML_M55M1_SampleCode-master\\M55M1BSP-3.01.003\\SampleCode\\NuEdgeWise\\ObjectDetection_YOLOv8n\\KEIL" "../../../../Library/StdDriver/inc\\sdh.h"
	.section	.debug_loc,"",%progbits
.Ldebug_loc0:
	.long	-1
	.long	.Lfunc_begin0                   @   base address
	.long	.Lfunc_begin0-.Lfunc_begin0
	.long	.Ltmp0-.Lfunc_begin0
	.short	1                               @ Loc expr size
	.byte	80                              @ DW_OP_reg0
	.long	.Ltmp0-.Lfunc_begin0
	.long	.Lfunc_end0-.Lfunc_begin0
	.short	4                               @ Loc expr size
	.byte	243                             @ DW_OP_GNU_entry_value
	.byte	1                               @ 1
	.byte	80                              @ DW_OP_reg0
	.byte	159                             @ DW_OP_stack_value
	.long	0
	.long	0
.Ldebug_loc1:
	.long	-1
	.long	.Lfunc_begin1                   @   base address
	.long	.Lfunc_begin1-.Lfunc_begin1
	.long	.Ltmp3-.Lfunc_begin1
	.short	1                               @ Loc expr size
	.byte	80                              @ DW_OP_reg0
	.long	.Ltmp3-.Lfunc_begin1
	.long	.Lfunc_end1-.Lfunc_begin1
	.short	4                               @ Loc expr size
	.byte	243                             @ DW_OP_GNU_entry_value
	.byte	1                               @ 1
	.byte	80                              @ DW_OP_reg0
	.byte	159                             @ DW_OP_stack_value
	.long	0
	.long	0
.Ldebug_loc2:
	.long	-1
	.long	.Lfunc_begin1                   @   base address
	.long	.Lfunc_begin1-.Lfunc_begin1
	.long	.Ltmp3-.Lfunc_begin1
	.short	1                               @ Loc expr size
	.byte	80                              @ DW_OP_reg0
	.long	0
	.long	0
.Ldebug_loc3:
	.long	-1
	.long	.Lfunc_begin2                   @   base address
	.long	.Lfunc_begin2-.Lfunc_begin2
	.long	.Ltmp7-.Lfunc_begin2
	.short	1                               @ Loc expr size
	.byte	80                              @ DW_OP_reg0
	.long	.Ltmp7-.Lfunc_begin2
	.long	.Ltmp15-.Lfunc_begin2
	.short	1                               @ Loc expr size
	.byte	92                              @ DW_OP_reg12
	.long	0
	.long	0
.Ldebug_loc4:
	.long	-1
	.long	.Lfunc_begin2                   @   base address
	.long	.Lfunc_begin2-.Lfunc_begin2
	.long	.Ltmp15-.Lfunc_begin2
	.short	1                               @ Loc expr size
	.byte	81                              @ DW_OP_reg1
	.long	.Ltmp15-.Lfunc_begin2
	.long	.Ltmp17-.Lfunc_begin2
	.short	4                               @ Loc expr size
	.byte	243                             @ DW_OP_GNU_entry_value
	.byte	1                               @ 1
	.byte	81                              @ DW_OP_reg1
	.byte	159                             @ DW_OP_stack_value
	.long	0
	.long	0
.Ldebug_loc5:
	.long	-1
	.long	.Lfunc_begin2                   @   base address
	.long	.Lfunc_begin2-.Lfunc_begin2
	.long	.Ltmp15-.Lfunc_begin2
	.short	1                               @ Loc expr size
	.byte	82                              @ DW_OP_reg2
	.long	.Ltmp15-.Lfunc_begin2
	.long	.Ltmp17-.Lfunc_begin2
	.short	4                               @ Loc expr size
	.byte	243                             @ DW_OP_GNU_entry_value
	.byte	1                               @ 1
	.byte	82                              @ DW_OP_reg2
	.byte	159                             @ DW_OP_stack_value
	.long	0
	.long	0
.Ldebug_loc6:
	.long	-1
	.long	.Lfunc_begin2                   @   base address
	.long	.Lfunc_begin2-.Lfunc_begin2
	.long	.Ltmp15-.Lfunc_begin2
	.short	1                               @ Loc expr size
	.byte	83                              @ DW_OP_reg3
	.long	.Ltmp15-.Lfunc_begin2
	.long	.Ltmp17-.Lfunc_begin2
	.short	4                               @ Loc expr size
	.byte	243                             @ DW_OP_GNU_entry_value
	.byte	1                               @ 1
	.byte	83                              @ DW_OP_reg3
	.byte	159                             @ DW_OP_stack_value
	.long	0
	.long	0
.Ldebug_loc7:
	.long	-1
	.long	.Lfunc_begin2                   @   base address
	.long	.Ltmp8-.Lfunc_begin2
	.long	.Ltmp11-.Lfunc_begin2
	.short	2                               @ Loc expr size
	.byte	52                              @ DW_OP_lit4
	.byte	159                             @ DW_OP_stack_value
	.long	.Ltmp11-.Lfunc_begin2
	.long	.Ltmp13-.Lfunc_begin2
	.short	1                               @ Loc expr size
	.byte	80                              @ DW_OP_reg0
	.long	.Ltmp17-.Lfunc_begin2
	.long	.Lfunc_end2-.Lfunc_begin2
	.short	1                               @ Loc expr size
	.byte	80                              @ DW_OP_reg0
	.long	0
	.long	0
.Ldebug_loc8:
	.long	-1
	.long	.Lfunc_begin2                   @   base address
	.long	.Ltmp14-.Lfunc_begin2
	.long	.Ltmp15-.Lfunc_begin2
	.short	1                               @ Loc expr size
	.byte	80                              @ DW_OP_reg0
	.long	0
	.long	0
.Ldebug_loc9:
	.long	-1
	.long	.Lfunc_begin2                   @   base address
	.long	.Ltmp15-.Lfunc_begin2
	.long	.Ltmp16-.Lfunc_begin2
	.short	1                               @ Loc expr size
	.byte	80                              @ DW_OP_reg0
	.long	0
	.long	0
.Ldebug_loc10:
	.long	-1
	.long	.Lfunc_begin3                   @   base address
	.long	.Lfunc_begin3-.Lfunc_begin3
	.long	.Ltmp19-.Lfunc_begin3
	.short	1                               @ Loc expr size
	.byte	80                              @ DW_OP_reg0
	.long	.Ltmp19-.Lfunc_begin3
	.long	.Ltmp27-.Lfunc_begin3
	.short	1                               @ Loc expr size
	.byte	92                              @ DW_OP_reg12
	.long	0
	.long	0
.Ldebug_loc11:
	.long	-1
	.long	.Lfunc_begin3                   @   base address
	.long	.Lfunc_begin3-.Lfunc_begin3
	.long	.Ltmp27-.Lfunc_begin3
	.short	1                               @ Loc expr size
	.byte	81                              @ DW_OP_reg1
	.long	.Ltmp27-.Lfunc_begin3
	.long	.Ltmp29-.Lfunc_begin3
	.short	4                               @ Loc expr size
	.byte	243                             @ DW_OP_GNU_entry_value
	.byte	1                               @ 1
	.byte	81                              @ DW_OP_reg1
	.byte	159                             @ DW_OP_stack_value
	.long	0
	.long	0
.Ldebug_loc12:
	.long	-1
	.long	.Lfunc_begin3                   @   base address
	.long	.Lfunc_begin3-.Lfunc_begin3
	.long	.Ltmp27-.Lfunc_begin3
	.short	1                               @ Loc expr size
	.byte	82                              @ DW_OP_reg2
	.long	.Ltmp27-.Lfunc_begin3
	.long	.Ltmp29-.Lfunc_begin3
	.short	4                               @ Loc expr size
	.byte	243                             @ DW_OP_GNU_entry_value
	.byte	1                               @ 1
	.byte	82                              @ DW_OP_reg2
	.byte	159                             @ DW_OP_stack_value
	.long	0
	.long	0
.Ldebug_loc13:
	.long	-1
	.long	.Lfunc_begin3                   @   base address
	.long	.Lfunc_begin3-.Lfunc_begin3
	.long	.Ltmp27-.Lfunc_begin3
	.short	1                               @ Loc expr size
	.byte	83                              @ DW_OP_reg3
	.long	.Ltmp27-.Lfunc_begin3
	.long	.Ltmp29-.Lfunc_begin3
	.short	4                               @ Loc expr size
	.byte	243                             @ DW_OP_GNU_entry_value
	.byte	1                               @ 1
	.byte	83                              @ DW_OP_reg3
	.byte	159                             @ DW_OP_stack_value
	.long	0
	.long	0
.Ldebug_loc14:
	.long	-1
	.long	.Lfunc_begin3                   @   base address
	.long	.Ltmp20-.Lfunc_begin3
	.long	.Ltmp23-.Lfunc_begin3
	.short	2                               @ Loc expr size
	.byte	52                              @ DW_OP_lit4
	.byte	159                             @ DW_OP_stack_value
	.long	.Ltmp23-.Lfunc_begin3
	.long	.Ltmp25-.Lfunc_begin3
	.short	1                               @ Loc expr size
	.byte	80                              @ DW_OP_reg0
	.long	.Ltmp29-.Lfunc_begin3
	.long	.Lfunc_end3-.Lfunc_begin3
	.short	1                               @ Loc expr size
	.byte	80                              @ DW_OP_reg0
	.long	0
	.long	0
.Ldebug_loc15:
	.long	-1
	.long	.Lfunc_begin3                   @   base address
	.long	.Ltmp26-.Lfunc_begin3
	.long	.Ltmp27-.Lfunc_begin3
	.short	1                               @ Loc expr size
	.byte	80                              @ DW_OP_reg0
	.long	0
	.long	0
.Ldebug_loc16:
	.long	-1
	.long	.Lfunc_begin3                   @   base address
	.long	.Ltmp27-.Lfunc_begin3
	.long	.Ltmp28-.Lfunc_begin3
	.short	1                               @ Loc expr size
	.byte	80                              @ DW_OP_reg0
	.long	0
	.long	0
.Ldebug_loc17:
	.long	-1
	.long	.Lfunc_begin4                   @   base address
	.long	.Lfunc_begin4-.Lfunc_begin4
	.long	.Ltmp35-.Lfunc_begin4
	.short	1                               @ Loc expr size
	.byte	80                              @ DW_OP_reg0
	.long	.Ltmp35-.Lfunc_begin4
	.long	.Ltmp37-.Lfunc_begin4
	.short	4                               @ Loc expr size
	.byte	243                             @ DW_OP_GNU_entry_value
	.byte	1                               @ 1
	.byte	80                              @ DW_OP_reg0
	.byte	159                             @ DW_OP_stack_value
	.long	.Ltmp37-.Lfunc_begin4
	.long	.Lfunc_end4-.Lfunc_begin4
	.short	1                               @ Loc expr size
	.byte	94                              @ DW_OP_reg14
	.long	0
	.long	0
.Ldebug_loc18:
	.long	-1
	.long	.Lfunc_begin4                   @   base address
	.long	.Ltmp34-.Lfunc_begin4
	.long	.Ltmp38-.Lfunc_begin4
	.short	1                               @ Loc expr size
	.byte	81                              @ DW_OP_reg1
	.long	.Ltmp38-.Lfunc_begin4
	.long	.Ltmp44-.Lfunc_begin4
	.short	1                               @ Loc expr size
	.byte	80                              @ DW_OP_reg0
	.long	.Ltmp47-.Lfunc_begin4
	.long	.Ltmp48-.Lfunc_begin4
	.short	1                               @ Loc expr size
	.byte	80                              @ DW_OP_reg0
	.long	0
	.long	0
.Ldebug_loc19:
	.long	-1
	.long	.Lfunc_begin4                   @   base address
	.long	.Ltmp32-.Lfunc_begin4
	.long	.Ltmp35-.Lfunc_begin4
	.short	2                               @ Loc expr size
	.byte	52                              @ DW_OP_lit4
	.byte	159                             @ DW_OP_stack_value
	.long	.Ltmp35-.Lfunc_begin4
	.long	.Ltmp37-.Lfunc_begin4
	.short	1                               @ Loc expr size
	.byte	80                              @ DW_OP_reg0
	.long	.Ltmp37-.Lfunc_begin4
	.long	.Ltmp44-.Lfunc_begin4
	.short	1                               @ Loc expr size
	.byte	94                              @ DW_OP_reg14
	.long	.Ltmp44-.Lfunc_begin4
	.long	.Ltmp46-.Lfunc_begin4
	.short	2                               @ Loc expr size
	.byte	52                              @ DW_OP_lit4
	.byte	159                             @ DW_OP_stack_value
	.long	.Ltmp46-.Lfunc_begin4
	.long	.Ltmp47-.Lfunc_begin4
	.short	2                               @ Loc expr size
	.byte	48                              @ DW_OP_lit0
	.byte	159                             @ DW_OP_stack_value
	.long	.Ltmp47-.Lfunc_begin4
	.long	.Ltmp49-.Lfunc_begin4
	.short	1                               @ Loc expr size
	.byte	94                              @ DW_OP_reg14
	.long	.Ltmp49-.Lfunc_begin4
	.long	.Lfunc_end4-.Lfunc_begin4
	.short	2                               @ Loc expr size
	.byte	48                              @ DW_OP_lit0
	.byte	159                             @ DW_OP_stack_value
	.long	0
	.long	0
.Ldebug_loc20:
	.long	-1
	.long	.Lfunc_begin4                   @   base address
	.long	.Ltmp33-.Lfunc_begin4
	.long	.Lfunc_end4-.Lfunc_begin4
	.short	1                               @ Loc expr size
	.byte	83                              @ DW_OP_reg3
	.long	0
	.long	0
.Ldebug_loc21:
	.long	-1
	.long	.Lfunc_begin4                   @   base address
	.long	.Ltmp41-.Lfunc_begin4
	.long	.Lfunc_end4-.Lfunc_begin4
	.short	1                               @ Loc expr size
	.byte	81                              @ DW_OP_reg1
	.long	0
	.long	0
	.section	.debug_abbrev,"",%progbits
	.byte	1                               @ Abbreviation Code
	.byte	17                              @ DW_TAG_compile_unit
	.byte	1                               @ DW_CHILDREN_yes
	.byte	37                              @ DW_AT_producer
	.byte	14                              @ DW_FORM_strp
	.byte	19                              @ DW_AT_language
	.byte	5                               @ DW_FORM_data2
	.byte	3                               @ DW_AT_name
	.byte	14                              @ DW_FORM_strp
	.byte	16                              @ DW_AT_stmt_list
	.byte	23                              @ DW_FORM_sec_offset
	.byte	27                              @ DW_AT_comp_dir
	.byte	14                              @ DW_FORM_strp
	.byte	17                              @ DW_AT_low_pc
	.byte	1                               @ DW_FORM_addr
	.byte	85                              @ DW_AT_ranges
	.byte	23                              @ DW_FORM_sec_offset
	.byte	0                               @ EOM(1)
	.byte	0                               @ EOM(2)
	.byte	2                               @ Abbreviation Code
	.byte	4                               @ DW_TAG_enumeration_type
	.byte	1                               @ DW_CHILDREN_yes
	.byte	73                              @ DW_AT_type
	.byte	19                              @ DW_FORM_ref4
	.byte	11                              @ DW_AT_byte_size
	.byte	11                              @ DW_FORM_data1
	.byte	58                              @ DW_AT_decl_file
	.byte	11                              @ DW_FORM_data1
	.byte	59                              @ DW_AT_decl_line
	.byte	11                              @ DW_FORM_data1
	.byte	0                               @ EOM(1)
	.byte	0                               @ EOM(2)
	.byte	3                               @ Abbreviation Code
	.byte	40                              @ DW_TAG_enumerator
	.byte	0                               @ DW_CHILDREN_no
	.byte	3                               @ DW_AT_name
	.byte	14                              @ DW_FORM_strp
	.byte	28                              @ DW_AT_const_value
	.byte	15                              @ DW_FORM_udata
	.byte	0                               @ EOM(1)
	.byte	0                               @ EOM(2)
	.byte	4                               @ Abbreviation Code
	.byte	36                              @ DW_TAG_base_type
	.byte	0                               @ DW_CHILDREN_no
	.byte	3                               @ DW_AT_name
	.byte	14                              @ DW_FORM_strp
	.byte	62                              @ DW_AT_encoding
	.byte	11                              @ DW_FORM_data1
	.byte	11                              @ DW_AT_byte_size
	.byte	11                              @ DW_FORM_data1
	.byte	0                               @ EOM(1)
	.byte	0                               @ EOM(2)
	.byte	5                               @ Abbreviation Code
	.byte	15                              @ DW_TAG_pointer_type
	.byte	0                               @ DW_CHILDREN_no
	.byte	73                              @ DW_AT_type
	.byte	19                              @ DW_FORM_ref4
	.byte	0                               @ EOM(1)
	.byte	0                               @ EOM(2)
	.byte	6                               @ Abbreviation Code
	.byte	22                              @ DW_TAG_typedef
	.byte	0                               @ DW_CHILDREN_no
	.byte	73                              @ DW_AT_type
	.byte	19                              @ DW_FORM_ref4
	.byte	3                               @ DW_AT_name
	.byte	14                              @ DW_FORM_strp
	.byte	58                              @ DW_AT_decl_file
	.byte	11                              @ DW_FORM_data1
	.byte	59                              @ DW_AT_decl_line
	.byte	5                               @ DW_FORM_data2
	.byte	0                               @ EOM(1)
	.byte	0                               @ EOM(2)
	.byte	7                               @ Abbreviation Code
	.byte	19                              @ DW_TAG_structure_type
	.byte	1                               @ DW_CHILDREN_yes
	.byte	11                              @ DW_AT_byte_size
	.byte	5                               @ DW_FORM_data2
	.byte	58                              @ DW_AT_decl_file
	.byte	11                              @ DW_FORM_data1
	.byte	59                              @ DW_AT_decl_line
	.byte	11                              @ DW_FORM_data1
	.byte	0                               @ EOM(1)
	.byte	0                               @ EOM(2)
	.byte	8                               @ Abbreviation Code
	.byte	13                              @ DW_TAG_member
	.byte	0                               @ DW_CHILDREN_no
	.byte	3                               @ DW_AT_name
	.byte	14                              @ DW_FORM_strp
	.byte	73                              @ DW_AT_type
	.byte	19                              @ DW_FORM_ref4
	.byte	58                              @ DW_AT_decl_file
	.byte	11                              @ DW_FORM_data1
	.byte	59                              @ DW_AT_decl_line
	.byte	5                               @ DW_FORM_data2
	.byte	56                              @ DW_AT_data_member_location
	.byte	11                              @ DW_FORM_data1
	.byte	0                               @ EOM(1)
	.byte	0                               @ EOM(2)
	.byte	9                               @ Abbreviation Code
	.byte	13                              @ DW_TAG_member
	.byte	0                               @ DW_CHILDREN_no
	.byte	3                               @ DW_AT_name
	.byte	14                              @ DW_FORM_strp
	.byte	73                              @ DW_AT_type
	.byte	19                              @ DW_FORM_ref4
	.byte	58                              @ DW_AT_decl_file
	.byte	11                              @ DW_FORM_data1
	.byte	59                              @ DW_AT_decl_line
	.byte	5                               @ DW_FORM_data2
	.byte	56                              @ DW_AT_data_member_location
	.byte	5                               @ DW_FORM_data2
	.byte	0                               @ EOM(1)
	.byte	0                               @ EOM(2)
	.byte	10                              @ Abbreviation Code
	.byte	1                               @ DW_TAG_array_type
	.byte	1                               @ DW_CHILDREN_yes
	.byte	73                              @ DW_AT_type
	.byte	19                              @ DW_FORM_ref4
	.byte	0                               @ EOM(1)
	.byte	0                               @ EOM(2)
	.byte	11                              @ Abbreviation Code
	.byte	33                              @ DW_TAG_subrange_type
	.byte	0                               @ DW_CHILDREN_no
	.byte	73                              @ DW_AT_type
	.byte	19                              @ DW_FORM_ref4
	.byte	55                              @ DW_AT_count
	.byte	11                              @ DW_FORM_data1
	.byte	0                               @ EOM(1)
	.byte	0                               @ EOM(2)
	.byte	12                              @ Abbreviation Code
	.byte	53                              @ DW_TAG_volatile_type
	.byte	0                               @ DW_CHILDREN_no
	.byte	73                              @ DW_AT_type
	.byte	19                              @ DW_FORM_ref4
	.byte	0                               @ EOM(1)
	.byte	0                               @ EOM(2)
	.byte	13                              @ Abbreviation Code
	.byte	22                              @ DW_TAG_typedef
	.byte	0                               @ DW_CHILDREN_no
	.byte	73                              @ DW_AT_type
	.byte	19                              @ DW_FORM_ref4
	.byte	3                               @ DW_AT_name
	.byte	14                              @ DW_FORM_strp
	.byte	58                              @ DW_AT_decl_file
	.byte	11                              @ DW_FORM_data1
	.byte	59                              @ DW_AT_decl_line
	.byte	11                              @ DW_FORM_data1
	.byte	0                               @ EOM(1)
	.byte	0                               @ EOM(2)
	.byte	14                              @ Abbreviation Code
	.byte	36                              @ DW_TAG_base_type
	.byte	0                               @ DW_CHILDREN_no
	.byte	3                               @ DW_AT_name
	.byte	14                              @ DW_FORM_strp
	.byte	11                              @ DW_AT_byte_size
	.byte	11                              @ DW_FORM_data1
	.byte	62                              @ DW_AT_encoding
	.byte	11                              @ DW_FORM_data1
	.byte	0                               @ EOM(1)
	.byte	0                               @ EOM(2)
	.byte	15                              @ Abbreviation Code
	.byte	38                              @ DW_TAG_const_type
	.byte	0                               @ DW_CHILDREN_no
	.byte	73                              @ DW_AT_type
	.byte	19                              @ DW_FORM_ref4
	.byte	0                               @ EOM(1)
	.byte	0                               @ EOM(2)
	.byte	16                              @ Abbreviation Code
	.byte	46                              @ DW_TAG_subprogram
	.byte	1                               @ DW_CHILDREN_yes
	.byte	17                              @ DW_AT_low_pc
	.byte	1                               @ DW_FORM_addr
	.byte	18                              @ DW_AT_high_pc
	.byte	6                               @ DW_FORM_data4
	.byte	64                              @ DW_AT_frame_base
	.byte	24                              @ DW_FORM_exprloc
	.ascii	"\227B"                         @ DW_AT_GNU_all_call_sites
	.byte	25                              @ DW_FORM_flag_present
	.byte	49                              @ DW_AT_abstract_origin
	.byte	19                              @ DW_FORM_ref4
	.byte	0                               @ EOM(1)
	.byte	0                               @ EOM(2)
	.byte	17                              @ Abbreviation Code
	.byte	5                               @ DW_TAG_formal_parameter
	.byte	0                               @ DW_CHILDREN_no
	.byte	2                               @ DW_AT_location
	.byte	23                              @ DW_FORM_sec_offset
	.byte	49                              @ DW_AT_abstract_origin
	.byte	19                              @ DW_FORM_ref4
	.byte	0                               @ EOM(1)
	.byte	0                               @ EOM(2)
	.byte	18                              @ Abbreviation Code
	.byte	52                              @ DW_TAG_variable
	.byte	0                               @ DW_CHILDREN_no
	.byte	49                              @ DW_AT_abstract_origin
	.byte	19                              @ DW_FORM_ref4
	.byte	0                               @ EOM(1)
	.byte	0                               @ EOM(2)
	.byte	19                              @ Abbreviation Code
	.byte	46                              @ DW_TAG_subprogram
	.byte	1                               @ DW_CHILDREN_yes
	.byte	3                               @ DW_AT_name
	.byte	14                              @ DW_FORM_strp
	.byte	58                              @ DW_AT_decl_file
	.byte	11                              @ DW_FORM_data1
	.byte	59                              @ DW_AT_decl_line
	.byte	11                              @ DW_FORM_data1
	.byte	39                              @ DW_AT_prototyped
	.byte	25                              @ DW_FORM_flag_present
	.byte	73                              @ DW_AT_type
	.byte	19                              @ DW_FORM_ref4
	.byte	63                              @ DW_AT_external
	.byte	25                              @ DW_FORM_flag_present
	.byte	32                              @ DW_AT_inline
	.byte	11                              @ DW_FORM_data1
	.byte	0                               @ EOM(1)
	.byte	0                               @ EOM(2)
	.byte	20                              @ Abbreviation Code
	.byte	5                               @ DW_TAG_formal_parameter
	.byte	0                               @ DW_CHILDREN_no
	.byte	3                               @ DW_AT_name
	.byte	14                              @ DW_FORM_strp
	.byte	58                              @ DW_AT_decl_file
	.byte	11                              @ DW_FORM_data1
	.byte	59                              @ DW_AT_decl_line
	.byte	11                              @ DW_FORM_data1
	.byte	73                              @ DW_AT_type
	.byte	19                              @ DW_FORM_ref4
	.byte	0                               @ EOM(1)
	.byte	0                               @ EOM(2)
	.byte	21                              @ Abbreviation Code
	.byte	52                              @ DW_TAG_variable
	.byte	0                               @ DW_CHILDREN_no
	.byte	3                               @ DW_AT_name
	.byte	14                              @ DW_FORM_strp
	.byte	58                              @ DW_AT_decl_file
	.byte	11                              @ DW_FORM_data1
	.byte	59                              @ DW_AT_decl_line
	.byte	11                              @ DW_FORM_data1
	.byte	73                              @ DW_AT_type
	.byte	19                              @ DW_FORM_ref4
	.byte	0                               @ EOM(1)
	.byte	0                               @ EOM(2)
	.byte	22                              @ Abbreviation Code
	.byte	46                              @ DW_TAG_subprogram
	.byte	1                               @ DW_CHILDREN_yes
	.byte	17                              @ DW_AT_low_pc
	.byte	1                               @ DW_FORM_addr
	.byte	18                              @ DW_AT_high_pc
	.byte	6                               @ DW_FORM_data4
	.byte	64                              @ DW_AT_frame_base
	.byte	24                              @ DW_FORM_exprloc
	.ascii	"\227B"                         @ DW_AT_GNU_all_call_sites
	.byte	25                              @ DW_FORM_flag_present
	.byte	3                               @ DW_AT_name
	.byte	14                              @ DW_FORM_strp
	.byte	58                              @ DW_AT_decl_file
	.byte	11                              @ DW_FORM_data1
	.byte	59                              @ DW_AT_decl_line
	.byte	11                              @ DW_FORM_data1
	.byte	39                              @ DW_AT_prototyped
	.byte	25                              @ DW_FORM_flag_present
	.byte	73                              @ DW_AT_type
	.byte	19                              @ DW_FORM_ref4
	.byte	63                              @ DW_AT_external
	.byte	25                              @ DW_FORM_flag_present
	.byte	0                               @ EOM(1)
	.byte	0                               @ EOM(2)
	.byte	23                              @ Abbreviation Code
	.byte	5                               @ DW_TAG_formal_parameter
	.byte	0                               @ DW_CHILDREN_no
	.byte	2                               @ DW_AT_location
	.byte	23                              @ DW_FORM_sec_offset
	.byte	3                               @ DW_AT_name
	.byte	14                              @ DW_FORM_strp
	.byte	58                              @ DW_AT_decl_file
	.byte	11                              @ DW_FORM_data1
	.byte	59                              @ DW_AT_decl_line
	.byte	11                              @ DW_FORM_data1
	.byte	73                              @ DW_AT_type
	.byte	19                              @ DW_FORM_ref4
	.byte	0                               @ EOM(1)
	.byte	0                               @ EOM(2)
	.byte	24                              @ Abbreviation Code
	.byte	29                              @ DW_TAG_inlined_subroutine
	.byte	1                               @ DW_CHILDREN_yes
	.byte	49                              @ DW_AT_abstract_origin
	.byte	19                              @ DW_FORM_ref4
	.byte	85                              @ DW_AT_ranges
	.byte	23                              @ DW_FORM_sec_offset
	.byte	88                              @ DW_AT_call_file
	.byte	11                              @ DW_FORM_data1
	.byte	89                              @ DW_AT_call_line
	.byte	11                              @ DW_FORM_data1
	.byte	87                              @ DW_AT_call_column
	.byte	11                              @ DW_FORM_data1
	.byte	0                               @ EOM(1)
	.byte	0                               @ EOM(2)
	.byte	25                              @ Abbreviation Code
	.byte	52                              @ DW_TAG_variable
	.byte	0                               @ DW_CHILDREN_no
	.byte	2                               @ DW_AT_location
	.byte	23                              @ DW_FORM_sec_offset
	.byte	3                               @ DW_AT_name
	.byte	14                              @ DW_FORM_strp
	.byte	58                              @ DW_AT_decl_file
	.byte	11                              @ DW_FORM_data1
	.byte	59                              @ DW_AT_decl_line
	.byte	11                              @ DW_FORM_data1
	.byte	73                              @ DW_AT_type
	.byte	19                              @ DW_FORM_ref4
	.byte	0                               @ EOM(1)
	.byte	0                               @ EOM(2)
	.byte	26                              @ Abbreviation Code
	.byte	11                              @ DW_TAG_lexical_block
	.byte	1                               @ DW_CHILDREN_yes
	.byte	17                              @ DW_AT_low_pc
	.byte	1                               @ DW_FORM_addr
	.byte	18                              @ DW_AT_high_pc
	.byte	6                               @ DW_FORM_data4
	.byte	0                               @ EOM(1)
	.byte	0                               @ EOM(2)
	.byte	27                              @ Abbreviation Code
	.byte	5                               @ DW_TAG_formal_parameter
	.byte	0                               @ DW_CHILDREN_no
	.byte	2                               @ DW_AT_location
	.byte	24                              @ DW_FORM_exprloc
	.byte	3                               @ DW_AT_name
	.byte	14                              @ DW_FORM_strp
	.byte	58                              @ DW_AT_decl_file
	.byte	11                              @ DW_FORM_data1
	.byte	59                              @ DW_AT_decl_line
	.byte	11                              @ DW_FORM_data1
	.byte	73                              @ DW_AT_type
	.byte	19                              @ DW_FORM_ref4
	.byte	0                               @ EOM(1)
	.byte	0                               @ EOM(2)
	.byte	28                              @ Abbreviation Code
	.byte	15                              @ DW_TAG_pointer_type
	.byte	0                               @ DW_CHILDREN_no
	.byte	0                               @ EOM(1)
	.byte	0                               @ EOM(2)
	.byte	29                              @ Abbreviation Code
	.byte	19                              @ DW_TAG_structure_type
	.byte	1                               @ DW_CHILDREN_yes
	.byte	3                               @ DW_AT_name
	.byte	14                              @ DW_FORM_strp
	.byte	11                              @ DW_AT_byte_size
	.byte	11                              @ DW_FORM_data1
	.byte	58                              @ DW_AT_decl_file
	.byte	11                              @ DW_FORM_data1
	.byte	59                              @ DW_AT_decl_line
	.byte	11                              @ DW_FORM_data1
	.byte	0                               @ EOM(1)
	.byte	0                               @ EOM(2)
	.byte	30                              @ Abbreviation Code
	.byte	13                              @ DW_TAG_member
	.byte	0                               @ DW_CHILDREN_no
	.byte	3                               @ DW_AT_name
	.byte	14                              @ DW_FORM_strp
	.byte	73                              @ DW_AT_type
	.byte	19                              @ DW_FORM_ref4
	.byte	58                              @ DW_AT_decl_file
	.byte	11                              @ DW_FORM_data1
	.byte	59                              @ DW_AT_decl_line
	.byte	11                              @ DW_FORM_data1
	.byte	56                              @ DW_AT_data_member_location
	.byte	11                              @ DW_FORM_data1
	.byte	0                               @ EOM(1)
	.byte	0                               @ EOM(2)
	.byte	0                               @ EOM(3)
	.section	.debug_info,"",%progbits
.Lcu_begin0:
	.long	.Ldebug_info_end0-.Ldebug_info_start0 @ Length of Unit
.Ldebug_info_start0:
	.short	4                               @ DWARF version number
	.long	.debug_abbrev                   @ Offset Into Abbrev. Section
	.byte	4                               @ Address Size (in bytes)
	.byte	1                               @ Abbrev [1] 0xb:0x79d DW_TAG_compile_unit
	.long	.Linfo_string0                  @ DW_AT_producer
	.short	29                              @ DW_AT_language
	.long	.Linfo_string1                  @ DW_AT_name
	.long	.Lline_table_start0             @ DW_AT_stmt_list
	.long	.Linfo_string2                  @ DW_AT_comp_dir
	.long	0                               @ DW_AT_low_pc
	.long	.Ldebug_ranges1                 @ DW_AT_ranges
	.byte	2                               @ Abbrev [2] 0x26:0x27 DW_TAG_enumeration_type
	.long	77                              @ DW_AT_type
	.byte	1                               @ DW_AT_byte_size
	.byte	1                               @ DW_AT_decl_file
	.byte	18                              @ DW_AT_decl_line
	.byte	3                               @ Abbrev [3] 0x2e:0x6 DW_TAG_enumerator
	.long	.Linfo_string4                  @ DW_AT_name
	.byte	0                               @ DW_AT_const_value
	.byte	3                               @ Abbrev [3] 0x34:0x6 DW_TAG_enumerator
	.long	.Linfo_string5                  @ DW_AT_name
	.byte	1                               @ DW_AT_const_value
	.byte	3                               @ Abbrev [3] 0x3a:0x6 DW_TAG_enumerator
	.long	.Linfo_string6                  @ DW_AT_name
	.byte	2                               @ DW_AT_const_value
	.byte	3                               @ Abbrev [3] 0x40:0x6 DW_TAG_enumerator
	.long	.Linfo_string7                  @ DW_AT_name
	.byte	3                               @ DW_AT_const_value
	.byte	3                               @ Abbrev [3] 0x46:0x6 DW_TAG_enumerator
	.long	.Linfo_string8                  @ DW_AT_name
	.byte	4                               @ DW_AT_const_value
	.byte	0                               @ End Of Children Mark
	.byte	4                               @ Abbrev [4] 0x4d:0x7 DW_TAG_base_type
	.long	.Linfo_string3                  @ DW_AT_name
	.byte	8                               @ DW_AT_encoding
	.byte	1                               @ DW_AT_byte_size
	.byte	5                               @ Abbrev [5] 0x54:0x5 DW_TAG_pointer_type
	.long	89                              @ DW_AT_type
	.byte	6                               @ Abbrev [6] 0x59:0xc DW_TAG_typedef
	.long	101                             @ DW_AT_type
	.long	.Linfo_string33                 @ DW_AT_name
	.byte	3                               @ DW_AT_decl_file
	.short	372                             @ DW_AT_decl_line
	.byte	7                               @ Abbrev [7] 0x65:0x12a DW_TAG_structure_type
	.short	2112                            @ DW_AT_byte_size
	.byte	3                               @ DW_AT_decl_file
	.byte	28                              @ DW_AT_decl_line
	.byte	8                               @ Abbrev [8] 0x6a:0xd DW_TAG_member
	.long	.Linfo_string9                  @ DW_AT_name
	.long	399                             @ DW_AT_type
	.byte	3                               @ DW_AT_decl_file
	.short	342                             @ DW_AT_decl_line
	.byte	0                               @ DW_AT_data_member_location
	.byte	8                               @ Abbrev [8] 0x77:0xd DW_TAG_member
	.long	.Linfo_string13                 @ DW_AT_name
	.long	441                             @ DW_AT_type
	.byte	3                               @ DW_AT_decl_file
	.short	344                             @ DW_AT_decl_line
	.byte	128                             @ DW_AT_data_member_location
	.byte	9                               @ Abbrev [9] 0x84:0xe DW_TAG_member
	.long	.Linfo_string14                 @ DW_AT_name
	.long	411                             @ DW_AT_type
	.byte	3                               @ DW_AT_decl_file
	.short	346                             @ DW_AT_decl_line
	.short	1024                            @ DW_AT_data_member_location
	.byte	9                               @ Abbrev [9] 0x92:0xe DW_TAG_member
	.long	.Linfo_string15                 @ DW_AT_name
	.long	458                             @ DW_AT_type
	.byte	3                               @ DW_AT_decl_file
	.short	348                             @ DW_AT_decl_line
	.short	1028                            @ DW_AT_data_member_location
	.byte	9                               @ Abbrev [9] 0xa0:0xe DW_TAG_member
	.long	.Linfo_string16                 @ DW_AT_name
	.long	411                             @ DW_AT_type
	.byte	3                               @ DW_AT_decl_file
	.short	350                             @ DW_AT_decl_line
	.short	1032                            @ DW_AT_data_member_location
	.byte	9                               @ Abbrev [9] 0xae:0xe DW_TAG_member
	.long	.Linfo_string17                 @ DW_AT_name
	.long	453                             @ DW_AT_type
	.byte	3                               @ DW_AT_decl_file
	.short	351                             @ DW_AT_decl_line
	.short	1036                            @ DW_AT_data_member_location
	.byte	9                               @ Abbrev [9] 0xbc:0xe DW_TAG_member
	.long	.Linfo_string18                 @ DW_AT_name
	.long	411                             @ DW_AT_type
	.byte	3                               @ DW_AT_decl_file
	.short	352                             @ DW_AT_decl_line
	.short	1040                            @ DW_AT_data_member_location
	.byte	9                               @ Abbrev [9] 0xca:0xe DW_TAG_member
	.long	.Linfo_string19                 @ DW_AT_name
	.long	411                             @ DW_AT_type
	.byte	3                               @ DW_AT_decl_file
	.short	353                             @ DW_AT_decl_line
	.short	1044                            @ DW_AT_data_member_location
	.byte	9                               @ Abbrev [9] 0xd8:0xe DW_TAG_member
	.long	.Linfo_string20                 @ DW_AT_name
	.long	470                             @ DW_AT_type
	.byte	3                               @ DW_AT_decl_file
	.short	355                             @ DW_AT_decl_line
	.short	1048                            @ DW_AT_data_member_location
	.byte	9                               @ Abbrev [9] 0xe6:0xe DW_TAG_member
	.long	.Linfo_string21                 @ DW_AT_name
	.long	411                             @ DW_AT_type
	.byte	3                               @ DW_AT_decl_file
	.short	357                             @ DW_AT_decl_line
	.short	2048                            @ DW_AT_data_member_location
	.byte	9                               @ Abbrev [9] 0xf4:0xe DW_TAG_member
	.long	.Linfo_string22                 @ DW_AT_name
	.long	411                             @ DW_AT_type
	.byte	3                               @ DW_AT_decl_file
	.short	358                             @ DW_AT_decl_line
	.short	2052                            @ DW_AT_data_member_location
	.byte	9                               @ Abbrev [9] 0x102:0xe DW_TAG_member
	.long	.Linfo_string23                 @ DW_AT_name
	.long	411                             @ DW_AT_type
	.byte	3                               @ DW_AT_decl_file
	.short	359                             @ DW_AT_decl_line
	.short	2056                            @ DW_AT_data_member_location
	.byte	9                               @ Abbrev [9] 0x110:0xe DW_TAG_member
	.long	.Linfo_string24                 @ DW_AT_name
	.long	482                             @ DW_AT_type
	.byte	3                               @ DW_AT_decl_file
	.short	361                             @ DW_AT_decl_line
	.short	2060                            @ DW_AT_data_member_location
	.byte	9                               @ Abbrev [9] 0x11e:0xe DW_TAG_member
	.long	.Linfo_string25                 @ DW_AT_name
	.long	411                             @ DW_AT_type
	.byte	3                               @ DW_AT_decl_file
	.short	363                             @ DW_AT_decl_line
	.short	2080                            @ DW_AT_data_member_location
	.byte	9                               @ Abbrev [9] 0x12c:0xe DW_TAG_member
	.long	.Linfo_string26                 @ DW_AT_name
	.long	411                             @ DW_AT_type
	.byte	3                               @ DW_AT_decl_file
	.short	364                             @ DW_AT_decl_line
	.short	2084                            @ DW_AT_data_member_location
	.byte	9                               @ Abbrev [9] 0x13a:0xe DW_TAG_member
	.long	.Linfo_string27                 @ DW_AT_name
	.long	411                             @ DW_AT_type
	.byte	3                               @ DW_AT_decl_file
	.short	365                             @ DW_AT_decl_line
	.short	2088                            @ DW_AT_data_member_location
	.byte	9                               @ Abbrev [9] 0x148:0xe DW_TAG_member
	.long	.Linfo_string28                 @ DW_AT_name
	.long	411                             @ DW_AT_type
	.byte	3                               @ DW_AT_decl_file
	.short	366                             @ DW_AT_decl_line
	.short	2092                            @ DW_AT_data_member_location
	.byte	9                               @ Abbrev [9] 0x156:0xe DW_TAG_member
	.long	.Linfo_string29                 @ DW_AT_name
	.long	453                             @ DW_AT_type
	.byte	3                               @ DW_AT_decl_file
	.short	367                             @ DW_AT_decl_line
	.short	2096                            @ DW_AT_data_member_location
	.byte	9                               @ Abbrev [9] 0x164:0xe DW_TAG_member
	.long	.Linfo_string30                 @ DW_AT_name
	.long	453                             @ DW_AT_type
	.byte	3                               @ DW_AT_decl_file
	.short	368                             @ DW_AT_decl_line
	.short	2100                            @ DW_AT_data_member_location
	.byte	9                               @ Abbrev [9] 0x172:0xe DW_TAG_member
	.long	.Linfo_string31                 @ DW_AT_name
	.long	411                             @ DW_AT_type
	.byte	3                               @ DW_AT_decl_file
	.short	369                             @ DW_AT_decl_line
	.short	2104                            @ DW_AT_data_member_location
	.byte	9                               @ Abbrev [9] 0x180:0xe DW_TAG_member
	.long	.Linfo_string32                 @ DW_AT_name
	.long	411                             @ DW_AT_type
	.byte	3                               @ DW_AT_decl_file
	.short	370                             @ DW_AT_decl_line
	.short	2108                            @ DW_AT_data_member_location
	.byte	0                               @ End Of Children Mark
	.byte	10                              @ Abbrev [10] 0x18f:0xc DW_TAG_array_type
	.long	411                             @ DW_AT_type
	.byte	11                              @ Abbrev [11] 0x194:0x6 DW_TAG_subrange_type
	.long	434                             @ DW_AT_type
	.byte	32                              @ DW_AT_count
	.byte	0                               @ End Of Children Mark
	.byte	12                              @ Abbrev [12] 0x19b:0x5 DW_TAG_volatile_type
	.long	416                             @ DW_AT_type
	.byte	13                              @ Abbrev [13] 0x1a0:0xb DW_TAG_typedef
	.long	427                             @ DW_AT_type
	.long	.Linfo_string11                 @ DW_AT_name
	.byte	2                               @ DW_AT_decl_file
	.byte	64                              @ DW_AT_decl_line
	.byte	4                               @ Abbrev [4] 0x1ab:0x7 DW_TAG_base_type
	.long	.Linfo_string10                 @ DW_AT_name
	.byte	7                               @ DW_AT_encoding
	.byte	4                               @ DW_AT_byte_size
	.byte	14                              @ Abbrev [14] 0x1b2:0x7 DW_TAG_base_type
	.long	.Linfo_string12                 @ DW_AT_name
	.byte	8                               @ DW_AT_byte_size
	.byte	7                               @ DW_AT_encoding
	.byte	10                              @ Abbrev [10] 0x1b9:0xc DW_TAG_array_type
	.long	453                             @ DW_AT_type
	.byte	11                              @ Abbrev [11] 0x1be:0x6 DW_TAG_subrange_type
	.long	434                             @ DW_AT_type
	.byte	224                             @ DW_AT_count
	.byte	0                               @ End Of Children Mark
	.byte	15                              @ Abbrev [15] 0x1c5:0x5 DW_TAG_const_type
	.long	411                             @ DW_AT_type
	.byte	10                              @ Abbrev [10] 0x1ca:0xc DW_TAG_array_type
	.long	453                             @ DW_AT_type
	.byte	11                              @ Abbrev [11] 0x1cf:0x6 DW_TAG_subrange_type
	.long	434                             @ DW_AT_type
	.byte	1                               @ DW_AT_count
	.byte	0                               @ End Of Children Mark
	.byte	10                              @ Abbrev [10] 0x1d6:0xc DW_TAG_array_type
	.long	453                             @ DW_AT_type
	.byte	11                              @ Abbrev [11] 0x1db:0x6 DW_TAG_subrange_type
	.long	434                             @ DW_AT_type
	.byte	250                             @ DW_AT_count
	.byte	0                               @ End Of Children Mark
	.byte	10                              @ Abbrev [10] 0x1e2:0xc DW_TAG_array_type
	.long	453                             @ DW_AT_type
	.byte	11                              @ Abbrev [11] 0x1e7:0x6 DW_TAG_subrange_type
	.long	434                             @ DW_AT_type
	.byte	5                               @ DW_AT_count
	.byte	0                               @ End Of Children Mark
	.byte	5                               @ Abbrev [5] 0x1ee:0x5 DW_TAG_pointer_type
	.long	499                             @ DW_AT_type
	.byte	13                              @ Abbrev [13] 0x1f3:0xb DW_TAG_typedef
	.long	77                              @ DW_AT_type
	.long	.Linfo_string34                 @ DW_AT_name
	.byte	2                               @ DW_AT_decl_file
	.byte	62                              @ DW_AT_decl_line
	.byte	5                               @ Abbrev [5] 0x1fe:0x5 DW_TAG_pointer_type
	.long	515                             @ DW_AT_type
	.byte	13                              @ Abbrev [13] 0x203:0xb DW_TAG_typedef
	.long	416                             @ DW_AT_type
	.long	.Linfo_string35                 @ DW_AT_name
	.byte	4                               @ DW_AT_decl_file
	.byte	57                              @ DW_AT_decl_line
	.byte	5                               @ Abbrev [5] 0x20e:0x5 DW_TAG_pointer_type
	.long	531                             @ DW_AT_type
	.byte	13                              @ Abbrev [13] 0x213:0xb DW_TAG_typedef
	.long	542                             @ DW_AT_type
	.long	.Linfo_string38                 @ DW_AT_name
	.byte	4                               @ DW_AT_decl_file
	.byte	56                              @ DW_AT_decl_line
	.byte	13                              @ Abbrev [13] 0x21e:0xb DW_TAG_typedef
	.long	553                             @ DW_AT_type
	.long	.Linfo_string37                 @ DW_AT_name
	.byte	2                               @ DW_AT_decl_file
	.byte	63                              @ DW_AT_decl_line
	.byte	4                               @ Abbrev [4] 0x229:0x7 DW_TAG_base_type
	.long	.Linfo_string36                 @ DW_AT_name
	.byte	7                               @ DW_AT_encoding
	.byte	2                               @ DW_AT_byte_size
	.byte	5                               @ Abbrev [5] 0x230:0x5 DW_TAG_pointer_type
	.long	565                             @ DW_AT_type
	.byte	6                               @ Abbrev [6] 0x235:0xc DW_TAG_typedef
	.long	577                             @ DW_AT_type
	.long	.Linfo_string71                 @ DW_AT_name
	.byte	5                               @ DW_AT_decl_file
	.short	466                             @ DW_AT_decl_line
	.byte	7                               @ Abbrev [7] 0x241:0x20c DW_TAG_structure_type
	.short	448                             @ DW_AT_byte_size
	.byte	5                               @ DW_AT_decl_file
	.byte	28                              @ DW_AT_decl_line
	.byte	8                               @ Abbrev [8] 0x246:0xd DW_TAG_member
	.long	.Linfo_string25                 @ DW_AT_name
	.long	411                             @ DW_AT_type
	.byte	5                               @ DW_AT_decl_file
	.short	427                             @ DW_AT_decl_line
	.byte	0                               @ DW_AT_data_member_location
	.byte	8                               @ Abbrev [8] 0x253:0xd DW_TAG_member
	.long	.Linfo_string39                 @ DW_AT_name
	.long	411                             @ DW_AT_type
	.byte	5                               @ DW_AT_decl_file
	.short	428                             @ DW_AT_decl_line
	.byte	4                               @ DW_AT_data_member_location
	.byte	8                               @ Abbrev [8] 0x260:0xd DW_TAG_member
	.long	.Linfo_string27                 @ DW_AT_name
	.long	411                             @ DW_AT_type
	.byte	5                               @ DW_AT_decl_file
	.short	429                             @ DW_AT_decl_line
	.byte	8                               @ DW_AT_data_member_location
	.byte	8                               @ Abbrev [8] 0x26d:0xd DW_TAG_member
	.long	.Linfo_string28                 @ DW_AT_name
	.long	411                             @ DW_AT_type
	.byte	5                               @ DW_AT_decl_file
	.short	430                             @ DW_AT_decl_line
	.byte	12                              @ DW_AT_data_member_location
	.byte	8                               @ Abbrev [8] 0x27a:0xd DW_TAG_member
	.long	.Linfo_string40                 @ DW_AT_name
	.long	411                             @ DW_AT_type
	.byte	5                               @ DW_AT_decl_file
	.short	431                             @ DW_AT_decl_line
	.byte	16                              @ DW_AT_data_member_location
	.byte	8                               @ Abbrev [8] 0x287:0xd DW_TAG_member
	.long	.Linfo_string13                 @ DW_AT_name
	.long	1101                            @ DW_AT_type
	.byte	5                               @ DW_AT_decl_file
	.short	432                             @ DW_AT_decl_line
	.byte	20                              @ DW_AT_data_member_location
	.byte	8                               @ Abbrev [8] 0x294:0xd DW_TAG_member
	.long	.Linfo_string41                 @ DW_AT_name
	.long	411                             @ DW_AT_type
	.byte	5                               @ DW_AT_decl_file
	.short	433                             @ DW_AT_decl_line
	.byte	32                              @ DW_AT_data_member_location
	.byte	8                               @ Abbrev [8] 0x2a1:0xd DW_TAG_member
	.long	.Linfo_string42                 @ DW_AT_name
	.long	411                             @ DW_AT_type
	.byte	5                               @ DW_AT_decl_file
	.short	434                             @ DW_AT_decl_line
	.byte	36                              @ DW_AT_data_member_location
	.byte	8                               @ Abbrev [8] 0x2ae:0xd DW_TAG_member
	.long	.Linfo_string43                 @ DW_AT_name
	.long	411                             @ DW_AT_type
	.byte	5                               @ DW_AT_decl_file
	.short	435                             @ DW_AT_decl_line
	.byte	40                              @ DW_AT_data_member_location
	.byte	8                               @ Abbrev [8] 0x2bb:0xd DW_TAG_member
	.long	.Linfo_string44                 @ DW_AT_name
	.long	411                             @ DW_AT_type
	.byte	5                               @ DW_AT_decl_file
	.short	436                             @ DW_AT_decl_line
	.byte	44                              @ DW_AT_data_member_location
	.byte	8                               @ Abbrev [8] 0x2c8:0xd DW_TAG_member
	.long	.Linfo_string45                 @ DW_AT_name
	.long	411                             @ DW_AT_type
	.byte	5                               @ DW_AT_decl_file
	.short	437                             @ DW_AT_decl_line
	.byte	48                              @ DW_AT_data_member_location
	.byte	8                               @ Abbrev [8] 0x2d5:0xd DW_TAG_member
	.long	.Linfo_string46                 @ DW_AT_name
	.long	411                             @ DW_AT_type
	.byte	5                               @ DW_AT_decl_file
	.short	438                             @ DW_AT_decl_line
	.byte	52                              @ DW_AT_data_member_location
	.byte	8                               @ Abbrev [8] 0x2e2:0xd DW_TAG_member
	.long	.Linfo_string15                 @ DW_AT_name
	.long	458                             @ DW_AT_type
	.byte	5                               @ DW_AT_decl_file
	.short	439                             @ DW_AT_decl_line
	.byte	56                              @ DW_AT_data_member_location
	.byte	8                               @ Abbrev [8] 0x2ef:0xd DW_TAG_member
	.long	.Linfo_string47                 @ DW_AT_name
	.long	411                             @ DW_AT_type
	.byte	5                               @ DW_AT_decl_file
	.short	440                             @ DW_AT_decl_line
	.byte	60                              @ DW_AT_data_member_location
	.byte	8                               @ Abbrev [8] 0x2fc:0xd DW_TAG_member
	.long	.Linfo_string48                 @ DW_AT_name
	.long	411                             @ DW_AT_type
	.byte	5                               @ DW_AT_decl_file
	.short	441                             @ DW_AT_decl_line
	.byte	64                              @ DW_AT_data_member_location
	.byte	8                               @ Abbrev [8] 0x309:0xd DW_TAG_member
	.long	.Linfo_string49                 @ DW_AT_name
	.long	411                             @ DW_AT_type
	.byte	5                               @ DW_AT_decl_file
	.short	442                             @ DW_AT_decl_line
	.byte	68                              @ DW_AT_data_member_location
	.byte	8                               @ Abbrev [8] 0x316:0xd DW_TAG_member
	.long	.Linfo_string50                 @ DW_AT_name
	.long	411                             @ DW_AT_type
	.byte	5                               @ DW_AT_decl_file
	.short	443                             @ DW_AT_decl_line
	.byte	72                              @ DW_AT_data_member_location
	.byte	8                               @ Abbrev [8] 0x323:0xd DW_TAG_member
	.long	.Linfo_string51                 @ DW_AT_name
	.long	411                             @ DW_AT_type
	.byte	5                               @ DW_AT_decl_file
	.short	444                             @ DW_AT_decl_line
	.byte	76                              @ DW_AT_data_member_location
	.byte	8                               @ Abbrev [8] 0x330:0xd DW_TAG_member
	.long	.Linfo_string52                 @ DW_AT_name
	.long	453                             @ DW_AT_type
	.byte	5                               @ DW_AT_decl_file
	.short	445                             @ DW_AT_decl_line
	.byte	80                              @ DW_AT_data_member_location
	.byte	8                               @ Abbrev [8] 0x33d:0xd DW_TAG_member
	.long	.Linfo_string53                 @ DW_AT_name
	.long	453                             @ DW_AT_type
	.byte	5                               @ DW_AT_decl_file
	.short	446                             @ DW_AT_decl_line
	.byte	84                              @ DW_AT_data_member_location
	.byte	8                               @ Abbrev [8] 0x34a:0xd DW_TAG_member
	.long	.Linfo_string54                 @ DW_AT_name
	.long	453                             @ DW_AT_type
	.byte	5                               @ DW_AT_decl_file
	.short	447                             @ DW_AT_decl_line
	.byte	88                              @ DW_AT_data_member_location
	.byte	8                               @ Abbrev [8] 0x357:0xd DW_TAG_member
	.long	.Linfo_string55                 @ DW_AT_name
	.long	453                             @ DW_AT_type
	.byte	5                               @ DW_AT_decl_file
	.short	448                             @ DW_AT_decl_line
	.byte	92                              @ DW_AT_data_member_location
	.byte	8                               @ Abbrev [8] 0x364:0xd DW_TAG_member
	.long	.Linfo_string56                 @ DW_AT_name
	.long	411                             @ DW_AT_type
	.byte	5                               @ DW_AT_decl_file
	.short	449                             @ DW_AT_decl_line
	.byte	96                              @ DW_AT_data_member_location
	.byte	8                               @ Abbrev [8] 0x371:0xd DW_TAG_member
	.long	.Linfo_string20                 @ DW_AT_name
	.long	1113                            @ DW_AT_type
	.byte	5                               @ DW_AT_decl_file
	.short	450                             @ DW_AT_decl_line
	.byte	100                             @ DW_AT_data_member_location
	.byte	8                               @ Abbrev [8] 0x37e:0xd DW_TAG_member
	.long	.Linfo_string57                 @ DW_AT_name
	.long	411                             @ DW_AT_type
	.byte	5                               @ DW_AT_decl_file
	.short	451                             @ DW_AT_decl_line
	.byte	128                             @ DW_AT_data_member_location
	.byte	8                               @ Abbrev [8] 0x38b:0xd DW_TAG_member
	.long	.Linfo_string58                 @ DW_AT_name
	.long	411                             @ DW_AT_type
	.byte	5                               @ DW_AT_decl_file
	.short	452                             @ DW_AT_decl_line
	.byte	132                             @ DW_AT_data_member_location
	.byte	8                               @ Abbrev [8] 0x398:0xd DW_TAG_member
	.long	.Linfo_string59                 @ DW_AT_name
	.long	411                             @ DW_AT_type
	.byte	5                               @ DW_AT_decl_file
	.short	453                             @ DW_AT_decl_line
	.byte	136                             @ DW_AT_data_member_location
	.byte	8                               @ Abbrev [8] 0x3a5:0xd DW_TAG_member
	.long	.Linfo_string24                 @ DW_AT_name
	.long	1125                            @ DW_AT_type
	.byte	5                               @ DW_AT_decl_file
	.short	454                             @ DW_AT_decl_line
	.byte	140                             @ DW_AT_data_member_location
	.byte	9                               @ Abbrev [9] 0x3b2:0xe DW_TAG_member
	.long	.Linfo_string60                 @ DW_AT_name
	.long	411                             @ DW_AT_type
	.byte	5                               @ DW_AT_decl_file
	.short	455                             @ DW_AT_decl_line
	.short	256                             @ DW_AT_data_member_location
	.byte	9                               @ Abbrev [9] 0x3c0:0xe DW_TAG_member
	.long	.Linfo_string61                 @ DW_AT_name
	.long	411                             @ DW_AT_type
	.byte	5                               @ DW_AT_decl_file
	.short	456                             @ DW_AT_decl_line
	.short	260                             @ DW_AT_data_member_location
	.byte	9                               @ Abbrev [9] 0x3ce:0xe DW_TAG_member
	.long	.Linfo_string62                 @ DW_AT_name
	.long	1137                            @ DW_AT_type
	.byte	5                               @ DW_AT_decl_file
	.short	457                             @ DW_AT_decl_line
	.short	264                             @ DW_AT_data_member_location
	.byte	9                               @ Abbrev [9] 0x3dc:0xe DW_TAG_member
	.long	.Linfo_string63                 @ DW_AT_name
	.long	411                             @ DW_AT_type
	.byte	5                               @ DW_AT_decl_file
	.short	458                             @ DW_AT_decl_line
	.short	272                             @ DW_AT_data_member_location
	.byte	9                               @ Abbrev [9] 0x3ea:0xe DW_TAG_member
	.long	.Linfo_string64                 @ DW_AT_name
	.long	453                             @ DW_AT_type
	.byte	5                               @ DW_AT_decl_file
	.short	459                             @ DW_AT_decl_line
	.short	276                             @ DW_AT_data_member_location
	.byte	9                               @ Abbrev [9] 0x3f8:0xe DW_TAG_member
	.long	.Linfo_string65                 @ DW_AT_name
	.long	1137                            @ DW_AT_type
	.byte	5                               @ DW_AT_decl_file
	.short	460                             @ DW_AT_decl_line
	.short	280                             @ DW_AT_data_member_location
	.byte	9                               @ Abbrev [9] 0x406:0xe DW_TAG_member
	.long	.Linfo_string66                 @ DW_AT_name
	.long	411                             @ DW_AT_type
	.byte	5                               @ DW_AT_decl_file
	.short	461                             @ DW_AT_decl_line
	.short	288                             @ DW_AT_data_member_location
	.byte	9                               @ Abbrev [9] 0x414:0xe DW_TAG_member
	.long	.Linfo_string67                 @ DW_AT_name
	.long	453                             @ DW_AT_type
	.byte	5                               @ DW_AT_decl_file
	.short	462                             @ DW_AT_decl_line
	.short	292                             @ DW_AT_data_member_location
	.byte	9                               @ Abbrev [9] 0x422:0xe DW_TAG_member
	.long	.Linfo_string68                 @ DW_AT_name
	.long	1149                            @ DW_AT_type
	.byte	5                               @ DW_AT_decl_file
	.short	463                             @ DW_AT_decl_line
	.short	296                             @ DW_AT_data_member_location
	.byte	9                               @ Abbrev [9] 0x430:0xe DW_TAG_member
	.long	.Linfo_string69                 @ DW_AT_name
	.long	1161                            @ DW_AT_type
	.byte	5                               @ DW_AT_decl_file
	.short	464                             @ DW_AT_decl_line
	.short	320                             @ DW_AT_data_member_location
	.byte	9                               @ Abbrev [9] 0x43e:0xe DW_TAG_member
	.long	.Linfo_string70                 @ DW_AT_name
	.long	1173                            @ DW_AT_type
	.byte	5                               @ DW_AT_decl_file
	.short	465                             @ DW_AT_decl_line
	.short	384                             @ DW_AT_data_member_location
	.byte	0                               @ End Of Children Mark
	.byte	10                              @ Abbrev [10] 0x44d:0xc DW_TAG_array_type
	.long	453                             @ DW_AT_type
	.byte	11                              @ Abbrev [11] 0x452:0x6 DW_TAG_subrange_type
	.long	434                             @ DW_AT_type
	.byte	3                               @ DW_AT_count
	.byte	0                               @ End Of Children Mark
	.byte	10                              @ Abbrev [10] 0x459:0xc DW_TAG_array_type
	.long	453                             @ DW_AT_type
	.byte	11                              @ Abbrev [11] 0x45e:0x6 DW_TAG_subrange_type
	.long	434                             @ DW_AT_type
	.byte	7                               @ DW_AT_count
	.byte	0                               @ End Of Children Mark
	.byte	10                              @ Abbrev [10] 0x465:0xc DW_TAG_array_type
	.long	453                             @ DW_AT_type
	.byte	11                              @ Abbrev [11] 0x46a:0x6 DW_TAG_subrange_type
	.long	434                             @ DW_AT_type
	.byte	29                              @ DW_AT_count
	.byte	0                               @ End Of Children Mark
	.byte	10                              @ Abbrev [10] 0x471:0xc DW_TAG_array_type
	.long	453                             @ DW_AT_type
	.byte	11                              @ Abbrev [11] 0x476:0x6 DW_TAG_subrange_type
	.long	434                             @ DW_AT_type
	.byte	2                               @ DW_AT_count
	.byte	0                               @ End Of Children Mark
	.byte	10                              @ Abbrev [10] 0x47d:0xc DW_TAG_array_type
	.long	453                             @ DW_AT_type
	.byte	11                              @ Abbrev [11] 0x482:0x6 DW_TAG_subrange_type
	.long	434                             @ DW_AT_type
	.byte	6                               @ DW_AT_count
	.byte	0                               @ End Of Children Mark
	.byte	10                              @ Abbrev [10] 0x489:0xc DW_TAG_array_type
	.long	411                             @ DW_AT_type
	.byte	11                              @ Abbrev [11] 0x48e:0x6 DW_TAG_subrange_type
	.long	434                             @ DW_AT_type
	.byte	16                              @ DW_AT_count
	.byte	0                               @ End Of Children Mark
	.byte	10                              @ Abbrev [10] 0x495:0xc DW_TAG_array_type
	.long	453                             @ DW_AT_type
	.byte	11                              @ Abbrev [11] 0x49a:0x6 DW_TAG_subrange_type
	.long	434                             @ DW_AT_type
	.byte	16                              @ DW_AT_count
	.byte	0                               @ End Of Children Mark
	.byte	16                              @ Abbrev [16] 0x4a1:0x1e DW_TAG_subprogram
	.long	.Lfunc_begin0                   @ DW_AT_low_pc
	.long	.Lfunc_end0-.Lfunc_begin0       @ DW_AT_high_pc
	.byte	1                               @ DW_AT_frame_base
	.byte	93
                                        @ DW_AT_GNU_all_call_sites
	.long	1215                            @ DW_AT_abstract_origin
	.byte	17                              @ Abbrev [17] 0x4b0:0x9 DW_TAG_formal_parameter
	.long	.Ldebug_loc0                    @ DW_AT_location
	.long	1227                            @ DW_AT_abstract_origin
	.byte	18                              @ Abbrev [18] 0x4b9:0x5 DW_TAG_variable
	.long	1238                            @ DW_AT_abstract_origin
	.byte	0                               @ End Of Children Mark
	.byte	19                              @ Abbrev [19] 0x4bf:0x23 DW_TAG_subprogram
	.long	.Linfo_string72                 @ DW_AT_name
	.byte	6                               @ DW_AT_decl_file
	.byte	31                              @ DW_AT_decl_line
                                        @ DW_AT_prototyped
	.long	1250                            @ DW_AT_type
                                        @ DW_AT_external
	.byte	1                               @ DW_AT_inline
	.byte	20                              @ Abbrev [20] 0x4cb:0xb DW_TAG_formal_parameter
	.long	.Linfo_string75                 @ DW_AT_name
	.byte	6                               @ DW_AT_decl_file
	.byte	31                              @ DW_AT_decl_line
	.long	1261                            @ DW_AT_type
	.byte	21                              @ Abbrev [21] 0x4d6:0xb DW_TAG_variable
	.long	.Linfo_string76                 @ DW_AT_name
	.byte	6                               @ DW_AT_decl_file
	.byte	33                              @ DW_AT_decl_line
	.long	84                              @ DW_AT_type
	.byte	0                               @ End Of Children Mark
	.byte	13                              @ Abbrev [13] 0x4e2:0xb DW_TAG_typedef
	.long	1261                            @ DW_AT_type
	.long	.Linfo_string74                 @ DW_AT_name
	.byte	1                               @ DW_AT_decl_file
	.byte	15                              @ DW_AT_decl_line
	.byte	13                              @ Abbrev [13] 0x4ed:0xb DW_TAG_typedef
	.long	77                              @ DW_AT_type
	.long	.Linfo_string73                 @ DW_AT_name
	.byte	4                               @ DW_AT_decl_file
	.byte	55                              @ DW_AT_decl_line
	.byte	22                              @ Abbrev [22] 0x4f8:0x3b DW_TAG_subprogram
	.long	.Lfunc_begin1                   @ DW_AT_low_pc
	.long	.Lfunc_end1-.Lfunc_begin1       @ DW_AT_high_pc
	.byte	1                               @ DW_AT_frame_base
	.byte	93
                                        @ DW_AT_GNU_all_call_sites
	.long	.Linfo_string77                 @ DW_AT_name
	.byte	6                               @ DW_AT_decl_file
	.byte	46                              @ DW_AT_decl_line
                                        @ DW_AT_prototyped
	.long	1250                            @ DW_AT_type
                                        @ DW_AT_external
	.byte	23                              @ Abbrev [23] 0x50d:0xf DW_TAG_formal_parameter
	.long	.Ldebug_loc1                    @ DW_AT_location
	.long	.Linfo_string75                 @ DW_AT_name
	.byte	6                               @ DW_AT_decl_file
	.byte	46                              @ DW_AT_decl_line
	.long	1261                            @ DW_AT_type
	.byte	24                              @ Abbrev [24] 0x51c:0x16 DW_TAG_inlined_subroutine
	.long	1215                            @ DW_AT_abstract_origin
	.long	.Ldebug_ranges0                 @ DW_AT_ranges
	.byte	6                               @ DW_AT_call_file
	.byte	48                              @ DW_AT_call_line
	.byte	12                              @ DW_AT_call_column
	.byte	17                              @ Abbrev [17] 0x528:0x9 DW_TAG_formal_parameter
	.long	.Ldebug_loc2                    @ DW_AT_location
	.long	1227                            @ DW_AT_abstract_origin
	.byte	0                               @ End Of Children Mark
	.byte	0                               @ End Of Children Mark
	.byte	22                              @ Abbrev [22] 0x533:0x89 DW_TAG_subprogram
	.long	.Lfunc_begin2                   @ DW_AT_low_pc
	.long	.Lfunc_end2-.Lfunc_begin2       @ DW_AT_high_pc
	.byte	1                               @ DW_AT_frame_base
	.byte	93
                                        @ DW_AT_GNU_all_call_sites
	.long	.Linfo_string78                 @ DW_AT_name
	.byte	6                               @ DW_AT_decl_file
	.byte	54                              @ DW_AT_decl_line
                                        @ DW_AT_prototyped
	.long	1725                            @ DW_AT_type
                                        @ DW_AT_external
	.byte	23                              @ Abbrev [23] 0x548:0xf DW_TAG_formal_parameter
	.long	.Ldebug_loc3                    @ DW_AT_location
	.long	.Linfo_string75                 @ DW_AT_name
	.byte	6                               @ DW_AT_decl_file
	.byte	55                              @ DW_AT_decl_line
	.long	1261                            @ DW_AT_type
	.byte	23                              @ Abbrev [23] 0x557:0xf DW_TAG_formal_parameter
	.long	.Ldebug_loc4                    @ DW_AT_location
	.long	.Linfo_string82                 @ DW_AT_name
	.byte	6                               @ DW_AT_decl_file
	.byte	56                              @ DW_AT_decl_line
	.long	1736                            @ DW_AT_type
	.byte	23                              @ Abbrev [23] 0x566:0xf DW_TAG_formal_parameter
	.long	.Ldebug_loc5                    @ DW_AT_location
	.long	.Linfo_string83                 @ DW_AT_name
	.byte	6                               @ DW_AT_decl_file
	.byte	57                              @ DW_AT_decl_line
	.long	1741                            @ DW_AT_type
	.byte	23                              @ Abbrev [23] 0x575:0xf DW_TAG_formal_parameter
	.long	.Ldebug_loc6                    @ DW_AT_location
	.long	.Linfo_string85                 @ DW_AT_name
	.byte	6                               @ DW_AT_decl_file
	.byte	58                              @ DW_AT_decl_line
	.long	1752                            @ DW_AT_type
	.byte	25                              @ Abbrev [25] 0x584:0xf DW_TAG_variable
	.long	.Ldebug_loc7                    @ DW_AT_location
	.long	.Linfo_string87                 @ DW_AT_name
	.byte	6                               @ DW_AT_decl_file
	.byte	62                              @ DW_AT_decl_line
	.long	1725                            @ DW_AT_type
	.byte	25                              @ Abbrev [25] 0x593:0xf DW_TAG_variable
	.long	.Ldebug_loc8                    @ DW_AT_location
	.long	.Linfo_string76                 @ DW_AT_name
	.byte	6                               @ DW_AT_decl_file
	.byte	61                              @ DW_AT_decl_line
	.long	84                              @ DW_AT_type
	.byte	26                              @ Abbrev [26] 0x5a2:0x19 DW_TAG_lexical_block
	.long	.Ltmp14                         @ DW_AT_low_pc
	.long	.Ltmp17-.Ltmp14                 @ DW_AT_high_pc
	.byte	25                              @ Abbrev [25] 0x5ab:0xf DW_TAG_variable
	.long	.Ldebug_loc9                    @ DW_AT_location
	.long	.Linfo_string88                 @ DW_AT_name
	.byte	6                               @ DW_AT_decl_file
	.byte	68                              @ DW_AT_decl_line
	.long	416                             @ DW_AT_type
	.byte	0                               @ End Of Children Mark
	.byte	0                               @ End Of Children Mark
	.byte	22                              @ Abbrev [22] 0x5bc:0x89 DW_TAG_subprogram
	.long	.Lfunc_begin3                   @ DW_AT_low_pc
	.long	.Lfunc_end3-.Lfunc_begin3       @ DW_AT_high_pc
	.byte	1                               @ DW_AT_frame_base
	.byte	93
                                        @ DW_AT_GNU_all_call_sites
	.long	.Linfo_string80                 @ DW_AT_name
	.byte	6                               @ DW_AT_decl_file
	.byte	79                              @ DW_AT_decl_line
                                        @ DW_AT_prototyped
	.long	1725                            @ DW_AT_type
                                        @ DW_AT_external
	.byte	23                              @ Abbrev [23] 0x5d1:0xf DW_TAG_formal_parameter
	.long	.Ldebug_loc10                   @ DW_AT_location
	.long	.Linfo_string75                 @ DW_AT_name
	.byte	6                               @ DW_AT_decl_file
	.byte	80                              @ DW_AT_decl_line
	.long	1261                            @ DW_AT_type
	.byte	23                              @ Abbrev [23] 0x5e0:0xf DW_TAG_formal_parameter
	.long	.Ldebug_loc11                   @ DW_AT_location
	.long	.Linfo_string82                 @ DW_AT_name
	.byte	6                               @ DW_AT_decl_file
	.byte	81                              @ DW_AT_decl_line
	.long	1763                            @ DW_AT_type
	.byte	23                              @ Abbrev [23] 0x5ef:0xf DW_TAG_formal_parameter
	.long	.Ldebug_loc12                   @ DW_AT_location
	.long	.Linfo_string83                 @ DW_AT_name
	.byte	6                               @ DW_AT_decl_file
	.byte	82                              @ DW_AT_decl_line
	.long	1741                            @ DW_AT_type
	.byte	23                              @ Abbrev [23] 0x5fe:0xf DW_TAG_formal_parameter
	.long	.Ldebug_loc13                   @ DW_AT_location
	.long	.Linfo_string85                 @ DW_AT_name
	.byte	6                               @ DW_AT_decl_file
	.byte	83                              @ DW_AT_decl_line
	.long	1752                            @ DW_AT_type
	.byte	25                              @ Abbrev [25] 0x60d:0xf DW_TAG_variable
	.long	.Ldebug_loc14                   @ DW_AT_location
	.long	.Linfo_string87                 @ DW_AT_name
	.byte	6                               @ DW_AT_decl_file
	.byte	88                              @ DW_AT_decl_line
	.long	1725                            @ DW_AT_type
	.byte	25                              @ Abbrev [25] 0x61c:0xf DW_TAG_variable
	.long	.Ldebug_loc15                   @ DW_AT_location
	.long	.Linfo_string76                 @ DW_AT_name
	.byte	6                               @ DW_AT_decl_file
	.byte	86                              @ DW_AT_decl_line
	.long	84                              @ DW_AT_type
	.byte	26                              @ Abbrev [26] 0x62b:0x19 DW_TAG_lexical_block
	.long	.Ltmp26                         @ DW_AT_low_pc
	.long	.Ltmp29-.Ltmp26                 @ DW_AT_high_pc
	.byte	25                              @ Abbrev [25] 0x634:0xf DW_TAG_variable
	.long	.Ldebug_loc16                   @ DW_AT_location
	.long	.Linfo_string88                 @ DW_AT_name
	.byte	6                               @ DW_AT_decl_file
	.byte	94                              @ DW_AT_decl_line
	.long	416                             @ DW_AT_type
	.byte	0                               @ End Of Children Mark
	.byte	0                               @ End Of Children Mark
	.byte	22                              @ Abbrev [22] 0x645:0x78 DW_TAG_subprogram
	.long	.Lfunc_begin4                   @ DW_AT_low_pc
	.long	.Lfunc_end4-.Lfunc_begin4       @ DW_AT_high_pc
	.byte	1                               @ DW_AT_frame_base
	.byte	93
                                        @ DW_AT_GNU_all_call_sites
	.long	.Linfo_string81                 @ DW_AT_name
	.byte	6                               @ DW_AT_decl_file
	.byte	105                             @ DW_AT_decl_line
                                        @ DW_AT_prototyped
	.long	1725                            @ DW_AT_type
                                        @ DW_AT_external
	.byte	23                              @ Abbrev [23] 0x65a:0xf DW_TAG_formal_parameter
	.long	.Ldebug_loc17                   @ DW_AT_location
	.long	.Linfo_string75                 @ DW_AT_name
	.byte	6                               @ DW_AT_decl_file
	.byte	106                             @ DW_AT_decl_line
	.long	1261                            @ DW_AT_type
	.byte	23                              @ Abbrev [23] 0x669:0xf DW_TAG_formal_parameter
	.long	.Ldebug_loc18                   @ DW_AT_location
	.long	.Linfo_string89                 @ DW_AT_name
	.byte	6                               @ DW_AT_decl_file
	.byte	107                             @ DW_AT_decl_line
	.long	1261                            @ DW_AT_type
	.byte	27                              @ Abbrev [27] 0x678:0xd DW_TAG_formal_parameter
	.byte	1                               @ DW_AT_location
	.byte	82
	.long	.Linfo_string82                 @ DW_AT_name
	.byte	6                               @ DW_AT_decl_file
	.byte	108                             @ DW_AT_decl_line
	.long	1773                            @ DW_AT_type
	.byte	25                              @ Abbrev [25] 0x685:0xf DW_TAG_variable
	.long	.Ldebug_loc19                   @ DW_AT_location
	.long	.Linfo_string90                 @ DW_AT_name
	.byte	6                               @ DW_AT_decl_file
	.byte	112                             @ DW_AT_decl_line
	.long	1725                            @ DW_AT_type
	.byte	25                              @ Abbrev [25] 0x694:0xf DW_TAG_variable
	.long	.Ldebug_loc20                   @ DW_AT_location
	.long	.Linfo_string76                 @ DW_AT_name
	.byte	6                               @ DW_AT_decl_file
	.byte	111                             @ DW_AT_decl_line
	.long	84                              @ DW_AT_type
	.byte	26                              @ Abbrev [26] 0x6a3:0x19 DW_TAG_lexical_block
	.long	.Ltmp40                         @ DW_AT_low_pc
	.long	.Ltmp50-.Ltmp40                 @ DW_AT_high_pc
	.byte	25                              @ Abbrev [25] 0x6ac:0xf DW_TAG_variable
	.long	.Ldebug_loc21                   @ DW_AT_location
	.long	.Linfo_string91                 @ DW_AT_name
	.byte	6                               @ DW_AT_decl_file
	.byte	116                             @ DW_AT_decl_line
	.long	1774                            @ DW_AT_type
	.byte	0                               @ End Of Children Mark
	.byte	0                               @ End Of Children Mark
	.byte	13                              @ Abbrev [13] 0x6bd:0xb DW_TAG_typedef
	.long	38                              @ DW_AT_type
	.long	.Linfo_string79                 @ DW_AT_name
	.byte	1                               @ DW_AT_decl_file
	.byte	24                              @ DW_AT_decl_line
	.byte	5                               @ Abbrev [5] 0x6c8:0x5 DW_TAG_pointer_type
	.long	1261                            @ DW_AT_type
	.byte	13                              @ Abbrev [13] 0x6cd:0xb DW_TAG_typedef
	.long	515                             @ DW_AT_type
	.long	.Linfo_string84                 @ DW_AT_name
	.byte	4                               @ DW_AT_decl_file
	.byte	89                              @ DW_AT_decl_line
	.byte	13                              @ Abbrev [13] 0x6d8:0xb DW_TAG_typedef
	.long	427                             @ DW_AT_type
	.long	.Linfo_string86                 @ DW_AT_name
	.byte	4                               @ DW_AT_decl_file
	.byte	54                              @ DW_AT_decl_line
	.byte	5                               @ Abbrev [5] 0x6e3:0x5 DW_TAG_pointer_type
	.long	1768                            @ DW_AT_type
	.byte	15                              @ Abbrev [15] 0x6e8:0x5 DW_TAG_const_type
	.long	1261                            @ DW_AT_type
	.byte	28                              @ Abbrev [28] 0x6ed:0x1 DW_TAG_pointer_type
	.byte	5                               @ Abbrev [5] 0x6ee:0x5 DW_TAG_pointer_type
	.long	1779                            @ DW_AT_type
	.byte	13                              @ Abbrev [13] 0x6f3:0xb DW_TAG_typedef
	.long	1790                            @ DW_AT_type
	.long	.Linfo_string106                @ DW_AT_name
	.byte	7                               @ DW_AT_decl_file
	.byte	99                              @ DW_AT_decl_line
	.byte	29                              @ Abbrev [29] 0x6fe:0x8d DW_TAG_structure_type
	.long	.Linfo_string105                @ DW_AT_name
	.byte	32                              @ DW_AT_byte_size
	.byte	7                               @ DW_AT_decl_file
	.byte	86                              @ DW_AT_decl_line
	.byte	30                              @ Abbrev [30] 0x706:0xc DW_TAG_member
	.long	.Linfo_string92                 @ DW_AT_name
	.long	77                              @ DW_AT_type
	.byte	7                               @ DW_AT_decl_file
	.byte	88                              @ DW_AT_decl_line
	.byte	0                               @ DW_AT_data_member_location
	.byte	30                              @ Abbrev [30] 0x712:0xc DW_TAG_member
	.long	.Linfo_string93                 @ DW_AT_name
	.long	77                              @ DW_AT_type
	.byte	7                               @ DW_AT_decl_file
	.byte	89                              @ DW_AT_decl_line
	.byte	1                               @ DW_AT_data_member_location
	.byte	30                              @ Abbrev [30] 0x71e:0xc DW_TAG_member
	.long	.Linfo_string94                 @ DW_AT_name
	.long	77                              @ DW_AT_type
	.byte	7                               @ DW_AT_decl_file
	.byte	90                              @ DW_AT_decl_line
	.byte	2                               @ DW_AT_data_member_location
	.byte	30                              @ Abbrev [30] 0x72a:0xc DW_TAG_member
	.long	.Linfo_string95                 @ DW_AT_name
	.long	1931                            @ DW_AT_type
	.byte	7                               @ DW_AT_decl_file
	.byte	91                              @ DW_AT_decl_line
	.byte	3                               @ DW_AT_data_member_location
	.byte	30                              @ Abbrev [30] 0x736:0xc DW_TAG_member
	.long	.Linfo_string96                 @ DW_AT_name
	.long	427                             @ DW_AT_type
	.byte	7                               @ DW_AT_decl_file
	.byte	92                              @ DW_AT_decl_line
	.byte	4                               @ DW_AT_data_member_location
	.byte	30                              @ Abbrev [30] 0x742:0xc DW_TAG_member
	.long	.Linfo_string97                 @ DW_AT_name
	.long	427                             @ DW_AT_type
	.byte	7                               @ DW_AT_decl_file
	.byte	93                              @ DW_AT_decl_line
	.byte	8                               @ DW_AT_data_member_location
	.byte	30                              @ Abbrev [30] 0x74e:0xc DW_TAG_member
	.long	.Linfo_string98                 @ DW_AT_name
	.long	427                             @ DW_AT_type
	.byte	7                               @ DW_AT_decl_file
	.byte	94                              @ DW_AT_decl_line
	.byte	12                              @ DW_AT_data_member_location
	.byte	30                              @ Abbrev [30] 0x75a:0xc DW_TAG_member
	.long	.Linfo_string99                 @ DW_AT_name
	.long	427                             @ DW_AT_type
	.byte	7                               @ DW_AT_decl_file
	.byte	95                              @ DW_AT_decl_line
	.byte	16                              @ DW_AT_data_member_location
	.byte	30                              @ Abbrev [30] 0x766:0xc DW_TAG_member
	.long	.Linfo_string100                @ DW_AT_name
	.long	1936                            @ DW_AT_type
	.byte	7                               @ DW_AT_decl_file
	.byte	96                              @ DW_AT_decl_line
	.byte	20                              @ DW_AT_data_member_location
	.byte	30                              @ Abbrev [30] 0x772:0xc DW_TAG_member
	.long	.Linfo_string102                @ DW_AT_name
	.long	1943                            @ DW_AT_type
	.byte	7                               @ DW_AT_decl_file
	.byte	97                              @ DW_AT_decl_line
	.byte	24                              @ DW_AT_data_member_location
	.byte	30                              @ Abbrev [30] 0x77e:0xc DW_TAG_member
	.long	.Linfo_string103                @ DW_AT_name
	.long	1948                            @ DW_AT_type
	.byte	7                               @ DW_AT_decl_file
	.byte	98                              @ DW_AT_decl_line
	.byte	28                              @ DW_AT_data_member_location
	.byte	0                               @ End Of Children Mark
	.byte	12                              @ Abbrev [12] 0x78b:0x5 DW_TAG_volatile_type
	.long	77                              @ DW_AT_type
	.byte	4                               @ Abbrev [4] 0x790:0x7 DW_TAG_base_type
	.long	.Linfo_string101                @ DW_AT_name
	.byte	5                               @ DW_AT_encoding
	.byte	4                               @ DW_AT_byte_size
	.byte	5                               @ Abbrev [5] 0x797:0x5 DW_TAG_pointer_type
	.long	77                              @ DW_AT_type
	.byte	13                              @ Abbrev [13] 0x79c:0xb DW_TAG_typedef
	.long	1936                            @ DW_AT_type
	.long	.Linfo_string104                @ DW_AT_name
	.byte	2                               @ DW_AT_decl_file
	.byte	58                              @ DW_AT_decl_line
	.byte	0                               @ End Of Children Mark
.Ldebug_info_end0:
	.section	.debug_ranges,"",%progbits
.Ldebug_ranges0:
	.long	.Lfunc_begin1
	.long	.Ltmp3
	.long	.Ltmp4
	.long	.Ltmp5
	.long	0
	.long	0
.Ldebug_ranges1:
	.long	.Lfunc_begin0
	.long	.Lfunc_end0
	.long	.Lfunc_begin1
	.long	.Lfunc_end1
	.long	.Lfunc_begin2
	.long	.Lfunc_end2
	.long	.Lfunc_begin3
	.long	.Lfunc_end3
	.long	.Lfunc_begin4
	.long	.Lfunc_end4
	.long	0
	.long	0
	.section	.debug_str,"MS",%progbits,1
.Linfo_string0:
	.asciz	"Component: Arm Compiler for Embedded 6.22 Tool: armclang [5ee92100]" @ string offset=0
.Linfo_string1:
	.asciz	"../../../../Library/Storage\\diskio_SDH.c" @ string offset=68
.Linfo_string2:
	.asciz	"C:\\ML\\ML_M55M1_SampleCode-master 2\\ML_M55M1_SampleCode-master\\M55M1BSP-3.01.003\\SampleCode\\NuEdgeWise\\ObjectDetection_YOLOv8n\\KEIL" @ string offset=109
.Linfo_string3:
	.asciz	"unsigned char"                 @ string offset=240
.Linfo_string4:
	.asciz	"RES_OK"                        @ string offset=254
.Linfo_string5:
	.asciz	"RES_ERROR"                     @ string offset=261
.Linfo_string6:
	.asciz	"RES_WRPRT"                     @ string offset=271
.Linfo_string7:
	.asciz	"RES_NOTRDY"                    @ string offset=281
.Linfo_string8:
	.asciz	"RES_PARERR"                    @ string offset=292
.Linfo_string9:
	.asciz	"FB"                            @ string offset=303
.Linfo_string10:
	.asciz	"unsigned int"                  @ string offset=306
.Linfo_string11:
	.asciz	"uint32_t"                      @ string offset=319
.Linfo_string12:
	.asciz	"__ARRAY_SIZE_TYPE__"           @ string offset=328
.Linfo_string13:
	.asciz	"RESERVE0"                      @ string offset=348
.Linfo_string14:
	.asciz	"DMACTL"                        @ string offset=357
.Linfo_string15:
	.asciz	"RESERVE1"                      @ string offset=364
.Linfo_string16:
	.asciz	"DMASA"                         @ string offset=373
.Linfo_string17:
	.asciz	"DMABCNT"                       @ string offset=379
.Linfo_string18:
	.asciz	"DMAINTEN"                      @ string offset=387
.Linfo_string19:
	.asciz	"DMAINTSTS"                     @ string offset=396
.Linfo_string20:
	.asciz	"RESERVE2"                      @ string offset=406
.Linfo_string21:
	.asciz	"GCTL"                          @ string offset=415
.Linfo_string22:
	.asciz	"GINTEN"                        @ string offset=420
.Linfo_string23:
	.asciz	"GINTSTS"                       @ string offset=427
.Linfo_string24:
	.asciz	"RESERVE3"                      @ string offset=435
.Linfo_string25:
	.asciz	"CTL"                           @ string offset=444
.Linfo_string26:
	.asciz	"CMDARG"                        @ string offset=448
.Linfo_string27:
	.asciz	"INTEN"                         @ string offset=455
.Linfo_string28:
	.asciz	"INTSTS"                        @ string offset=461
.Linfo_string29:
	.asciz	"RESP0"                         @ string offset=468
.Linfo_string30:
	.asciz	"RESP1"                         @ string offset=474
.Linfo_string31:
	.asciz	"BLEN"                          @ string offset=480
.Linfo_string32:
	.asciz	"TOUT"                          @ string offset=485
.Linfo_string33:
	.asciz	"SDH_T"                         @ string offset=490
.Linfo_string34:
	.asciz	"uint8_t"                       @ string offset=496
.Linfo_string35:
	.asciz	"DWORD"                         @ string offset=504
.Linfo_string36:
	.asciz	"unsigned short"                @ string offset=510
.Linfo_string37:
	.asciz	"uint16_t"                      @ string offset=525
.Linfo_string38:
	.asciz	"WORD"                          @ string offset=534
.Linfo_string39:
	.asciz	"PAR"                           @ string offset=539
.Linfo_string40:
	.asciz	"PARM"                          @ string offset=543
.Linfo_string41:
	.asciz	"CWSP"                          @ string offset=548
.Linfo_string42:
	.asciz	"CWS"                           @ string offset=553
.Linfo_string43:
	.asciz	"PKTSL"                         @ string offset=557
.Linfo_string44:
	.asciz	"PLNSL"                         @ string offset=563
.Linfo_string45:
	.asciz	"FRCTL"                         @ string offset=569
.Linfo_string46:
	.asciz	"STRIDE"                        @ string offset=575
.Linfo_string47:
	.asciz	"FIFOTH"                        @ string offset=582
.Linfo_string48:
	.asciz	"CMPADDR"                       @ string offset=589
.Linfo_string49:
	.asciz	"LUMA_Y1_THD"                   @ string offset=597
.Linfo_string50:
	.asciz	"PKTSM"                         @ string offset=609
.Linfo_string51:
	.asciz	"PLNSM"                         @ string offset=615
.Linfo_string52:
	.asciz	"CURADDRP"                      @ string offset=621
.Linfo_string53:
	.asciz	"CURADDRY"                      @ string offset=630
.Linfo_string54:
	.asciz	"CURADDRU"                      @ string offset=639
.Linfo_string55:
	.asciz	"CURADDRV"                      @ string offset=648
.Linfo_string56:
	.asciz	"PKTBA0"                        @ string offset=657
.Linfo_string57:
	.asciz	"YBA"                           @ string offset=664
.Linfo_string58:
	.asciz	"UBA"                           @ string offset=668
.Linfo_string59:
	.asciz	"VBA"                           @ string offset=672
.Linfo_string60:
	.asciz	"MDCTL"                         @ string offset=676
.Linfo_string61:
	.asciz	"MDTRG_WK"                      @ string offset=682
.Linfo_string62:
	.asciz	"RESERVE4"                      @ string offset=691
.Linfo_string63:
	.asciz	"MDTTH"                         @ string offset=700
.Linfo_string64:
	.asciz	"MDTSAD"                        @ string offset=706
.Linfo_string65:
	.asciz	"RESERVE5"                      @ string offset=713
.Linfo_string66:
	.asciz	"MDWOCTH"                       @ string offset=722
.Linfo_string67:
	.asciz	"MDWOC"                         @ string offset=730
.Linfo_string68:
	.asciz	"RESERVE6"                      @ string offset=736
.Linfo_string69:
	.asciz	"MDWTH"                         @ string offset=745
.Linfo_string70:
	.asciz	"MDWSAD"                        @ string offset=751
.Linfo_string71:
	.asciz	"CCAP_T"                        @ string offset=758
.Linfo_string72:
	.asciz	"disk_initialize"               @ string offset=765
.Linfo_string73:
	.asciz	"BYTE"                          @ string offset=781
.Linfo_string74:
	.asciz	"DSTATUS"                       @ string offset=786
.Linfo_string75:
	.asciz	"pdrv"                          @ string offset=794
.Linfo_string76:
	.asciz	"sdh"                           @ string offset=799
.Linfo_string77:
	.asciz	"disk_status"                   @ string offset=803
.Linfo_string78:
	.asciz	"disk_read"                     @ string offset=815
.Linfo_string79:
	.asciz	"DRESULT"                       @ string offset=825
.Linfo_string80:
	.asciz	"disk_write"                    @ string offset=833
.Linfo_string81:
	.asciz	"disk_ioctl"                    @ string offset=844
.Linfo_string82:
	.asciz	"buff"                          @ string offset=855
.Linfo_string83:
	.asciz	"sector"                        @ string offset=860
.Linfo_string84:
	.asciz	"LBA_t"                         @ string offset=867
.Linfo_string85:
	.asciz	"count"                         @ string offset=873
.Linfo_string86:
	.asciz	"UINT"                          @ string offset=879
.Linfo_string87:
	.asciz	"ret"                           @ string offset=884
.Linfo_string88:
	.asciz	"drv_ret"                       @ string offset=888
.Linfo_string89:
	.asciz	"cmd"                           @ string offset=896
.Linfo_string90:
	.asciz	"res"                           @ string offset=900
.Linfo_string91:
	.asciz	"sdh_info"                      @ string offset=904
.Linfo_string92:
	.asciz	"IsCardInsert"                  @ string offset=913
.Linfo_string93:
	.asciz	"R3Flag"                        @ string offset=926
.Linfo_string94:
	.asciz	"R7Flag"                        @ string offset=933
.Linfo_string95:
	.asciz	"DataReadyFlag"                 @ string offset=940
.Linfo_string96:
	.asciz	"CardType"                      @ string offset=954
.Linfo_string97:
	.asciz	"RCA"                           @ string offset=963
.Linfo_string98:
	.asciz	"totalSectorN"                  @ string offset=967
.Linfo_string99:
	.asciz	"diskSize"                      @ string offset=980
.Linfo_string100:
	.asciz	"sectorSize"                    @ string offset=989
.Linfo_string101:
	.asciz	"int"                           @ string offset=1000
.Linfo_string102:
	.asciz	"dmabuf"                        @ string offset=1004
.Linfo_string103:
	.asciz	"i32ErrCode"                    @ string offset=1011
.Linfo_string104:
	.asciz	"int32_t"                       @ string offset=1022
.Linfo_string105:
	.asciz	"SDH_info_t"                    @ string offset=1030
.Linfo_string106:
	.asciz	"SDH_INFO_T"                    @ string offset=1041
	.ident	"Component: Arm Compiler for Embedded 6.22 Tool: armclang [5ee92100]"
	.section	".note.GNU-stack","",%progbits
	.eabi_attribute	30, 1	@ Tag_ABI_optimization_goals
	.ARM_attribute	16, 1	@ Tag_AV_eba
	.section	.debug_line,"",%progbits
.Lline_table_start0:
