	.text
	.syntax unified
	.eabi_attribute	67, "2.09"	@ Tag_conformance
	.cpu	cortex-m55
	.eabi_attribute	6, 21	@ Tag_CPU_arch
	.eabi_attribute	7, 77	@ Tag_CPU_arch_profile
	.eabi_attribute	8, 0	@ Tag_ARM_ISA_use
	.eabi_attribute	9, 3	@ Tag_THUMB_ISA_use
	.fpu	fpv5-d16
	.arch_extension	mve.fp
	.eabi_attribute	36, 1	@ Tag_FP_HP_extension
	.eabi_attribute	48, 2	@ Tag_MVE_arch
	.eabi_attribute	46, 1	@ Tag_DSP_extension
	.eabi_attribute	34, 1	@ Tag_CPU_unaligned_access
	.eabi_attribute	17, 1	@ Tag_ABI_PCS_GOT_use
	.eabi_attribute	20, 2	@ Tag_ABI_FP_denormal
	.eabi_attribute	21, 0	@ Tag_ABI_FP_exceptions
	.eabi_attribute	23, 1	@ Tag_ABI_FP_number_model
	.eabi_attribute	24, 1	@ Tag_ABI_align_needed
	.eabi_attribute	25, 1	@ Tag_ABI_align_preserved
	.eabi_attribute	28, 1	@ Tag_ABI_VFP_args
	.eabi_attribute	38, 1	@ Tag_ABI_FP_16bit_format
	.eabi_attribute	18, 2	@ Tag_ABI_PCS_wchar_t
	.eabi_attribute	26, 1	@ Tag_ABI_enum_size
	.eabi_attribute	14, 0	@ Tag_ABI_PCS_R9_use
	.file	"ethosu_device_u55_u65.c"
	.file	1 "C:\\ML\\ML_M55M1_SampleCode-master 2\\ML_M55M1_SampleCode-master\\M55M1BSP-3.01.003\\SampleCode\\NuEdgeWise\\ObjectDetection_YOLOv8n\\KEIL" "../../../../Library/StdDriver/src/npu/ethosu_device_u55_u65.c"
	.file	2 "C:\\ML\\ML_M55M1_SampleCode-master 2\\ML_M55M1_SampleCode-master\\M55M1BSP-3.01.003\\SampleCode\\NuEdgeWise\\ObjectDetection_YOLOv8n\\KEIL" "../../../../Library/StdDriver/inc/npu\\ethosu_types.h"
	.file	3 "C:\\ML\\ML_M55M1_SampleCode-master 2\\ML_M55M1_SampleCode-master\\M55M1BSP-3.01.003\\SampleCode\\NuEdgeWise\\ObjectDetection_YOLOv8n\\KEIL" "../../../../Library/StdDriver/src/npu\\ethosu55_interface.h"
	.file	4 "C:\\Users\\yuxia\\AppData\\Local\\Keil_v5\\ARM\\ARMCLANG\\bin\\..\\include" "stdint.h"
	.section	.text.ethosu_address_remap,"ax",%progbits
	.hidden	ethosu_address_remap            @ -- Begin function ethosu_address_remap
	.weak	ethosu_address_remap
	.p2align	2
	.type	ethosu_address_remap,%function
	.code	16                              @ @ethosu_address_remap
	.thumb_func
ethosu_address_remap:
.Lfunc_begin0:
	.fnstart
	.cfi_sections .debug_frame
	.cfi_startproc
@ %bb.0:
	@DEBUG_VALUE: ethosu_address_remap:index <- $r2
	@DEBUG_VALUE: ethosu_address_remap:address <- [DW_OP_LLVM_fragment 32 32] $r1
	@DEBUG_VALUE: ethosu_address_remap:address <- [DW_OP_LLVM_fragment 0 32] $r0
	.loc	1 67 5 prologue_end             @ ../../../../Library/StdDriver/src/npu/ethosu_device_u55_u65.c:67:5
	bx	lr
.Ltmp0:
.Lfunc_end0:
	.size	ethosu_address_remap, .Lfunc_end0-ethosu_address_remap
	.cfi_endproc
	.cantunwind
	.fnend
                                        @ -- End function
	.section	.text.ethosu_dev_init,"ax",%progbits
	.hidden	ethosu_dev_init                 @ -- Begin function ethosu_dev_init
	.globl	ethosu_dev_init
	.p2align	2
	.type	ethosu_dev_init,%function
	.code	16                              @ @ethosu_dev_init
	.thumb_func
ethosu_dev_init:
.Lfunc_begin1:
	.loc	1 71 0                          @ ../../../../Library/StdDriver/src/npu/ethosu_device_u55_u65.c:71:0
	.fnstart
	.cfi_startproc
@ %bb.0:
	@DEBUG_VALUE: ethosu_dev_init:base_address <- $r0
	@DEBUG_VALUE: ethosu_dev_init:secure_enable <- $r1
	@DEBUG_VALUE: ethosu_dev_init:privilege_enable <- $r2
	.save	{r4, r5, r6, lr}
	push	{r4, r5, r6, lr}
	.cfi_def_cfa_offset 16
	.cfi_offset lr, -4
	.cfi_offset r6, -8
	.cfi_offset r5, -12
	.cfi_offset r4, -16
	mov	r5, r0
.Ltmp1:
	@DEBUG_VALUE: ethosu_dev_init:base_address <- $r5
	@DEBUG_VALUE: ethosu_dev_init:base_address <- $r5
	.loc	1 72 33 prologue_end            @ ../../../../Library/StdDriver/src/npu/ethosu_device_u55_u65.c:72:33
	movs	r0, #12
	mov	r4, r2
.Ltmp2:
	@DEBUG_VALUE: ethosu_dev_init:privilege_enable <- $r4
	@DEBUG_VALUE: ethosu_dev_init:privilege_enable <- $r4
	.loc	1 0 33 is_stmt 0                @ ../../../../Library/StdDriver/src/npu/ethosu_device_u55_u65.c:0:33
	mov	r6, r1
.Ltmp3:
	@DEBUG_VALUE: ethosu_dev_init:secure_enable <- $r6
	@DEBUG_VALUE: ethosu_dev_init:secure_enable <- $r6
	.loc	1 72 33                         @ ../../../../Library/StdDriver/src/npu/ethosu_device_u55_u65.c:72:33
	bl	malloc
.Ltmp4:
	@DEBUG_VALUE: ethosu_dev_init:dev <- $r0
	.loc	1 74 9 is_stmt 1                @ ../../../../Library/StdDriver/src/npu/ethosu_device_u55_u65.c:74:9
	cbz	r0, .LBB1_3
.Ltmp5:
@ %bb.1:
	@DEBUG_VALUE: ethosu_dev_init:dev <- $r0
	@DEBUG_VALUE: ethosu_dev_init:secure_enable <- $r6
	@DEBUG_VALUE: ethosu_dev_init:privilege_enable <- $r4
	@DEBUG_VALUE: ethosu_dev_init:base_address <- $r5
	.loc	1 80 21                         @ ../../../../Library/StdDriver/src/npu/ethosu_device_u55_u65.c:80:21
	strd	r5, r6, [r0]
	.loc	1 82 21                         @ ../../../../Library/StdDriver/src/npu/ethosu_device_u55_u65.c:82:21
	str	r4, [r0, #8]
.Ltmp6:
	.loc	1 86 26                         @ ../../../../Library/StdDriver/src/npu/ethosu_device_u55_u65.c:86:26
	ldr	r1, [r5, #40]
.Ltmp7:
	.loc	1 86 9 is_stmt 0                @ ../../../../Library/StdDriver/src/npu/ethosu_device_u55_u65.c:86:9
	cmp.w	r1, #268435456
	bhs	.LBB1_4
.Ltmp8:
@ %bb.2:
	@DEBUG_VALUE: ethosu_dev_init:dev <- $r0
	@DEBUG_VALUE: ethosu_dev_init:secure_enable <- $r6
	@DEBUG_VALUE: ethosu_dev_init:privilege_enable <- $r4
	@DEBUG_VALUE: ethosu_dev_init:base_address <- $r5
	.loc	1 0 9                           @ ../../../../Library/StdDriver/src/npu/ethosu_device_u55_u65.c:0:9
	mov	r4, r0
.Ltmp9:
	@DEBUG_VALUE: ethosu_dev_init:privilege_enable <- [DW_OP_LLVM_entry_value 1] $r2
	.loc	1 96 9 is_stmt 1                @ ../../../../Library/StdDriver/src/npu/ethosu_device_u55_u65.c:96:9
	bl	ethosu_dev_soft_reset
.Ltmp10:
	.loc	1 96 9 is_stmt 0                @ ../../../../Library/StdDriver/src/npu/ethosu_device_u55_u65.c:96:9
	cmp	r0, #0
	itt	eq
	moveq	r0, r4
	.loc	1 106 1 epilogue_begin is_stmt 1 @ ../../../../Library/StdDriver/src/npu/ethosu_device_u55_u65.c:106:1
	popeq	{r4, r5, r6, pc}
.Ltmp11:
	.loc	1 0 1 is_stmt 0                 @ ../../../../Library/StdDriver/src/npu/ethosu_device_u55_u65.c:0:1
	b	.LBB1_5
.Ltmp12:
.LBB1_3:
	@DEBUG_VALUE: ethosu_dev_init:dev <- $r0
	@DEBUG_VALUE: ethosu_dev_init:secure_enable <- $r6
	@DEBUG_VALUE: ethosu_dev_init:privilege_enable <- $r4
	@DEBUG_VALUE: ethosu_dev_init:base_address <- $r5
	.loc	1 76 9 is_stmt 1                @ ../../../../Library/StdDriver/src/npu/ethosu_device_u55_u65.c:76:9
	movw	r0, :lower16:.L.str.1
.Ltmp13:
	adr	r1, .LCPI1_0
	movt	r0, :upper16:.L.str.1
	movs	r3, #76
	add.w	r2, r0, #39
	movw	r0, :lower16:__stderr
	movt	r0, :upper16:__stderr
	bl	__2fprintf
.Ltmp14:
	.loc	1 0 9 is_stmt 0                 @ ../../../../Library/StdDriver/src/npu/ethosu_device_u55_u65.c:0:9
	movs	r0, #0
.Ltmp15:
	.loc	1 106 1 epilogue_begin is_stmt 1 @ ../../../../Library/StdDriver/src/npu/ethosu_device_u55_u65.c:106:1
	pop	{r4, r5, r6, pc}
.Ltmp16:
.LBB1_4:
	@DEBUG_VALUE: ethosu_dev_init:dev <- $r0
	@DEBUG_VALUE: ethosu_dev_init:secure_enable <- $r6
	@DEBUG_VALUE: ethosu_dev_init:privilege_enable <- $r4
	@DEBUG_VALUE: ethosu_dev_init:base_address <- $r5
	.loc	1 0 1 is_stmt 0                 @ ../../../../Library/StdDriver/src/npu/ethosu_device_u55_u65.c:0:1
	mov	r4, r0
.Ltmp17:
	@DEBUG_VALUE: ethosu_dev_init:privilege_enable <- [DW_OP_LLVM_entry_value 1] $r2
	@DEBUG_VALUE: ethosu_dev_init:dev <- $r4
	.loc	1 91 9 is_stmt 1                @ ../../../../Library/StdDriver/src/npu/ethosu_device_u55_u65.c:91:9
	movw	r0, :lower16:.L.str.1
	movt	r0, :upper16:.L.str.1
	movw	r1, :lower16:.L.str.2
	add.w	r2, r0, #39
	movw	r0, :lower16:__stderr
	movt	r0, :upper16:__stderr
	movs	r3, #91
	movt	r1, :upper16:.L.str.2
	bl	__2fprintf
.Ltmp18:
.LBB1_5:
	@DEBUG_VALUE: ethosu_dev_init:privilege_enable <- [DW_OP_LLVM_entry_value 1] $r2
	@DEBUG_LABEL: ethosu_dev_init:err
	.loc	1 104 5                         @ ../../../../Library/StdDriver/src/npu/ethosu_device_u55_u65.c:104:5
	mov	r0, r4
	bl	free
.Ltmp19:
	.loc	1 0 5 is_stmt 0                 @ ../../../../Library/StdDriver/src/npu/ethosu_device_u55_u65.c:0:5
	movs	r0, #0
	.loc	1 106 1 epilogue_begin is_stmt 1 @ ../../../../Library/StdDriver/src/npu/ethosu_device_u55_u65.c:106:1
	pop	{r4, r5, r6, pc}
.Ltmp20:
	.p2align	2
@ %bb.6:
	.loc	1 0 1 is_stmt 0                 @ ../../../../Library/StdDriver/src/npu/ethosu_device_u55_u65.c:0:1
.LCPI1_0:
.L.str:
	.asciz	"E: Failed to allocate memory for Ethos-U device (%s:%d)\n\000\000\000"
.Lfunc_end1:
	.size	ethosu_dev_init, .Lfunc_end1-ethosu_dev_init
	.cfi_endproc
	.cantunwind
	.fnend
                                        @ -- End function
	.section	.text.ethosu_dev_soft_reset,"ax",%progbits
	.hidden	ethosu_dev_soft_reset           @ -- Begin function ethosu_dev_soft_reset
	.globl	ethosu_dev_soft_reset
	.p2align	2
	.type	ethosu_dev_soft_reset,%function
	.code	16                              @ @ethosu_dev_soft_reset
	.thumb_func
ethosu_dev_soft_reset:
.Lfunc_begin2:
	.loc	1 236 0 is_stmt 1               @ ../../../../Library/StdDriver/src/npu/ethosu_device_u55_u65.c:236:0
	.fnstart
	.cfi_startproc
@ %bb.0:
	@DEBUG_VALUE: ethosu_dev_soft_reset:dev <- $r0
	.save	{r7, lr}
	push	{r7, lr}
	.cfi_def_cfa_offset 8
	.cfi_offset lr, -4
	.cfi_offset r7, -8
.Ltmp21:
	@DEBUG_VALUE: ethosu_dev_soft_reset:reset <- 0
	.loc	1 243 30 prologue_end           @ ../../../../Library/StdDriver/src/npu/ethosu_device_u55_u65.c:243:30
	ldr	r2, [r0, #8]
	.loc	1 248 10                        @ ../../../../Library/StdDriver/src/npu/ethosu_device_u55_u65.c:248:10
	ldrd	r1, r3, [r0]
	.loc	1 243 25                        @ ../../../../Library/StdDriver/src/npu/ethosu_device_u55_u65.c:243:25
	cmp	r2, #0
	cset	r2, ne
.Ltmp22:
	@DEBUG_VALUE: ethosu_dev_soft_reset:reset <- $r2
	.loc	1 244 23                        @ ../../../../Library/StdDriver/src/npu/ethosu_device_u55_u65.c:244:23
	cmp	r3, #0
	it	eq
	addeq	r2, #2
.Ltmp23:
	@DEBUG_VALUE: ethosu_dev_soft_reset:reset <- $r2
	.loc	1 248 26                        @ ../../../../Library/StdDriver/src/npu/ethosu_device_u55_u65.c:248:26
	str	r2, [r1, #12]
	@DEBUG_VALUE: i <- 0
	movw	r2, #34460
.Ltmp24:
	.loc	1 0 26 is_stmt 0                @ ../../../../Library/StdDriver/src/npu/ethosu_device_u55_u65.c:0:26
	ldr	r1, [r0]
	movt	r2, #1
.Ltmp25:
.LBB2_1:                                @ =>This Inner Loop Header: Depth=1
	@DEBUG_VALUE: ethosu_dev_soft_reset:dev <- $r0
	@DEBUG_VALUE: i <- [DW_OP_consts 99996, DW_OP_minus, DW_OP_consts 18446744073709551612, DW_OP_div, DW_OP_consts 4, DW_OP_mul, DW_OP_stack_value] $r2
	.loc	1 251 52 is_stmt 1              @ ../../../../Library/StdDriver/src/npu/ethosu_device_u55_u65.c:251:52
	ldr	r3, [r1, #4]
.Ltmp26:
	@DEBUG_VALUE: i <- [DW_OP_plus_uconst 1, DW_OP_stack_value] $r2
	.loc	1 251 5 is_stmt 0               @ ../../../../Library/StdDriver/src/npu/ethosu_device_u55_u65.c:251:5
	lsls	r3, r3, #28
	@DEBUG_VALUE: i <- [DW_OP_plus_uconst 1, DW_OP_stack_value] $r2
.Ltmp27:
	.loc	1 251 52                        @ ../../../../Library/StdDriver/src/npu/ethosu_device_u55_u65.c:251:52
	itt	mi
	ldrmi	r3, [r1, #4]
.Ltmp28:
	@DEBUG_VALUE: i <- [DW_OP_plus_uconst 2, DW_OP_stack_value] $r2
	.loc	1 251 5                         @ ../../../../Library/StdDriver/src/npu/ethosu_device_u55_u65.c:251:5
	lslsmi.w	r3, r3, #28
	bpl	.LBB2_4
.Ltmp29:
@ %bb.2:                                @   in Loop: Header=BB2_1 Depth=1
	@DEBUG_VALUE: i <- [DW_OP_plus_uconst 2, DW_OP_stack_value] $r2
	@DEBUG_VALUE: ethosu_dev_soft_reset:dev <- $r0
	@DEBUG_VALUE: i <- [DW_OP_plus_uconst 2, DW_OP_stack_value] $r2
	.loc	1 251 52                        @ ../../../../Library/StdDriver/src/npu/ethosu_device_u55_u65.c:251:52
	ldr	r3, [r1, #4]
.Ltmp30:
	@DEBUG_VALUE: i <- [DW_OP_plus_uconst 3, DW_OP_stack_value] $r2
	.loc	1 251 5                         @ ../../../../Library/StdDriver/src/npu/ethosu_device_u55_u65.c:251:5
	lsls	r3, r3, #28
	@DEBUG_VALUE: i <- [DW_OP_plus_uconst 3, DW_OP_stack_value] $r2
.Ltmp31:
	.loc	1 251 52                        @ ../../../../Library/StdDriver/src/npu/ethosu_device_u55_u65.c:251:52
	itt	mi
	ldrmi	r3, [r1, #4]
.Ltmp32:
	@DEBUG_VALUE: i <- [DW_OP_consts 99996, DW_OP_minus, DW_OP_consts 18446744073709551612, DW_OP_div, DW_OP_consts 4, DW_OP_mul, DW_OP_consts 4, DW_OP_plus, DW_OP_stack_value] $r2
	.loc	1 251 5                         @ ../../../../Library/StdDriver/src/npu/ethosu_device_u55_u65.c:251:5
	lslsmi.w	r3, r3, #28
	bpl	.LBB2_4
.Ltmp33:
@ %bb.3:                                @   in Loop: Header=BB2_1 Depth=1
	@DEBUG_VALUE: i <- [DW_OP_consts 99996, DW_OP_minus, DW_OP_consts 18446744073709551612, DW_OP_div, DW_OP_consts 4, DW_OP_mul, DW_OP_consts 4, DW_OP_plus, DW_OP_stack_value] $r2
	@DEBUG_VALUE: ethosu_dev_soft_reset:dev <- $r0
	cmp	r2, #0
	sub.w	r2, r2, #4
.Ltmp34:
	bne	.LBB2_1
.Ltmp35:
.LBB2_4:
	@DEBUG_VALUE: ethosu_dev_soft_reset:dev <- $r0
	.loc	1 255 26 is_stmt 1              @ ../../../../Library/StdDriver/src/npu/ethosu_device_u55_u65.c:255:26
	ldr	r2, [r1, #4]
.Ltmp36:
	.loc	1 255 9 is_stmt 0               @ ../../../../Library/StdDriver/src/npu/ethosu_device_u55_u65.c:255:9
	lsls	r2, r2, #28
	bmi	.LBB2_8
.Ltmp37:
@ %bb.5:
	@DEBUG_VALUE: ethosu_dev_soft_reset:dev <- $r0
	@DEBUG_VALUE: ethosu_dev_verify_access_state:dev <- $r0
	.loc	1 226 24 is_stmt 1              @ ../../../../Library/StdDriver/src/npu/ethosu_device_u55_u65.c:226:24
	ldr	r2, [r1, #36]
	.loc	1 226 44 is_stmt 0              @ ../../../../Library/StdDriver/src/npu/ethosu_device_u55_u65.c:226:44
	ldr	r3, [r0, #4]
	.loc	1 226 39                        @ ../../../../Library/StdDriver/src/npu/ethosu_device_u55_u65.c:226:39
	cmp	r3, #0
	cset	r3, eq
	.loc	1 226 35                        @ ../../../../Library/StdDriver/src/npu/ethosu_device_u55_u65.c:226:35
	tst.w	r2, #2
	cset	r2, eq
	.loc	1 226 104                       @ ../../../../Library/StdDriver/src/npu/ethosu_device_u55_u65.c:226:104
	cmp	r3, r2
	beq	.LBB2_9
.Ltmp38:
@ %bb.6:
	@DEBUG_VALUE: ethosu_dev_verify_access_state:dev <- $r0
	@DEBUG_VALUE: ethosu_dev_soft_reset:dev <- $r0
	.loc	1 227 28 is_stmt 1              @ ../../../../Library/StdDriver/src/npu/ethosu_device_u55_u65.c:227:28
	ldr	r2, [r1, #36]
	.loc	1 227 48 is_stmt 0              @ ../../../../Library/StdDriver/src/npu/ethosu_device_u55_u65.c:227:48
	ldr	r3, [r0, #8]
	.loc	1 227 43                        @ ../../../../Library/StdDriver/src/npu/ethosu_device_u55_u65.c:227:43
	cmp	r3, #0
	cset	r3, ne
	.loc	1 227 39                        @ ../../../../Library/StdDriver/src/npu/ethosu_device_u55_u65.c:227:39
	tst.w	r2, #1
	cset	r2, eq
.Ltmp39:
	.loc	1 262 9 is_stmt 1               @ ../../../../Library/StdDriver/src/npu/ethosu_device_u55_u65.c:262:9
	eors	r3, r2
	beq	.LBB2_9
.Ltmp40:
@ %bb.7:
	@DEBUG_VALUE: ethosu_dev_soft_reset:dev <- $r0
	.loc	1 0 9 is_stmt 0                 @ ../../../../Library/StdDriver/src/npu/ethosu_device_u55_u65.c:0:9
	movs	r2, #2
.Ltmp41:
	@DEBUG_VALUE: ethosu_dev_axi_init:l3 <- [DW_OP_LLVM_fragment 24 8] 0
	@DEBUG_VALUE: ethosu_dev_axi_init:l3 <- [DW_OP_LLVM_fragment 16 8] 0
	@DEBUG_VALUE: ethosu_dev_axi_init:l3 <- [DW_OP_LLVM_fragment 8 8] 0
	@DEBUG_VALUE: ethosu_dev_axi_init:l3 <- [DW_OP_LLVM_fragment 0 8] 0
	@DEBUG_VALUE: ethosu_dev_axi_init:l2 <- [DW_OP_LLVM_fragment 24 8] 0
	@DEBUG_VALUE: ethosu_dev_axi_init:l2 <- [DW_OP_LLVM_fragment 16 8] 0
	@DEBUG_VALUE: ethosu_dev_axi_init:l2 <- [DW_OP_LLVM_fragment 8 8] 0
	@DEBUG_VALUE: ethosu_dev_axi_init:l2 <- [DW_OP_LLVM_fragment 0 8] 0
	@DEBUG_VALUE: ethosu_dev_axi_init:l1 <- [DW_OP_LLVM_fragment 24 8] 0
	@DEBUG_VALUE: ethosu_dev_axi_init:l1 <- [DW_OP_LLVM_fragment 16 8] 0
	@DEBUG_VALUE: ethosu_dev_axi_init:l1 <- [DW_OP_LLVM_fragment 8 8] 0
	@DEBUG_VALUE: ethosu_dev_axi_init:l1 <- [DW_OP_LLVM_fragment 0 8] 0
	@DEBUG_VALUE: ethosu_dev_axi_init:l0 <- [DW_OP_LLVM_fragment 24 8] 0
	@DEBUG_VALUE: ethosu_dev_axi_init:l0 <- [DW_OP_LLVM_fragment 16 8] 0
	@DEBUG_VALUE: ethosu_dev_axi_init:l0 <- [DW_OP_LLVM_fragment 8 8] 0
	@DEBUG_VALUE: ethosu_dev_axi_init:l0 <- [DW_OP_LLVM_fragment 0 8] 0
	@DEBUG_VALUE: ethosu_dev_axi_init:rcfg <- [DW_OP_LLVM_fragment 16 16] 0
	@DEBUG_VALUE: ethosu_dev_axi_init:rcfg <- [DW_OP_LLVM_fragment 8 8] 0
	@DEBUG_VALUE: ethosu_dev_axi_init:rcfg <- [DW_OP_LLVM_fragment 0 8] 0
	@DEBUG_VALUE: ethosu_dev_axi_init:dev <- $r0
	.loc	1 121 28 is_stmt 1              @ ../../../../Library/StdDriver/src/npu/ethosu_device_u55_u65.c:121:28
	str	r2, [r1, #28]
.Ltmp42:
	@DEBUG_VALUE: ethosu_dev_axi_init:rcfg <- [DW_OP_LLVM_fragment 8 8] 85
	@DEBUG_VALUE: ethosu_dev_axi_init:rcfg <- [DW_OP_LLVM_fragment 0 8] 83
	.loc	1 0 28 is_stmt 0                @ ../../../../Library/StdDriver/src/npu/ethosu_device_u55_u65.c:0:28
	movw	r2, #21843
	.loc	1 131 10 is_stmt 1              @ ../../../../Library/StdDriver/src/npu/ethosu_device_u55_u65.c:131:10
	ldr	r1, [r0]
	.loc	1 131 30 is_stmt 0              @ ../../../../Library/StdDriver/src/npu/ethosu_device_u55_u65.c:131:30
	str	r2, [r1, #60]
.Ltmp43:
	@DEBUG_VALUE: ethosu_dev_axi_init:l3 <- [DW_OP_LLVM_fragment 24 8] 15
	@DEBUG_VALUE: ethosu_dev_axi_init:l3 <- [DW_OP_LLVM_fragment 16 8] 31
	@DEBUG_VALUE: ethosu_dev_axi_init:l3 <- [DW_OP_LLVM_fragment 0 8] 32
	@DEBUG_VALUE: ethosu_dev_axi_init:l2 <- [DW_OP_LLVM_fragment 24 8] 15
	@DEBUG_VALUE: ethosu_dev_axi_init:l2 <- [DW_OP_LLVM_fragment 16 8] 31
	@DEBUG_VALUE: ethosu_dev_axi_init:l2 <- [DW_OP_LLVM_fragment 0 8] 32
	@DEBUG_VALUE: ethosu_dev_axi_init:l1 <- [DW_OP_LLVM_fragment 24 8] 15
	@DEBUG_VALUE: ethosu_dev_axi_init:l1 <- [DW_OP_LLVM_fragment 16 8] 31
	@DEBUG_VALUE: ethosu_dev_axi_init:l1 <- [DW_OP_LLVM_fragment 0 8] 32
	@DEBUG_VALUE: ethosu_dev_axi_init:l0 <- [DW_OP_LLVM_fragment 24 8] 15
	@DEBUG_VALUE: ethosu_dev_axi_init:l0 <- [DW_OP_LLVM_fragment 16 8] 31
	@DEBUG_VALUE: ethosu_dev_axi_init:l0 <- [DW_OP_LLVM_fragment 0 8] 32
	.loc	1 0 30                          @ ../../../../Library/StdDriver/src/npu/ethosu_device_u55_u65.c:0:30
	movs	r2, #32
	.loc	1 153 10 is_stmt 1              @ ../../../../Library/StdDriver/src/npu/ethosu_device_u55_u65.c:153:10
	ldr	r1, [r0]
	movt	r2, #3871
	.loc	1 153 31 is_stmt 0              @ ../../../../Library/StdDriver/src/npu/ethosu_device_u55_u65.c:153:31
	str	r2, [r1, #64]
	.loc	1 154 10 is_stmt 1              @ ../../../../Library/StdDriver/src/npu/ethosu_device_u55_u65.c:154:10
	ldr	r1, [r0]
	.loc	1 154 31 is_stmt 0              @ ../../../../Library/StdDriver/src/npu/ethosu_device_u55_u65.c:154:31
	str	r2, [r1, #68]
	.loc	1 155 10 is_stmt 1              @ ../../../../Library/StdDriver/src/npu/ethosu_device_u55_u65.c:155:10
	ldr	r1, [r0]
	.loc	1 155 31 is_stmt 0              @ ../../../../Library/StdDriver/src/npu/ethosu_device_u55_u65.c:155:31
	str	r2, [r1, #72]
	.loc	1 156 10 is_stmt 1              @ ../../../../Library/StdDriver/src/npu/ethosu_device_u55_u65.c:156:10
	ldr	r0, [r0]
.Ltmp44:
	@DEBUG_VALUE: ethosu_dev_soft_reset:dev <- [DW_OP_LLVM_entry_value 1] $r0
	.loc	1 156 31 is_stmt 0              @ ../../../../Library/StdDriver/src/npu/ethosu_device_u55_u65.c:156:31
	str	r2, [r0, #76]
	movs	r0, #0
.Ltmp45:
	.loc	1 272 1 is_stmt 1               @ ../../../../Library/StdDriver/src/npu/ethosu_device_u55_u65.c:272:1
	sxtb	r0, r0
	.loc	1 272 1 epilogue_begin is_stmt 0 @ ../../../../Library/StdDriver/src/npu/ethosu_device_u55_u65.c:272:1
	pop	{r7, pc}
.Ltmp46:
.LBB2_8:
	@DEBUG_VALUE: ethosu_dev_soft_reset:dev <- $r0
	.loc	1 257 9 is_stmt 1               @ ../../../../Library/StdDriver/src/npu/ethosu_device_u55_u65.c:257:9
	movw	r0, :lower16:.L.str.1
.Ltmp47:
	@DEBUG_VALUE: ethosu_dev_soft_reset:dev <- [DW_OP_LLVM_entry_value 1] $r0
	adr	r1, .LCPI2_0
	movt	r0, :upper16:.L.str.1
	movw	r3, #257
	b	.LBB2_10
.Ltmp48:
.LBB2_9:
	@DEBUG_VALUE: ethosu_dev_soft_reset:dev <- $r0
	.loc	1 264 9                         @ ../../../../Library/StdDriver/src/npu/ethosu_device_u55_u65.c:264:9
	movw	r0, :lower16:.L.str.1
.Ltmp49:
	@DEBUG_VALUE: ethosu_dev_soft_reset:dev <- [DW_OP_LLVM_entry_value 1] $r0
	adr	r1, .LCPI2_1
	movt	r0, :upper16:.L.str.1
	mov.w	r3, #264
.Ltmp50:
.LBB2_10:
	@DEBUG_VALUE: ethosu_dev_soft_reset:dev <- [DW_OP_LLVM_entry_value 1] $r0
	.loc	1 0 0 is_stmt 0                 @ ../../../../Library/StdDriver/src/npu/ethosu_device_u55_u65.c:0:0
	add.w	r2, r0, #39
	movw	r0, :lower16:__stderr
	movt	r0, :upper16:__stderr
	bl	__2fprintf
.Ltmp51:
	movs	r0, #255
	.loc	1 272 1 is_stmt 1               @ ../../../../Library/StdDriver/src/npu/ethosu_device_u55_u65.c:272:1
	sxtb	r0, r0
	.loc	1 272 1 epilogue_begin is_stmt 0 @ ../../../../Library/StdDriver/src/npu/ethosu_device_u55_u65.c:272:1
	pop	{r7, pc}
.Ltmp52:
	.p2align	2
@ %bb.11:
	.loc	1 0 1                           @ ../../../../Library/StdDriver/src/npu/ethosu_device_u55_u65.c:0:1
.LCPI2_0:
.L.str.10:
	.asciz	"E: Soft reset timed out (%s:%d)\n\000\000\000"
.LCPI2_1:
.L.str.11:
	.asciz	"E: Failed to switch security state and privilege level (%s:%d)\n"
.Lfunc_end2:
	.size	ethosu_dev_soft_reset, .Lfunc_end2-ethosu_dev_soft_reset
	.cfi_endproc
	.file	5 "C:\\ML\\ML_M55M1_SampleCode-master 2\\ML_M55M1_SampleCode-master\\M55M1BSP-3.01.003\\SampleCode\\NuEdgeWise\\ObjectDetection_YOLOv8n\\KEIL" "../../../../Library/StdDriver/src/npu\\ethosu_device.h"
	.cantunwind
	.fnend
                                        @ -- End function
	.section	.text.ethosu_dev_deinit,"ax",%progbits
	.hidden	ethosu_dev_deinit               @ -- Begin function ethosu_dev_deinit
	.globl	ethosu_dev_deinit
	.p2align	2
	.type	ethosu_dev_deinit,%function
	.code	16                              @ @ethosu_dev_deinit
	.thumb_func
ethosu_dev_deinit:
.Lfunc_begin3:
	.fnstart
	.cfi_startproc
@ %bb.0:
	@DEBUG_VALUE: ethosu_dev_deinit:dev <- $r0
	.loc	1 110 5 prologue_end is_stmt 1  @ ../../../../Library/StdDriver/src/npu/ethosu_device_u55_u65.c:110:5
	b	free
.Ltmp53:
.Lfunc_end3:
	.size	ethosu_dev_deinit, .Lfunc_end3-ethosu_dev_deinit
	.cfi_endproc
	.file	6 "C:\\Users\\yuxia\\AppData\\Local\\Keil_v5\\ARM\\ARMCLANG\\bin\\..\\include" "stdlib.h"
	.cantunwind
	.fnend
                                        @ -- End function
	.section	.text.ethosu_dev_axi_init,"ax",%progbits
	.hidden	ethosu_dev_axi_init             @ -- Begin function ethosu_dev_axi_init
	.globl	ethosu_dev_axi_init
	.p2align	2
	.type	ethosu_dev_axi_init,%function
	.code	16                              @ @ethosu_dev_axi_init
	.thumb_func
ethosu_dev_axi_init:
.Lfunc_begin4:
	.fnstart
	.cfi_startproc
@ %bb.0:
	@DEBUG_VALUE: ethosu_dev_axi_init:dev <- $r0
	@DEBUG_VALUE: ethosu_dev_axi_init:rcfg <- [DW_OP_LLVM_fragment 0 8] 0
	@DEBUG_VALUE: ethosu_dev_axi_init:rcfg <- [DW_OP_LLVM_fragment 8 8] 0
	@DEBUG_VALUE: ethosu_dev_axi_init:rcfg <- [DW_OP_LLVM_fragment 16 16] 0
	@DEBUG_VALUE: ethosu_dev_axi_init:l0 <- [DW_OP_LLVM_fragment 0 8] 0
	@DEBUG_VALUE: ethosu_dev_axi_init:l0 <- [DW_OP_LLVM_fragment 8 8] 0
	@DEBUG_VALUE: ethosu_dev_axi_init:l0 <- [DW_OP_LLVM_fragment 16 8] 0
	@DEBUG_VALUE: ethosu_dev_axi_init:l0 <- [DW_OP_LLVM_fragment 24 8] 0
	@DEBUG_VALUE: ethosu_dev_axi_init:l1 <- [DW_OP_LLVM_fragment 0 8] 0
	@DEBUG_VALUE: ethosu_dev_axi_init:l1 <- [DW_OP_LLVM_fragment 8 8] 0
	@DEBUG_VALUE: ethosu_dev_axi_init:l1 <- [DW_OP_LLVM_fragment 16 8] 0
	@DEBUG_VALUE: ethosu_dev_axi_init:l1 <- [DW_OP_LLVM_fragment 24 8] 0
	@DEBUG_VALUE: ethosu_dev_axi_init:l2 <- [DW_OP_LLVM_fragment 0 8] 0
	@DEBUG_VALUE: ethosu_dev_axi_init:l2 <- [DW_OP_LLVM_fragment 8 8] 0
	@DEBUG_VALUE: ethosu_dev_axi_init:l2 <- [DW_OP_LLVM_fragment 16 8] 0
	@DEBUG_VALUE: ethosu_dev_axi_init:l2 <- [DW_OP_LLVM_fragment 24 8] 0
	@DEBUG_VALUE: ethosu_dev_axi_init:l3 <- [DW_OP_LLVM_fragment 0 8] 0
	@DEBUG_VALUE: ethosu_dev_axi_init:l3 <- [DW_OP_LLVM_fragment 8 8] 0
	@DEBUG_VALUE: ethosu_dev_axi_init:l3 <- [DW_OP_LLVM_fragment 16 8] 0
	@DEBUG_VALUE: ethosu_dev_axi_init:l3 <- [DW_OP_LLVM_fragment 24 8] 0
	.loc	1 121 10 prologue_end           @ ../../../../Library/StdDriver/src/npu/ethosu_device_u55_u65.c:121:10
	ldr	r1, [r0]
	movs	r2, #2
	.loc	1 121 28 is_stmt 0              @ ../../../../Library/StdDriver/src/npu/ethosu_device_u55_u65.c:121:28
	str	r2, [r1, #28]
.Ltmp54:
	@DEBUG_VALUE: ethosu_dev_axi_init:rcfg <- [DW_OP_LLVM_fragment 8 8] 85
	@DEBUG_VALUE: ethosu_dev_axi_init:rcfg <- [DW_OP_LLVM_fragment 0 8] 83
	.loc	1 0 28                          @ ../../../../Library/StdDriver/src/npu/ethosu_device_u55_u65.c:0:28
	movw	r2, #21843
	.loc	1 131 10 is_stmt 1              @ ../../../../Library/StdDriver/src/npu/ethosu_device_u55_u65.c:131:10
	ldr	r1, [r0]
	.loc	1 131 30 is_stmt 0              @ ../../../../Library/StdDriver/src/npu/ethosu_device_u55_u65.c:131:30
	str	r2, [r1, #60]
.Ltmp55:
	@DEBUG_VALUE: ethosu_dev_axi_init:l3 <- [DW_OP_LLVM_fragment 24 8] 15
	@DEBUG_VALUE: ethosu_dev_axi_init:l3 <- [DW_OP_LLVM_fragment 16 8] 31
	@DEBUG_VALUE: ethosu_dev_axi_init:l3 <- [DW_OP_LLVM_fragment 0 8] 32
	@DEBUG_VALUE: ethosu_dev_axi_init:l2 <- [DW_OP_LLVM_fragment 24 8] 15
	@DEBUG_VALUE: ethosu_dev_axi_init:l2 <- [DW_OP_LLVM_fragment 16 8] 31
	@DEBUG_VALUE: ethosu_dev_axi_init:l2 <- [DW_OP_LLVM_fragment 0 8] 32
	@DEBUG_VALUE: ethosu_dev_axi_init:l1 <- [DW_OP_LLVM_fragment 24 8] 15
	@DEBUG_VALUE: ethosu_dev_axi_init:l1 <- [DW_OP_LLVM_fragment 16 8] 31
	@DEBUG_VALUE: ethosu_dev_axi_init:l1 <- [DW_OP_LLVM_fragment 0 8] 32
	@DEBUG_VALUE: ethosu_dev_axi_init:l0 <- [DW_OP_LLVM_fragment 24 8] 15
	@DEBUG_VALUE: ethosu_dev_axi_init:l0 <- [DW_OP_LLVM_fragment 16 8] 31
	@DEBUG_VALUE: ethosu_dev_axi_init:l0 <- [DW_OP_LLVM_fragment 0 8] 32
	.loc	1 0 30                          @ ../../../../Library/StdDriver/src/npu/ethosu_device_u55_u65.c:0:30
	movs	r2, #32
	.loc	1 153 10 is_stmt 1              @ ../../../../Library/StdDriver/src/npu/ethosu_device_u55_u65.c:153:10
	ldr	r1, [r0]
	movt	r2, #3871
	.loc	1 153 31 is_stmt 0              @ ../../../../Library/StdDriver/src/npu/ethosu_device_u55_u65.c:153:31
	str	r2, [r1, #64]
	.loc	1 154 10 is_stmt 1              @ ../../../../Library/StdDriver/src/npu/ethosu_device_u55_u65.c:154:10
	ldr	r1, [r0]
	.loc	1 154 31 is_stmt 0              @ ../../../../Library/StdDriver/src/npu/ethosu_device_u55_u65.c:154:31
	str	r2, [r1, #68]
	.loc	1 155 10 is_stmt 1              @ ../../../../Library/StdDriver/src/npu/ethosu_device_u55_u65.c:155:10
	ldr	r1, [r0]
	.loc	1 155 31 is_stmt 0              @ ../../../../Library/StdDriver/src/npu/ethosu_device_u55_u65.c:155:31
	str	r2, [r1, #72]
	.loc	1 156 10 is_stmt 1              @ ../../../../Library/StdDriver/src/npu/ethosu_device_u55_u65.c:156:10
	ldr	r1, [r0]
	.loc	1 158 5                         @ ../../../../Library/StdDriver/src/npu/ethosu_device_u55_u65.c:158:5
	movs	r0, #0
.Ltmp56:
	@DEBUG_VALUE: ethosu_dev_axi_init:dev <- [DW_OP_LLVM_entry_value 1] $r0
	.loc	1 156 31                        @ ../../../../Library/StdDriver/src/npu/ethosu_device_u55_u65.c:156:31
	str	r2, [r1, #76]
	.loc	1 158 5                         @ ../../../../Library/StdDriver/src/npu/ethosu_device_u55_u65.c:158:5
	bx	lr
.Ltmp57:
.Lfunc_end4:
	.size	ethosu_dev_axi_init, .Lfunc_end4-ethosu_dev_axi_init
	.cfi_endproc
	.cantunwind
	.fnend
                                        @ -- End function
	.section	.text.ethosu_dev_run_command_stream,"ax",%progbits
	.hidden	ethosu_dev_run_command_stream   @ -- Begin function ethosu_dev_run_command_stream
	.globl	ethosu_dev_run_command_stream
	.p2align	2
	.type	ethosu_dev_run_command_stream,%function
	.code	16                              @ @ethosu_dev_run_command_stream
	.thumb_func
ethosu_dev_run_command_stream:
.Lfunc_begin5:
	.loc	1 166 0                         @ ../../../../Library/StdDriver/src/npu/ethosu_device_u55_u65.c:166:0
	.fnstart
	.cfi_startproc
@ %bb.0:
	@DEBUG_VALUE: ethosu_dev_run_command_stream:dev <- $r0
	@DEBUG_VALUE: ethosu_dev_run_command_stream:cmd_stream_ptr <- $r1
	@DEBUG_VALUE: ethosu_dev_run_command_stream:cms_length <- $r2
	@DEBUG_VALUE: ethosu_dev_run_command_stream:base_addr <- $r3
	@DEBUG_VALUE: ethosu_dev_run_command_stream:base_addr <- $r3
	@DEBUG_VALUE: ethosu_dev_run_command_stream:cms_length <- $r2
	.save	{r4, r5, r6, r7, lr}
	push	{r4, r5, r6, r7, lr}
	.cfi_def_cfa_offset 20
	.cfi_offset lr, -4
	.cfi_offset r7, -8
	.cfi_offset r6, -12
	.cfi_offset r5, -16
	.cfi_offset r4, -20
	.pad	#4
	sub	sp, #4
	.cfi_def_cfa_offset 24
.Ltmp58:
	@DEBUG_VALUE: ethosu_dev_run_command_stream:num_base_addr <- [DW_OP_plus_uconst 24] [$sp+0]
	ldr	r7, [sp, #24]
.Ltmp59:
	.loc	1 167 5 prologue_end            @ ../../../../Library/StdDriver/src/npu/ethosu_device_u55_u65.c:167:5
	cmp	r7, #9
	@DEBUG_VALUE: ethosu_dev_run_command_stream:dev <- $r0
	bge	.LBB5_21
.Ltmp60:
@ %bb.1:
	@DEBUG_VALUE: ethosu_dev_run_command_stream:num_base_addr <- [DW_OP_plus_uconst 24] [$sp+0]
	@DEBUG_VALUE: ethosu_dev_run_command_stream:base_addr <- $r3
	@DEBUG_VALUE: ethosu_dev_run_command_stream:cms_length <- $r2
	@DEBUG_VALUE: ethosu_dev_run_command_stream:cmd_stream_ptr <- $r1
	@DEBUG_VALUE: ethosu_dev_run_command_stream:dev <- $r0
	.loc	1 0 5 is_stmt 0                 @ ../../../../Library/StdDriver/src/npu/ethosu_device_u55_u65.c:0:5
	mov	r6, r2
.Ltmp61:
	@DEBUG_VALUE: ethosu_dev_run_command_stream:cms_length <- $r6
	@DEBUG_VALUE: ethosu_dev_run_command_stream:cms_length <- $r6
	mov	r4, r0
.Ltmp62:
	@DEBUG_VALUE: ethosu_dev_run_command_stream:dev <- $r4
	@DEBUG_VALUE: ethosu_dev_run_command_stream:dev <- $r4
	.loc	1 170 22 is_stmt 1              @ ../../../../Library/StdDriver/src/npu/ethosu_device_u55_u65.c:170:22
	mov	r0, r1
	movs	r1, #0
.Ltmp63:
	@DEBUG_VALUE: ethosu_dev_run_command_stream:cmd_stream_ptr <- [DW_OP_LLVM_entry_value 1] $r1
	mov.w	r2, #-1
	mov	r5, r3
.Ltmp64:
	@DEBUG_VALUE: ethosu_dev_run_command_stream:base_addr <- $r5
	@DEBUG_VALUE: ethosu_dev_run_command_stream:base_addr <- $r5
	bl	ethosu_address_remap
.Ltmp65:
	@DEBUG_VALUE: ethosu_dev_run_command_stream:qbase <- [DW_OP_LLVM_fragment 32 32] $r1
	.loc	1 171 5                         @ ../../../../Library/StdDriver/src/npu/ethosu_device_u55_u65.c:171:5
	cmp	r1, #0
.Ltmp66:
	@DEBUG_VALUE: ethosu_dev_run_command_stream:qbase <- [DW_OP_LLVM_fragment 0 32] $r0
	bne	.LBB5_22
.Ltmp67:
@ %bb.2:
	@DEBUG_VALUE: ethosu_dev_run_command_stream:qbase <- [DW_OP_LLVM_fragment 0 32] $r0
	@DEBUG_VALUE: ethosu_dev_run_command_stream:qbase <- [DW_OP_LLVM_fragment 32 32] $r1
	@DEBUG_VALUE: ethosu_dev_run_command_stream:base_addr <- $r5
	@DEBUG_VALUE: ethosu_dev_run_command_stream:dev <- $r4
	@DEBUG_VALUE: ethosu_dev_run_command_stream:cms_length <- $r6
	@DEBUG_VALUE: ethosu_dev_run_command_stream:cmd_stream_ptr <- [DW_OP_LLVM_entry_value 1] $r1
	@DEBUG_VALUE: ethosu_dev_run_command_stream:num_base_addr <- [DW_OP_plus_uconst 24] [$sp+0]
	.loc	1 174 10                        @ ../../../../Library/StdDriver/src/npu/ethosu_device_u55_u65.c:174:10
	ldr	r1, [r4]
.Ltmp68:
	.loc	1 180 5                         @ ../../../../Library/StdDriver/src/npu/ethosu_device_u55_u65.c:180:5
	cmp	r7, #0
.Ltmp69:
	.loc	1 174 29                        @ ../../../../Library/StdDriver/src/npu/ethosu_device_u55_u65.c:174:29
	str	r0, [r1, #16]
	.loc	1 178 10                        @ ../../../../Library/StdDriver/src/npu/ethosu_device_u55_u65.c:178:10
	ldr	r0, [r4]
.Ltmp70:
	.loc	1 178 26 is_stmt 0              @ ../../../../Library/StdDriver/src/npu/ethosu_device_u55_u65.c:178:26
	str	r6, [r0, #32]
.Ltmp71:
	@DEBUG_VALUE: i <- 0
	.loc	1 180 5 is_stmt 1               @ ../../../../Library/StdDriver/src/npu/ethosu_device_u55_u65.c:180:5
	ble	.LBB5_19
.Ltmp72:
@ %bb.3:
	@DEBUG_VALUE: i <- 0
	@DEBUG_VALUE: ethosu_dev_run_command_stream:base_addr <- $r5
	@DEBUG_VALUE: ethosu_dev_run_command_stream:dev <- $r4
	@DEBUG_VALUE: ethosu_dev_run_command_stream:cms_length <- $r6
	@DEBUG_VALUE: ethosu_dev_run_command_stream:cmd_stream_ptr <- [DW_OP_LLVM_entry_value 1] $r1
	@DEBUG_VALUE: ethosu_dev_run_command_stream:num_base_addr <- [DW_OP_plus_uconst 24] [$sp+0]
	@DEBUG_VALUE: i <- 0
	.loc	1 182 46                        @ ../../../../Library/StdDriver/src/npu/ethosu_device_u55_u65.c:182:46
	ldrd	r0, r1, [r5]
	.loc	1 182 25 is_stmt 0              @ ../../../../Library/StdDriver/src/npu/ethosu_device_u55_u65.c:182:25
	movs	r2, #0
	bl	ethosu_address_remap
.Ltmp73:
	@DEBUG_VALUE: addr <- [DW_OP_LLVM_fragment 32 32] $r1
	.loc	1 183 9 is_stmt 1               @ ../../../../Library/StdDriver/src/npu/ethosu_device_u55_u65.c:183:9
	cmp	r1, #0
.Ltmp74:
	@DEBUG_VALUE: addr <- [DW_OP_LLVM_fragment 0 32] $r0
	bne	.LBB5_20
.Ltmp75:
@ %bb.4:
	@DEBUG_VALUE: addr <- [DW_OP_LLVM_fragment 0 32] $r0
	@DEBUG_VALUE: addr <- [DW_OP_LLVM_fragment 32 32] $r1
	@DEBUG_VALUE: i <- 0
	@DEBUG_VALUE: ethosu_dev_run_command_stream:base_addr <- $r5
	@DEBUG_VALUE: ethosu_dev_run_command_stream:dev <- $r4
	@DEBUG_VALUE: ethosu_dev_run_command_stream:cms_length <- $r6
	@DEBUG_VALUE: ethosu_dev_run_command_stream:cmd_stream_ptr <- [DW_OP_LLVM_entry_value 1] $r1
	@DEBUG_VALUE: ethosu_dev_run_command_stream:num_base_addr <- [DW_OP_plus_uconst 24] [$sp+0]
	.loc	1 185 14                        @ ../../../../Library/StdDriver/src/npu/ethosu_device_u55_u65.c:185:14
	ldr	r1, [r4]
.Ltmp76:
	.loc	1 180 5                         @ ../../../../Library/StdDriver/src/npu/ethosu_device_u55_u65.c:180:5
	cmp	r7, #1
.Ltmp77:
	.loc	1 185 36                        @ ../../../../Library/StdDriver/src/npu/ethosu_device_u55_u65.c:185:36
	str.w	r0, [r1, #128]
.Ltmp78:
	@DEBUG_VALUE: i <- 1
	.loc	1 180 5                         @ ../../../../Library/StdDriver/src/npu/ethosu_device_u55_u65.c:180:5
	beq	.LBB5_19
.Ltmp79:
@ %bb.5:
	@DEBUG_VALUE: i <- 1
	@DEBUG_VALUE: addr <- [DW_OP_LLVM_fragment 0 32] $r0
	@DEBUG_VALUE: ethosu_dev_run_command_stream:base_addr <- $r5
	@DEBUG_VALUE: ethosu_dev_run_command_stream:dev <- $r4
	@DEBUG_VALUE: ethosu_dev_run_command_stream:cms_length <- $r6
	@DEBUG_VALUE: ethosu_dev_run_command_stream:cmd_stream_ptr <- [DW_OP_LLVM_entry_value 1] $r1
	@DEBUG_VALUE: ethosu_dev_run_command_stream:num_base_addr <- [DW_OP_plus_uconst 24] [$sp+0]
	@DEBUG_VALUE: i <- 1
	.loc	1 182 46                        @ ../../../../Library/StdDriver/src/npu/ethosu_device_u55_u65.c:182:46
	ldrd	r0, r1, [r5, #8]
.Ltmp80:
	.loc	1 182 25 is_stmt 0              @ ../../../../Library/StdDriver/src/npu/ethosu_device_u55_u65.c:182:25
	movs	r2, #1
	bl	ethosu_address_remap
.Ltmp81:
	@DEBUG_VALUE: addr <- [DW_OP_LLVM_fragment 32 32] $r1
	.loc	1 183 9 is_stmt 1               @ ../../../../Library/StdDriver/src/npu/ethosu_device_u55_u65.c:183:9
	cmp	r1, #0
.Ltmp82:
	@DEBUG_VALUE: addr <- [DW_OP_LLVM_fragment 0 32] $r0
	bne	.LBB5_20
.Ltmp83:
@ %bb.6:
	@DEBUG_VALUE: i <- 1
	@DEBUG_VALUE: addr <- [DW_OP_LLVM_fragment 0 32] $r0
	@DEBUG_VALUE: addr <- [DW_OP_LLVM_fragment 32 32] $r1
	@DEBUG_VALUE: ethosu_dev_run_command_stream:base_addr <- $r5
	@DEBUG_VALUE: ethosu_dev_run_command_stream:dev <- $r4
	@DEBUG_VALUE: ethosu_dev_run_command_stream:cms_length <- $r6
	@DEBUG_VALUE: ethosu_dev_run_command_stream:cmd_stream_ptr <- [DW_OP_LLVM_entry_value 1] $r1
	@DEBUG_VALUE: ethosu_dev_run_command_stream:num_base_addr <- [DW_OP_plus_uconst 24] [$sp+0]
	.loc	1 185 14                        @ ../../../../Library/StdDriver/src/npu/ethosu_device_u55_u65.c:185:14
	ldr	r1, [r4]
.Ltmp84:
	.loc	1 180 5                         @ ../../../../Library/StdDriver/src/npu/ethosu_device_u55_u65.c:180:5
	cmp	r7, #2
.Ltmp85:
	.loc	1 185 36                        @ ../../../../Library/StdDriver/src/npu/ethosu_device_u55_u65.c:185:36
	str.w	r0, [r1, #136]
.Ltmp86:
	@DEBUG_VALUE: i <- 2
	.loc	1 180 5                         @ ../../../../Library/StdDriver/src/npu/ethosu_device_u55_u65.c:180:5
	beq	.LBB5_19
.Ltmp87:
@ %bb.7:
	@DEBUG_VALUE: i <- 2
	@DEBUG_VALUE: addr <- [DW_OP_LLVM_fragment 0 32] $r0
	@DEBUG_VALUE: ethosu_dev_run_command_stream:base_addr <- $r5
	@DEBUG_VALUE: ethosu_dev_run_command_stream:dev <- $r4
	@DEBUG_VALUE: ethosu_dev_run_command_stream:cms_length <- $r6
	@DEBUG_VALUE: ethosu_dev_run_command_stream:cmd_stream_ptr <- [DW_OP_LLVM_entry_value 1] $r1
	@DEBUG_VALUE: ethosu_dev_run_command_stream:num_base_addr <- [DW_OP_plus_uconst 24] [$sp+0]
	@DEBUG_VALUE: i <- 2
	.loc	1 182 46                        @ ../../../../Library/StdDriver/src/npu/ethosu_device_u55_u65.c:182:46
	ldrd	r0, r1, [r5, #16]
.Ltmp88:
	.loc	1 182 25 is_stmt 0              @ ../../../../Library/StdDriver/src/npu/ethosu_device_u55_u65.c:182:25
	movs	r2, #2
	bl	ethosu_address_remap
.Ltmp89:
	@DEBUG_VALUE: addr <- [DW_OP_LLVM_fragment 32 32] $r1
	.loc	1 183 9 is_stmt 1               @ ../../../../Library/StdDriver/src/npu/ethosu_device_u55_u65.c:183:9
	cmp	r1, #0
.Ltmp90:
	@DEBUG_VALUE: addr <- [DW_OP_LLVM_fragment 0 32] $r0
	bne	.LBB5_20
.Ltmp91:
@ %bb.8:
	@DEBUG_VALUE: i <- 2
	@DEBUG_VALUE: addr <- [DW_OP_LLVM_fragment 0 32] $r0
	@DEBUG_VALUE: addr <- [DW_OP_LLVM_fragment 32 32] $r1
	@DEBUG_VALUE: ethosu_dev_run_command_stream:base_addr <- $r5
	@DEBUG_VALUE: ethosu_dev_run_command_stream:dev <- $r4
	@DEBUG_VALUE: ethosu_dev_run_command_stream:cms_length <- $r6
	@DEBUG_VALUE: ethosu_dev_run_command_stream:cmd_stream_ptr <- [DW_OP_LLVM_entry_value 1] $r1
	@DEBUG_VALUE: ethosu_dev_run_command_stream:num_base_addr <- [DW_OP_plus_uconst 24] [$sp+0]
	.loc	1 185 14                        @ ../../../../Library/StdDriver/src/npu/ethosu_device_u55_u65.c:185:14
	ldr	r1, [r4]
.Ltmp92:
	.loc	1 180 5                         @ ../../../../Library/StdDriver/src/npu/ethosu_device_u55_u65.c:180:5
	cmp	r7, #3
.Ltmp93:
	.loc	1 185 36                        @ ../../../../Library/StdDriver/src/npu/ethosu_device_u55_u65.c:185:36
	str.w	r0, [r1, #144]
.Ltmp94:
	@DEBUG_VALUE: i <- 3
	.loc	1 180 5                         @ ../../../../Library/StdDriver/src/npu/ethosu_device_u55_u65.c:180:5
	beq	.LBB5_19
.Ltmp95:
@ %bb.9:
	@DEBUG_VALUE: i <- 3
	@DEBUG_VALUE: addr <- [DW_OP_LLVM_fragment 0 32] $r0
	@DEBUG_VALUE: ethosu_dev_run_command_stream:base_addr <- $r5
	@DEBUG_VALUE: ethosu_dev_run_command_stream:dev <- $r4
	@DEBUG_VALUE: ethosu_dev_run_command_stream:cms_length <- $r6
	@DEBUG_VALUE: ethosu_dev_run_command_stream:cmd_stream_ptr <- [DW_OP_LLVM_entry_value 1] $r1
	@DEBUG_VALUE: ethosu_dev_run_command_stream:num_base_addr <- [DW_OP_plus_uconst 24] [$sp+0]
	@DEBUG_VALUE: i <- 3
	.loc	1 182 46                        @ ../../../../Library/StdDriver/src/npu/ethosu_device_u55_u65.c:182:46
	ldrd	r0, r1, [r5, #24]
.Ltmp96:
	.loc	1 182 25 is_stmt 0              @ ../../../../Library/StdDriver/src/npu/ethosu_device_u55_u65.c:182:25
	movs	r2, #3
	bl	ethosu_address_remap
.Ltmp97:
	@DEBUG_VALUE: addr <- [DW_OP_LLVM_fragment 32 32] $r1
	@DEBUG_VALUE: addr <- [DW_OP_LLVM_fragment 0 32] $r0
	.loc	1 183 9 is_stmt 1               @ ../../../../Library/StdDriver/src/npu/ethosu_device_u55_u65.c:183:9
	cbnz	r1, .LBB5_20
.Ltmp98:
@ %bb.10:
	@DEBUG_VALUE: i <- 3
	@DEBUG_VALUE: addr <- [DW_OP_LLVM_fragment 0 32] $r0
	@DEBUG_VALUE: addr <- [DW_OP_LLVM_fragment 32 32] $r1
	@DEBUG_VALUE: ethosu_dev_run_command_stream:base_addr <- $r5
	@DEBUG_VALUE: ethosu_dev_run_command_stream:dev <- $r4
	@DEBUG_VALUE: ethosu_dev_run_command_stream:cms_length <- $r6
	@DEBUG_VALUE: ethosu_dev_run_command_stream:cmd_stream_ptr <- [DW_OP_LLVM_entry_value 1] $r1
	@DEBUG_VALUE: ethosu_dev_run_command_stream:num_base_addr <- [DW_OP_plus_uconst 24] [$sp+0]
	.loc	1 185 14                        @ ../../../../Library/StdDriver/src/npu/ethosu_device_u55_u65.c:185:14
	ldr	r1, [r4]
.Ltmp99:
	.loc	1 180 5                         @ ../../../../Library/StdDriver/src/npu/ethosu_device_u55_u65.c:180:5
	cmp	r7, #4
.Ltmp100:
	.loc	1 185 36                        @ ../../../../Library/StdDriver/src/npu/ethosu_device_u55_u65.c:185:36
	str.w	r0, [r1, #152]
.Ltmp101:
	@DEBUG_VALUE: i <- 4
	.loc	1 180 5                         @ ../../../../Library/StdDriver/src/npu/ethosu_device_u55_u65.c:180:5
	beq	.LBB5_19
.Ltmp102:
@ %bb.11:
	@DEBUG_VALUE: i <- 4
	@DEBUG_VALUE: addr <- [DW_OP_LLVM_fragment 0 32] $r0
	@DEBUG_VALUE: ethosu_dev_run_command_stream:base_addr <- $r5
	@DEBUG_VALUE: ethosu_dev_run_command_stream:dev <- $r4
	@DEBUG_VALUE: ethosu_dev_run_command_stream:cms_length <- $r6
	@DEBUG_VALUE: ethosu_dev_run_command_stream:cmd_stream_ptr <- [DW_OP_LLVM_entry_value 1] $r1
	@DEBUG_VALUE: ethosu_dev_run_command_stream:num_base_addr <- [DW_OP_plus_uconst 24] [$sp+0]
	@DEBUG_VALUE: i <- 4
	.loc	1 182 46                        @ ../../../../Library/StdDriver/src/npu/ethosu_device_u55_u65.c:182:46
	ldrd	r0, r1, [r5, #32]
.Ltmp103:
	.loc	1 182 25 is_stmt 0              @ ../../../../Library/StdDriver/src/npu/ethosu_device_u55_u65.c:182:25
	movs	r2, #4
	bl	ethosu_address_remap
.Ltmp104:
	@DEBUG_VALUE: addr <- [DW_OP_LLVM_fragment 32 32] $r1
	@DEBUG_VALUE: addr <- [DW_OP_LLVM_fragment 0 32] $r0
	.loc	1 183 9 is_stmt 1               @ ../../../../Library/StdDriver/src/npu/ethosu_device_u55_u65.c:183:9
	cbnz	r1, .LBB5_20
.Ltmp105:
@ %bb.12:
	@DEBUG_VALUE: i <- 4
	@DEBUG_VALUE: addr <- [DW_OP_LLVM_fragment 0 32] $r0
	@DEBUG_VALUE: addr <- [DW_OP_LLVM_fragment 32 32] $r1
	@DEBUG_VALUE: ethosu_dev_run_command_stream:base_addr <- $r5
	@DEBUG_VALUE: ethosu_dev_run_command_stream:dev <- $r4
	@DEBUG_VALUE: ethosu_dev_run_command_stream:cms_length <- $r6
	@DEBUG_VALUE: ethosu_dev_run_command_stream:cmd_stream_ptr <- [DW_OP_LLVM_entry_value 1] $r1
	@DEBUG_VALUE: ethosu_dev_run_command_stream:num_base_addr <- [DW_OP_plus_uconst 24] [$sp+0]
	.loc	1 185 14                        @ ../../../../Library/StdDriver/src/npu/ethosu_device_u55_u65.c:185:14
	ldr	r1, [r4]
.Ltmp106:
	.loc	1 180 5                         @ ../../../../Library/StdDriver/src/npu/ethosu_device_u55_u65.c:180:5
	cmp	r7, #5
.Ltmp107:
	.loc	1 185 36                        @ ../../../../Library/StdDriver/src/npu/ethosu_device_u55_u65.c:185:36
	str.w	r0, [r1, #160]
.Ltmp108:
	@DEBUG_VALUE: i <- 5
	.loc	1 180 5                         @ ../../../../Library/StdDriver/src/npu/ethosu_device_u55_u65.c:180:5
	beq	.LBB5_19
.Ltmp109:
@ %bb.13:
	@DEBUG_VALUE: i <- 5
	@DEBUG_VALUE: addr <- [DW_OP_LLVM_fragment 0 32] $r0
	@DEBUG_VALUE: ethosu_dev_run_command_stream:base_addr <- $r5
	@DEBUG_VALUE: ethosu_dev_run_command_stream:dev <- $r4
	@DEBUG_VALUE: ethosu_dev_run_command_stream:cms_length <- $r6
	@DEBUG_VALUE: ethosu_dev_run_command_stream:cmd_stream_ptr <- [DW_OP_LLVM_entry_value 1] $r1
	@DEBUG_VALUE: ethosu_dev_run_command_stream:num_base_addr <- [DW_OP_plus_uconst 24] [$sp+0]
	@DEBUG_VALUE: i <- 5
	.loc	1 182 46                        @ ../../../../Library/StdDriver/src/npu/ethosu_device_u55_u65.c:182:46
	ldrd	r0, r1, [r5, #40]
.Ltmp110:
	.loc	1 182 25 is_stmt 0              @ ../../../../Library/StdDriver/src/npu/ethosu_device_u55_u65.c:182:25
	movs	r2, #5
	bl	ethosu_address_remap
.Ltmp111:
	@DEBUG_VALUE: addr <- [DW_OP_LLVM_fragment 32 32] $r1
	@DEBUG_VALUE: addr <- [DW_OP_LLVM_fragment 0 32] $r0
	.loc	1 183 9 is_stmt 1               @ ../../../../Library/StdDriver/src/npu/ethosu_device_u55_u65.c:183:9
	cbnz	r1, .LBB5_20
.Ltmp112:
@ %bb.14:
	@DEBUG_VALUE: i <- 5
	@DEBUG_VALUE: addr <- [DW_OP_LLVM_fragment 0 32] $r0
	@DEBUG_VALUE: addr <- [DW_OP_LLVM_fragment 32 32] $r1
	@DEBUG_VALUE: ethosu_dev_run_command_stream:base_addr <- $r5
	@DEBUG_VALUE: ethosu_dev_run_command_stream:dev <- $r4
	@DEBUG_VALUE: ethosu_dev_run_command_stream:cms_length <- $r6
	@DEBUG_VALUE: ethosu_dev_run_command_stream:cmd_stream_ptr <- [DW_OP_LLVM_entry_value 1] $r1
	@DEBUG_VALUE: ethosu_dev_run_command_stream:num_base_addr <- [DW_OP_plus_uconst 24] [$sp+0]
	.loc	1 185 14                        @ ../../../../Library/StdDriver/src/npu/ethosu_device_u55_u65.c:185:14
	ldr	r1, [r4]
.Ltmp113:
	.loc	1 180 5                         @ ../../../../Library/StdDriver/src/npu/ethosu_device_u55_u65.c:180:5
	cmp	r7, #6
.Ltmp114:
	.loc	1 185 36                        @ ../../../../Library/StdDriver/src/npu/ethosu_device_u55_u65.c:185:36
	str.w	r0, [r1, #168]
.Ltmp115:
	@DEBUG_VALUE: i <- 6
	.loc	1 180 5                         @ ../../../../Library/StdDriver/src/npu/ethosu_device_u55_u65.c:180:5
	beq	.LBB5_19
.Ltmp116:
@ %bb.15:
	@DEBUG_VALUE: i <- 6
	@DEBUG_VALUE: addr <- [DW_OP_LLVM_fragment 0 32] $r0
	@DEBUG_VALUE: ethosu_dev_run_command_stream:base_addr <- $r5
	@DEBUG_VALUE: ethosu_dev_run_command_stream:dev <- $r4
	@DEBUG_VALUE: ethosu_dev_run_command_stream:cms_length <- $r6
	@DEBUG_VALUE: ethosu_dev_run_command_stream:cmd_stream_ptr <- [DW_OP_LLVM_entry_value 1] $r1
	@DEBUG_VALUE: ethosu_dev_run_command_stream:num_base_addr <- [DW_OP_plus_uconst 24] [$sp+0]
	@DEBUG_VALUE: i <- 6
	.loc	1 182 46                        @ ../../../../Library/StdDriver/src/npu/ethosu_device_u55_u65.c:182:46
	ldrd	r0, r1, [r5, #48]
.Ltmp117:
	.loc	1 182 25 is_stmt 0              @ ../../../../Library/StdDriver/src/npu/ethosu_device_u55_u65.c:182:25
	movs	r2, #6
	bl	ethosu_address_remap
.Ltmp118:
	@DEBUG_VALUE: addr <- [DW_OP_LLVM_fragment 32 32] $r1
	@DEBUG_VALUE: addr <- [DW_OP_LLVM_fragment 0 32] $r0
	.loc	1 183 9 is_stmt 1               @ ../../../../Library/StdDriver/src/npu/ethosu_device_u55_u65.c:183:9
	cbnz	r1, .LBB5_20
.Ltmp119:
@ %bb.16:
	@DEBUG_VALUE: i <- 6
	@DEBUG_VALUE: addr <- [DW_OP_LLVM_fragment 0 32] $r0
	@DEBUG_VALUE: addr <- [DW_OP_LLVM_fragment 32 32] $r1
	@DEBUG_VALUE: ethosu_dev_run_command_stream:base_addr <- $r5
	@DEBUG_VALUE: ethosu_dev_run_command_stream:dev <- $r4
	@DEBUG_VALUE: ethosu_dev_run_command_stream:cms_length <- $r6
	@DEBUG_VALUE: ethosu_dev_run_command_stream:cmd_stream_ptr <- [DW_OP_LLVM_entry_value 1] $r1
	@DEBUG_VALUE: ethosu_dev_run_command_stream:num_base_addr <- [DW_OP_plus_uconst 24] [$sp+0]
	.loc	1 185 14                        @ ../../../../Library/StdDriver/src/npu/ethosu_device_u55_u65.c:185:14
	ldr	r1, [r4]
.Ltmp120:
	.loc	1 180 5                         @ ../../../../Library/StdDriver/src/npu/ethosu_device_u55_u65.c:180:5
	cmp	r7, #7
.Ltmp121:
	.loc	1 185 36                        @ ../../../../Library/StdDriver/src/npu/ethosu_device_u55_u65.c:185:36
	str.w	r0, [r1, #176]
.Ltmp122:
	@DEBUG_VALUE: i <- 7
	.loc	1 180 5                         @ ../../../../Library/StdDriver/src/npu/ethosu_device_u55_u65.c:180:5
	beq	.LBB5_19
.Ltmp123:
@ %bb.17:
	@DEBUG_VALUE: i <- 7
	@DEBUG_VALUE: addr <- [DW_OP_LLVM_fragment 0 32] $r0
	@DEBUG_VALUE: ethosu_dev_run_command_stream:base_addr <- $r5
	@DEBUG_VALUE: ethosu_dev_run_command_stream:dev <- $r4
	@DEBUG_VALUE: ethosu_dev_run_command_stream:cms_length <- $r6
	@DEBUG_VALUE: ethosu_dev_run_command_stream:cmd_stream_ptr <- [DW_OP_LLVM_entry_value 1] $r1
	@DEBUG_VALUE: ethosu_dev_run_command_stream:num_base_addr <- [DW_OP_plus_uconst 24] [$sp+0]
	@DEBUG_VALUE: i <- 7
	.loc	1 182 46                        @ ../../../../Library/StdDriver/src/npu/ethosu_device_u55_u65.c:182:46
	ldrd	r0, r1, [r5, #56]
.Ltmp124:
	.loc	1 182 25 is_stmt 0              @ ../../../../Library/StdDriver/src/npu/ethosu_device_u55_u65.c:182:25
	movs	r2, #7
	bl	ethosu_address_remap
.Ltmp125:
	@DEBUG_VALUE: addr <- [DW_OP_LLVM_fragment 32 32] $r1
	@DEBUG_VALUE: addr <- [DW_OP_LLVM_fragment 0 32] $r0
	.loc	1 183 9 is_stmt 1               @ ../../../../Library/StdDriver/src/npu/ethosu_device_u55_u65.c:183:9
	cbnz	r1, .LBB5_20
.Ltmp126:
@ %bb.18:
	@DEBUG_VALUE: i <- 7
	@DEBUG_VALUE: addr <- [DW_OP_LLVM_fragment 0 32] $r0
	@DEBUG_VALUE: addr <- [DW_OP_LLVM_fragment 32 32] $r1
	@DEBUG_VALUE: ethosu_dev_run_command_stream:base_addr <- $r5
	@DEBUG_VALUE: ethosu_dev_run_command_stream:dev <- $r4
	@DEBUG_VALUE: ethosu_dev_run_command_stream:cms_length <- $r6
	@DEBUG_VALUE: ethosu_dev_run_command_stream:cmd_stream_ptr <- [DW_OP_LLVM_entry_value 1] $r1
	@DEBUG_VALUE: ethosu_dev_run_command_stream:num_base_addr <- [DW_OP_plus_uconst 24] [$sp+0]
	.loc	1 185 14                        @ ../../../../Library/StdDriver/src/npu/ethosu_device_u55_u65.c:185:14
	ldr	r1, [r4]
.Ltmp127:
	.loc	1 185 36 is_stmt 0              @ ../../../../Library/StdDriver/src/npu/ethosu_device_u55_u65.c:185:36
	str.w	r0, [r1, #184]
.Ltmp128:
	@DEBUG_VALUE: i <- 8
.LBB5_19:
	@DEBUG_VALUE: ethosu_dev_run_command_stream:base_addr <- $r5
	@DEBUG_VALUE: ethosu_dev_run_command_stream:dev <- $r4
	@DEBUG_VALUE: ethosu_dev_run_command_stream:cms_length <- $r6
	@DEBUG_VALUE: ethosu_dev_run_command_stream:cmd_stream_ptr <- [DW_OP_LLVM_entry_value 1] $r1
	@DEBUG_VALUE: ethosu_dev_run_command_stream:num_base_addr <- [DW_OP_plus_uconst 24] [$sp+0]
	.loc	1 191 44 is_stmt 1              @ ../../../../Library/StdDriver/src/npu/ethosu_device_u55_u65.c:191:44
	ldr	r0, [r4]
	.loc	1 191 53 is_stmt 0              @ ../../../../Library/StdDriver/src/npu/ethosu_device_u55_u65.c:191:53
	ldr	r1, [r0, #8]
	.loc	1 191 37                        @ ../../../../Library/StdDriver/src/npu/ethosu_device_u55_u65.c:191:37
	and	r1, r1, #12
.Ltmp129:
	@DEBUG_VALUE: ethosu_dev_run_command_stream:cmd <- [DW_OP_LLVM_fragment 16 16] 0
	@DEBUG_VALUE: ethosu_dev_run_command_stream:cmd <- [DW_OP_LLVM_convert 32 7, DW_OP_LLVM_convert 16 7, DW_OP_constu 12, DW_OP_and, DW_OP_stack_value, DW_OP_LLVM_fragment 0 16] undef
	.loc	1 192 37 is_stmt 1              @ ../../../../Library/StdDriver/src/npu/ethosu_device_u55_u65.c:192:37
	adds	r1, #1
.Ltmp130:
	@DEBUG_VALUE: ethosu_dev_run_command_stream:cmd <- [DW_OP_LLVM_fragment 0 16] $r1
	.loc	1 194 24                        @ ../../../../Library/StdDriver/src/npu/ethosu_device_u55_u65.c:194:24
	str	r1, [r0, #8]
	.loc	1 196 1 epilogue_begin          @ ../../../../Library/StdDriver/src/npu/ethosu_device_u55_u65.c:196:1
	add	sp, #4
	pop	{r4, r5, r6, r7, pc}
.Ltmp131:
.LBB5_20:
	@DEBUG_VALUE: addr <- [DW_OP_LLVM_fragment 0 32] $r0
	@DEBUG_VALUE: addr <- [DW_OP_LLVM_fragment 32 32] $r1
	@DEBUG_VALUE: ethosu_dev_run_command_stream:base_addr <- $r5
	@DEBUG_VALUE: ethosu_dev_run_command_stream:dev <- $r4
	@DEBUG_VALUE: ethosu_dev_run_command_stream:cms_length <- $r6
	@DEBUG_VALUE: ethosu_dev_run_command_stream:cmd_stream_ptr <- [DW_OP_LLVM_entry_value 1] $r1
	@DEBUG_VALUE: ethosu_dev_run_command_stream:num_base_addr <- [DW_OP_plus_uconst 24] [$sp+0]
	.loc	1 183 9                         @ ../../../../Library/StdDriver/src/npu/ethosu_device_u55_u65.c:183:9
	movw	r1, :lower16:.L.str.4
.Ltmp132:
	adr	r0, .LCPI5_2
.Ltmp133:
	movt	r1, :upper16:.L.str.4
	movs	r2, #183
	bl	__aeabi_assert
.Ltmp134:
.LBB5_21:
	@DEBUG_VALUE: ethosu_dev_run_command_stream:num_base_addr <- [DW_OP_plus_uconst 24] [$sp+0]
	@DEBUG_VALUE: ethosu_dev_run_command_stream:base_addr <- $r3
	@DEBUG_VALUE: ethosu_dev_run_command_stream:cms_length <- $r2
	@DEBUG_VALUE: ethosu_dev_run_command_stream:cmd_stream_ptr <- $r1
	@DEBUG_VALUE: ethosu_dev_run_command_stream:dev <- $r0
	.loc	1 167 5                         @ ../../../../Library/StdDriver/src/npu/ethosu_device_u55_u65.c:167:5
	movw	r1, :lower16:.L.str.4
.Ltmp135:
	@DEBUG_VALUE: ethosu_dev_run_command_stream:cmd_stream_ptr <- [DW_OP_LLVM_entry_value 1] $r1
	adr	r0, .LCPI5_0
.Ltmp136:
	movt	r1, :upper16:.L.str.4
	movs	r2, #167
.Ltmp137:
	@DEBUG_VALUE: ethosu_dev_run_command_stream:cms_length <- [DW_OP_LLVM_entry_value 1] $r2
	bl	__aeabi_assert
.Ltmp138:
	@DEBUG_VALUE: ethosu_dev_run_command_stream:base_addr <- [DW_OP_LLVM_entry_value 1] $r3
.LBB5_22:
	@DEBUG_VALUE: ethosu_dev_run_command_stream:qbase <- [DW_OP_LLVM_fragment 0 32] $r0
	@DEBUG_VALUE: ethosu_dev_run_command_stream:qbase <- [DW_OP_LLVM_fragment 32 32] $r1
	@DEBUG_VALUE: ethosu_dev_run_command_stream:base_addr <- $r5
	@DEBUG_VALUE: ethosu_dev_run_command_stream:dev <- $r4
	@DEBUG_VALUE: ethosu_dev_run_command_stream:cms_length <- $r6
	@DEBUG_VALUE: ethosu_dev_run_command_stream:cmd_stream_ptr <- [DW_OP_LLVM_entry_value 1] $r1
	@DEBUG_VALUE: ethosu_dev_run_command_stream:num_base_addr <- [DW_OP_plus_uconst 24] [$sp+0]
	.loc	1 171 5                         @ ../../../../Library/StdDriver/src/npu/ethosu_device_u55_u65.c:171:5
	movw	r1, :lower16:.L.str.4
.Ltmp139:
	adr	r0, .LCPI5_1
.Ltmp140:
	movt	r1, :upper16:.L.str.4
	movs	r2, #171
	bl	__aeabi_assert
.Ltmp141:
	.p2align	2
@ %bb.23:
	.loc	1 0 5 is_stmt 0                 @ ../../../../Library/StdDriver/src/npu/ethosu_device_u55_u65.c:0:5
.LCPI5_0:
.L.str.3:
	.asciz	"num_base_addr <= NPU_REG_BASEP_ARRLEN\000\000"
.LCPI5_1:
.L.str.5:
	.asciz	"qbase <= ADDRESS_MASK\000\000"
.LCPI5_2:
.L.str.6:
	.asciz	"addr <= ADDRESS_MASK\000\000\000"
.Lfunc_end5:
	.size	ethosu_dev_run_command_stream, .Lfunc_end5-ethosu_dev_run_command_stream
	.cfi_endproc
	.cantunwind
	.fnend
                                        @ -- End function
	.section	.text.ethosu_dev_print_err_status,"ax",%progbits
	.hidden	ethosu_dev_print_err_status     @ -- Begin function ethosu_dev_print_err_status
	.globl	ethosu_dev_print_err_status
	.p2align	2
	.type	ethosu_dev_print_err_status,%function
	.code	16                              @ @ethosu_dev_print_err_status
	.thumb_func
ethosu_dev_print_err_status:
.Lfunc_begin6:
	.loc	1 199 0 is_stmt 1               @ ../../../../Library/StdDriver/src/npu/ethosu_device_u55_u65.c:199:0
	.fnstart
	.cfi_startproc
@ %bb.0:
	@DEBUG_VALUE: ethosu_dev_print_err_status:dev <- $r0
	.save	{r4, r5, r6, lr}
	push	{r4, r5, r6, lr}
	.cfi_def_cfa_offset 16
	.cfi_offset lr, -4
	.cfi_offset r6, -8
	.cfi_offset r5, -12
	.cfi_offset r4, -16
	.pad	#8
	sub	sp, #8
	.cfi_def_cfa_offset 24
	mov	r5, r0
.Ltmp142:
	@DEBUG_VALUE: ethosu_dev_print_err_status:dev <- $r5
	.loc	1 200 5 prologue_end            @ ../../../../Library/StdDriver/src/npu/ethosu_device_u55_u65.c:200:5
	ldr	r0, [r0]
	movw	r6, :lower16:__stderr
	mov.w	r12, #200
	ldr	r2, [r0, #4]
	movw	r0, :lower16:.L.str.1
	movt	r0, :upper16:.L.str.1
	add.w	r4, r0, #39
	movt	r6, :upper16:__stderr
	adr	r1, .LCPI6_0
	mov	r0, r6
	mov	r3, r4
	str.w	r12, [sp]
	bl	__2fprintf
.Ltmp143:
	.loc	1 201 5                         @ ../../../../Library/StdDriver/src/npu/ethosu_device_u55_u65.c:201:5
	ldr	r0, [r5]
	mov.w	r12, #201
	adr	r1, .LCPI6_1
	mov	r3, r4
	ldr	r2, [r0, #24]
	mov	r0, r6
	str.w	r12, [sp]
	bl	__2fprintf
.Ltmp144:
	.loc	1 202 5                         @ ../../../../Library/StdDriver/src/npu/ethosu_device_u55_u65.c:202:5
	ldr	r0, [r5]
	movs	r5, #202
.Ltmp145:
	@DEBUG_VALUE: ethosu_dev_print_err_status:dev <- [DW_OP_LLVM_entry_value 1] $r0
	adr	r1, .LCPI6_2
	mov	r3, r4
	ldr	r0, [r0, #4]
	str	r5, [sp]
	ubfx	r2, r0, #5, #1
	mov	r0, r6
	bl	__2fprintf
.Ltmp146:
	.loc	1 203 1 epilogue_begin          @ ../../../../Library/StdDriver/src/npu/ethosu_device_u55_u65.c:203:1
	add	sp, #8
	pop	{r4, r5, r6, pc}
.Ltmp147:
	.p2align	2
@ %bb.1:
	.loc	1 0 1 is_stmt 0                 @ ../../../../Library/StdDriver/src/npu/ethosu_device_u55_u65.c:0:1
.LCPI6_0:
.L.str.7:
	.asciz	"E: NPU status=0x%08x (%s:%d)\n\000\000"
.LCPI6_1:
.L.str.8:
	.asciz	"E: NPU qread=%u (%s:%d)\n\000\000\000"
.LCPI6_2:
.L.str.9:
	.asciz	"E: NPU cmd_end_reached=%d (%s:%d)\n\000"
.Lfunc_end6:
	.size	ethosu_dev_print_err_status, .Lfunc_end6-ethosu_dev_print_err_status
	.cfi_endproc
	.cantunwind
	.fnend
                                        @ -- End function
	.section	.text.ethosu_dev_handle_interrupt,"ax",%progbits
	.hidden	ethosu_dev_handle_interrupt     @ -- Begin function ethosu_dev_handle_interrupt
	.globl	ethosu_dev_handle_interrupt
	.p2align	2
	.type	ethosu_dev_handle_interrupt,%function
	.code	16                              @ @ethosu_dev_handle_interrupt
	.thumb_func
ethosu_dev_handle_interrupt:
.Lfunc_begin7:
	.fnstart
	.cfi_startproc
@ %bb.0:
	@DEBUG_VALUE: ethosu_dev_handle_interrupt:dev <- $r0
	.loc	1 210 31 prologue_end is_stmt 1 @ ../../../../Library/StdDriver/src/npu/ethosu_device_u55_u65.c:210:31
	ldr	r1, [r0]
	.loc	1 210 40 is_stmt 0              @ ../../../../Library/StdDriver/src/npu/ethosu_device_u55_u65.c:210:40
	ldr	r2, [r1, #8]
	.loc	1 210 24                        @ ../../../../Library/StdDriver/src/npu/ethosu_device_u55_u65.c:210:24
	and	r2, r2, #12
.Ltmp148:
	@DEBUG_VALUE: ethosu_dev_handle_interrupt:cmd <- [DW_OP_LLVM_fragment 16 16] 0
	@DEBUG_VALUE: ethosu_dev_handle_interrupt:cmd <- [DW_OP_LLVM_convert 32 7, DW_OP_LLVM_convert 16 7, DW_OP_constu 12, DW_OP_and, DW_OP_stack_value, DW_OP_LLVM_fragment 0 16] undef
	.loc	1 211 24 is_stmt 1              @ ../../../../Library/StdDriver/src/npu/ethosu_device_u55_u65.c:211:24
	adds	r2, #2
.Ltmp149:
	@DEBUG_VALUE: ethosu_dev_handle_interrupt:cmd <- [DW_OP_LLVM_fragment 0 16] $r2
	.loc	1 212 24                        @ ../../../../Library/StdDriver/src/npu/ethosu_device_u55_u65.c:212:24
	str	r2, [r1, #8]
.Ltmp150:
	.loc	1 215 14                        @ ../../../../Library/StdDriver/src/npu/ethosu_device_u55_u65.c:215:14
	ldr	r0, [r0]
.Ltmp151:
	@DEBUG_VALUE: ethosu_dev_handle_interrupt:dev <- [DW_OP_LLVM_entry_value 1] $r0
	.loc	1 215 26 is_stmt 0              @ ../../../../Library/StdDriver/src/npu/ethosu_device_u55_u65.c:215:26
	ldr	r1, [r0, #4]
	.loc	1 215 37                        @ ../../../../Library/StdDriver/src/npu/ethosu_device_u55_u65.c:215:37
	lsls	r1, r1, #29
	.loc	1 215 57                        @ ../../../../Library/StdDriver/src/npu/ethosu_device_u55_u65.c:215:57
	itt	pl
	ldrpl	r1, [r0, #4]
	.loc	1 215 73                        @ ../../../../Library/StdDriver/src/npu/ethosu_device_u55_u65.c:215:73
	lslspl.w	r1, r1, #27
	bpl	.LBB7_2
.Ltmp152:
.LBB7_1:
	@DEBUG_VALUE: ethosu_dev_handle_interrupt:dev <- [DW_OP_LLVM_entry_value 1] $r0
	@DEBUG_VALUE: ethosu_dev_handle_interrupt:cmd <- [DW_OP_LLVM_fragment 0 16] $r2
	@DEBUG_VALUE: ethosu_dev_handle_interrupt:cmd <- [DW_OP_LLVM_fragment 16 16] 0
	.loc	1 0 73                          @ ../../../../Library/StdDriver/src/npu/ethosu_device_u55_u65.c:0:73
	movs	r0, #0
	.loc	1 222 1 is_stmt 1               @ ../../../../Library/StdDriver/src/npu/ethosu_device_u55_u65.c:222:1
	bx	lr
.Ltmp153:
.LBB7_2:
	@DEBUG_VALUE: ethosu_dev_handle_interrupt:dev <- [DW_OP_LLVM_entry_value 1] $r0
	@DEBUG_VALUE: ethosu_dev_handle_interrupt:cmd <- [DW_OP_LLVM_fragment 0 16] $r2
	@DEBUG_VALUE: ethosu_dev_handle_interrupt:cmd <- [DW_OP_LLVM_fragment 16 16] 0
	.loc	1 215 93                        @ ../../../../Library/StdDriver/src/npu/ethosu_device_u55_u65.c:215:93
	ldr	r1, [r0, #4]
	.loc	1 215 102 is_stmt 0             @ ../../../../Library/StdDriver/src/npu/ethosu_device_u55_u65.c:215:102
	lsls	r1, r1, #24
	.loc	1 216 30 is_stmt 1              @ ../../../../Library/StdDriver/src/npu/ethosu_device_u55_u65.c:216:30
	itt	pl
	ldrpl	r1, [r0, #4]
	.loc	1 216 40 is_stmt 0              @ ../../../../Library/StdDriver/src/npu/ethosu_device_u55_u65.c:216:40
	lslspl.w	r1, r1, #23
	bmi	.LBB7_1
.Ltmp154:
@ %bb.3:
	@DEBUG_VALUE: ethosu_dev_handle_interrupt:dev <- [DW_OP_LLVM_entry_value 1] $r0
	@DEBUG_VALUE: ethosu_dev_handle_interrupt:cmd <- [DW_OP_LLVM_fragment 0 16] $r2
	@DEBUG_VALUE: ethosu_dev_handle_interrupt:cmd <- [DW_OP_LLVM_fragment 16 16] 0
	.loc	1 216 61                        @ ../../../../Library/StdDriver/src/npu/ethosu_device_u55_u65.c:216:61
	ldr	r0, [r0, #4]
	.loc	1 216 44                        @ ../../../../Library/StdDriver/src/npu/ethosu_device_u55_u65.c:216:44
	ubfx	r0, r0, #5, #1
.Ltmp155:
	.loc	1 222 1 is_stmt 1               @ ../../../../Library/StdDriver/src/npu/ethosu_device_u55_u65.c:222:1
	bx	lr
.Ltmp156:
.Lfunc_end7:
	.size	ethosu_dev_handle_interrupt, .Lfunc_end7-ethosu_dev_handle_interrupt
	.cfi_endproc
	.cantunwind
	.fnend
                                        @ -- End function
	.section	.text.ethosu_dev_verify_access_state,"ax",%progbits
	.hidden	ethosu_dev_verify_access_state  @ -- Begin function ethosu_dev_verify_access_state
	.globl	ethosu_dev_verify_access_state
	.p2align	2
	.type	ethosu_dev_verify_access_state,%function
	.code	16                              @ @ethosu_dev_verify_access_state
	.thumb_func
ethosu_dev_verify_access_state:
.Lfunc_begin8:
	.fnstart
	.cfi_startproc
@ %bb.0:
	@DEBUG_VALUE: ethosu_dev_verify_access_state:dev <- $r0
	.loc	1 226 14 prologue_end           @ ../../../../Library/StdDriver/src/npu/ethosu_device_u55_u65.c:226:14
	ldrd	r1, r2, [r0]
	.loc	1 226 24 is_stmt 0              @ ../../../../Library/StdDriver/src/npu/ethosu_device_u55_u65.c:226:24
	ldr	r3, [r1, #36]
	.loc	1 226 39                        @ ../../../../Library/StdDriver/src/npu/ethosu_device_u55_u65.c:226:39
	cmp	r2, #0
	cset	r2, eq
	.loc	1 226 35                        @ ../../../../Library/StdDriver/src/npu/ethosu_device_u55_u65.c:226:35
	tst.w	r3, #2
	cset	r3, eq
	.loc	1 226 104                       @ ../../../../Library/StdDriver/src/npu/ethosu_device_u55_u65.c:226:104
	cmp	r2, r3
	itt	eq
	moveq	r0, #0
.Ltmp157:
	@DEBUG_VALUE: ethosu_dev_verify_access_state:dev <- [DW_OP_LLVM_entry_value 1] $r0
	.loc	1 233 1 is_stmt 1               @ ../../../../Library/StdDriver/src/npu/ethosu_device_u55_u65.c:233:1
	bxeq	lr
.Ltmp158:
.LBB8_1:
	@DEBUG_VALUE: ethosu_dev_verify_access_state:dev <- [DW_OP_LLVM_entry_value 1] $r0
	.loc	1 227 28                        @ ../../../../Library/StdDriver/src/npu/ethosu_device_u55_u65.c:227:28
	ldr	r1, [r1, #36]
	.loc	1 227 48 is_stmt 0              @ ../../../../Library/StdDriver/src/npu/ethosu_device_u55_u65.c:227:48
	ldr	r0, [r0, #8]
	.loc	1 227 43                        @ ../../../../Library/StdDriver/src/npu/ethosu_device_u55_u65.c:227:43
	cmp	r0, #0
	cset	r0, ne
	.loc	1 227 39                        @ ../../../../Library/StdDriver/src/npu/ethosu_device_u55_u65.c:227:39
	tst.w	r1, #1
	cset	r1, eq
	eors	r0, r1
.Ltmp159:
	.loc	1 233 1 is_stmt 1               @ ../../../../Library/StdDriver/src/npu/ethosu_device_u55_u65.c:233:1
	bx	lr
.Ltmp160:
.Lfunc_end8:
	.size	ethosu_dev_verify_access_state, .Lfunc_end8-ethosu_dev_verify_access_state
	.cfi_endproc
	.cantunwind
	.fnend
                                        @ -- End function
	.section	.text.ethosu_dev_get_hw_info,"ax",%progbits
	.hidden	ethosu_dev_get_hw_info          @ -- Begin function ethosu_dev_get_hw_info
	.globl	ethosu_dev_get_hw_info
	.p2align	2
	.type	ethosu_dev_get_hw_info,%function
	.code	16                              @ @ethosu_dev_get_hw_info
	.thumb_func
ethosu_dev_get_hw_info:
.Lfunc_begin9:
	.loc	1 275 0                         @ ../../../../Library/StdDriver/src/npu/ethosu_device_u55_u65.c:275:0
	.fnstart
	.cfi_startproc
@ %bb.0:
	@DEBUG_VALUE: ethosu_dev_get_hw_info:dev <- $r0
	@DEBUG_VALUE: ethosu_dev_get_hw_info:hwinfo <- $r1
	.save	{r4, r5, r6, lr}
	push	{r4, r5, r6, lr}
	.cfi_def_cfa_offset 16
	.cfi_offset lr, -4
	.cfi_offset r6, -8
	.cfi_offset r5, -12
	.cfi_offset r4, -16
.Ltmp161:
	.loc	1 279 21 prologue_end           @ ../../../../Library/StdDriver/src/npu/ethosu_device_u55_u65.c:279:21
	ldr	r0, [r0]
.Ltmp162:
	@DEBUG_VALUE: ethosu_dev_get_hw_info:dev <- [DW_OP_LLVM_entry_value 1] $r0
	.loc	1 279 33 is_stmt 0              @ ../../../../Library/StdDriver/src/npu/ethosu_device_u55_u65.c:279:33
	ldr	r2, [r0, #40]
.Ltmp163:
	@DEBUG_VALUE: ethosu_dev_get_hw_info:cfg <- [DW_OP_constu 16, DW_OP_shr, DW_OP_LLVM_convert 32 7, DW_OP_LLVM_convert 16 7, DW_OP_stack_value, DW_OP_LLVM_fragment 16 16] $r2
	@DEBUG_VALUE: ethosu_dev_get_hw_info:cfg <- [DW_OP_constu 8, DW_OP_shr, DW_OP_LLVM_convert 32 7, DW_OP_LLVM_convert 8 7, DW_OP_stack_value, DW_OP_LLVM_fragment 8 8] $r2
	@DEBUG_VALUE: ethosu_dev_get_hw_info:cfg <- [DW_OP_LLVM_convert 32 7, DW_OP_LLVM_convert 8 7, DW_OP_stack_value, DW_OP_LLVM_fragment 0 8] $r2
	.loc	1 280 29 is_stmt 1              @ ../../../../Library/StdDriver/src/npu/ethosu_device_u55_u65.c:280:29
	ldr	r0, [r0]
.Ltmp164:
	@DEBUG_VALUE: ethosu_dev_get_hw_info:id <- [DW_OP_LLVM_fragment 16 16] undef
	@DEBUG_VALUE: ethosu_dev_get_hw_info:id <- [DW_OP_LLVM_fragment 8 8] undef
	@DEBUG_VALUE: ethosu_dev_get_hw_info:id <- [DW_OP_LLVM_convert 32 7, DW_OP_LLVM_convert 8 7, DW_OP_stack_value, DW_OP_LLVM_fragment 0 8] $r0
	.loc	1 282 42                        @ ../../../../Library/StdDriver/src/npu/ethosu_device_u55_u65.c:282:42
	ubfx	r12, r2, #4, #4
	.loc	1 283 42                        @ ../../../../Library/StdDriver/src/npu/ethosu_device_u55_u65.c:283:42
	ubfx	r3, r2, #27, #1
	.loc	1 289 41                        @ ../../../../Library/StdDriver/src/npu/ethosu_device_u55_u65.c:289:41
	ubfx	r4, r0, #12, #4
	.loc	1 282 36                        @ ../../../../Library/StdDriver/src/npu/ethosu_device_u55_u65.c:282:36
	strd	r12, r3, [r1, #32]
	.loc	1 284 42                        @ ../../../../Library/StdDriver/src/npu/ethosu_device_u55_u65.c:284:42
	and	r12, r2, #15
	.loc	1 287 41                        @ ../../../../Library/StdDriver/src/npu/ethosu_device_u55_u65.c:287:41
	ubfx	r2, r0, #20, #8
.Ltmp165:
	.loc	1 288 41                        @ ../../../../Library/StdDriver/src/npu/ethosu_device_u55_u65.c:288:41
	ubfx	r3, r0, #16, #4
	.loc	1 290 41                        @ ../../../../Library/StdDriver/src/npu/ethosu_device_u55_u65.c:290:41
	ubfx	r5, r0, #8, #4
	.loc	1 291 41                        @ ../../../../Library/StdDriver/src/npu/ethosu_device_u55_u65.c:291:41
	ubfx	r6, r0, #4, #4
	.loc	1 286 41                        @ ../../../../Library/StdDriver/src/npu/ethosu_device_u55_u65.c:286:41
	lsr.w	lr, r0, #28
	.loc	1 292 41                        @ ../../../../Library/StdDriver/src/npu/ethosu_device_u55_u65.c:292:41
	and	r0, r0, #15
.Ltmp166:
	.loc	1 292 36 is_stmt 0              @ ../../../../Library/StdDriver/src/npu/ethosu_device_u55_u65.c:292:36
	strd	r0, r6, [r1]
	.loc	1 290 36 is_stmt 1              @ ../../../../Library/StdDriver/src/npu/ethosu_device_u55_u65.c:290:36
	strd	r5, r4, [r1, #8]
	.loc	1 288 36                        @ ../../../../Library/StdDriver/src/npu/ethosu_device_u55_u65.c:288:36
	strd	r3, r2, [r1, #16]
	.loc	1 286 36                        @ ../../../../Library/StdDriver/src/npu/ethosu_device_u55_u65.c:286:36
	strd	lr, r12, [r1, #24]
	.loc	1 293 1 epilogue_begin          @ ../../../../Library/StdDriver/src/npu/ethosu_device_u55_u65.c:293:1
	pop	{r4, r5, r6, pc}
.Ltmp167:
.Lfunc_end9:
	.size	ethosu_dev_get_hw_info, .Lfunc_end9-ethosu_dev_get_hw_info
	.cfi_endproc
	.cantunwind
	.fnend
                                        @ -- End function
	.section	.text.ethosu_dev_set_clock_and_power,"ax",%progbits
	.hidden	ethosu_dev_set_clock_and_power  @ -- Begin function ethosu_dev_set_clock_and_power
	.globl	ethosu_dev_set_clock_and_power
	.p2align	2
	.type	ethosu_dev_set_clock_and_power,%function
	.code	16                              @ @ethosu_dev_set_clock_and_power
	.thumb_func
ethosu_dev_set_clock_and_power:
.Lfunc_begin10:
	.loc	1 298 0                         @ ../../../../Library/StdDriver/src/npu/ethosu_device_u55_u65.c:298:0
	.fnstart
	.cfi_startproc
@ %bb.0:
	@DEBUG_VALUE: ethosu_dev_set_clock_and_power:dev <- $r0
	@DEBUG_VALUE: ethosu_dev_set_clock_and_power:clock_q <- $r1
	@DEBUG_VALUE: ethosu_dev_set_clock_and_power:power_q <- $r2
	.save	{r7, lr}
	push	{r7, lr}
	.cfi_def_cfa_offset 8
	.cfi_offset lr, -4
	.cfi_offset r7, -8
.Ltmp168:
	@DEBUG_VALUE: ethosu_dev_set_clock_and_power:cmd <- [DW_OP_LLVM_fragment 0 16] 0
	@DEBUG_VALUE: ethosu_dev_set_clock_and_power:cmd <- [DW_OP_LLVM_fragment 16 16] 0
	.loc	1 300 29 prologue_end           @ ../../../../Library/StdDriver/src/npu/ethosu_device_u55_u65.c:300:29
	ldr.w	r12, [r0]
	cmp	r2, #1
	.loc	1 300 38 is_stmt 0              @ ../../../../Library/StdDriver/src/npu/ethosu_device_u55_u65.c:300:38
	ldr.w	r0, [r12, #8]
.Ltmp169:
	@DEBUG_VALUE: ethosu_dev_set_clock_and_power:dev <- [DW_OP_LLVM_entry_value 1] $r0
	@DEBUG_VALUE: ethosu_dev_set_clock_and_power:cmd <- [DW_OP_LLVM_fragment 0 16] undef
	.loc	1 0 38                          @ ../../../../Library/StdDriver/src/npu/ethosu_device_u55_u65.c:0:38
	cset	lr, eq
	.loc	1 302 9 is_stmt 1               @ ../../../../Library/StdDriver/src/npu/ethosu_device_u55_u65.c:302:9
	and	r3, r0, #4
	orr.w	r3, r3, lr, lsl #3
	cmp	r2, #2
	it	eq
	andeq	r3, r0, #12
.Ltmp170:
	@DEBUG_VALUE: ethosu_dev_set_clock_and_power:cmd <- [DW_OP_LLVM_fragment 0 16] $r3
	.loc	1 0 9 is_stmt 0                 @ ../../../../Library/StdDriver/src/npu/ethosu_device_u55_u65.c:0:9
	cmp	r1, #1
	cset	r0, eq
	.loc	1 307 9 is_stmt 1               @ ../../../../Library/StdDriver/src/npu/ethosu_device_u55_u65.c:307:9
	and	r2, r3, #8
.Ltmp171:
	@DEBUG_VALUE: ethosu_dev_set_clock_and_power:power_q <- [DW_OP_LLVM_entry_value 1] $r2
	cmp	r1, #2
	it	ne
	orrne.w	r3, r2, r0, lsl #2
.Ltmp172:
	@DEBUG_VALUE: ethosu_dev_set_clock_and_power:cmd <- [DW_OP_LLVM_fragment 0 16] $r3
	.loc	1 315 5                         @ ../../../../Library/StdDriver/src/npu/ethosu_device_u55_u65.c:315:5
	movs	r0, #0
	.loc	1 312 24                        @ ../../../../Library/StdDriver/src/npu/ethosu_device_u55_u65.c:312:24
	str.w	r3, [r12, #8]
	.loc	1 315 5 epilogue_begin          @ ../../../../Library/StdDriver/src/npu/ethosu_device_u55_u65.c:315:5
	pop	{r7, pc}
.Ltmp173:
.Lfunc_end10:
	.size	ethosu_dev_set_clock_and_power, .Lfunc_end10-ethosu_dev_set_clock_and_power
	.cfi_endproc
	.cantunwind
	.fnend
                                        @ -- End function
	.section	.text.ethosu_dev_verify_optimizer_config,"ax",%progbits
	.hidden	ethosu_dev_verify_optimizer_config @ -- Begin function ethosu_dev_verify_optimizer_config
	.globl	ethosu_dev_verify_optimizer_config
	.p2align	2
	.type	ethosu_dev_verify_optimizer_config,%function
	.code	16                              @ @ethosu_dev_verify_optimizer_config
	.thumb_func
ethosu_dev_verify_optimizer_config:
.Lfunc_begin11:
	.loc	1 319 0                         @ ../../../../Library/StdDriver/src/npu/ethosu_device_u55_u65.c:319:0
	.fnstart
	.cfi_startproc
@ %bb.0:
	@DEBUG_VALUE: ethosu_dev_verify_optimizer_config:dev <- $r0
	@DEBUG_VALUE: ethosu_dev_verify_optimizer_config:cfg_in <- [DW_OP_LLVM_convert 32 7, DW_OP_LLVM_convert 8 7, DW_OP_stack_value, DW_OP_LLVM_fragment 0 8] $r1
	@DEBUG_VALUE: ethosu_dev_verify_optimizer_config:cfg_in <- [DW_OP_constu 8, DW_OP_shr, DW_OP_LLVM_convert 32 7, DW_OP_LLVM_convert 8 7, DW_OP_stack_value, DW_OP_LLVM_fragment 8 8] $r1
	@DEBUG_VALUE: ethosu_dev_verify_optimizer_config:cfg_in <- [DW_OP_constu 16, DW_OP_shr, DW_OP_LLVM_convert 32 7, DW_OP_LLVM_convert 16 7, DW_OP_stack_value, DW_OP_LLVM_fragment 16 16] $r1
	@DEBUG_VALUE: ethosu_dev_verify_optimizer_config:id_in <- [DW_OP_LLVM_convert 32 7, DW_OP_LLVM_convert 16 7, DW_OP_stack_value, DW_OP_LLVM_fragment 0 16] $r2
	.save	{r4, r5, r6, r7, r8, r9, lr}
	push.w	{r4, r5, r6, r7, r8, r9, lr}
	.cfi_def_cfa_offset 28
	.cfi_offset lr, -4
	.cfi_offset r9, -8
	.cfi_offset r8, -12
	.cfi_offset r7, -16
	.cfi_offset r6, -20
	.cfi_offset r5, -24
	.cfi_offset r4, -28
	.pad	#28
	sub	sp, #28
	.cfi_def_cfa_offset 56
.Ltmp174:
	.loc	1 326 24 prologue_end           @ ../../../../Library/StdDriver/src/npu/ethosu_device_u55_u65.c:326:24
	ldr	r0, [r0]
.Ltmp175:
	@DEBUG_VALUE: ethosu_dev_verify_optimizer_config:dev <- [DW_OP_LLVM_entry_value 1] $r0
	@DEBUG_VALUE: ethosu_dev_verify_optimizer_config:cfg_in <- [DW_OP_constu 16, DW_OP_shr, DW_OP_LLVM_convert 32 7, DW_OP_LLVM_convert 16 7, DW_OP_stack_value, DW_OP_LLVM_fragment 16 16] $r1
	@DEBUG_VALUE: ethosu_dev_verify_optimizer_config:cfg_in <- [DW_OP_constu 8, DW_OP_shr, DW_OP_LLVM_convert 32 7, DW_OP_LLVM_convert 8 7, DW_OP_stack_value, DW_OP_LLVM_fragment 8 8] $r1
	@DEBUG_VALUE: ethosu_dev_verify_optimizer_config:cfg_in <- [DW_OP_LLVM_convert 32 7, DW_OP_LLVM_convert 8 7, DW_OP_stack_value, DW_OP_LLVM_fragment 0 8] $r1
	.loc	1 0 24 is_stmt 0                @ ../../../../Library/StdDriver/src/npu/ethosu_device_u55_u65.c:0:24
	movw	r8, :lower16:.L.str.1
	mov	r9, r2
.Ltmp176:
	@DEBUG_VALUE: ethosu_dev_verify_optimizer_config:id_in <- [DW_OP_LLVM_convert 32 7, DW_OP_LLVM_convert 16 7, DW_OP_stack_value, DW_OP_LLVM_fragment 0 16] $r9
	@DEBUG_VALUE: ethosu_dev_verify_optimizer_config:ret <- 1
	@DEBUG_VALUE: ethosu_dev_verify_optimizer_config:id_in <- [DW_OP_LLVM_convert 32 7, DW_OP_LLVM_convert 16 7, DW_OP_stack_value, DW_OP_LLVM_fragment 16 16] undef
	@DEBUG_VALUE: ethosu_dev_verify_optimizer_config:id_in <- [DW_OP_LLVM_convert 32 7, DW_OP_LLVM_convert 16 7, DW_OP_stack_value, DW_OP_LLVM_fragment 0 16] $r9
	movt	r8, :upper16:.L.str.1
	.loc	1 326 36                        @ ../../../../Library/StdDriver/src/npu/ethosu_device_u55_u65.c:326:36
	ldr	r4, [r0, #40]
.Ltmp177:
	@DEBUG_VALUE: ethosu_dev_verify_optimizer_config:hw_cfg <- [DW_OP_constu 16, DW_OP_shr, DW_OP_LLVM_convert 32 7, DW_OP_LLVM_convert 16 7, DW_OP_stack_value, DW_OP_LLVM_fragment 16 16] $r4
	@DEBUG_VALUE: ethosu_dev_verify_optimizer_config:hw_cfg <- [DW_OP_constu 8, DW_OP_shr, DW_OP_LLVM_convert 32 7, DW_OP_LLVM_convert 8 7, DW_OP_stack_value, DW_OP_LLVM_fragment 8 8] $r4
	@DEBUG_VALUE: ethosu_dev_verify_optimizer_config:hw_cfg <- [DW_OP_LLVM_convert 32 7, DW_OP_LLVM_convert 8 7, DW_OP_stack_value, DW_OP_LLVM_fragment 0 8] $r4
	.loc	1 327 32 is_stmt 1              @ ../../../../Library/StdDriver/src/npu/ethosu_device_u55_u65.c:327:32
	ldr	r7, [r0]
.Ltmp178:
	@DEBUG_VALUE: ethosu_dev_verify_optimizer_config:hw_id <- [DW_OP_LLVM_convert 32 7, DW_OP_LLVM_convert 16 7, DW_OP_stack_value, DW_OP_LLVM_fragment 0 16] $r7
	@DEBUG_VALUE: ethosu_dev_verify_optimizer_config:hw_id <- [DW_OP_LLVM_convert 32 7, DW_OP_LLVM_convert 16 7, DW_OP_stack_value, DW_OP_LLVM_fragment 16 16] undef
	.loc	1 347 9                         @ ../../../../Library/StdDriver/src/npu/ethosu_device_u55_u65.c:347:9
	cmp	r4, r1
	bne	.LBB11_2
.Ltmp179:
@ %bb.1:
	@DEBUG_VALUE: ethosu_dev_verify_optimizer_config:hw_id <- [DW_OP_LLVM_convert 32 7, DW_OP_LLVM_convert 16 7, DW_OP_stack_value, DW_OP_LLVM_fragment 0 16] $r7
	@DEBUG_VALUE: ethosu_dev_verify_optimizer_config:hw_cfg <- [DW_OP_LLVM_convert 32 7, DW_OP_LLVM_convert 8 7, DW_OP_stack_value, DW_OP_LLVM_fragment 0 8] $r4
	@DEBUG_VALUE: ethosu_dev_verify_optimizer_config:hw_cfg <- [DW_OP_constu 8, DW_OP_shr, DW_OP_LLVM_convert 32 7, DW_OP_LLVM_convert 8 7, DW_OP_stack_value, DW_OP_LLVM_fragment 8 8] $r4
	@DEBUG_VALUE: ethosu_dev_verify_optimizer_config:hw_cfg <- [DW_OP_constu 16, DW_OP_shr, DW_OP_LLVM_convert 32 7, DW_OP_LLVM_convert 16 7, DW_OP_stack_value, DW_OP_LLVM_fragment 16 16] $r4
	@DEBUG_VALUE: ethosu_dev_verify_optimizer_config:ret <- 1
	@DEBUG_VALUE: ethosu_dev_verify_optimizer_config:id_in <- [DW_OP_LLVM_convert 32 7, DW_OP_LLVM_convert 16 7, DW_OP_stack_value, DW_OP_LLVM_fragment 0 16] $r9
	@DEBUG_VALUE: ethosu_dev_verify_optimizer_config:dev <- [DW_OP_LLVM_entry_value 1] $r0
	@DEBUG_VALUE: ethosu_dev_verify_optimizer_config:cfg_in <- [DW_OP_constu 16, DW_OP_shr, DW_OP_LLVM_convert 32 7, DW_OP_LLVM_convert 16 7, DW_OP_stack_value, DW_OP_LLVM_fragment 16 16] $r1
	@DEBUG_VALUE: ethosu_dev_verify_optimizer_config:cfg_in <- [DW_OP_constu 8, DW_OP_shr, DW_OP_LLVM_convert 32 7, DW_OP_LLVM_convert 8 7, DW_OP_stack_value, DW_OP_LLVM_fragment 8 8] $r1
	@DEBUG_VALUE: ethosu_dev_verify_optimizer_config:cfg_in <- [DW_OP_LLVM_convert 32 7, DW_OP_LLVM_convert 8 7, DW_OP_stack_value, DW_OP_LLVM_fragment 0 8] $r1
	.loc	1 0 9 is_stmt 0                 @ ../../../../Library/StdDriver/src/npu/ethosu_device_u55_u65.c:0:9
	movs	r6, #1
	b	.LBB11_11
.Ltmp180:
.LBB11_2:
	@DEBUG_VALUE: ethosu_dev_verify_optimizer_config:hw_id <- [DW_OP_LLVM_convert 32 7, DW_OP_LLVM_convert 16 7, DW_OP_stack_value, DW_OP_LLVM_fragment 0 16] $r7
	@DEBUG_VALUE: ethosu_dev_verify_optimizer_config:hw_cfg <- [DW_OP_LLVM_convert 32 7, DW_OP_LLVM_convert 8 7, DW_OP_stack_value, DW_OP_LLVM_fragment 0 8] $r4
	@DEBUG_VALUE: ethosu_dev_verify_optimizer_config:hw_cfg <- [DW_OP_constu 8, DW_OP_shr, DW_OP_LLVM_convert 32 7, DW_OP_LLVM_convert 8 7, DW_OP_stack_value, DW_OP_LLVM_fragment 8 8] $r4
	@DEBUG_VALUE: ethosu_dev_verify_optimizer_config:hw_cfg <- [DW_OP_constu 16, DW_OP_shr, DW_OP_LLVM_convert 32 7, DW_OP_LLVM_convert 16 7, DW_OP_stack_value, DW_OP_LLVM_fragment 16 16] $r4
	@DEBUG_VALUE: ethosu_dev_verify_optimizer_config:ret <- 1
	@DEBUG_VALUE: ethosu_dev_verify_optimizer_config:id_in <- [DW_OP_LLVM_convert 32 7, DW_OP_LLVM_convert 16 7, DW_OP_stack_value, DW_OP_LLVM_fragment 0 16] $r9
	@DEBUG_VALUE: ethosu_dev_verify_optimizer_config:dev <- [DW_OP_LLVM_entry_value 1] $r0
	@DEBUG_VALUE: ethosu_dev_verify_optimizer_config:cfg_in <- [DW_OP_constu 16, DW_OP_shr, DW_OP_LLVM_convert 32 7, DW_OP_LLVM_convert 16 7, DW_OP_stack_value, DW_OP_LLVM_fragment 16 16] $r1
	@DEBUG_VALUE: ethosu_dev_verify_optimizer_config:cfg_in <- [DW_OP_constu 8, DW_OP_shr, DW_OP_LLVM_convert 32 7, DW_OP_LLVM_convert 8 7, DW_OP_stack_value, DW_OP_LLVM_fragment 8 8] $r1
	@DEBUG_VALUE: ethosu_dev_verify_optimizer_config:cfg_in <- [DW_OP_LLVM_convert 32 7, DW_OP_LLVM_convert 8 7, DW_OP_stack_value, DW_OP_LLVM_fragment 0 8] $r1
	.loc	1 349 20 is_stmt 1              @ ../../../../Library/StdDriver/src/npu/ethosu_device_u55_u65.c:349:20
	lsrs	r2, r4, #28
	mov	r5, r1
.Ltmp181:
	@DEBUG_VALUE: ethosu_dev_verify_optimizer_config:cfg_in <- [DW_OP_LLVM_convert 32 7, DW_OP_LLVM_convert 8 7, DW_OP_stack_value, DW_OP_LLVM_fragment 0 8] $r5
	@DEBUG_VALUE: ethosu_dev_verify_optimizer_config:cfg_in <- [DW_OP_constu 8, DW_OP_shr, DW_OP_LLVM_convert 32 7, DW_OP_LLVM_convert 8 7, DW_OP_stack_value, DW_OP_LLVM_fragment 8 8] $r5
	@DEBUG_VALUE: ethosu_dev_verify_optimizer_config:cfg_in <- [DW_OP_constu 16, DW_OP_shr, DW_OP_LLVM_convert 32 7, DW_OP_LLVM_convert 16 7, DW_OP_stack_value, DW_OP_LLVM_fragment 16 16] $r5
	.loc	1 349 40 is_stmt 0              @ ../../../../Library/StdDriver/src/npu/ethosu_device_u55_u65.c:349:40
	lsrs	r3, r1, #28
	.loc	1 349 28                        @ ../../../../Library/StdDriver/src/npu/ethosu_device_u55_u65.c:349:28
	cmp	r2, r3
	cset	r6, eq
.Ltmp182:
	.loc	1 349 13                        @ ../../../../Library/StdDriver/src/npu/ethosu_device_u55_u65.c:349:13
	beq	.LBB11_4
.Ltmp183:
@ %bb.3:
	@DEBUG_VALUE: ethosu_dev_verify_optimizer_config:cfg_in <- [DW_OP_constu 16, DW_OP_shr, DW_OP_LLVM_convert 32 7, DW_OP_LLVM_convert 16 7, DW_OP_stack_value, DW_OP_LLVM_fragment 16 16] $r5
	@DEBUG_VALUE: ethosu_dev_verify_optimizer_config:cfg_in <- [DW_OP_constu 8, DW_OP_shr, DW_OP_LLVM_convert 32 7, DW_OP_LLVM_convert 8 7, DW_OP_stack_value, DW_OP_LLVM_fragment 8 8] $r5
	@DEBUG_VALUE: ethosu_dev_verify_optimizer_config:cfg_in <- [DW_OP_LLVM_convert 32 7, DW_OP_LLVM_convert 8 7, DW_OP_stack_value, DW_OP_LLVM_fragment 0 8] $r5
	@DEBUG_VALUE: ethosu_dev_verify_optimizer_config:hw_id <- [DW_OP_LLVM_convert 32 7, DW_OP_LLVM_convert 16 7, DW_OP_stack_value, DW_OP_LLVM_fragment 0 16] $r7
	@DEBUG_VALUE: ethosu_dev_verify_optimizer_config:hw_cfg <- [DW_OP_LLVM_convert 32 7, DW_OP_LLVM_convert 8 7, DW_OP_stack_value, DW_OP_LLVM_fragment 0 8] $r4
	@DEBUG_VALUE: ethosu_dev_verify_optimizer_config:hw_cfg <- [DW_OP_constu 8, DW_OP_shr, DW_OP_LLVM_convert 32 7, DW_OP_LLVM_convert 8 7, DW_OP_stack_value, DW_OP_LLVM_fragment 8 8] $r4
	@DEBUG_VALUE: ethosu_dev_verify_optimizer_config:hw_cfg <- [DW_OP_constu 16, DW_OP_shr, DW_OP_LLVM_convert 32 7, DW_OP_LLVM_convert 16 7, DW_OP_stack_value, DW_OP_LLVM_fragment 16 16] $r4
	@DEBUG_VALUE: ethosu_dev_verify_optimizer_config:ret <- 1
	@DEBUG_VALUE: ethosu_dev_verify_optimizer_config:id_in <- [DW_OP_LLVM_convert 32 7, DW_OP_LLVM_convert 16 7, DW_OP_stack_value, DW_OP_LLVM_fragment 0 16] $r9
	@DEBUG_VALUE: ethosu_dev_verify_optimizer_config:dev <- [DW_OP_LLVM_entry_value 1] $r0
	.loc	1 351 13 is_stmt 1              @ ../../../../Library/StdDriver/src/npu/ethosu_device_u55_u65.c:351:13
	movw	r0, :lower16:__stderr
	movw	r1, :lower16:.L.str.12
	movw	r12, #351
	add.w	lr, r8, #39
	movt	r0, :upper16:__stderr
	movt	r1, :upper16:.L.str.12
	strd	lr, r12, [sp]
	bl	__2fprintf
.Ltmp184:
	@DEBUG_VALUE: ethosu_dev_verify_optimizer_config:ret <- 0
.LBB11_4:
	@DEBUG_VALUE: ethosu_dev_verify_optimizer_config:cfg_in <- [DW_OP_constu 16, DW_OP_shr, DW_OP_LLVM_convert 32 7, DW_OP_LLVM_convert 16 7, DW_OP_stack_value, DW_OP_LLVM_fragment 16 16] $r5
	@DEBUG_VALUE: ethosu_dev_verify_optimizer_config:cfg_in <- [DW_OP_constu 8, DW_OP_shr, DW_OP_LLVM_convert 32 7, DW_OP_LLVM_convert 8 7, DW_OP_stack_value, DW_OP_LLVM_fragment 8 8] $r5
	@DEBUG_VALUE: ethosu_dev_verify_optimizer_config:cfg_in <- [DW_OP_LLVM_convert 32 7, DW_OP_LLVM_convert 8 7, DW_OP_stack_value, DW_OP_LLVM_fragment 0 8] $r5
	@DEBUG_VALUE: ethosu_dev_verify_optimizer_config:hw_id <- [DW_OP_LLVM_convert 32 7, DW_OP_LLVM_convert 16 7, DW_OP_stack_value, DW_OP_LLVM_fragment 0 16] $r7
	@DEBUG_VALUE: ethosu_dev_verify_optimizer_config:hw_cfg <- [DW_OP_LLVM_convert 32 7, DW_OP_LLVM_convert 8 7, DW_OP_stack_value, DW_OP_LLVM_fragment 0 8] $r4
	@DEBUG_VALUE: ethosu_dev_verify_optimizer_config:hw_cfg <- [DW_OP_constu 8, DW_OP_shr, DW_OP_LLVM_convert 32 7, DW_OP_LLVM_convert 8 7, DW_OP_stack_value, DW_OP_LLVM_fragment 8 8] $r4
	@DEBUG_VALUE: ethosu_dev_verify_optimizer_config:hw_cfg <- [DW_OP_constu 16, DW_OP_shr, DW_OP_LLVM_convert 32 7, DW_OP_LLVM_convert 16 7, DW_OP_stack_value, DW_OP_LLVM_fragment 16 16] $r4
	@DEBUG_VALUE: ethosu_dev_verify_optimizer_config:id_in <- [DW_OP_LLVM_convert 32 7, DW_OP_LLVM_convert 16 7, DW_OP_stack_value, DW_OP_LLVM_fragment 0 16] $r9
	@DEBUG_VALUE: ethosu_dev_verify_optimizer_config:dev <- [DW_OP_LLVM_entry_value 1] $r0
	@DEBUG_VALUE: ethosu_dev_verify_optimizer_config:ret <- undef
	.loc	1 355 20                        @ ../../../../Library/StdDriver/src/npu/ethosu_device_u55_u65.c:355:20
	and	r2, r4, #15
	.loc	1 355 44 is_stmt 0              @ ../../../../Library/StdDriver/src/npu/ethosu_device_u55_u65.c:355:44
	and	r3, r5, #15
.Ltmp185:
	.loc	1 355 13                        @ ../../../../Library/StdDriver/src/npu/ethosu_device_u55_u65.c:355:13
	cmp	r2, r3
	beq	.LBB11_6
.Ltmp186:
@ %bb.5:
	@DEBUG_VALUE: ethosu_dev_verify_optimizer_config:cfg_in <- [DW_OP_constu 16, DW_OP_shr, DW_OP_LLVM_convert 32 7, DW_OP_LLVM_convert 16 7, DW_OP_stack_value, DW_OP_LLVM_fragment 16 16] $r5
	@DEBUG_VALUE: ethosu_dev_verify_optimizer_config:cfg_in <- [DW_OP_constu 8, DW_OP_shr, DW_OP_LLVM_convert 32 7, DW_OP_LLVM_convert 8 7, DW_OP_stack_value, DW_OP_LLVM_fragment 8 8] $r5
	@DEBUG_VALUE: ethosu_dev_verify_optimizer_config:cfg_in <- [DW_OP_LLVM_convert 32 7, DW_OP_LLVM_convert 8 7, DW_OP_stack_value, DW_OP_LLVM_fragment 0 8] $r5
	@DEBUG_VALUE: ethosu_dev_verify_optimizer_config:hw_id <- [DW_OP_LLVM_convert 32 7, DW_OP_LLVM_convert 16 7, DW_OP_stack_value, DW_OP_LLVM_fragment 0 16] $r7
	@DEBUG_VALUE: ethosu_dev_verify_optimizer_config:hw_cfg <- [DW_OP_LLVM_convert 32 7, DW_OP_LLVM_convert 8 7, DW_OP_stack_value, DW_OP_LLVM_fragment 0 8] $r4
	@DEBUG_VALUE: ethosu_dev_verify_optimizer_config:hw_cfg <- [DW_OP_constu 8, DW_OP_shr, DW_OP_LLVM_convert 32 7, DW_OP_LLVM_convert 8 7, DW_OP_stack_value, DW_OP_LLVM_fragment 8 8] $r4
	@DEBUG_VALUE: ethosu_dev_verify_optimizer_config:hw_cfg <- [DW_OP_constu 16, DW_OP_shr, DW_OP_LLVM_convert 32 7, DW_OP_LLVM_convert 16 7, DW_OP_stack_value, DW_OP_LLVM_fragment 16 16] $r4
	@DEBUG_VALUE: ethosu_dev_verify_optimizer_config:id_in <- [DW_OP_LLVM_convert 32 7, DW_OP_LLVM_convert 16 7, DW_OP_stack_value, DW_OP_LLVM_fragment 0 16] $r9
	@DEBUG_VALUE: ethosu_dev_verify_optimizer_config:dev <- [DW_OP_LLVM_entry_value 1] $r0
	.loc	1 357 13 is_stmt 1              @ ../../../../Library/StdDriver/src/npu/ethosu_device_u55_u65.c:357:13
	movw	r0, :lower16:__stderr
	movw	r1, :lower16:.L.str.13
	movw	r12, #359
	add.w	r6, r8, #39
	movt	r0, :upper16:__stderr
	movt	r1, :upper16:.L.str.13
	strd	r6, r12, [sp]
	bl	__2fprintf
.Ltmp187:
	.loc	1 0 13 is_stmt 0                @ ../../../../Library/StdDriver/src/npu/ethosu_device_u55_u65.c:0:13
	movs	r6, #0
.Ltmp188:
	@DEBUG_VALUE: ethosu_dev_verify_optimizer_config:ret <- 0
.LBB11_6:
	@DEBUG_VALUE: ethosu_dev_verify_optimizer_config:cfg_in <- [DW_OP_constu 16, DW_OP_shr, DW_OP_LLVM_convert 32 7, DW_OP_LLVM_convert 16 7, DW_OP_stack_value, DW_OP_LLVM_fragment 16 16] $r5
	@DEBUG_VALUE: ethosu_dev_verify_optimizer_config:cfg_in <- [DW_OP_constu 8, DW_OP_shr, DW_OP_LLVM_convert 32 7, DW_OP_LLVM_convert 8 7, DW_OP_stack_value, DW_OP_LLVM_fragment 8 8] $r5
	@DEBUG_VALUE: ethosu_dev_verify_optimizer_config:cfg_in <- [DW_OP_LLVM_convert 32 7, DW_OP_LLVM_convert 8 7, DW_OP_stack_value, DW_OP_LLVM_fragment 0 8] $r5
	@DEBUG_VALUE: ethosu_dev_verify_optimizer_config:hw_id <- [DW_OP_LLVM_convert 32 7, DW_OP_LLVM_convert 16 7, DW_OP_stack_value, DW_OP_LLVM_fragment 0 16] $r7
	@DEBUG_VALUE: ethosu_dev_verify_optimizer_config:hw_cfg <- [DW_OP_LLVM_convert 32 7, DW_OP_LLVM_convert 8 7, DW_OP_stack_value, DW_OP_LLVM_fragment 0 8] $r4
	@DEBUG_VALUE: ethosu_dev_verify_optimizer_config:hw_cfg <- [DW_OP_constu 8, DW_OP_shr, DW_OP_LLVM_convert 32 7, DW_OP_LLVM_convert 8 7, DW_OP_stack_value, DW_OP_LLVM_fragment 8 8] $r4
	@DEBUG_VALUE: ethosu_dev_verify_optimizer_config:hw_cfg <- [DW_OP_constu 16, DW_OP_shr, DW_OP_LLVM_convert 32 7, DW_OP_LLVM_convert 16 7, DW_OP_stack_value, DW_OP_LLVM_fragment 16 16] $r4
	@DEBUG_VALUE: ethosu_dev_verify_optimizer_config:id_in <- [DW_OP_LLVM_convert 32 7, DW_OP_LLVM_convert 16 7, DW_OP_stack_value, DW_OP_LLVM_fragment 0 16] $r9
	@DEBUG_VALUE: ethosu_dev_verify_optimizer_config:dev <- [DW_OP_LLVM_entry_value 1] $r0
	@DEBUG_VALUE: ethosu_dev_verify_optimizer_config:ret <- undef
	.loc	1 363 20 is_stmt 1              @ ../../../../Library/StdDriver/src/npu/ethosu_device_u55_u65.c:363:20
	ubfx	r2, r4, #4, #4
	.loc	1 363 51 is_stmt 0              @ ../../../../Library/StdDriver/src/npu/ethosu_device_u55_u65.c:363:51
	ubfx	r3, r5, #4, #4
.Ltmp189:
	.loc	1 363 13                        @ ../../../../Library/StdDriver/src/npu/ethosu_device_u55_u65.c:363:13
	cmp	r2, r3
	beq	.LBB11_8
.Ltmp190:
@ %bb.7:
	@DEBUG_VALUE: ethosu_dev_verify_optimizer_config:cfg_in <- [DW_OP_constu 16, DW_OP_shr, DW_OP_LLVM_convert 32 7, DW_OP_LLVM_convert 16 7, DW_OP_stack_value, DW_OP_LLVM_fragment 16 16] $r5
	@DEBUG_VALUE: ethosu_dev_verify_optimizer_config:cfg_in <- [DW_OP_constu 8, DW_OP_shr, DW_OP_LLVM_convert 32 7, DW_OP_LLVM_convert 8 7, DW_OP_stack_value, DW_OP_LLVM_fragment 8 8] $r5
	@DEBUG_VALUE: ethosu_dev_verify_optimizer_config:cfg_in <- [DW_OP_LLVM_convert 32 7, DW_OP_LLVM_convert 8 7, DW_OP_stack_value, DW_OP_LLVM_fragment 0 8] $r5
	@DEBUG_VALUE: ethosu_dev_verify_optimizer_config:hw_id <- [DW_OP_LLVM_convert 32 7, DW_OP_LLVM_convert 16 7, DW_OP_stack_value, DW_OP_LLVM_fragment 0 16] $r7
	@DEBUG_VALUE: ethosu_dev_verify_optimizer_config:hw_cfg <- [DW_OP_LLVM_convert 32 7, DW_OP_LLVM_convert 8 7, DW_OP_stack_value, DW_OP_LLVM_fragment 0 8] $r4
	@DEBUG_VALUE: ethosu_dev_verify_optimizer_config:hw_cfg <- [DW_OP_constu 8, DW_OP_shr, DW_OP_LLVM_convert 32 7, DW_OP_LLVM_convert 8 7, DW_OP_stack_value, DW_OP_LLVM_fragment 8 8] $r4
	@DEBUG_VALUE: ethosu_dev_verify_optimizer_config:hw_cfg <- [DW_OP_constu 16, DW_OP_shr, DW_OP_LLVM_convert 32 7, DW_OP_LLVM_convert 16 7, DW_OP_stack_value, DW_OP_LLVM_fragment 16 16] $r4
	@DEBUG_VALUE: ethosu_dev_verify_optimizer_config:id_in <- [DW_OP_LLVM_convert 32 7, DW_OP_LLVM_convert 16 7, DW_OP_stack_value, DW_OP_LLVM_fragment 0 16] $r9
	@DEBUG_VALUE: ethosu_dev_verify_optimizer_config:dev <- [DW_OP_LLVM_entry_value 1] $r0
	.loc	1 365 13 is_stmt 1              @ ../../../../Library/StdDriver/src/npu/ethosu_device_u55_u65.c:365:13
	movw	r0, :lower16:__stderr
	movw	r1, :lower16:.L.str.14
	movw	r12, #367
	add.w	r6, r8, #39
	movt	r0, :upper16:__stderr
	movt	r1, :upper16:.L.str.14
	strd	r6, r12, [sp]
	bl	__2fprintf
.Ltmp191:
	.loc	1 0 13 is_stmt 0                @ ../../../../Library/StdDriver/src/npu/ethosu_device_u55_u65.c:0:13
	movs	r6, #0
.Ltmp192:
	@DEBUG_VALUE: ethosu_dev_verify_optimizer_config:ret <- 0
.LBB11_8:
	@DEBUG_VALUE: ethosu_dev_verify_optimizer_config:cfg_in <- [DW_OP_constu 16, DW_OP_shr, DW_OP_LLVM_convert 32 7, DW_OP_LLVM_convert 16 7, DW_OP_stack_value, DW_OP_LLVM_fragment 16 16] $r5
	@DEBUG_VALUE: ethosu_dev_verify_optimizer_config:cfg_in <- [DW_OP_constu 8, DW_OP_shr, DW_OP_LLVM_convert 32 7, DW_OP_LLVM_convert 8 7, DW_OP_stack_value, DW_OP_LLVM_fragment 8 8] $r5
	@DEBUG_VALUE: ethosu_dev_verify_optimizer_config:cfg_in <- [DW_OP_LLVM_convert 32 7, DW_OP_LLVM_convert 8 7, DW_OP_stack_value, DW_OP_LLVM_fragment 0 8] $r5
	@DEBUG_VALUE: ethosu_dev_verify_optimizer_config:hw_id <- [DW_OP_LLVM_convert 32 7, DW_OP_LLVM_convert 16 7, DW_OP_stack_value, DW_OP_LLVM_fragment 0 16] $r7
	@DEBUG_VALUE: ethosu_dev_verify_optimizer_config:hw_cfg <- [DW_OP_LLVM_convert 32 7, DW_OP_LLVM_convert 8 7, DW_OP_stack_value, DW_OP_LLVM_fragment 0 8] $r4
	@DEBUG_VALUE: ethosu_dev_verify_optimizer_config:hw_cfg <- [DW_OP_constu 8, DW_OP_shr, DW_OP_LLVM_convert 32 7, DW_OP_LLVM_convert 8 7, DW_OP_stack_value, DW_OP_LLVM_fragment 8 8] $r4
	@DEBUG_VALUE: ethosu_dev_verify_optimizer_config:hw_cfg <- [DW_OP_constu 16, DW_OP_shr, DW_OP_LLVM_convert 32 7, DW_OP_LLVM_convert 16 7, DW_OP_stack_value, DW_OP_LLVM_fragment 16 16] $r4
	@DEBUG_VALUE: ethosu_dev_verify_optimizer_config:id_in <- [DW_OP_LLVM_convert 32 7, DW_OP_LLVM_convert 16 7, DW_OP_stack_value, DW_OP_LLVM_fragment 0 16] $r9
	@DEBUG_VALUE: ethosu_dev_verify_optimizer_config:dev <- [DW_OP_LLVM_entry_value 1] $r0
	@DEBUG_VALUE: ethosu_dev_verify_optimizer_config:ret <- undef
	.loc	1 371 32 is_stmt 1              @ ../../../../Library/StdDriver/src/npu/ethosu_device_u55_u65.c:371:32
	lsls	r0, r5, #4
	bpl	.LBB11_11
.Ltmp193:
@ %bb.9:
	@DEBUG_VALUE: ethosu_dev_verify_optimizer_config:cfg_in <- [DW_OP_constu 16, DW_OP_shr, DW_OP_LLVM_convert 32 7, DW_OP_LLVM_convert 16 7, DW_OP_stack_value, DW_OP_LLVM_fragment 16 16] $r5
	@DEBUG_VALUE: ethosu_dev_verify_optimizer_config:cfg_in <- [DW_OP_constu 8, DW_OP_shr, DW_OP_LLVM_convert 32 7, DW_OP_LLVM_convert 8 7, DW_OP_stack_value, DW_OP_LLVM_fragment 8 8] $r5
	@DEBUG_VALUE: ethosu_dev_verify_optimizer_config:cfg_in <- [DW_OP_LLVM_convert 32 7, DW_OP_LLVM_convert 8 7, DW_OP_stack_value, DW_OP_LLVM_fragment 0 8] $r5
	@DEBUG_VALUE: ethosu_dev_verify_optimizer_config:hw_id <- [DW_OP_LLVM_convert 32 7, DW_OP_LLVM_convert 16 7, DW_OP_stack_value, DW_OP_LLVM_fragment 0 16] $r7
	@DEBUG_VALUE: ethosu_dev_verify_optimizer_config:hw_cfg <- [DW_OP_LLVM_convert 32 7, DW_OP_LLVM_convert 8 7, DW_OP_stack_value, DW_OP_LLVM_fragment 0 8] $r4
	@DEBUG_VALUE: ethosu_dev_verify_optimizer_config:hw_cfg <- [DW_OP_constu 8, DW_OP_shr, DW_OP_LLVM_convert 32 7, DW_OP_LLVM_convert 8 7, DW_OP_stack_value, DW_OP_LLVM_fragment 8 8] $r4
	@DEBUG_VALUE: ethosu_dev_verify_optimizer_config:hw_cfg <- [DW_OP_constu 16, DW_OP_shr, DW_OP_LLVM_convert 32 7, DW_OP_LLVM_convert 16 7, DW_OP_stack_value, DW_OP_LLVM_fragment 16 16] $r4
	@DEBUG_VALUE: ethosu_dev_verify_optimizer_config:id_in <- [DW_OP_LLVM_convert 32 7, DW_OP_LLVM_convert 16 7, DW_OP_stack_value, DW_OP_LLVM_fragment 0 16] $r9
	@DEBUG_VALUE: ethosu_dev_verify_optimizer_config:dev <- [DW_OP_LLVM_entry_value 1] $r0
	.loc	1 371 0 is_stmt 0               @ ../../../../Library/StdDriver/src/npu/ethosu_device_u55_u65.c:371:0
	ands	r0, r4, #134217728
	.loc	1 371 32                        @ ../../../../Library/StdDriver/src/npu/ethosu_device_u55_u65.c:371:32
	bne	.LBB11_11
.Ltmp194:
@ %bb.10:
	@DEBUG_VALUE: ethosu_dev_verify_optimizer_config:cfg_in <- [DW_OP_constu 16, DW_OP_shr, DW_OP_LLVM_convert 32 7, DW_OP_LLVM_convert 16 7, DW_OP_stack_value, DW_OP_LLVM_fragment 16 16] $r5
	@DEBUG_VALUE: ethosu_dev_verify_optimizer_config:cfg_in <- [DW_OP_constu 8, DW_OP_shr, DW_OP_LLVM_convert 32 7, DW_OP_LLVM_convert 8 7, DW_OP_stack_value, DW_OP_LLVM_fragment 8 8] $r5
	@DEBUG_VALUE: ethosu_dev_verify_optimizer_config:cfg_in <- [DW_OP_LLVM_convert 32 7, DW_OP_LLVM_convert 8 7, DW_OP_stack_value, DW_OP_LLVM_fragment 0 8] $r5
	@DEBUG_VALUE: ethosu_dev_verify_optimizer_config:hw_id <- [DW_OP_LLVM_convert 32 7, DW_OP_LLVM_convert 16 7, DW_OP_stack_value, DW_OP_LLVM_fragment 0 16] $r7
	@DEBUG_VALUE: ethosu_dev_verify_optimizer_config:hw_cfg <- [DW_OP_LLVM_convert 32 7, DW_OP_LLVM_convert 8 7, DW_OP_stack_value, DW_OP_LLVM_fragment 0 8] $r4
	@DEBUG_VALUE: ethosu_dev_verify_optimizer_config:hw_cfg <- [DW_OP_constu 8, DW_OP_shr, DW_OP_LLVM_convert 32 7, DW_OP_LLVM_convert 8 7, DW_OP_stack_value, DW_OP_LLVM_fragment 8 8] $r4
	@DEBUG_VALUE: ethosu_dev_verify_optimizer_config:hw_cfg <- [DW_OP_constu 16, DW_OP_shr, DW_OP_LLVM_convert 32 7, DW_OP_LLVM_convert 16 7, DW_OP_stack_value, DW_OP_LLVM_fragment 16 16] $r4
	@DEBUG_VALUE: ethosu_dev_verify_optimizer_config:id_in <- [DW_OP_LLVM_convert 32 7, DW_OP_LLVM_convert 16 7, DW_OP_stack_value, DW_OP_LLVM_fragment 0 16] $r9
	@DEBUG_VALUE: ethosu_dev_verify_optimizer_config:dev <- [DW_OP_LLVM_entry_value 1] $r0
	.loc	1 0 32                          @ ../../../../Library/StdDriver/src/npu/ethosu_device_u55_u65.c:0:32
	movw	r0, #375
.Ltmp195:
	.loc	1 373 13 is_stmt 1              @ ../../../../Library/StdDriver/src/npu/ethosu_device_u55_u65.c:373:13
	add.w	r1, r8, #39
	strd	r1, r0, [sp]
	movw	r0, :lower16:__stderr
	movw	r1, :lower16:.L.str.15
	movt	r0, :upper16:__stderr
	movs	r2, #0
	movt	r1, :upper16:.L.str.15
	movs	r3, #1
	movs	r6, #0
	bl	__2fprintf
.Ltmp196:
	@DEBUG_VALUE: ethosu_dev_verify_optimizer_config:ret <- 0
.LBB11_11:
	@DEBUG_VALUE: ethosu_dev_verify_optimizer_config:hw_id <- [DW_OP_LLVM_convert 32 7, DW_OP_LLVM_convert 16 7, DW_OP_stack_value, DW_OP_LLVM_fragment 0 16] $r7
	@DEBUG_VALUE: ethosu_dev_verify_optimizer_config:hw_cfg <- [DW_OP_LLVM_convert 32 7, DW_OP_LLVM_convert 8 7, DW_OP_stack_value, DW_OP_LLVM_fragment 0 8] $r4
	@DEBUG_VALUE: ethosu_dev_verify_optimizer_config:hw_cfg <- [DW_OP_constu 8, DW_OP_shr, DW_OP_LLVM_convert 32 7, DW_OP_LLVM_convert 8 7, DW_OP_stack_value, DW_OP_LLVM_fragment 8 8] $r4
	@DEBUG_VALUE: ethosu_dev_verify_optimizer_config:hw_cfg <- [DW_OP_constu 16, DW_OP_shr, DW_OP_LLVM_convert 32 7, DW_OP_LLVM_convert 16 7, DW_OP_stack_value, DW_OP_LLVM_fragment 16 16] $r4
	@DEBUG_VALUE: ethosu_dev_verify_optimizer_config:id_in <- [DW_OP_LLVM_convert 32 7, DW_OP_LLVM_convert 16 7, DW_OP_stack_value, DW_OP_LLVM_fragment 0 16] $r9
	@DEBUG_VALUE: ethosu_dev_verify_optimizer_config:dev <- [DW_OP_LLVM_entry_value 1] $r0
	@DEBUG_VALUE: ethosu_dev_verify_optimizer_config:id_in <- [DW_OP_LLVM_convert 32 7, DW_OP_LLVM_convert 16 7, DW_OP_stack_value, DW_OP_LLVM_fragment 16 16] undef
	@DEBUG_VALUE: ethosu_dev_verify_optimizer_config:ret <- undef
	@DEBUG_VALUE: ethosu_dev_verify_optimizer_config:hw_id <- [DW_OP_LLVM_convert 32 7, DW_OP_LLVM_convert 16 7, DW_OP_stack_value, DW_OP_LLVM_fragment 16 16] undef
	.loc	1 380 16                        @ ../../../../Library/StdDriver/src/npu/ethosu_device_u55_u65.c:380:16
	lsrs	r2, r7, #28
	.loc	1 380 42 is_stmt 0              @ ../../../../Library/StdDriver/src/npu/ethosu_device_u55_u65.c:380:42
	lsr.w	r0, r9, #28
	.loc	1 0 0                           @ ../../../../Library/StdDriver/src/npu/ethosu_device_u55_u65.c:0:0
	ubfx	r3, r7, #20, #8
	ubfx	r1, r9, #20, #8
	.loc	1 380 58                        @ ../../../../Library/StdDriver/src/npu/ethosu_device_u55_u65.c:380:58
	cmp	r2, r0
	bne	.LBB11_13
.Ltmp197:
@ %bb.12:
	@DEBUG_VALUE: ethosu_dev_verify_optimizer_config:hw_id <- [DW_OP_LLVM_convert 32 7, DW_OP_LLVM_convert 16 7, DW_OP_stack_value, DW_OP_LLVM_fragment 0 16] $r7
	@DEBUG_VALUE: ethosu_dev_verify_optimizer_config:hw_cfg <- [DW_OP_LLVM_convert 32 7, DW_OP_LLVM_convert 8 7, DW_OP_stack_value, DW_OP_LLVM_fragment 0 8] $r4
	@DEBUG_VALUE: ethosu_dev_verify_optimizer_config:hw_cfg <- [DW_OP_constu 8, DW_OP_shr, DW_OP_LLVM_convert 32 7, DW_OP_LLVM_convert 8 7, DW_OP_stack_value, DW_OP_LLVM_fragment 8 8] $r4
	@DEBUG_VALUE: ethosu_dev_verify_optimizer_config:hw_cfg <- [DW_OP_constu 16, DW_OP_shr, DW_OP_LLVM_convert 32 7, DW_OP_LLVM_convert 16 7, DW_OP_stack_value, DW_OP_LLVM_fragment 16 16] $r4
	@DEBUG_VALUE: ethosu_dev_verify_optimizer_config:id_in <- [DW_OP_LLVM_convert 32 7, DW_OP_LLVM_convert 16 7, DW_OP_stack_value, DW_OP_LLVM_fragment 0 16] $r9
	@DEBUG_VALUE: ethosu_dev_verify_optimizer_config:dev <- [DW_OP_LLVM_entry_value 1] $r0
	cmp	r3, r1
	bhs	.LBB11_14
.Ltmp198:
.LBB11_13:
	@DEBUG_VALUE: ethosu_dev_verify_optimizer_config:hw_id <- [DW_OP_LLVM_convert 32 7, DW_OP_LLVM_convert 16 7, DW_OP_stack_value, DW_OP_LLVM_fragment 0 16] $r7
	@DEBUG_VALUE: ethosu_dev_verify_optimizer_config:hw_cfg <- [DW_OP_LLVM_convert 32 7, DW_OP_LLVM_convert 8 7, DW_OP_stack_value, DW_OP_LLVM_fragment 0 8] $r4
	@DEBUG_VALUE: ethosu_dev_verify_optimizer_config:hw_cfg <- [DW_OP_constu 8, DW_OP_shr, DW_OP_LLVM_convert 32 7, DW_OP_LLVM_convert 8 7, DW_OP_stack_value, DW_OP_LLVM_fragment 8 8] $r4
	@DEBUG_VALUE: ethosu_dev_verify_optimizer_config:hw_cfg <- [DW_OP_constu 16, DW_OP_shr, DW_OP_LLVM_convert 32 7, DW_OP_LLVM_convert 16 7, DW_OP_stack_value, DW_OP_LLVM_fragment 16 16] $r4
	@DEBUG_VALUE: ethosu_dev_verify_optimizer_config:id_in <- [DW_OP_LLVM_convert 32 7, DW_OP_LLVM_convert 16 7, DW_OP_stack_value, DW_OP_LLVM_fragment 0 16] $r9
	@DEBUG_VALUE: ethosu_dev_verify_optimizer_config:dev <- [DW_OP_LLVM_entry_value 1] $r0
	.loc	1 0 0                           @ ../../../../Library/StdDriver/src/npu/ethosu_device_u55_u65.c:0:0
	lsrs	r7, r7, #16
.Ltmp199:
	@DEBUG_VALUE: ethosu_dev_verify_optimizer_config:hw_id <- [DW_OP_LLVM_convert 32 7, DW_OP_LLVM_convert 16 7, DW_OP_stack_value, DW_OP_LLVM_fragment 16 16] $r7
	.loc	1 382 9 is_stmt 1               @ ../../../../Library/StdDriver/src/npu/ethosu_device_u55_u65.c:382:9
	and	r7, r7, #15
.Ltmp200:
	strd	r7, r0, [sp]
	add.w	r0, r8, #39
	lsr.w	r6, r9, #16
.Ltmp201:
	@DEBUG_VALUE: ethosu_dev_verify_optimizer_config:id_in <- [DW_OP_LLVM_convert 32 7, DW_OP_LLVM_convert 16 7, DW_OP_stack_value, DW_OP_LLVM_fragment 16 16] $r6
	str	r1, [sp, #8]
	movw	r1, :lower16:.L.str.16
	str	r0, [sp, #16]
	movw	r0, :lower16:__stderr
	and	r6, r6, #15
.Ltmp202:
	.loc	1 0 9 is_stmt 0                 @ ../../../../Library/StdDriver/src/npu/ethosu_device_u55_u65.c:0:9
	mov.w	r7, #388
	.loc	1 382 9                         @ ../../../../Library/StdDriver/src/npu/ethosu_device_u55_u65.c:382:9
	movt	r0, :upper16:__stderr
	movt	r1, :upper16:.L.str.16
	str	r6, [sp, #12]
	str	r7, [sp, #20]
	bl	__2fprintf
.Ltmp203:
	.loc	1 0 9                           @ ../../../../Library/StdDriver/src/npu/ethosu_device_u55_u65.c:0:9
	movs	r6, #0
.Ltmp204:
	@DEBUG_VALUE: ethosu_dev_verify_optimizer_config:ret <- 0
.LBB11_14:
	@DEBUG_VALUE: ethosu_dev_verify_optimizer_config:hw_cfg <- [DW_OP_LLVM_convert 32 7, DW_OP_LLVM_convert 8 7, DW_OP_stack_value, DW_OP_LLVM_fragment 0 8] $r4
	@DEBUG_VALUE: ethosu_dev_verify_optimizer_config:hw_cfg <- [DW_OP_constu 8, DW_OP_shr, DW_OP_LLVM_convert 32 7, DW_OP_LLVM_convert 8 7, DW_OP_stack_value, DW_OP_LLVM_fragment 8 8] $r4
	@DEBUG_VALUE: ethosu_dev_verify_optimizer_config:hw_cfg <- [DW_OP_constu 16, DW_OP_shr, DW_OP_LLVM_convert 32 7, DW_OP_LLVM_convert 16 7, DW_OP_stack_value, DW_OP_LLVM_fragment 16 16] $r4
	@DEBUG_VALUE: ethosu_dev_verify_optimizer_config:id_in <- [DW_OP_LLVM_convert 32 7, DW_OP_LLVM_convert 16 7, DW_OP_stack_value, DW_OP_LLVM_fragment 0 16] $r9
	@DEBUG_VALUE: ethosu_dev_verify_optimizer_config:dev <- [DW_OP_LLVM_entry_value 1] $r0
	@DEBUG_VALUE: ethosu_dev_verify_optimizer_config:ret <- undef
	.loc	1 392 5 is_stmt 1               @ ../../../../Library/StdDriver/src/npu/ethosu_device_u55_u65.c:392:5
	mov	r0, r6
	.loc	1 392 5 epilogue_begin is_stmt 0 @ ../../../../Library/StdDriver/src/npu/ethosu_device_u55_u65.c:392:5
	add	sp, #28
	pop.w	{r4, r5, r6, r7, r8, r9, pc}
.Ltmp205:
.Lfunc_end11:
	.size	ethosu_dev_verify_optimizer_config, .Lfunc_end11-ethosu_dev_verify_optimizer_config
	.cfi_endproc
	.cantunwind
	.fnend
                                        @ -- End function
	.type	.L.str.1,%object                @ @.str.1
	.section	.rodata.str1.1,"aMS",%progbits,1
.L.str.1:
	.asciz	"/../../../../Library/StdDriver/src/npu/ethosu_device_u55_u65.c"
	.size	.L.str.1, 63

	.type	.L.str.2,%object                @ @.str.2
.L.str.2:
	.asciz	"E: Failed to initialize device. Driver has not been compiled for this product (%s:%d)\n"
	.size	.L.str.2, 87

	.type	.L.str.4,%object                @ @.str.4
.L.str.4:
	.asciz	"../../../../Library/StdDriver/src/npu/ethosu_device_u55_u65.c"
	.size	.L.str.4, 62

	.type	.L.str.12,%object               @ @.str.12
.L.str.12:
	.asciz	"E: NPU config mismatch. npu.product=%d, optimizer.product=%d (%s:%d)\n"
	.size	.L.str.12, 70

	.type	.L.str.13,%object               @ @.str.13
.L.str.13:
	.asciz	"E: NPU config mismatch. npu.macs_per_cc=%d, optimizer.macs_per_cc=%d (%s:%d)\n"
	.size	.L.str.13, 78

	.type	.L.str.14,%object               @ @.str.14
.L.str.14:
	.asciz	"E: NPU config mismatch. npu.cmd_stream_version=%d, optimizer.cmd_stream_version=%d (%s:%d)\n"
	.size	.L.str.14, 92

	.type	.L.str.15,%object               @ @.str.15
.L.str.15:
	.asciz	"E: NPU config mismatch. npu.custom_dma=%d, optimizer.custom_dma=%d (%s:%d)\n"
	.size	.L.str.15, 76

	.type	.L.str.16,%object               @ @.str.16
.L.str.16:
	.asciz	"E: NPU arch mismatch. npu.arch=%d.%d.%d, optimizer.arch=%d.%d.%d (%s:%d)\n"
	.size	.L.str.16, 74

	.hidden	_printf_percent
	.hidden	_printf_flags
	.hidden	_printf_widthprec
	.hidden	_printf_pre_padding
	.hidden	_printf_s
	.hidden	_printf_x
	.hidden	_printf_d
	.hidden	_printf_u
	.hidden	_printf_int_dec
	.hidden	_printf_longlong_hex
	.hidden	_printf_str
	.section	.debug_loc,"",%progbits
.Ldebug_loc0:
	.long	-1
	.long	.Lfunc_begin0                   @   base address
	.long	.Lfunc_begin0-.Lfunc_begin0
	.long	.Lfunc_end0-.Lfunc_begin0
	.short	6                               @ Loc expr size
	.byte	80                              @ DW_OP_reg0
	.byte	147                             @ DW_OP_piece
	.byte	4                               @ 4
	.byte	81                              @ DW_OP_reg1
	.byte	147                             @ DW_OP_piece
	.byte	4                               @ 4
	.long	0
	.long	0
.Ldebug_loc1:
	.long	-1
	.long	.Lfunc_begin1                   @   base address
	.long	.Lfunc_begin1-.Lfunc_begin1
	.long	.Ltmp1-.Lfunc_begin1
	.short	1                               @ Loc expr size
	.byte	80                              @ DW_OP_reg0
	.long	.Ltmp1-.Lfunc_begin1
	.long	.Ltmp11-.Lfunc_begin1
	.short	1                               @ Loc expr size
	.byte	85                              @ DW_OP_reg5
	.long	.Ltmp12-.Lfunc_begin1
	.long	.Ltmp18-.Lfunc_begin1
	.short	1                               @ Loc expr size
	.byte	85                              @ DW_OP_reg5
	.long	0
	.long	0
.Ldebug_loc2:
	.long	-1
	.long	.Lfunc_begin1                   @   base address
	.long	.Lfunc_begin1-.Lfunc_begin1
	.long	.Ltmp3-.Lfunc_begin1
	.short	1                               @ Loc expr size
	.byte	81                              @ DW_OP_reg1
	.long	.Ltmp3-.Lfunc_begin1
	.long	.Ltmp11-.Lfunc_begin1
	.short	1                               @ Loc expr size
	.byte	86                              @ DW_OP_reg6
	.long	.Ltmp12-.Lfunc_begin1
	.long	.Ltmp18-.Lfunc_begin1
	.short	1                               @ Loc expr size
	.byte	86                              @ DW_OP_reg6
	.long	0
	.long	0
.Ldebug_loc3:
	.long	-1
	.long	.Lfunc_begin1                   @   base address
	.long	.Lfunc_begin1-.Lfunc_begin1
	.long	.Ltmp2-.Lfunc_begin1
	.short	1                               @ Loc expr size
	.byte	82                              @ DW_OP_reg2
	.long	.Ltmp2-.Lfunc_begin1
	.long	.Ltmp9-.Lfunc_begin1
	.short	1                               @ Loc expr size
	.byte	84                              @ DW_OP_reg4
	.long	.Ltmp9-.Lfunc_begin1
	.long	.Ltmp12-.Lfunc_begin1
	.short	4                               @ Loc expr size
	.byte	243                             @ DW_OP_GNU_entry_value
	.byte	1                               @ 1
	.byte	82                              @ DW_OP_reg2
	.byte	159                             @ DW_OP_stack_value
	.long	.Ltmp12-.Lfunc_begin1
	.long	.Ltmp17-.Lfunc_begin1
	.short	1                               @ Loc expr size
	.byte	84                              @ DW_OP_reg4
	.long	.Ltmp17-.Lfunc_begin1
	.long	.Ltmp20-.Lfunc_begin1
	.short	4                               @ Loc expr size
	.byte	243                             @ DW_OP_GNU_entry_value
	.byte	1                               @ 1
	.byte	82                              @ DW_OP_reg2
	.byte	159                             @ DW_OP_stack_value
	.long	0
	.long	0
.Ldebug_loc4:
	.long	-1
	.long	.Lfunc_begin1                   @   base address
	.long	.Ltmp4-.Lfunc_begin1
	.long	.Ltmp10-.Lfunc_begin1
	.short	1                               @ Loc expr size
	.byte	80                              @ DW_OP_reg0
	.long	.Ltmp12-.Lfunc_begin1
	.long	.Ltmp13-.Lfunc_begin1
	.short	1                               @ Loc expr size
	.byte	80                              @ DW_OP_reg0
	.long	.Ltmp16-.Lfunc_begin1
	.long	.Ltmp17-.Lfunc_begin1
	.short	1                               @ Loc expr size
	.byte	80                              @ DW_OP_reg0
	.long	.Ltmp17-.Lfunc_begin1
	.long	.Ltmp18-.Lfunc_begin1
	.short	1                               @ Loc expr size
	.byte	84                              @ DW_OP_reg4
	.long	0
	.long	0
.Ldebug_loc5:
	.long	-1
	.long	.Lfunc_begin2                   @   base address
	.long	.Lfunc_begin2-.Lfunc_begin2
	.long	.Ltmp44-.Lfunc_begin2
	.short	1                               @ Loc expr size
	.byte	80                              @ DW_OP_reg0
	.long	.Ltmp44-.Lfunc_begin2
	.long	.Ltmp46-.Lfunc_begin2
	.short	4                               @ Loc expr size
	.byte	243                             @ DW_OP_GNU_entry_value
	.byte	1                               @ 1
	.byte	80                              @ DW_OP_reg0
	.byte	159                             @ DW_OP_stack_value
	.long	.Ltmp46-.Lfunc_begin2
	.long	.Ltmp47-.Lfunc_begin2
	.short	1                               @ Loc expr size
	.byte	80                              @ DW_OP_reg0
	.long	.Ltmp47-.Lfunc_begin2
	.long	.Ltmp48-.Lfunc_begin2
	.short	4                               @ Loc expr size
	.byte	243                             @ DW_OP_GNU_entry_value
	.byte	1                               @ 1
	.byte	80                              @ DW_OP_reg0
	.byte	159                             @ DW_OP_stack_value
	.long	.Ltmp48-.Lfunc_begin2
	.long	.Ltmp49-.Lfunc_begin2
	.short	1                               @ Loc expr size
	.byte	80                              @ DW_OP_reg0
	.long	.Ltmp49-.Lfunc_begin2
	.long	.Ltmp52-.Lfunc_begin2
	.short	4                               @ Loc expr size
	.byte	243                             @ DW_OP_GNU_entry_value
	.byte	1                               @ 1
	.byte	80                              @ DW_OP_reg0
	.byte	159                             @ DW_OP_stack_value
	.long	0
	.long	0
.Ldebug_loc6:
	.long	-1
	.long	.Lfunc_begin2                   @   base address
	.long	.Ltmp21-.Lfunc_begin2
	.long	.Ltmp22-.Lfunc_begin2
	.short	2                               @ Loc expr size
	.byte	48                              @ DW_OP_lit0
	.byte	159                             @ DW_OP_stack_value
	.long	.Ltmp22-.Lfunc_begin2
	.long	.Ltmp24-.Lfunc_begin2
	.short	1                               @ Loc expr size
	.byte	82                              @ DW_OP_reg2
	.long	0
	.long	0
.Ldebug_loc7:
	.long	-1
	.long	.Lfunc_begin2                   @   base address
	.long	.Ltmp25-.Lfunc_begin2
	.long	.Ltmp26-.Lfunc_begin2
	.short	14                              @ Loc expr size
	.byte	114                             @ DW_OP_breg2
	.byte	0                               @ 0
	.byte	17                              @ DW_OP_consts
	.byte	156                             @ 99996
	.byte	141                             @ 
	.byte	6                               @ 
	.byte	28                              @ DW_OP_minus
	.byte	17                              @ DW_OP_consts
	.byte	124                             @ -4
	.byte	27                              @ DW_OP_div
	.byte	17                              @ DW_OP_consts
	.byte	4                               @ 4
	.byte	30                              @ DW_OP_mul
	.byte	159                             @ DW_OP_stack_value
	.long	.Ltmp26-.Lfunc_begin2
	.long	.Ltmp28-.Lfunc_begin2
	.short	3                               @ Loc expr size
	.byte	114                             @ DW_OP_breg2
	.byte	1                               @ 1
	.byte	159                             @ DW_OP_stack_value
	.long	.Ltmp28-.Lfunc_begin2
	.long	.Ltmp30-.Lfunc_begin2
	.short	3                               @ Loc expr size
	.byte	114                             @ DW_OP_breg2
	.byte	2                               @ 2
	.byte	159                             @ DW_OP_stack_value
	.long	.Ltmp30-.Lfunc_begin2
	.long	.Ltmp32-.Lfunc_begin2
	.short	3                               @ Loc expr size
	.byte	114                             @ DW_OP_breg2
	.byte	3                               @ 3
	.byte	159                             @ DW_OP_stack_value
	.long	.Ltmp32-.Lfunc_begin2
	.long	.Ltmp34-.Lfunc_begin2
	.short	17                              @ Loc expr size
	.byte	114                             @ DW_OP_breg2
	.byte	0                               @ 0
	.byte	17                              @ DW_OP_consts
	.byte	156                             @ 99996
	.byte	141                             @ 
	.byte	6                               @ 
	.byte	28                              @ DW_OP_minus
	.byte	17                              @ DW_OP_consts
	.byte	124                             @ -4
	.byte	27                              @ DW_OP_div
	.byte	17                              @ DW_OP_consts
	.byte	4                               @ 4
	.byte	30                              @ DW_OP_mul
	.byte	17                              @ DW_OP_consts
	.byte	4                               @ 4
	.byte	34                              @ DW_OP_plus
	.byte	159                             @ DW_OP_stack_value
	.long	0
	.long	0
.Ldebug_loc8:
	.long	-1
	.long	.Lfunc_begin2                   @   base address
	.long	.Ltmp41-.Lfunc_begin2
	.long	.Ltmp43-.Lfunc_begin2
	.short	16                              @ Loc expr size
	.byte	48                              @ DW_OP_lit0
	.byte	159                             @ DW_OP_stack_value
	.byte	147                             @ DW_OP_piece
	.byte	1                               @ 1
	.byte	48                              @ DW_OP_lit0
	.byte	159                             @ DW_OP_stack_value
	.byte	147                             @ DW_OP_piece
	.byte	1                               @ 1
	.byte	48                              @ DW_OP_lit0
	.byte	159                             @ DW_OP_stack_value
	.byte	147                             @ DW_OP_piece
	.byte	1                               @ 1
	.byte	48                              @ DW_OP_lit0
	.byte	159                             @ DW_OP_stack_value
	.byte	147                             @ DW_OP_piece
	.byte	1                               @ 1
	.long	.Ltmp43-.Lfunc_begin2
	.long	.Ltmp46-.Lfunc_begin2
	.short	17                              @ Loc expr size
	.byte	16                              @ DW_OP_constu
	.byte	32                              @ 32
	.byte	159                             @ DW_OP_stack_value
	.byte	147                             @ DW_OP_piece
	.byte	1                               @ 1
	.byte	48                              @ DW_OP_lit0
	.byte	159                             @ DW_OP_stack_value
	.byte	147                             @ DW_OP_piece
	.byte	1                               @ 1
	.byte	79                              @ DW_OP_lit31
	.byte	159                             @ DW_OP_stack_value
	.byte	147                             @ DW_OP_piece
	.byte	1                               @ 1
	.byte	63                              @ DW_OP_lit15
	.byte	159                             @ DW_OP_stack_value
	.byte	147                             @ DW_OP_piece
	.byte	1                               @ 1
	.long	0
	.long	0
.Ldebug_loc9:
	.long	-1
	.long	.Lfunc_begin2                   @   base address
	.long	.Ltmp41-.Lfunc_begin2
	.long	.Ltmp43-.Lfunc_begin2
	.short	16                              @ Loc expr size
	.byte	48                              @ DW_OP_lit0
	.byte	159                             @ DW_OP_stack_value
	.byte	147                             @ DW_OP_piece
	.byte	1                               @ 1
	.byte	48                              @ DW_OP_lit0
	.byte	159                             @ DW_OP_stack_value
	.byte	147                             @ DW_OP_piece
	.byte	1                               @ 1
	.byte	48                              @ DW_OP_lit0
	.byte	159                             @ DW_OP_stack_value
	.byte	147                             @ DW_OP_piece
	.byte	1                               @ 1
	.byte	48                              @ DW_OP_lit0
	.byte	159                             @ DW_OP_stack_value
	.byte	147                             @ DW_OP_piece
	.byte	1                               @ 1
	.long	.Ltmp43-.Lfunc_begin2
	.long	.Ltmp46-.Lfunc_begin2
	.short	17                              @ Loc expr size
	.byte	16                              @ DW_OP_constu
	.byte	32                              @ 32
	.byte	159                             @ DW_OP_stack_value
	.byte	147                             @ DW_OP_piece
	.byte	1                               @ 1
	.byte	48                              @ DW_OP_lit0
	.byte	159                             @ DW_OP_stack_value
	.byte	147                             @ DW_OP_piece
	.byte	1                               @ 1
	.byte	79                              @ DW_OP_lit31
	.byte	159                             @ DW_OP_stack_value
	.byte	147                             @ DW_OP_piece
	.byte	1                               @ 1
	.byte	63                              @ DW_OP_lit15
	.byte	159                             @ DW_OP_stack_value
	.byte	147                             @ DW_OP_piece
	.byte	1                               @ 1
	.long	0
	.long	0
.Ldebug_loc10:
	.long	-1
	.long	.Lfunc_begin2                   @   base address
	.long	.Ltmp41-.Lfunc_begin2
	.long	.Ltmp43-.Lfunc_begin2
	.short	16                              @ Loc expr size
	.byte	48                              @ DW_OP_lit0
	.byte	159                             @ DW_OP_stack_value
	.byte	147                             @ DW_OP_piece
	.byte	1                               @ 1
	.byte	48                              @ DW_OP_lit0
	.byte	159                             @ DW_OP_stack_value
	.byte	147                             @ DW_OP_piece
	.byte	1                               @ 1
	.byte	48                              @ DW_OP_lit0
	.byte	159                             @ DW_OP_stack_value
	.byte	147                             @ DW_OP_piece
	.byte	1                               @ 1
	.byte	48                              @ DW_OP_lit0
	.byte	159                             @ DW_OP_stack_value
	.byte	147                             @ DW_OP_piece
	.byte	1                               @ 1
	.long	.Ltmp43-.Lfunc_begin2
	.long	.Ltmp46-.Lfunc_begin2
	.short	17                              @ Loc expr size
	.byte	16                              @ DW_OP_constu
	.byte	32                              @ 32
	.byte	159                             @ DW_OP_stack_value
	.byte	147                             @ DW_OP_piece
	.byte	1                               @ 1
	.byte	48                              @ DW_OP_lit0
	.byte	159                             @ DW_OP_stack_value
	.byte	147                             @ DW_OP_piece
	.byte	1                               @ 1
	.byte	79                              @ DW_OP_lit31
	.byte	159                             @ DW_OP_stack_value
	.byte	147                             @ DW_OP_piece
	.byte	1                               @ 1
	.byte	63                              @ DW_OP_lit15
	.byte	159                             @ DW_OP_stack_value
	.byte	147                             @ DW_OP_piece
	.byte	1                               @ 1
	.long	0
	.long	0
.Ldebug_loc11:
	.long	-1
	.long	.Lfunc_begin2                   @   base address
	.long	.Ltmp41-.Lfunc_begin2
	.long	.Ltmp43-.Lfunc_begin2
	.short	16                              @ Loc expr size
	.byte	48                              @ DW_OP_lit0
	.byte	159                             @ DW_OP_stack_value
	.byte	147                             @ DW_OP_piece
	.byte	1                               @ 1
	.byte	48                              @ DW_OP_lit0
	.byte	159                             @ DW_OP_stack_value
	.byte	147                             @ DW_OP_piece
	.byte	1                               @ 1
	.byte	48                              @ DW_OP_lit0
	.byte	159                             @ DW_OP_stack_value
	.byte	147                             @ DW_OP_piece
	.byte	1                               @ 1
	.byte	48                              @ DW_OP_lit0
	.byte	159                             @ DW_OP_stack_value
	.byte	147                             @ DW_OP_piece
	.byte	1                               @ 1
	.long	.Ltmp43-.Lfunc_begin2
	.long	.Ltmp46-.Lfunc_begin2
	.short	17                              @ Loc expr size
	.byte	16                              @ DW_OP_constu
	.byte	32                              @ 32
	.byte	159                             @ DW_OP_stack_value
	.byte	147                             @ DW_OP_piece
	.byte	1                               @ 1
	.byte	48                              @ DW_OP_lit0
	.byte	159                             @ DW_OP_stack_value
	.byte	147                             @ DW_OP_piece
	.byte	1                               @ 1
	.byte	79                              @ DW_OP_lit31
	.byte	159                             @ DW_OP_stack_value
	.byte	147                             @ DW_OP_piece
	.byte	1                               @ 1
	.byte	63                              @ DW_OP_lit15
	.byte	159                             @ DW_OP_stack_value
	.byte	147                             @ DW_OP_piece
	.byte	1                               @ 1
	.long	0
	.long	0
.Ldebug_loc12:
	.long	-1
	.long	.Lfunc_begin2                   @   base address
	.long	.Ltmp41-.Lfunc_begin2
	.long	.Ltmp42-.Lfunc_begin2
	.short	12                              @ Loc expr size
	.byte	48                              @ DW_OP_lit0
	.byte	159                             @ DW_OP_stack_value
	.byte	147                             @ DW_OP_piece
	.byte	1                               @ 1
	.byte	48                              @ DW_OP_lit0
	.byte	159                             @ DW_OP_stack_value
	.byte	147                             @ DW_OP_piece
	.byte	1                               @ 1
	.byte	48                              @ DW_OP_lit0
	.byte	159                             @ DW_OP_stack_value
	.byte	147                             @ DW_OP_piece
	.byte	2                               @ 2
	.long	.Ltmp42-.Lfunc_begin2
	.long	.Ltmp46-.Lfunc_begin2
	.short	14                              @ Loc expr size
	.byte	16                              @ DW_OP_constu
	.byte	83                              @ 83
	.byte	159                             @ DW_OP_stack_value
	.byte	147                             @ DW_OP_piece
	.byte	1                               @ 1
	.byte	16                              @ DW_OP_constu
	.byte	85                              @ 85
	.byte	159                             @ DW_OP_stack_value
	.byte	147                             @ DW_OP_piece
	.byte	1                               @ 1
	.byte	48                              @ DW_OP_lit0
	.byte	159                             @ DW_OP_stack_value
	.byte	147                             @ DW_OP_piece
	.byte	2                               @ 2
	.long	0
	.long	0
.Ldebug_loc13:
	.long	-1
	.long	.Lfunc_begin2                   @   base address
	.long	.Ltmp41-.Lfunc_begin2
	.long	.Ltmp44-.Lfunc_begin2
	.short	1                               @ Loc expr size
	.byte	80                              @ DW_OP_reg0
	.long	0
	.long	0
.Ldebug_loc14:
	.long	-1
	.long	.Lfunc_begin4                   @   base address
	.long	.Lfunc_begin4-.Lfunc_begin4
	.long	.Ltmp56-.Lfunc_begin4
	.short	1                               @ Loc expr size
	.byte	80                              @ DW_OP_reg0
	.long	.Ltmp56-.Lfunc_begin4
	.long	.Lfunc_end4-.Lfunc_begin4
	.short	4                               @ Loc expr size
	.byte	243                             @ DW_OP_GNU_entry_value
	.byte	1                               @ 1
	.byte	80                              @ DW_OP_reg0
	.byte	159                             @ DW_OP_stack_value
	.long	0
	.long	0
.Ldebug_loc15:
	.long	-1
	.long	.Lfunc_begin4                   @   base address
	.long	.Lfunc_begin4-.Lfunc_begin4
	.long	.Ltmp54-.Lfunc_begin4
	.short	12                              @ Loc expr size
	.byte	48                              @ DW_OP_lit0
	.byte	159                             @ DW_OP_stack_value
	.byte	147                             @ DW_OP_piece
	.byte	1                               @ 1
	.byte	48                              @ DW_OP_lit0
	.byte	159                             @ DW_OP_stack_value
	.byte	147                             @ DW_OP_piece
	.byte	1                               @ 1
	.byte	48                              @ DW_OP_lit0
	.byte	159                             @ DW_OP_stack_value
	.byte	147                             @ DW_OP_piece
	.byte	2                               @ 2
	.long	.Ltmp54-.Lfunc_begin4
	.long	.Lfunc_end4-.Lfunc_begin4
	.short	14                              @ Loc expr size
	.byte	16                              @ DW_OP_constu
	.byte	83                              @ 83
	.byte	159                             @ DW_OP_stack_value
	.byte	147                             @ DW_OP_piece
	.byte	1                               @ 1
	.byte	16                              @ DW_OP_constu
	.byte	85                              @ 85
	.byte	159                             @ DW_OP_stack_value
	.byte	147                             @ DW_OP_piece
	.byte	1                               @ 1
	.byte	48                              @ DW_OP_lit0
	.byte	159                             @ DW_OP_stack_value
	.byte	147                             @ DW_OP_piece
	.byte	2                               @ 2
	.long	0
	.long	0
.Ldebug_loc16:
	.long	-1
	.long	.Lfunc_begin4                   @   base address
	.long	.Lfunc_begin4-.Lfunc_begin4
	.long	.Ltmp55-.Lfunc_begin4
	.short	16                              @ Loc expr size
	.byte	48                              @ DW_OP_lit0
	.byte	159                             @ DW_OP_stack_value
	.byte	147                             @ DW_OP_piece
	.byte	1                               @ 1
	.byte	48                              @ DW_OP_lit0
	.byte	159                             @ DW_OP_stack_value
	.byte	147                             @ DW_OP_piece
	.byte	1                               @ 1
	.byte	48                              @ DW_OP_lit0
	.byte	159                             @ DW_OP_stack_value
	.byte	147                             @ DW_OP_piece
	.byte	1                               @ 1
	.byte	48                              @ DW_OP_lit0
	.byte	159                             @ DW_OP_stack_value
	.byte	147                             @ DW_OP_piece
	.byte	1                               @ 1
	.long	.Ltmp55-.Lfunc_begin4
	.long	.Lfunc_end4-.Lfunc_begin4
	.short	17                              @ Loc expr size
	.byte	16                              @ DW_OP_constu
	.byte	32                              @ 32
	.byte	159                             @ DW_OP_stack_value
	.byte	147                             @ DW_OP_piece
	.byte	1                               @ 1
	.byte	48                              @ DW_OP_lit0
	.byte	159                             @ DW_OP_stack_value
	.byte	147                             @ DW_OP_piece
	.byte	1                               @ 1
	.byte	79                              @ DW_OP_lit31
	.byte	159                             @ DW_OP_stack_value
	.byte	147                             @ DW_OP_piece
	.byte	1                               @ 1
	.byte	63                              @ DW_OP_lit15
	.byte	159                             @ DW_OP_stack_value
	.byte	147                             @ DW_OP_piece
	.byte	1                               @ 1
	.long	0
	.long	0
.Ldebug_loc17:
	.long	-1
	.long	.Lfunc_begin4                   @   base address
	.long	.Lfunc_begin4-.Lfunc_begin4
	.long	.Ltmp55-.Lfunc_begin4
	.short	16                              @ Loc expr size
	.byte	48                              @ DW_OP_lit0
	.byte	159                             @ DW_OP_stack_value
	.byte	147                             @ DW_OP_piece
	.byte	1                               @ 1
	.byte	48                              @ DW_OP_lit0
	.byte	159                             @ DW_OP_stack_value
	.byte	147                             @ DW_OP_piece
	.byte	1                               @ 1
	.byte	48                              @ DW_OP_lit0
	.byte	159                             @ DW_OP_stack_value
	.byte	147                             @ DW_OP_piece
	.byte	1                               @ 1
	.byte	48                              @ DW_OP_lit0
	.byte	159                             @ DW_OP_stack_value
	.byte	147                             @ DW_OP_piece
	.byte	1                               @ 1
	.long	.Ltmp55-.Lfunc_begin4
	.long	.Lfunc_end4-.Lfunc_begin4
	.short	17                              @ Loc expr size
	.byte	16                              @ DW_OP_constu
	.byte	32                              @ 32
	.byte	159                             @ DW_OP_stack_value
	.byte	147                             @ DW_OP_piece
	.byte	1                               @ 1
	.byte	48                              @ DW_OP_lit0
	.byte	159                             @ DW_OP_stack_value
	.byte	147                             @ DW_OP_piece
	.byte	1                               @ 1
	.byte	79                              @ DW_OP_lit31
	.byte	159                             @ DW_OP_stack_value
	.byte	147                             @ DW_OP_piece
	.byte	1                               @ 1
	.byte	63                              @ DW_OP_lit15
	.byte	159                             @ DW_OP_stack_value
	.byte	147                             @ DW_OP_piece
	.byte	1                               @ 1
	.long	0
	.long	0
.Ldebug_loc18:
	.long	-1
	.long	.Lfunc_begin4                   @   base address
	.long	.Lfunc_begin4-.Lfunc_begin4
	.long	.Ltmp55-.Lfunc_begin4
	.short	16                              @ Loc expr size
	.byte	48                              @ DW_OP_lit0
	.byte	159                             @ DW_OP_stack_value
	.byte	147                             @ DW_OP_piece
	.byte	1                               @ 1
	.byte	48                              @ DW_OP_lit0
	.byte	159                             @ DW_OP_stack_value
	.byte	147                             @ DW_OP_piece
	.byte	1                               @ 1
	.byte	48                              @ DW_OP_lit0
	.byte	159                             @ DW_OP_stack_value
	.byte	147                             @ DW_OP_piece
	.byte	1                               @ 1
	.byte	48                              @ DW_OP_lit0
	.byte	159                             @ DW_OP_stack_value
	.byte	147                             @ DW_OP_piece
	.byte	1                               @ 1
	.long	.Ltmp55-.Lfunc_begin4
	.long	.Lfunc_end4-.Lfunc_begin4
	.short	17                              @ Loc expr size
	.byte	16                              @ DW_OP_constu
	.byte	32                              @ 32
	.byte	159                             @ DW_OP_stack_value
	.byte	147                             @ DW_OP_piece
	.byte	1                               @ 1
	.byte	48                              @ DW_OP_lit0
	.byte	159                             @ DW_OP_stack_value
	.byte	147                             @ DW_OP_piece
	.byte	1                               @ 1
	.byte	79                              @ DW_OP_lit31
	.byte	159                             @ DW_OP_stack_value
	.byte	147                             @ DW_OP_piece
	.byte	1                               @ 1
	.byte	63                              @ DW_OP_lit15
	.byte	159                             @ DW_OP_stack_value
	.byte	147                             @ DW_OP_piece
	.byte	1                               @ 1
	.long	0
	.long	0
.Ldebug_loc19:
	.long	-1
	.long	.Lfunc_begin4                   @   base address
	.long	.Lfunc_begin4-.Lfunc_begin4
	.long	.Ltmp55-.Lfunc_begin4
	.short	16                              @ Loc expr size
	.byte	48                              @ DW_OP_lit0
	.byte	159                             @ DW_OP_stack_value
	.byte	147                             @ DW_OP_piece
	.byte	1                               @ 1
	.byte	48                              @ DW_OP_lit0
	.byte	159                             @ DW_OP_stack_value
	.byte	147                             @ DW_OP_piece
	.byte	1                               @ 1
	.byte	48                              @ DW_OP_lit0
	.byte	159                             @ DW_OP_stack_value
	.byte	147                             @ DW_OP_piece
	.byte	1                               @ 1
	.byte	48                              @ DW_OP_lit0
	.byte	159                             @ DW_OP_stack_value
	.byte	147                             @ DW_OP_piece
	.byte	1                               @ 1
	.long	.Ltmp55-.Lfunc_begin4
	.long	.Lfunc_end4-.Lfunc_begin4
	.short	17                              @ Loc expr size
	.byte	16                              @ DW_OP_constu
	.byte	32                              @ 32
	.byte	159                             @ DW_OP_stack_value
	.byte	147                             @ DW_OP_piece
	.byte	1                               @ 1
	.byte	48                              @ DW_OP_lit0
	.byte	159                             @ DW_OP_stack_value
	.byte	147                             @ DW_OP_piece
	.byte	1                               @ 1
	.byte	79                              @ DW_OP_lit31
	.byte	159                             @ DW_OP_stack_value
	.byte	147                             @ DW_OP_piece
	.byte	1                               @ 1
	.byte	63                              @ DW_OP_lit15
	.byte	159                             @ DW_OP_stack_value
	.byte	147                             @ DW_OP_piece
	.byte	1                               @ 1
	.long	0
	.long	0
.Ldebug_loc20:
	.long	-1
	.long	.Lfunc_begin5                   @   base address
	.long	.Lfunc_begin5-.Lfunc_begin5
	.long	.Ltmp62-.Lfunc_begin5
	.short	1                               @ Loc expr size
	.byte	80                              @ DW_OP_reg0
	.long	.Ltmp62-.Lfunc_begin5
	.long	.Ltmp134-.Lfunc_begin5
	.short	1                               @ Loc expr size
	.byte	84                              @ DW_OP_reg4
	.long	.Ltmp134-.Lfunc_begin5
	.long	.Ltmp136-.Lfunc_begin5
	.short	1                               @ Loc expr size
	.byte	80                              @ DW_OP_reg0
	.long	.Ltmp138-.Lfunc_begin5
	.long	.Ltmp141-.Lfunc_begin5
	.short	1                               @ Loc expr size
	.byte	84                              @ DW_OP_reg4
	.long	0
	.long	0
.Ldebug_loc21:
	.long	-1
	.long	.Lfunc_begin5                   @   base address
	.long	.Lfunc_begin5-.Lfunc_begin5
	.long	.Ltmp63-.Lfunc_begin5
	.short	1                               @ Loc expr size
	.byte	81                              @ DW_OP_reg1
	.long	.Ltmp63-.Lfunc_begin5
	.long	.Ltmp134-.Lfunc_begin5
	.short	4                               @ Loc expr size
	.byte	243                             @ DW_OP_GNU_entry_value
	.byte	1                               @ 1
	.byte	81                              @ DW_OP_reg1
	.byte	159                             @ DW_OP_stack_value
	.long	.Ltmp134-.Lfunc_begin5
	.long	.Ltmp135-.Lfunc_begin5
	.short	1                               @ Loc expr size
	.byte	81                              @ DW_OP_reg1
	.long	.Ltmp135-.Lfunc_begin5
	.long	.Ltmp141-.Lfunc_begin5
	.short	4                               @ Loc expr size
	.byte	243                             @ DW_OP_GNU_entry_value
	.byte	1                               @ 1
	.byte	81                              @ DW_OP_reg1
	.byte	159                             @ DW_OP_stack_value
	.long	0
	.long	0
.Ldebug_loc22:
	.long	-1
	.long	.Lfunc_begin5                   @   base address
	.long	.Lfunc_begin5-.Lfunc_begin5
	.long	.Ltmp61-.Lfunc_begin5
	.short	1                               @ Loc expr size
	.byte	82                              @ DW_OP_reg2
	.long	.Ltmp61-.Lfunc_begin5
	.long	.Ltmp134-.Lfunc_begin5
	.short	1                               @ Loc expr size
	.byte	86                              @ DW_OP_reg6
	.long	.Ltmp134-.Lfunc_begin5
	.long	.Ltmp137-.Lfunc_begin5
	.short	1                               @ Loc expr size
	.byte	82                              @ DW_OP_reg2
	.long	.Ltmp137-.Lfunc_begin5
	.long	.Ltmp138-.Lfunc_begin5
	.short	4                               @ Loc expr size
	.byte	243                             @ DW_OP_GNU_entry_value
	.byte	1                               @ 1
	.byte	82                              @ DW_OP_reg2
	.byte	159                             @ DW_OP_stack_value
	.long	.Ltmp138-.Lfunc_begin5
	.long	.Ltmp141-.Lfunc_begin5
	.short	1                               @ Loc expr size
	.byte	86                              @ DW_OP_reg6
	.long	0
	.long	0
.Ldebug_loc23:
	.long	-1
	.long	.Lfunc_begin5                   @   base address
	.long	.Lfunc_begin5-.Lfunc_begin5
	.long	.Ltmp64-.Lfunc_begin5
	.short	1                               @ Loc expr size
	.byte	83                              @ DW_OP_reg3
	.long	.Ltmp64-.Lfunc_begin5
	.long	.Ltmp134-.Lfunc_begin5
	.short	1                               @ Loc expr size
	.byte	85                              @ DW_OP_reg5
	.long	.Ltmp134-.Lfunc_begin5
	.long	.Ltmp138-.Lfunc_begin5
	.short	1                               @ Loc expr size
	.byte	83                              @ DW_OP_reg3
	.long	.Ltmp138-.Lfunc_begin5
	.long	.Ltmp141-.Lfunc_begin5
	.short	1                               @ Loc expr size
	.byte	85                              @ DW_OP_reg5
	.long	0
	.long	0
.Ldebug_loc24:
	.long	-1
	.long	.Lfunc_begin5                   @   base address
	.long	.Ltmp65-.Lfunc_begin5
	.long	.Ltmp66-.Lfunc_begin5
	.short	5                               @ Loc expr size
	.byte	147                             @ DW_OP_piece
	.byte	4                               @ 4
	.byte	81                              @ DW_OP_reg1
	.byte	147                             @ DW_OP_piece
	.byte	4                               @ 4
	.long	.Ltmp66-.Lfunc_begin5
	.long	.Ltmp68-.Lfunc_begin5
	.short	6                               @ Loc expr size
	.byte	80                              @ DW_OP_reg0
	.byte	147                             @ DW_OP_piece
	.byte	4                               @ 4
	.byte	81                              @ DW_OP_reg1
	.byte	147                             @ DW_OP_piece
	.byte	4                               @ 4
	.long	.Ltmp68-.Lfunc_begin5
	.long	.Ltmp70-.Lfunc_begin5
	.short	3                               @ Loc expr size
	.byte	80                              @ DW_OP_reg0
	.byte	147                             @ DW_OP_piece
	.byte	4                               @ 4
	.long	.Ltmp138-.Lfunc_begin5
	.long	.Ltmp139-.Lfunc_begin5
	.short	6                               @ Loc expr size
	.byte	80                              @ DW_OP_reg0
	.byte	147                             @ DW_OP_piece
	.byte	4                               @ 4
	.byte	81                              @ DW_OP_reg1
	.byte	147                             @ DW_OP_piece
	.byte	4                               @ 4
	.long	.Ltmp139-.Lfunc_begin5
	.long	.Ltmp140-.Lfunc_begin5
	.short	3                               @ Loc expr size
	.byte	80                              @ DW_OP_reg0
	.byte	147                             @ DW_OP_piece
	.byte	4                               @ 4
	.long	0
	.long	0
.Ldebug_loc25:
	.long	-1
	.long	.Lfunc_begin5                   @   base address
	.long	.Ltmp71-.Lfunc_begin5
	.long	.Ltmp78-.Lfunc_begin5
	.short	3                               @ Loc expr size
	.byte	17                              @ DW_OP_consts
	.byte	0                               @ 0
	.byte	159                             @ DW_OP_stack_value
	.long	.Ltmp78-.Lfunc_begin5
	.long	.Ltmp86-.Lfunc_begin5
	.short	3                               @ Loc expr size
	.byte	17                              @ DW_OP_consts
	.byte	1                               @ 1
	.byte	159                             @ DW_OP_stack_value
	.long	.Ltmp86-.Lfunc_begin5
	.long	.Ltmp94-.Lfunc_begin5
	.short	3                               @ Loc expr size
	.byte	17                              @ DW_OP_consts
	.byte	2                               @ 2
	.byte	159                             @ DW_OP_stack_value
	.long	.Ltmp94-.Lfunc_begin5
	.long	.Ltmp101-.Lfunc_begin5
	.short	3                               @ Loc expr size
	.byte	17                              @ DW_OP_consts
	.byte	3                               @ 3
	.byte	159                             @ DW_OP_stack_value
	.long	.Ltmp101-.Lfunc_begin5
	.long	.Ltmp108-.Lfunc_begin5
	.short	3                               @ Loc expr size
	.byte	17                              @ DW_OP_consts
	.byte	4                               @ 4
	.byte	159                             @ DW_OP_stack_value
	.long	.Ltmp108-.Lfunc_begin5
	.long	.Ltmp115-.Lfunc_begin5
	.short	3                               @ Loc expr size
	.byte	17                              @ DW_OP_consts
	.byte	5                               @ 5
	.byte	159                             @ DW_OP_stack_value
	.long	.Ltmp115-.Lfunc_begin5
	.long	.Ltmp122-.Lfunc_begin5
	.short	3                               @ Loc expr size
	.byte	17                              @ DW_OP_consts
	.byte	6                               @ 6
	.byte	159                             @ DW_OP_stack_value
	.long	.Ltmp122-.Lfunc_begin5
	.long	.Ltmp128-.Lfunc_begin5
	.short	3                               @ Loc expr size
	.byte	17                              @ DW_OP_consts
	.byte	7                               @ 7
	.byte	159                             @ DW_OP_stack_value
	.long	0
	.long	0
.Ldebug_loc26:
	.long	-1
	.long	.Lfunc_begin5                   @   base address
	.long	.Ltmp73-.Lfunc_begin5
	.long	.Ltmp74-.Lfunc_begin5
	.short	5                               @ Loc expr size
	.byte	147                             @ DW_OP_piece
	.byte	4                               @ 4
	.byte	81                              @ DW_OP_reg1
	.byte	147                             @ DW_OP_piece
	.byte	4                               @ 4
	.long	.Ltmp74-.Lfunc_begin5
	.long	.Ltmp76-.Lfunc_begin5
	.short	6                               @ Loc expr size
	.byte	80                              @ DW_OP_reg0
	.byte	147                             @ DW_OP_piece
	.byte	4                               @ 4
	.byte	81                              @ DW_OP_reg1
	.byte	147                             @ DW_OP_piece
	.byte	4                               @ 4
	.long	.Ltmp76-.Lfunc_begin5
	.long	.Ltmp80-.Lfunc_begin5
	.short	3                               @ Loc expr size
	.byte	80                              @ DW_OP_reg0
	.byte	147                             @ DW_OP_piece
	.byte	4                               @ 4
	.long	.Ltmp81-.Lfunc_begin5
	.long	.Ltmp82-.Lfunc_begin5
	.short	5                               @ Loc expr size
	.byte	147                             @ DW_OP_piece
	.byte	4                               @ 4
	.byte	81                              @ DW_OP_reg1
	.byte	147                             @ DW_OP_piece
	.byte	4                               @ 4
	.long	.Ltmp82-.Lfunc_begin5
	.long	.Ltmp84-.Lfunc_begin5
	.short	6                               @ Loc expr size
	.byte	80                              @ DW_OP_reg0
	.byte	147                             @ DW_OP_piece
	.byte	4                               @ 4
	.byte	81                              @ DW_OP_reg1
	.byte	147                             @ DW_OP_piece
	.byte	4                               @ 4
	.long	.Ltmp84-.Lfunc_begin5
	.long	.Ltmp88-.Lfunc_begin5
	.short	3                               @ Loc expr size
	.byte	80                              @ DW_OP_reg0
	.byte	147                             @ DW_OP_piece
	.byte	4                               @ 4
	.long	.Ltmp89-.Lfunc_begin5
	.long	.Ltmp90-.Lfunc_begin5
	.short	5                               @ Loc expr size
	.byte	147                             @ DW_OP_piece
	.byte	4                               @ 4
	.byte	81                              @ DW_OP_reg1
	.byte	147                             @ DW_OP_piece
	.byte	4                               @ 4
	.long	.Ltmp90-.Lfunc_begin5
	.long	.Ltmp92-.Lfunc_begin5
	.short	6                               @ Loc expr size
	.byte	80                              @ DW_OP_reg0
	.byte	147                             @ DW_OP_piece
	.byte	4                               @ 4
	.byte	81                              @ DW_OP_reg1
	.byte	147                             @ DW_OP_piece
	.byte	4                               @ 4
	.long	.Ltmp92-.Lfunc_begin5
	.long	.Ltmp96-.Lfunc_begin5
	.short	3                               @ Loc expr size
	.byte	80                              @ DW_OP_reg0
	.byte	147                             @ DW_OP_piece
	.byte	4                               @ 4
	.long	.Ltmp97-.Lfunc_begin5
	.long	.Ltmp99-.Lfunc_begin5
	.short	6                               @ Loc expr size
	.byte	80                              @ DW_OP_reg0
	.byte	147                             @ DW_OP_piece
	.byte	4                               @ 4
	.byte	81                              @ DW_OP_reg1
	.byte	147                             @ DW_OP_piece
	.byte	4                               @ 4
	.long	.Ltmp99-.Lfunc_begin5
	.long	.Ltmp103-.Lfunc_begin5
	.short	3                               @ Loc expr size
	.byte	80                              @ DW_OP_reg0
	.byte	147                             @ DW_OP_piece
	.byte	4                               @ 4
	.long	.Ltmp104-.Lfunc_begin5
	.long	.Ltmp106-.Lfunc_begin5
	.short	6                               @ Loc expr size
	.byte	80                              @ DW_OP_reg0
	.byte	147                             @ DW_OP_piece
	.byte	4                               @ 4
	.byte	81                              @ DW_OP_reg1
	.byte	147                             @ DW_OP_piece
	.byte	4                               @ 4
	.long	.Ltmp106-.Lfunc_begin5
	.long	.Ltmp110-.Lfunc_begin5
	.short	3                               @ Loc expr size
	.byte	80                              @ DW_OP_reg0
	.byte	147                             @ DW_OP_piece
	.byte	4                               @ 4
	.long	.Ltmp111-.Lfunc_begin5
	.long	.Ltmp113-.Lfunc_begin5
	.short	6                               @ Loc expr size
	.byte	80                              @ DW_OP_reg0
	.byte	147                             @ DW_OP_piece
	.byte	4                               @ 4
	.byte	81                              @ DW_OP_reg1
	.byte	147                             @ DW_OP_piece
	.byte	4                               @ 4
	.long	.Ltmp113-.Lfunc_begin5
	.long	.Ltmp117-.Lfunc_begin5
	.short	3                               @ Loc expr size
	.byte	80                              @ DW_OP_reg0
	.byte	147                             @ DW_OP_piece
	.byte	4                               @ 4
	.long	.Ltmp118-.Lfunc_begin5
	.long	.Ltmp120-.Lfunc_begin5
	.short	6                               @ Loc expr size
	.byte	80                              @ DW_OP_reg0
	.byte	147                             @ DW_OP_piece
	.byte	4                               @ 4
	.byte	81                              @ DW_OP_reg1
	.byte	147                             @ DW_OP_piece
	.byte	4                               @ 4
	.long	.Ltmp120-.Lfunc_begin5
	.long	.Ltmp124-.Lfunc_begin5
	.short	3                               @ Loc expr size
	.byte	80                              @ DW_OP_reg0
	.byte	147                             @ DW_OP_piece
	.byte	4                               @ 4
	.long	.Ltmp125-.Lfunc_begin5
	.long	.Ltmp127-.Lfunc_begin5
	.short	6                               @ Loc expr size
	.byte	80                              @ DW_OP_reg0
	.byte	147                             @ DW_OP_piece
	.byte	4                               @ 4
	.byte	81                              @ DW_OP_reg1
	.byte	147                             @ DW_OP_piece
	.byte	4                               @ 4
	.long	.Ltmp127-.Lfunc_begin5
	.long	.Ltmp128-.Lfunc_begin5
	.short	3                               @ Loc expr size
	.byte	80                              @ DW_OP_reg0
	.byte	147                             @ DW_OP_piece
	.byte	4                               @ 4
	.long	.Ltmp131-.Lfunc_begin5
	.long	.Ltmp132-.Lfunc_begin5
	.short	6                               @ Loc expr size
	.byte	80                              @ DW_OP_reg0
	.byte	147                             @ DW_OP_piece
	.byte	4                               @ 4
	.byte	81                              @ DW_OP_reg1
	.byte	147                             @ DW_OP_piece
	.byte	4                               @ 4
	.long	.Ltmp132-.Lfunc_begin5
	.long	.Ltmp133-.Lfunc_begin5
	.short	3                               @ Loc expr size
	.byte	80                              @ DW_OP_reg0
	.byte	147                             @ DW_OP_piece
	.byte	4                               @ 4
	.long	0
	.long	0
.Ldebug_loc27:
	.long	-1
	.long	.Lfunc_begin5                   @   base address
	.long	.Ltmp129-.Lfunc_begin5
	.long	.Ltmp130-.Lfunc_begin5
	.short	6                               @ Loc expr size
	.byte	147                             @ DW_OP_piece
	.byte	2                               @ 2
	.byte	48                              @ DW_OP_lit0
	.byte	159                             @ DW_OP_stack_value
	.byte	147                             @ DW_OP_piece
	.byte	2                               @ 2
	.long	.Ltmp130-.Lfunc_begin5
	.long	.Ltmp131-.Lfunc_begin5
	.short	7                               @ Loc expr size
	.byte	81                              @ DW_OP_reg1
	.byte	147                             @ DW_OP_piece
	.byte	2                               @ 2
	.byte	48                              @ DW_OP_lit0
	.byte	159                             @ DW_OP_stack_value
	.byte	147                             @ DW_OP_piece
	.byte	2                               @ 2
	.long	0
	.long	0
.Ldebug_loc28:
	.long	-1
	.long	.Lfunc_begin6                   @   base address
	.long	.Lfunc_begin6-.Lfunc_begin6
	.long	.Ltmp142-.Lfunc_begin6
	.short	1                               @ Loc expr size
	.byte	80                              @ DW_OP_reg0
	.long	.Ltmp142-.Lfunc_begin6
	.long	.Ltmp145-.Lfunc_begin6
	.short	1                               @ Loc expr size
	.byte	85                              @ DW_OP_reg5
	.long	.Ltmp145-.Lfunc_begin6
	.long	.Ltmp147-.Lfunc_begin6
	.short	4                               @ Loc expr size
	.byte	243                             @ DW_OP_GNU_entry_value
	.byte	1                               @ 1
	.byte	80                              @ DW_OP_reg0
	.byte	159                             @ DW_OP_stack_value
	.long	0
	.long	0
.Ldebug_loc29:
	.long	-1
	.long	.Lfunc_begin7                   @   base address
	.long	.Lfunc_begin7-.Lfunc_begin7
	.long	.Ltmp151-.Lfunc_begin7
	.short	1                               @ Loc expr size
	.byte	80                              @ DW_OP_reg0
	.long	.Ltmp151-.Lfunc_begin7
	.long	.Lfunc_end7-.Lfunc_begin7
	.short	4                               @ Loc expr size
	.byte	243                             @ DW_OP_GNU_entry_value
	.byte	1                               @ 1
	.byte	80                              @ DW_OP_reg0
	.byte	159                             @ DW_OP_stack_value
	.long	0
	.long	0
.Ldebug_loc30:
	.long	-1
	.long	.Lfunc_begin7                   @   base address
	.long	.Ltmp148-.Lfunc_begin7
	.long	.Ltmp149-.Lfunc_begin7
	.short	6                               @ Loc expr size
	.byte	147                             @ DW_OP_piece
	.byte	2                               @ 2
	.byte	48                              @ DW_OP_lit0
	.byte	159                             @ DW_OP_stack_value
	.byte	147                             @ DW_OP_piece
	.byte	2                               @ 2
	.long	.Ltmp149-.Lfunc_begin7
	.long	.Lfunc_end7-.Lfunc_begin7
	.short	7                               @ Loc expr size
	.byte	82                              @ DW_OP_reg2
	.byte	147                             @ DW_OP_piece
	.byte	2                               @ 2
	.byte	48                              @ DW_OP_lit0
	.byte	159                             @ DW_OP_stack_value
	.byte	147                             @ DW_OP_piece
	.byte	2                               @ 2
	.long	0
	.long	0
.Ldebug_loc31:
	.long	-1
	.long	.Lfunc_begin8                   @   base address
	.long	.Lfunc_begin8-.Lfunc_begin8
	.long	.Ltmp157-.Lfunc_begin8
	.short	1                               @ Loc expr size
	.byte	80                              @ DW_OP_reg0
	.long	.Ltmp157-.Lfunc_begin8
	.long	.Lfunc_end8-.Lfunc_begin8
	.short	4                               @ Loc expr size
	.byte	243                             @ DW_OP_GNU_entry_value
	.byte	1                               @ 1
	.byte	80                              @ DW_OP_reg0
	.byte	159                             @ DW_OP_stack_value
	.long	0
	.long	0
.Ldebug_loc32:
	.long	-1
	.long	.Lfunc_begin9                   @   base address
	.long	.Lfunc_begin9-.Lfunc_begin9
	.long	.Ltmp162-.Lfunc_begin9
	.short	1                               @ Loc expr size
	.byte	80                              @ DW_OP_reg0
	.long	.Ltmp162-.Lfunc_begin9
	.long	.Lfunc_end9-.Lfunc_begin9
	.short	4                               @ Loc expr size
	.byte	243                             @ DW_OP_GNU_entry_value
	.byte	1                               @ 1
	.byte	80                              @ DW_OP_reg0
	.byte	159                             @ DW_OP_stack_value
	.long	0
	.long	0
.Ldebug_loc33:
	.long	-1
	.long	.Lfunc_begin9                   @   base address
	.long	.Ltmp163-.Lfunc_begin9
	.long	.Ltmp165-.Lfunc_begin9
	.short	19                              @ Loc expr size
	.byte	114                             @ DW_OP_breg2
	.byte	0                               @ 0
	.byte	159                             @ DW_OP_stack_value
	.byte	147                             @ DW_OP_piece
	.byte	1                               @ 1
	.byte	114                             @ DW_OP_breg2
	.byte	0                               @ 0
	.byte	56                              @ DW_OP_lit8
	.byte	37                              @ DW_OP_shr
	.byte	159                             @ DW_OP_stack_value
	.byte	147                             @ DW_OP_piece
	.byte	1                               @ 1
	.byte	114                             @ DW_OP_breg2
	.byte	0                               @ 0
	.byte	64                              @ DW_OP_lit16
	.byte	37                              @ DW_OP_shr
	.byte	159                             @ DW_OP_stack_value
	.byte	147                             @ DW_OP_piece
	.byte	2                               @ 2
	.long	0
	.long	0
.Ldebug_loc34:
	.long	-1
	.long	.Lfunc_begin9                   @   base address
	.long	.Ltmp164-.Lfunc_begin9
	.long	.Ltmp166-.Lfunc_begin9
	.short	5                               @ Loc expr size
	.byte	112                             @ DW_OP_breg0
	.byte	0                               @ 0
	.byte	159                             @ DW_OP_stack_value
	.byte	147                             @ DW_OP_piece
	.byte	1                               @ 1
	.long	0
	.long	0
.Ldebug_loc35:
	.long	-1
	.long	.Lfunc_begin10                  @   base address
	.long	.Lfunc_begin10-.Lfunc_begin10
	.long	.Ltmp169-.Lfunc_begin10
	.short	1                               @ Loc expr size
	.byte	80                              @ DW_OP_reg0
	.long	.Ltmp169-.Lfunc_begin10
	.long	.Lfunc_end10-.Lfunc_begin10
	.short	4                               @ Loc expr size
	.byte	243                             @ DW_OP_GNU_entry_value
	.byte	1                               @ 1
	.byte	80                              @ DW_OP_reg0
	.byte	159                             @ DW_OP_stack_value
	.long	0
	.long	0
.Ldebug_loc36:
	.long	-1
	.long	.Lfunc_begin10                  @   base address
	.long	.Lfunc_begin10-.Lfunc_begin10
	.long	.Ltmp171-.Lfunc_begin10
	.short	1                               @ Loc expr size
	.byte	82                              @ DW_OP_reg2
	.long	.Ltmp171-.Lfunc_begin10
	.long	.Lfunc_end10-.Lfunc_begin10
	.short	4                               @ Loc expr size
	.byte	243                             @ DW_OP_GNU_entry_value
	.byte	1                               @ 1
	.byte	82                              @ DW_OP_reg2
	.byte	159                             @ DW_OP_stack_value
	.long	0
	.long	0
.Ldebug_loc37:
	.long	-1
	.long	.Lfunc_begin10                  @   base address
	.long	.Ltmp168-.Lfunc_begin10
	.long	.Ltmp169-.Lfunc_begin10
	.short	8                               @ Loc expr size
	.byte	48                              @ DW_OP_lit0
	.byte	159                             @ DW_OP_stack_value
	.byte	147                             @ DW_OP_piece
	.byte	2                               @ 2
	.byte	48                              @ DW_OP_lit0
	.byte	159                             @ DW_OP_stack_value
	.byte	147                             @ DW_OP_piece
	.byte	2                               @ 2
	.long	.Ltmp169-.Lfunc_begin10
	.long	.Ltmp170-.Lfunc_begin10
	.short	6                               @ Loc expr size
	.byte	147                             @ DW_OP_piece
	.byte	2                               @ 2
	.byte	48                              @ DW_OP_lit0
	.byte	159                             @ DW_OP_stack_value
	.byte	147                             @ DW_OP_piece
	.byte	2                               @ 2
	.long	.Ltmp170-.Lfunc_begin10
	.long	.Lfunc_end10-.Lfunc_begin10
	.short	7                               @ Loc expr size
	.byte	83                              @ DW_OP_reg3
	.byte	147                             @ DW_OP_piece
	.byte	2                               @ 2
	.byte	48                              @ DW_OP_lit0
	.byte	159                             @ DW_OP_stack_value
	.byte	147                             @ DW_OP_piece
	.byte	2                               @ 2
	.long	0
	.long	0
.Ldebug_loc38:
	.long	-1
	.long	.Lfunc_begin11                  @   base address
	.long	.Lfunc_begin11-.Lfunc_begin11
	.long	.Ltmp175-.Lfunc_begin11
	.short	1                               @ Loc expr size
	.byte	80                              @ DW_OP_reg0
	.long	.Ltmp175-.Lfunc_begin11
	.long	.Lfunc_end11-.Lfunc_begin11
	.short	4                               @ Loc expr size
	.byte	243                             @ DW_OP_GNU_entry_value
	.byte	1                               @ 1
	.byte	80                              @ DW_OP_reg0
	.byte	159                             @ DW_OP_stack_value
	.long	0
	.long	0
.Ldebug_loc39:
	.long	-1
	.long	.Lfunc_begin11                  @   base address
	.long	.Lfunc_begin11-.Lfunc_begin11
	.long	.Ltmp181-.Lfunc_begin11
	.short	19                              @ Loc expr size
	.byte	113                             @ DW_OP_breg1
	.byte	0                               @ 0
	.byte	159                             @ DW_OP_stack_value
	.byte	147                             @ DW_OP_piece
	.byte	1                               @ 1
	.byte	113                             @ DW_OP_breg1
	.byte	0                               @ 0
	.byte	56                              @ DW_OP_lit8
	.byte	37                              @ DW_OP_shr
	.byte	159                             @ DW_OP_stack_value
	.byte	147                             @ DW_OP_piece
	.byte	1                               @ 1
	.byte	113                             @ DW_OP_breg1
	.byte	0                               @ 0
	.byte	64                              @ DW_OP_lit16
	.byte	37                              @ DW_OP_shr
	.byte	159                             @ DW_OP_stack_value
	.byte	147                             @ DW_OP_piece
	.byte	2                               @ 2
	.long	.Ltmp181-.Lfunc_begin11
	.long	.Ltmp196-.Lfunc_begin11
	.short	19                              @ Loc expr size
	.byte	117                             @ DW_OP_breg5
	.byte	0                               @ 0
	.byte	159                             @ DW_OP_stack_value
	.byte	147                             @ DW_OP_piece
	.byte	1                               @ 1
	.byte	117                             @ DW_OP_breg5
	.byte	0                               @ 0
	.byte	56                              @ DW_OP_lit8
	.byte	37                              @ DW_OP_shr
	.byte	159                             @ DW_OP_stack_value
	.byte	147                             @ DW_OP_piece
	.byte	1                               @ 1
	.byte	117                             @ DW_OP_breg5
	.byte	0                               @ 0
	.byte	64                              @ DW_OP_lit16
	.byte	37                              @ DW_OP_shr
	.byte	159                             @ DW_OP_stack_value
	.byte	147                             @ DW_OP_piece
	.byte	2                               @ 2
	.long	0
	.long	0
.Ldebug_loc40:
	.long	-1
	.long	.Lfunc_begin11                  @   base address
	.long	.Lfunc_begin11-.Lfunc_begin11
	.long	.Ltmp176-.Lfunc_begin11
	.short	5                               @ Loc expr size
	.byte	114                             @ DW_OP_breg2
	.byte	0                               @ 0
	.byte	159                             @ DW_OP_stack_value
	.byte	147                             @ DW_OP_piece
	.byte	2                               @ 2
	.long	.Ltmp176-.Lfunc_begin11
	.long	.Ltmp201-.Lfunc_begin11
	.short	5                               @ Loc expr size
	.byte	121                             @ DW_OP_breg9
	.byte	0                               @ 0
	.byte	159                             @ DW_OP_stack_value
	.byte	147                             @ DW_OP_piece
	.byte	2                               @ 2
	.long	.Ltmp201-.Lfunc_begin11
	.long	.Ltmp202-.Lfunc_begin11
	.short	10                              @ Loc expr size
	.byte	121                             @ DW_OP_breg9
	.byte	0                               @ 0
	.byte	159                             @ DW_OP_stack_value
	.byte	147                             @ DW_OP_piece
	.byte	2                               @ 2
	.byte	118                             @ DW_OP_breg6
	.byte	0                               @ 0
	.byte	159                             @ DW_OP_stack_value
	.byte	147                             @ DW_OP_piece
	.byte	2                               @ 2
	.long	.Ltmp202-.Lfunc_begin11
	.long	.Ltmp205-.Lfunc_begin11
	.short	5                               @ Loc expr size
	.byte	121                             @ DW_OP_breg9
	.byte	0                               @ 0
	.byte	159                             @ DW_OP_stack_value
	.byte	147                             @ DW_OP_piece
	.byte	2                               @ 2
	.long	0
	.long	0
.Ldebug_loc41:
	.long	-1
	.long	.Lfunc_begin11                  @   base address
	.long	.Ltmp176-.Lfunc_begin11
	.long	.Ltmp184-.Lfunc_begin11
	.short	2                               @ Loc expr size
	.byte	49                              @ DW_OP_lit1
	.byte	159                             @ DW_OP_stack_value
	.long	0
	.long	0
.Ldebug_loc42:
	.long	-1
	.long	.Lfunc_begin11                  @   base address
	.long	.Ltmp177-.Lfunc_begin11
	.long	.Ltmp205-.Lfunc_begin11
	.short	19                              @ Loc expr size
	.byte	116                             @ DW_OP_breg4
	.byte	0                               @ 0
	.byte	159                             @ DW_OP_stack_value
	.byte	147                             @ DW_OP_piece
	.byte	1                               @ 1
	.byte	116                             @ DW_OP_breg4
	.byte	0                               @ 0
	.byte	56                              @ DW_OP_lit8
	.byte	37                              @ DW_OP_shr
	.byte	159                             @ DW_OP_stack_value
	.byte	147                             @ DW_OP_piece
	.byte	1                               @ 1
	.byte	116                             @ DW_OP_breg4
	.byte	0                               @ 0
	.byte	64                              @ DW_OP_lit16
	.byte	37                              @ DW_OP_shr
	.byte	159                             @ DW_OP_stack_value
	.byte	147                             @ DW_OP_piece
	.byte	2                               @ 2
	.long	0
	.long	0
.Ldebug_loc43:
	.long	-1
	.long	.Lfunc_begin11                  @   base address
	.long	.Ltmp178-.Lfunc_begin11
	.long	.Ltmp199-.Lfunc_begin11
	.short	5                               @ Loc expr size
	.byte	119                             @ DW_OP_breg7
	.byte	0                               @ 0
	.byte	159                             @ DW_OP_stack_value
	.byte	147                             @ DW_OP_piece
	.byte	2                               @ 2
	.long	.Ltmp199-.Lfunc_begin11
	.long	.Ltmp200-.Lfunc_begin11
	.short	7                               @ Loc expr size
	.byte	147                             @ DW_OP_piece
	.byte	2                               @ 2
	.byte	119                             @ DW_OP_breg7
	.byte	0                               @ 0
	.byte	159                             @ DW_OP_stack_value
	.byte	147                             @ DW_OP_piece
	.byte	2                               @ 2
	.long	0
	.long	0
	.section	.debug_abbrev,"",%progbits
	.byte	1                               @ Abbreviation Code
	.byte	17                              @ DW_TAG_compile_unit
	.byte	1                               @ DW_CHILDREN_yes
	.byte	37                              @ DW_AT_producer
	.byte	14                              @ DW_FORM_strp
	.byte	19                              @ DW_AT_language
	.byte	5                               @ DW_FORM_data2
	.byte	3                               @ DW_AT_name
	.byte	14                              @ DW_FORM_strp
	.byte	16                              @ DW_AT_stmt_list
	.byte	23                              @ DW_FORM_sec_offset
	.byte	27                              @ DW_AT_comp_dir
	.byte	14                              @ DW_FORM_strp
	.byte	17                              @ DW_AT_low_pc
	.byte	1                               @ DW_FORM_addr
	.byte	85                              @ DW_AT_ranges
	.byte	23                              @ DW_FORM_sec_offset
	.byte	0                               @ EOM(1)
	.byte	0                               @ EOM(2)
	.byte	2                               @ Abbreviation Code
	.byte	52                              @ DW_TAG_variable
	.byte	0                               @ DW_CHILDREN_no
	.byte	73                              @ DW_AT_type
	.byte	19                              @ DW_FORM_ref4
	.byte	58                              @ DW_AT_decl_file
	.byte	11                              @ DW_FORM_data1
	.byte	59                              @ DW_AT_decl_line
	.byte	11                              @ DW_FORM_data1
	.byte	2                               @ DW_AT_location
	.byte	24                              @ DW_FORM_exprloc
	.byte	0                               @ EOM(1)
	.byte	0                               @ EOM(2)
	.byte	3                               @ Abbreviation Code
	.byte	1                               @ DW_TAG_array_type
	.byte	1                               @ DW_CHILDREN_yes
	.byte	73                              @ DW_AT_type
	.byte	19                              @ DW_FORM_ref4
	.byte	0                               @ EOM(1)
	.byte	0                               @ EOM(2)
	.byte	4                               @ Abbreviation Code
	.byte	33                              @ DW_TAG_subrange_type
	.byte	0                               @ DW_CHILDREN_no
	.byte	73                              @ DW_AT_type
	.byte	19                              @ DW_FORM_ref4
	.byte	55                              @ DW_AT_count
	.byte	11                              @ DW_FORM_data1
	.byte	0                               @ EOM(1)
	.byte	0                               @ EOM(2)
	.byte	5                               @ Abbreviation Code
	.byte	36                              @ DW_TAG_base_type
	.byte	0                               @ DW_CHILDREN_no
	.byte	3                               @ DW_AT_name
	.byte	14                              @ DW_FORM_strp
	.byte	62                              @ DW_AT_encoding
	.byte	11                              @ DW_FORM_data1
	.byte	11                              @ DW_AT_byte_size
	.byte	11                              @ DW_FORM_data1
	.byte	0                               @ EOM(1)
	.byte	0                               @ EOM(2)
	.byte	6                               @ Abbreviation Code
	.byte	36                              @ DW_TAG_base_type
	.byte	0                               @ DW_CHILDREN_no
	.byte	3                               @ DW_AT_name
	.byte	14                              @ DW_FORM_strp
	.byte	11                              @ DW_AT_byte_size
	.byte	11                              @ DW_FORM_data1
	.byte	62                              @ DW_AT_encoding
	.byte	11                              @ DW_FORM_data1
	.byte	0                               @ EOM(1)
	.byte	0                               @ EOM(2)
	.byte	7                               @ Abbreviation Code
	.byte	52                              @ DW_TAG_variable
	.byte	0                               @ DW_CHILDREN_no
	.byte	73                              @ DW_AT_type
	.byte	19                              @ DW_FORM_ref4
	.byte	58                              @ DW_AT_decl_file
	.byte	11                              @ DW_FORM_data1
	.byte	59                              @ DW_AT_decl_line
	.byte	5                               @ DW_FORM_data2
	.byte	2                               @ DW_AT_location
	.byte	24                              @ DW_FORM_exprloc
	.byte	0                               @ EOM(1)
	.byte	0                               @ EOM(2)
	.byte	8                               @ Abbreviation Code
	.byte	4                               @ DW_TAG_enumeration_type
	.byte	1                               @ DW_CHILDREN_yes
	.byte	73                              @ DW_AT_type
	.byte	19                              @ DW_FORM_ref4
	.byte	3                               @ DW_AT_name
	.byte	14                              @ DW_FORM_strp
	.byte	11                              @ DW_AT_byte_size
	.byte	11                              @ DW_FORM_data1
	.byte	58                              @ DW_AT_decl_file
	.byte	11                              @ DW_FORM_data1
	.byte	59                              @ DW_AT_decl_line
	.byte	11                              @ DW_FORM_data1
	.byte	0                               @ EOM(1)
	.byte	0                               @ EOM(2)
	.byte	9                               @ Abbreviation Code
	.byte	40                              @ DW_TAG_enumerator
	.byte	0                               @ DW_CHILDREN_no
	.byte	3                               @ DW_AT_name
	.byte	14                              @ DW_FORM_strp
	.byte	28                              @ DW_AT_const_value
	.byte	13                              @ DW_FORM_sdata
	.byte	0                               @ EOM(1)
	.byte	0                               @ EOM(2)
	.byte	10                              @ Abbreviation Code
	.byte	4                               @ DW_TAG_enumeration_type
	.byte	1                               @ DW_CHILDREN_yes
	.byte	73                              @ DW_AT_type
	.byte	19                              @ DW_FORM_ref4
	.byte	3                               @ DW_AT_name
	.byte	14                              @ DW_FORM_strp
	.byte	11                              @ DW_AT_byte_size
	.byte	11                              @ DW_FORM_data1
	.byte	58                              @ DW_AT_decl_file
	.byte	11                              @ DW_FORM_data1
	.byte	59                              @ DW_AT_decl_line
	.byte	5                               @ DW_FORM_data2
	.byte	0                               @ EOM(1)
	.byte	0                               @ EOM(2)
	.byte	11                              @ Abbreviation Code
	.byte	40                              @ DW_TAG_enumerator
	.byte	0                               @ DW_CHILDREN_no
	.byte	3                               @ DW_AT_name
	.byte	14                              @ DW_FORM_strp
	.byte	28                              @ DW_AT_const_value
	.byte	15                              @ DW_FORM_udata
	.byte	0                               @ EOM(1)
	.byte	0                               @ EOM(2)
	.byte	12                              @ Abbreviation Code
	.byte	15                              @ DW_TAG_pointer_type
	.byte	0                               @ DW_CHILDREN_no
	.byte	73                              @ DW_AT_type
	.byte	19                              @ DW_FORM_ref4
	.byte	0                               @ EOM(1)
	.byte	0                               @ EOM(2)
	.byte	13                              @ Abbreviation Code
	.byte	53                              @ DW_TAG_volatile_type
	.byte	0                               @ DW_CHILDREN_no
	.byte	73                              @ DW_AT_type
	.byte	19                              @ DW_FORM_ref4
	.byte	0                               @ EOM(1)
	.byte	0                               @ EOM(2)
	.byte	14                              @ Abbreviation Code
	.byte	19                              @ DW_TAG_structure_type
	.byte	1                               @ DW_CHILDREN_yes
	.byte	3                               @ DW_AT_name
	.byte	14                              @ DW_FORM_strp
	.byte	11                              @ DW_AT_byte_size
	.byte	5                               @ DW_FORM_data2
	.byte	58                              @ DW_AT_decl_file
	.byte	11                              @ DW_FORM_data1
	.byte	59                              @ DW_AT_decl_line
	.byte	5                               @ DW_FORM_data2
	.byte	0                               @ EOM(1)
	.byte	0                               @ EOM(2)
	.byte	15                              @ Abbreviation Code
	.byte	13                              @ DW_TAG_member
	.byte	0                               @ DW_CHILDREN_no
	.byte	3                               @ DW_AT_name
	.byte	14                              @ DW_FORM_strp
	.byte	73                              @ DW_AT_type
	.byte	19                              @ DW_FORM_ref4
	.byte	58                              @ DW_AT_decl_file
	.byte	11                              @ DW_FORM_data1
	.byte	59                              @ DW_AT_decl_line
	.byte	5                               @ DW_FORM_data2
	.byte	56                              @ DW_AT_data_member_location
	.byte	11                              @ DW_FORM_data1
	.byte	0                               @ EOM(1)
	.byte	0                               @ EOM(2)
	.byte	16                              @ Abbreviation Code
	.byte	13                              @ DW_TAG_member
	.byte	0                               @ DW_CHILDREN_no
	.byte	3                               @ DW_AT_name
	.byte	14                              @ DW_FORM_strp
	.byte	73                              @ DW_AT_type
	.byte	19                              @ DW_FORM_ref4
	.byte	58                              @ DW_AT_decl_file
	.byte	11                              @ DW_FORM_data1
	.byte	59                              @ DW_AT_decl_line
	.byte	5                               @ DW_FORM_data2
	.byte	56                              @ DW_AT_data_member_location
	.byte	5                               @ DW_FORM_data2
	.byte	0                               @ EOM(1)
	.byte	0                               @ EOM(2)
	.byte	17                              @ Abbreviation Code
	.byte	19                              @ DW_TAG_structure_type
	.byte	1                               @ DW_CHILDREN_yes
	.byte	3                               @ DW_AT_name
	.byte	14                              @ DW_FORM_strp
	.byte	11                              @ DW_AT_byte_size
	.byte	11                              @ DW_FORM_data1
	.byte	58                              @ DW_AT_decl_file
	.byte	11                              @ DW_FORM_data1
	.byte	59                              @ DW_AT_decl_line
	.byte	5                               @ DW_FORM_data2
	.byte	0                               @ EOM(1)
	.byte	0                               @ EOM(2)
	.byte	18                              @ Abbreviation Code
	.byte	13                              @ DW_TAG_member
	.byte	0                               @ DW_CHILDREN_no
	.byte	73                              @ DW_AT_type
	.byte	19                              @ DW_FORM_ref4
	.byte	58                              @ DW_AT_decl_file
	.byte	11                              @ DW_FORM_data1
	.byte	59                              @ DW_AT_decl_line
	.byte	5                               @ DW_FORM_data2
	.byte	56                              @ DW_AT_data_member_location
	.byte	11                              @ DW_FORM_data1
	.byte	0                               @ EOM(1)
	.byte	0                               @ EOM(2)
	.byte	19                              @ Abbreviation Code
	.byte	23                              @ DW_TAG_union_type
	.byte	1                               @ DW_CHILDREN_yes
	.byte	11                              @ DW_AT_byte_size
	.byte	11                              @ DW_FORM_data1
	.byte	58                              @ DW_AT_decl_file
	.byte	11                              @ DW_FORM_data1
	.byte	59                              @ DW_AT_decl_line
	.byte	5                               @ DW_FORM_data2
	.byte	0                               @ EOM(1)
	.byte	0                               @ EOM(2)
	.byte	20                              @ Abbreviation Code
	.byte	19                              @ DW_TAG_structure_type
	.byte	1                               @ DW_CHILDREN_yes
	.byte	11                              @ DW_AT_byte_size
	.byte	11                              @ DW_FORM_data1
	.byte	58                              @ DW_AT_decl_file
	.byte	11                              @ DW_FORM_data1
	.byte	59                              @ DW_AT_decl_line
	.byte	5                               @ DW_FORM_data2
	.byte	0                               @ EOM(1)
	.byte	0                               @ EOM(2)
	.byte	21                              @ Abbreviation Code
	.byte	13                              @ DW_TAG_member
	.byte	0                               @ DW_CHILDREN_no
	.byte	3                               @ DW_AT_name
	.byte	14                              @ DW_FORM_strp
	.byte	73                              @ DW_AT_type
	.byte	19                              @ DW_FORM_ref4
	.byte	58                              @ DW_AT_decl_file
	.byte	11                              @ DW_FORM_data1
	.byte	59                              @ DW_AT_decl_line
	.byte	5                               @ DW_FORM_data2
	.byte	13                              @ DW_AT_bit_size
	.byte	11                              @ DW_FORM_data1
	.byte	107                             @ DW_AT_data_bit_offset
	.byte	11                              @ DW_FORM_data1
	.byte	0                               @ EOM(1)
	.byte	0                               @ EOM(2)
	.byte	22                              @ Abbreviation Code
	.byte	22                              @ DW_TAG_typedef
	.byte	0                               @ DW_CHILDREN_no
	.byte	73                              @ DW_AT_type
	.byte	19                              @ DW_FORM_ref4
	.byte	3                               @ DW_AT_name
	.byte	14                              @ DW_FORM_strp
	.byte	58                              @ DW_AT_decl_file
	.byte	11                              @ DW_FORM_data1
	.byte	59                              @ DW_AT_decl_line
	.byte	11                              @ DW_FORM_data1
	.byte	0                               @ EOM(1)
	.byte	0                               @ EOM(2)
	.byte	23                              @ Abbreviation Code
	.byte	33                              @ DW_TAG_subrange_type
	.byte	0                               @ DW_CHILDREN_no
	.byte	73                              @ DW_AT_type
	.byte	19                              @ DW_FORM_ref4
	.byte	55                              @ DW_AT_count
	.byte	5                               @ DW_FORM_data2
	.byte	0                               @ EOM(1)
	.byte	0                               @ EOM(2)
	.byte	24                              @ Abbreviation Code
	.byte	46                              @ DW_TAG_subprogram
	.byte	1                               @ DW_CHILDREN_yes
	.byte	17                              @ DW_AT_low_pc
	.byte	1                               @ DW_FORM_addr
	.byte	18                              @ DW_AT_high_pc
	.byte	6                               @ DW_FORM_data4
	.byte	64                              @ DW_AT_frame_base
	.byte	24                              @ DW_FORM_exprloc
	.ascii	"\227B"                         @ DW_AT_GNU_all_call_sites
	.byte	25                              @ DW_FORM_flag_present
	.byte	3                               @ DW_AT_name
	.byte	14                              @ DW_FORM_strp
	.byte	58                              @ DW_AT_decl_file
	.byte	11                              @ DW_FORM_data1
	.byte	59                              @ DW_AT_decl_line
	.byte	11                              @ DW_FORM_data1
	.byte	39                              @ DW_AT_prototyped
	.byte	25                              @ DW_FORM_flag_present
	.byte	73                              @ DW_AT_type
	.byte	19                              @ DW_FORM_ref4
	.byte	63                              @ DW_AT_external
	.byte	25                              @ DW_FORM_flag_present
	.byte	0                               @ EOM(1)
	.byte	0                               @ EOM(2)
	.byte	25                              @ Abbreviation Code
	.byte	5                               @ DW_TAG_formal_parameter
	.byte	0                               @ DW_CHILDREN_no
	.byte	2                               @ DW_AT_location
	.byte	23                              @ DW_FORM_sec_offset
	.byte	3                               @ DW_AT_name
	.byte	14                              @ DW_FORM_strp
	.byte	58                              @ DW_AT_decl_file
	.byte	11                              @ DW_FORM_data1
	.byte	59                              @ DW_AT_decl_line
	.byte	11                              @ DW_FORM_data1
	.byte	73                              @ DW_AT_type
	.byte	19                              @ DW_FORM_ref4
	.byte	0                               @ EOM(1)
	.byte	0                               @ EOM(2)
	.byte	26                              @ Abbreviation Code
	.byte	5                               @ DW_TAG_formal_parameter
	.byte	0                               @ DW_CHILDREN_no
	.byte	2                               @ DW_AT_location
	.byte	24                              @ DW_FORM_exprloc
	.byte	3                               @ DW_AT_name
	.byte	14                              @ DW_FORM_strp
	.byte	58                              @ DW_AT_decl_file
	.byte	11                              @ DW_FORM_data1
	.byte	59                              @ DW_AT_decl_line
	.byte	11                              @ DW_FORM_data1
	.byte	73                              @ DW_AT_type
	.byte	19                              @ DW_FORM_ref4
	.byte	0                               @ EOM(1)
	.byte	0                               @ EOM(2)
	.byte	27                              @ Abbreviation Code
	.byte	52                              @ DW_TAG_variable
	.byte	0                               @ DW_CHILDREN_no
	.byte	2                               @ DW_AT_location
	.byte	23                              @ DW_FORM_sec_offset
	.byte	3                               @ DW_AT_name
	.byte	14                              @ DW_FORM_strp
	.byte	58                              @ DW_AT_decl_file
	.byte	11                              @ DW_FORM_data1
	.byte	59                              @ DW_AT_decl_line
	.byte	11                              @ DW_FORM_data1
	.byte	73                              @ DW_AT_type
	.byte	19                              @ DW_FORM_ref4
	.byte	0                               @ EOM(1)
	.byte	0                               @ EOM(2)
	.byte	28                              @ Abbreviation Code
	.byte	10                              @ DW_TAG_label
	.byte	0                               @ DW_CHILDREN_no
	.byte	3                               @ DW_AT_name
	.byte	14                              @ DW_FORM_strp
	.byte	58                              @ DW_AT_decl_file
	.byte	11                              @ DW_FORM_data1
	.byte	59                              @ DW_AT_decl_line
	.byte	11                              @ DW_FORM_data1
	.byte	17                              @ DW_AT_low_pc
	.byte	1                               @ DW_FORM_addr
	.byte	0                               @ EOM(1)
	.byte	0                               @ EOM(2)
	.byte	29                              @ Abbreviation Code
	.byte	46                              @ DW_TAG_subprogram
	.byte	1                               @ DW_CHILDREN_yes
	.byte	3                               @ DW_AT_name
	.byte	14                              @ DW_FORM_strp
	.byte	58                              @ DW_AT_decl_file
	.byte	11                              @ DW_FORM_data1
	.byte	59                              @ DW_AT_decl_line
	.byte	11                              @ DW_FORM_data1
	.byte	39                              @ DW_AT_prototyped
	.byte	25                              @ DW_FORM_flag_present
	.byte	73                              @ DW_AT_type
	.byte	19                              @ DW_FORM_ref4
	.byte	63                              @ DW_AT_external
	.byte	25                              @ DW_FORM_flag_present
	.byte	32                              @ DW_AT_inline
	.byte	11                              @ DW_FORM_data1
	.byte	0                               @ EOM(1)
	.byte	0                               @ EOM(2)
	.byte	30                              @ Abbreviation Code
	.byte	5                               @ DW_TAG_formal_parameter
	.byte	0                               @ DW_CHILDREN_no
	.byte	3                               @ DW_AT_name
	.byte	14                              @ DW_FORM_strp
	.byte	58                              @ DW_AT_decl_file
	.byte	11                              @ DW_FORM_data1
	.byte	59                              @ DW_AT_decl_line
	.byte	11                              @ DW_FORM_data1
	.byte	73                              @ DW_AT_type
	.byte	19                              @ DW_FORM_ref4
	.byte	0                               @ EOM(1)
	.byte	0                               @ EOM(2)
	.byte	31                              @ Abbreviation Code
	.byte	19                              @ DW_TAG_structure_type
	.byte	1                               @ DW_CHILDREN_yes
	.byte	3                               @ DW_AT_name
	.byte	14                              @ DW_FORM_strp
	.byte	11                              @ DW_AT_byte_size
	.byte	11                              @ DW_FORM_data1
	.byte	58                              @ DW_AT_decl_file
	.byte	11                              @ DW_FORM_data1
	.byte	59                              @ DW_AT_decl_line
	.byte	11                              @ DW_FORM_data1
	.byte	0                               @ EOM(1)
	.byte	0                               @ EOM(2)
	.byte	32                              @ Abbreviation Code
	.byte	13                              @ DW_TAG_member
	.byte	0                               @ DW_CHILDREN_no
	.byte	3                               @ DW_AT_name
	.byte	14                              @ DW_FORM_strp
	.byte	73                              @ DW_AT_type
	.byte	19                              @ DW_FORM_ref4
	.byte	58                              @ DW_AT_decl_file
	.byte	11                              @ DW_FORM_data1
	.byte	59                              @ DW_AT_decl_line
	.byte	11                              @ DW_FORM_data1
	.byte	56                              @ DW_AT_data_member_location
	.byte	11                              @ DW_FORM_data1
	.byte	0                               @ EOM(1)
	.byte	0                               @ EOM(2)
	.byte	33                              @ Abbreviation Code
	.byte	52                              @ DW_TAG_variable
	.byte	0                               @ DW_CHILDREN_no
	.byte	3                               @ DW_AT_name
	.byte	14                              @ DW_FORM_strp
	.byte	58                              @ DW_AT_decl_file
	.byte	11                              @ DW_FORM_data1
	.byte	59                              @ DW_AT_decl_line
	.byte	11                              @ DW_FORM_data1
	.byte	73                              @ DW_AT_type
	.byte	19                              @ DW_FORM_ref4
	.byte	0                               @ EOM(1)
	.byte	0                               @ EOM(2)
	.byte	34                              @ Abbreviation Code
	.byte	11                              @ DW_TAG_lexical_block
	.byte	1                               @ DW_CHILDREN_yes
	.byte	17                              @ DW_AT_low_pc
	.byte	1                               @ DW_FORM_addr
	.byte	18                              @ DW_AT_high_pc
	.byte	6                               @ DW_FORM_data4
	.byte	0                               @ EOM(1)
	.byte	0                               @ EOM(2)
	.byte	35                              @ Abbreviation Code
	.byte	29                              @ DW_TAG_inlined_subroutine
	.byte	1                               @ DW_CHILDREN_yes
	.byte	49                              @ DW_AT_abstract_origin
	.byte	19                              @ DW_FORM_ref4
	.byte	17                              @ DW_AT_low_pc
	.byte	1                               @ DW_FORM_addr
	.byte	18                              @ DW_AT_high_pc
	.byte	6                               @ DW_FORM_data4
	.byte	88                              @ DW_AT_call_file
	.byte	11                              @ DW_FORM_data1
	.byte	89                              @ DW_AT_call_line
	.byte	5                               @ DW_FORM_data2
	.byte	87                              @ DW_AT_call_column
	.byte	11                              @ DW_FORM_data1
	.byte	0                               @ EOM(1)
	.byte	0                               @ EOM(2)
	.byte	36                              @ Abbreviation Code
	.byte	5                               @ DW_TAG_formal_parameter
	.byte	0                               @ DW_CHILDREN_no
	.byte	2                               @ DW_AT_location
	.byte	24                              @ DW_FORM_exprloc
	.byte	49                              @ DW_AT_abstract_origin
	.byte	19                              @ DW_FORM_ref4
	.byte	0                               @ EOM(1)
	.byte	0                               @ EOM(2)
	.byte	37                              @ Abbreviation Code
	.byte	5                               @ DW_TAG_formal_parameter
	.byte	0                               @ DW_CHILDREN_no
	.byte	2                               @ DW_AT_location
	.byte	23                              @ DW_FORM_sec_offset
	.byte	49                              @ DW_AT_abstract_origin
	.byte	19                              @ DW_FORM_ref4
	.byte	0                               @ EOM(1)
	.byte	0                               @ EOM(2)
	.byte	38                              @ Abbreviation Code
	.byte	52                              @ DW_TAG_variable
	.byte	0                               @ DW_CHILDREN_no
	.byte	2                               @ DW_AT_location
	.byte	23                              @ DW_FORM_sec_offset
	.byte	49                              @ DW_AT_abstract_origin
	.byte	19                              @ DW_FORM_ref4
	.byte	0                               @ EOM(1)
	.byte	0                               @ EOM(2)
	.byte	39                              @ Abbreviation Code
	.byte	46                              @ DW_TAG_subprogram
	.byte	1                               @ DW_CHILDREN_yes
	.byte	17                              @ DW_AT_low_pc
	.byte	1                               @ DW_FORM_addr
	.byte	18                              @ DW_AT_high_pc
	.byte	6                               @ DW_FORM_data4
	.byte	64                              @ DW_AT_frame_base
	.byte	24                              @ DW_FORM_exprloc
	.ascii	"\227B"                         @ DW_AT_GNU_all_call_sites
	.byte	25                              @ DW_FORM_flag_present
	.byte	3                               @ DW_AT_name
	.byte	14                              @ DW_FORM_strp
	.byte	58                              @ DW_AT_decl_file
	.byte	11                              @ DW_FORM_data1
	.byte	59                              @ DW_AT_decl_line
	.byte	11                              @ DW_FORM_data1
	.byte	39                              @ DW_AT_prototyped
	.byte	25                              @ DW_FORM_flag_present
	.byte	63                              @ DW_AT_external
	.byte	25                              @ DW_FORM_flag_present
	.byte	0                               @ EOM(1)
	.byte	0                               @ EOM(2)
	.byte	40                              @ Abbreviation Code
	.ascii	"\211\202\001"                  @ DW_TAG_GNU_call_site
	.byte	0                               @ DW_CHILDREN_no
	.byte	49                              @ DW_AT_abstract_origin
	.byte	19                              @ DW_FORM_ref4
	.ascii	"\225B"                         @ DW_AT_GNU_tail_call
	.byte	25                              @ DW_FORM_flag_present
	.byte	17                              @ DW_AT_low_pc
	.byte	1                               @ DW_FORM_addr
	.byte	0                               @ EOM(1)
	.byte	0                               @ EOM(2)
	.byte	41                              @ Abbreviation Code
	.byte	46                              @ DW_TAG_subprogram
	.byte	1                               @ DW_CHILDREN_yes
	.byte	3                               @ DW_AT_name
	.byte	14                              @ DW_FORM_strp
	.byte	58                              @ DW_AT_decl_file
	.byte	11                              @ DW_FORM_data1
	.byte	59                              @ DW_AT_decl_line
	.byte	5                               @ DW_FORM_data2
	.byte	39                              @ DW_AT_prototyped
	.byte	25                              @ DW_FORM_flag_present
	.byte	60                              @ DW_AT_declaration
	.byte	25                              @ DW_FORM_flag_present
	.byte	63                              @ DW_AT_external
	.byte	25                              @ DW_FORM_flag_present
	.byte	0                               @ EOM(1)
	.byte	0                               @ EOM(2)
	.byte	42                              @ Abbreviation Code
	.byte	5                               @ DW_TAG_formal_parameter
	.byte	0                               @ DW_CHILDREN_no
	.byte	73                              @ DW_AT_type
	.byte	19                              @ DW_FORM_ref4
	.byte	0                               @ EOM(1)
	.byte	0                               @ EOM(2)
	.byte	43                              @ Abbreviation Code
	.byte	15                              @ DW_TAG_pointer_type
	.byte	0                               @ DW_CHILDREN_no
	.byte	0                               @ EOM(1)
	.byte	0                               @ EOM(2)
	.byte	44                              @ Abbreviation Code
	.byte	46                              @ DW_TAG_subprogram
	.byte	1                               @ DW_CHILDREN_yes
	.byte	17                              @ DW_AT_low_pc
	.byte	1                               @ DW_FORM_addr
	.byte	18                              @ DW_AT_high_pc
	.byte	6                               @ DW_FORM_data4
	.byte	64                              @ DW_AT_frame_base
	.byte	24                              @ DW_FORM_exprloc
	.ascii	"\227B"                         @ DW_AT_GNU_all_call_sites
	.byte	25                              @ DW_FORM_flag_present
	.byte	49                              @ DW_AT_abstract_origin
	.byte	19                              @ DW_FORM_ref4
	.byte	0                               @ EOM(1)
	.byte	0                               @ EOM(2)
	.byte	45                              @ Abbreviation Code
	.byte	11                              @ DW_TAG_lexical_block
	.byte	1                               @ DW_CHILDREN_yes
	.byte	85                              @ DW_AT_ranges
	.byte	23                              @ DW_FORM_sec_offset
	.byte	0                               @ EOM(1)
	.byte	0                               @ EOM(2)
	.byte	46                              @ Abbreviation Code
	.byte	46                              @ DW_TAG_subprogram
	.byte	1                               @ DW_CHILDREN_yes
	.byte	17                              @ DW_AT_low_pc
	.byte	1                               @ DW_FORM_addr
	.byte	18                              @ DW_AT_high_pc
	.byte	6                               @ DW_FORM_data4
	.byte	64                              @ DW_AT_frame_base
	.byte	24                              @ DW_FORM_exprloc
	.ascii	"\227B"                         @ DW_AT_GNU_all_call_sites
	.byte	25                              @ DW_FORM_flag_present
	.byte	3                               @ DW_AT_name
	.byte	14                              @ DW_FORM_strp
	.byte	58                              @ DW_AT_decl_file
	.byte	11                              @ DW_FORM_data1
	.byte	59                              @ DW_AT_decl_line
	.byte	5                               @ DW_FORM_data2
	.byte	39                              @ DW_AT_prototyped
	.byte	25                              @ DW_FORM_flag_present
	.byte	63                              @ DW_AT_external
	.byte	25                              @ DW_FORM_flag_present
	.byte	0                               @ EOM(1)
	.byte	0                               @ EOM(2)
	.byte	47                              @ Abbreviation Code
	.byte	5                               @ DW_TAG_formal_parameter
	.byte	0                               @ DW_CHILDREN_no
	.byte	2                               @ DW_AT_location
	.byte	23                              @ DW_FORM_sec_offset
	.byte	3                               @ DW_AT_name
	.byte	14                              @ DW_FORM_strp
	.byte	58                              @ DW_AT_decl_file
	.byte	11                              @ DW_FORM_data1
	.byte	59                              @ DW_AT_decl_line
	.byte	5                               @ DW_FORM_data2
	.byte	73                              @ DW_AT_type
	.byte	19                              @ DW_FORM_ref4
	.byte	0                               @ EOM(1)
	.byte	0                               @ EOM(2)
	.byte	48                              @ Abbreviation Code
	.byte	5                               @ DW_TAG_formal_parameter
	.byte	0                               @ DW_CHILDREN_no
	.byte	2                               @ DW_AT_location
	.byte	24                              @ DW_FORM_exprloc
	.byte	3                               @ DW_AT_name
	.byte	14                              @ DW_FORM_strp
	.byte	58                              @ DW_AT_decl_file
	.byte	11                              @ DW_FORM_data1
	.byte	59                              @ DW_AT_decl_line
	.byte	5                               @ DW_FORM_data2
	.byte	73                              @ DW_AT_type
	.byte	19                              @ DW_FORM_ref4
	.byte	0                               @ EOM(1)
	.byte	0                               @ EOM(2)
	.byte	49                              @ Abbreviation Code
	.byte	52                              @ DW_TAG_variable
	.byte	0                               @ DW_CHILDREN_no
	.byte	2                               @ DW_AT_location
	.byte	23                              @ DW_FORM_sec_offset
	.byte	3                               @ DW_AT_name
	.byte	14                              @ DW_FORM_strp
	.byte	58                              @ DW_AT_decl_file
	.byte	11                              @ DW_FORM_data1
	.byte	59                              @ DW_AT_decl_line
	.byte	5                               @ DW_FORM_data2
	.byte	73                              @ DW_AT_type
	.byte	19                              @ DW_FORM_ref4
	.byte	0                               @ EOM(1)
	.byte	0                               @ EOM(2)
	.byte	50                              @ Abbreviation Code
	.byte	46                              @ DW_TAG_subprogram
	.byte	1                               @ DW_CHILDREN_yes
	.byte	17                              @ DW_AT_low_pc
	.byte	1                               @ DW_FORM_addr
	.byte	18                              @ DW_AT_high_pc
	.byte	6                               @ DW_FORM_data4
	.byte	64                              @ DW_AT_frame_base
	.byte	24                              @ DW_FORM_exprloc
	.ascii	"\227B"                         @ DW_AT_GNU_all_call_sites
	.byte	25                              @ DW_FORM_flag_present
	.byte	3                               @ DW_AT_name
	.byte	14                              @ DW_FORM_strp
	.byte	58                              @ DW_AT_decl_file
	.byte	11                              @ DW_FORM_data1
	.byte	59                              @ DW_AT_decl_line
	.byte	5                               @ DW_FORM_data2
	.byte	39                              @ DW_AT_prototyped
	.byte	25                              @ DW_FORM_flag_present
	.byte	73                              @ DW_AT_type
	.byte	19                              @ DW_FORM_ref4
	.byte	63                              @ DW_AT_external
	.byte	25                              @ DW_FORM_flag_present
	.byte	0                               @ EOM(1)
	.byte	0                               @ EOM(2)
	.byte	51                              @ Abbreviation Code
	.byte	52                              @ DW_TAG_variable
	.byte	0                               @ DW_CHILDREN_no
	.byte	3                               @ DW_AT_name
	.byte	14                              @ DW_FORM_strp
	.byte	58                              @ DW_AT_decl_file
	.byte	11                              @ DW_FORM_data1
	.byte	59                              @ DW_AT_decl_line
	.byte	5                               @ DW_FORM_data2
	.byte	73                              @ DW_AT_type
	.byte	19                              @ DW_FORM_ref4
	.byte	0                               @ EOM(1)
	.byte	0                               @ EOM(2)
	.byte	52                              @ Abbreviation Code
	.byte	38                              @ DW_TAG_const_type
	.byte	0                               @ DW_CHILDREN_no
	.byte	0                               @ EOM(1)
	.byte	0                               @ EOM(2)
	.byte	53                              @ Abbreviation Code
	.byte	38                              @ DW_TAG_const_type
	.byte	0                               @ DW_CHILDREN_no
	.byte	73                              @ DW_AT_type
	.byte	19                              @ DW_FORM_ref4
	.byte	0                               @ EOM(1)
	.byte	0                               @ EOM(2)
	.byte	0                               @ EOM(3)
	.section	.debug_info,"",%progbits
.Lcu_begin0:
	.long	.Ldebug_info_end0-.Ldebug_info_start0 @ Length of Unit
.Ldebug_info_start0:
	.short	4                               @ DWARF version number
	.long	.debug_abbrev                   @ Offset Into Abbrev. Section
	.byte	4                               @ Address Size (in bytes)
	.byte	1                               @ Abbrev [1] 0xb:0x4c96 DW_TAG_compile_unit
	.long	.Linfo_string0                  @ DW_AT_producer
	.short	29                              @ DW_AT_language
	.long	.Linfo_string1                  @ DW_AT_name
	.long	.Lline_table_start0             @ DW_AT_stmt_list
	.long	.Linfo_string2                  @ DW_AT_comp_dir
	.long	0                               @ DW_AT_low_pc
	.long	.Ldebug_ranges2                 @ DW_AT_ranges
	.byte	2                               @ Abbrev [2] 0x26:0xd DW_TAG_variable
	.long	51                              @ DW_AT_type
	.byte	1                               @ DW_AT_decl_file
	.byte	76                              @ DW_AT_decl_line
	.byte	5                               @ DW_AT_location
	.byte	3
	.long	.L.str
	.byte	3                               @ Abbrev [3] 0x33:0xc DW_TAG_array_type
	.long	63                              @ DW_AT_type
	.byte	4                               @ Abbrev [4] 0x38:0x6 DW_TAG_subrange_type
	.long	70                              @ DW_AT_type
	.byte	57                              @ DW_AT_count
	.byte	0                               @ End Of Children Mark
	.byte	5                               @ Abbrev [5] 0x3f:0x7 DW_TAG_base_type
	.long	.Linfo_string3                  @ DW_AT_name
	.byte	8                               @ DW_AT_encoding
	.byte	1                               @ DW_AT_byte_size
	.byte	6                               @ Abbrev [6] 0x46:0x7 DW_TAG_base_type
	.long	.Linfo_string4                  @ DW_AT_name
	.byte	8                               @ DW_AT_byte_size
	.byte	7                               @ DW_AT_encoding
	.byte	2                               @ Abbrev [2] 0x4d:0xd DW_TAG_variable
	.long	90                              @ DW_AT_type
	.byte	1                               @ DW_AT_decl_file
	.byte	76                              @ DW_AT_decl_line
	.byte	5                               @ DW_AT_location
	.byte	3
	.long	.L.str.1
	.byte	3                               @ Abbrev [3] 0x5a:0xc DW_TAG_array_type
	.long	63                              @ DW_AT_type
	.byte	4                               @ Abbrev [4] 0x5f:0x6 DW_TAG_subrange_type
	.long	70                              @ DW_AT_type
	.byte	63                              @ DW_AT_count
	.byte	0                               @ End Of Children Mark
	.byte	2                               @ Abbrev [2] 0x66:0xd DW_TAG_variable
	.long	115                             @ DW_AT_type
	.byte	1                               @ DW_AT_decl_file
	.byte	91                              @ DW_AT_decl_line
	.byte	5                               @ DW_AT_location
	.byte	3
	.long	.L.str.2
	.byte	3                               @ Abbrev [3] 0x73:0xc DW_TAG_array_type
	.long	63                              @ DW_AT_type
	.byte	4                               @ Abbrev [4] 0x78:0x6 DW_TAG_subrange_type
	.long	70                              @ DW_AT_type
	.byte	87                              @ DW_AT_count
	.byte	0                               @ End Of Children Mark
	.byte	2                               @ Abbrev [2] 0x7f:0xd DW_TAG_variable
	.long	140                             @ DW_AT_type
	.byte	1                               @ DW_AT_decl_file
	.byte	167                             @ DW_AT_decl_line
	.byte	5                               @ DW_AT_location
	.byte	3
	.long	.L.str.3
	.byte	3                               @ Abbrev [3] 0x8c:0xc DW_TAG_array_type
	.long	63                              @ DW_AT_type
	.byte	4                               @ Abbrev [4] 0x91:0x6 DW_TAG_subrange_type
	.long	70                              @ DW_AT_type
	.byte	38                              @ DW_AT_count
	.byte	0                               @ End Of Children Mark
	.byte	2                               @ Abbrev [2] 0x98:0xd DW_TAG_variable
	.long	165                             @ DW_AT_type
	.byte	1                               @ DW_AT_decl_file
	.byte	167                             @ DW_AT_decl_line
	.byte	5                               @ DW_AT_location
	.byte	3
	.long	.L.str.4
	.byte	3                               @ Abbrev [3] 0xa5:0xc DW_TAG_array_type
	.long	63                              @ DW_AT_type
	.byte	4                               @ Abbrev [4] 0xaa:0x6 DW_TAG_subrange_type
	.long	70                              @ DW_AT_type
	.byte	62                              @ DW_AT_count
	.byte	0                               @ End Of Children Mark
	.byte	2                               @ Abbrev [2] 0xb1:0xd DW_TAG_variable
	.long	190                             @ DW_AT_type
	.byte	1                               @ DW_AT_decl_file
	.byte	171                             @ DW_AT_decl_line
	.byte	5                               @ DW_AT_location
	.byte	3
	.long	.L.str.5
	.byte	3                               @ Abbrev [3] 0xbe:0xc DW_TAG_array_type
	.long	63                              @ DW_AT_type
	.byte	4                               @ Abbrev [4] 0xc3:0x6 DW_TAG_subrange_type
	.long	70                              @ DW_AT_type
	.byte	22                              @ DW_AT_count
	.byte	0                               @ End Of Children Mark
	.byte	2                               @ Abbrev [2] 0xca:0xd DW_TAG_variable
	.long	215                             @ DW_AT_type
	.byte	1                               @ DW_AT_decl_file
	.byte	183                             @ DW_AT_decl_line
	.byte	5                               @ DW_AT_location
	.byte	3
	.long	.L.str.6
	.byte	3                               @ Abbrev [3] 0xd7:0xc DW_TAG_array_type
	.long	63                              @ DW_AT_type
	.byte	4                               @ Abbrev [4] 0xdc:0x6 DW_TAG_subrange_type
	.long	70                              @ DW_AT_type
	.byte	21                              @ DW_AT_count
	.byte	0                               @ End Of Children Mark
	.byte	2                               @ Abbrev [2] 0xe3:0xd DW_TAG_variable
	.long	240                             @ DW_AT_type
	.byte	1                               @ DW_AT_decl_file
	.byte	200                             @ DW_AT_decl_line
	.byte	5                               @ DW_AT_location
	.byte	3
	.long	.L.str.7
	.byte	3                               @ Abbrev [3] 0xf0:0xc DW_TAG_array_type
	.long	63                              @ DW_AT_type
	.byte	4                               @ Abbrev [4] 0xf5:0x6 DW_TAG_subrange_type
	.long	70                              @ DW_AT_type
	.byte	30                              @ DW_AT_count
	.byte	0                               @ End Of Children Mark
	.byte	2                               @ Abbrev [2] 0xfc:0xd DW_TAG_variable
	.long	265                             @ DW_AT_type
	.byte	1                               @ DW_AT_decl_file
	.byte	201                             @ DW_AT_decl_line
	.byte	5                               @ DW_AT_location
	.byte	3
	.long	.L.str.8
	.byte	3                               @ Abbrev [3] 0x109:0xc DW_TAG_array_type
	.long	63                              @ DW_AT_type
	.byte	4                               @ Abbrev [4] 0x10e:0x6 DW_TAG_subrange_type
	.long	70                              @ DW_AT_type
	.byte	25                              @ DW_AT_count
	.byte	0                               @ End Of Children Mark
	.byte	2                               @ Abbrev [2] 0x115:0xd DW_TAG_variable
	.long	290                             @ DW_AT_type
	.byte	1                               @ DW_AT_decl_file
	.byte	202                             @ DW_AT_decl_line
	.byte	5                               @ DW_AT_location
	.byte	3
	.long	.L.str.9
	.byte	3                               @ Abbrev [3] 0x122:0xc DW_TAG_array_type
	.long	63                              @ DW_AT_type
	.byte	4                               @ Abbrev [4] 0x127:0x6 DW_TAG_subrange_type
	.long	70                              @ DW_AT_type
	.byte	35                              @ DW_AT_count
	.byte	0                               @ End Of Children Mark
	.byte	7                               @ Abbrev [7] 0x12e:0xe DW_TAG_variable
	.long	316                             @ DW_AT_type
	.byte	1                               @ DW_AT_decl_file
	.short	257                             @ DW_AT_decl_line
	.byte	5                               @ DW_AT_location
	.byte	3
	.long	.L.str.10
	.byte	3                               @ Abbrev [3] 0x13c:0xc DW_TAG_array_type
	.long	63                              @ DW_AT_type
	.byte	4                               @ Abbrev [4] 0x141:0x6 DW_TAG_subrange_type
	.long	70                              @ DW_AT_type
	.byte	33                              @ DW_AT_count
	.byte	0                               @ End Of Children Mark
	.byte	7                               @ Abbrev [7] 0x148:0xe DW_TAG_variable
	.long	342                             @ DW_AT_type
	.byte	1                               @ DW_AT_decl_file
	.short	264                             @ DW_AT_decl_line
	.byte	5                               @ DW_AT_location
	.byte	3
	.long	.L.str.11
	.byte	3                               @ Abbrev [3] 0x156:0xc DW_TAG_array_type
	.long	63                              @ DW_AT_type
	.byte	4                               @ Abbrev [4] 0x15b:0x6 DW_TAG_subrange_type
	.long	70                              @ DW_AT_type
	.byte	64                              @ DW_AT_count
	.byte	0                               @ End Of Children Mark
	.byte	7                               @ Abbrev [7] 0x162:0xe DW_TAG_variable
	.long	368                             @ DW_AT_type
	.byte	1                               @ DW_AT_decl_file
	.short	351                             @ DW_AT_decl_line
	.byte	5                               @ DW_AT_location
	.byte	3
	.long	.L.str.12
	.byte	3                               @ Abbrev [3] 0x170:0xc DW_TAG_array_type
	.long	63                              @ DW_AT_type
	.byte	4                               @ Abbrev [4] 0x175:0x6 DW_TAG_subrange_type
	.long	70                              @ DW_AT_type
	.byte	70                              @ DW_AT_count
	.byte	0                               @ End Of Children Mark
	.byte	7                               @ Abbrev [7] 0x17c:0xe DW_TAG_variable
	.long	394                             @ DW_AT_type
	.byte	1                               @ DW_AT_decl_file
	.short	357                             @ DW_AT_decl_line
	.byte	5                               @ DW_AT_location
	.byte	3
	.long	.L.str.13
	.byte	3                               @ Abbrev [3] 0x18a:0xc DW_TAG_array_type
	.long	63                              @ DW_AT_type
	.byte	4                               @ Abbrev [4] 0x18f:0x6 DW_TAG_subrange_type
	.long	70                              @ DW_AT_type
	.byte	78                              @ DW_AT_count
	.byte	0                               @ End Of Children Mark
	.byte	7                               @ Abbrev [7] 0x196:0xe DW_TAG_variable
	.long	420                             @ DW_AT_type
	.byte	1                               @ DW_AT_decl_file
	.short	365                             @ DW_AT_decl_line
	.byte	5                               @ DW_AT_location
	.byte	3
	.long	.L.str.14
	.byte	3                               @ Abbrev [3] 0x1a4:0xc DW_TAG_array_type
	.long	63                              @ DW_AT_type
	.byte	4                               @ Abbrev [4] 0x1a9:0x6 DW_TAG_subrange_type
	.long	70                              @ DW_AT_type
	.byte	92                              @ DW_AT_count
	.byte	0                               @ End Of Children Mark
	.byte	7                               @ Abbrev [7] 0x1b0:0xe DW_TAG_variable
	.long	446                             @ DW_AT_type
	.byte	1                               @ DW_AT_decl_file
	.short	373                             @ DW_AT_decl_line
	.byte	5                               @ DW_AT_location
	.byte	3
	.long	.L.str.15
	.byte	3                               @ Abbrev [3] 0x1be:0xc DW_TAG_array_type
	.long	63                              @ DW_AT_type
	.byte	4                               @ Abbrev [4] 0x1c3:0x6 DW_TAG_subrange_type
	.long	70                              @ DW_AT_type
	.byte	76                              @ DW_AT_count
	.byte	0                               @ End Of Children Mark
	.byte	7                               @ Abbrev [7] 0x1ca:0xe DW_TAG_variable
	.long	472                             @ DW_AT_type
	.byte	1                               @ DW_AT_decl_file
	.short	382                             @ DW_AT_decl_line
	.byte	5                               @ DW_AT_location
	.byte	3
	.long	.L.str.16
	.byte	3                               @ Abbrev [3] 0x1d8:0xc DW_TAG_array_type
	.long	63                              @ DW_AT_type
	.byte	4                               @ Abbrev [4] 0x1dd:0x6 DW_TAG_subrange_type
	.long	70                              @ DW_AT_type
	.byte	74                              @ DW_AT_count
	.byte	0                               @ End Of Children Mark
	.byte	8                               @ Abbrev [8] 0x1e4:0x1f DW_TAG_enumeration_type
	.long	515                             @ DW_AT_type
	.long	.Linfo_string9                  @ DW_AT_name
	.byte	1                               @ DW_AT_byte_size
	.byte	2                               @ DW_AT_decl_file
	.byte	32                              @ DW_AT_decl_line
	.byte	9                               @ Abbrev [9] 0x1f0:0x6 DW_TAG_enumerator
	.long	.Linfo_string6                  @ DW_AT_name
	.byte	0                               @ DW_AT_const_value
	.byte	9                               @ Abbrev [9] 0x1f6:0x6 DW_TAG_enumerator
	.long	.Linfo_string7                  @ DW_AT_name
	.byte	127                             @ DW_AT_const_value
	.byte	9                               @ Abbrev [9] 0x1fc:0x6 DW_TAG_enumerator
	.long	.Linfo_string8                  @ DW_AT_name
	.byte	126                             @ DW_AT_const_value
	.byte	0                               @ End Of Children Mark
	.byte	5                               @ Abbrev [5] 0x203:0x7 DW_TAG_base_type
	.long	.Linfo_string5                  @ DW_AT_name
	.byte	6                               @ DW_AT_encoding
	.byte	1                               @ DW_AT_byte_size
	.byte	10                              @ Abbrev [10] 0x20a:0x1a DW_TAG_enumeration_type
	.long	548                             @ DW_AT_type
	.long	.Linfo_string13                 @ DW_AT_name
	.byte	1                               @ DW_AT_byte_size
	.byte	3                               @ DW_AT_decl_file
	.short	1203                            @ DW_AT_decl_line
	.byte	11                              @ Abbrev [11] 0x217:0x6 DW_TAG_enumerator
	.long	.Linfo_string11                 @ DW_AT_name
	.byte	0                               @ DW_AT_const_value
	.byte	11                              @ Abbrev [11] 0x21d:0x6 DW_TAG_enumerator
	.long	.Linfo_string12                 @ DW_AT_name
	.byte	1                               @ DW_AT_const_value
	.byte	0                               @ End Of Children Mark
	.byte	5                               @ Abbrev [5] 0x224:0x7 DW_TAG_base_type
	.long	.Linfo_string10                 @ DW_AT_name
	.byte	8                               @ DW_AT_encoding
	.byte	1                               @ DW_AT_byte_size
	.byte	10                              @ Abbrev [10] 0x22b:0x1a DW_TAG_enumeration_type
	.long	548                             @ DW_AT_type
	.long	.Linfo_string16                 @ DW_AT_name
	.byte	1                               @ DW_AT_byte_size
	.byte	3                               @ DW_AT_decl_file
	.short	1190                            @ DW_AT_decl_line
	.byte	11                              @ Abbrev [11] 0x238:0x6 DW_TAG_enumerator
	.long	.Linfo_string14                 @ DW_AT_name
	.byte	0                               @ DW_AT_const_value
	.byte	11                              @ Abbrev [11] 0x23e:0x6 DW_TAG_enumerator
	.long	.Linfo_string15                 @ DW_AT_name
	.byte	1                               @ DW_AT_const_value
	.byte	0                               @ End Of Children Mark
	.byte	8                               @ Abbrev [8] 0x245:0x1f DW_TAG_enumeration_type
	.long	548                             @ DW_AT_type
	.long	.Linfo_string20                 @ DW_AT_name
	.byte	1                               @ DW_AT_byte_size
	.byte	2                               @ DW_AT_decl_file
	.byte	39                              @ DW_AT_decl_line
	.byte	11                              @ Abbrev [11] 0x251:0x6 DW_TAG_enumerator
	.long	.Linfo_string17                 @ DW_AT_name
	.byte	0                               @ DW_AT_const_value
	.byte	11                              @ Abbrev [11] 0x257:0x6 DW_TAG_enumerator
	.long	.Linfo_string18                 @ DW_AT_name
	.byte	1                               @ DW_AT_const_value
	.byte	11                              @ Abbrev [11] 0x25d:0x6 DW_TAG_enumerator
	.long	.Linfo_string19                 @ DW_AT_name
	.byte	2                               @ DW_AT_const_value
	.byte	0                               @ End Of Children Mark
	.byte	8                               @ Abbrev [8] 0x264:0x1f DW_TAG_enumeration_type
	.long	548                             @ DW_AT_type
	.long	.Linfo_string24                 @ DW_AT_name
	.byte	1                               @ DW_AT_byte_size
	.byte	2                               @ DW_AT_decl_file
	.byte	46                              @ DW_AT_decl_line
	.byte	11                              @ Abbrev [11] 0x270:0x6 DW_TAG_enumerator
	.long	.Linfo_string21                 @ DW_AT_name
	.byte	0                               @ DW_AT_const_value
	.byte	11                              @ Abbrev [11] 0x276:0x6 DW_TAG_enumerator
	.long	.Linfo_string22                 @ DW_AT_name
	.byte	1                               @ DW_AT_const_value
	.byte	11                              @ Abbrev [11] 0x27c:0x6 DW_TAG_enumerator
	.long	.Linfo_string23                 @ DW_AT_name
	.byte	2                               @ DW_AT_const_value
	.byte	0                               @ End Of Children Mark
	.byte	12                              @ Abbrev [12] 0x283:0x5 DW_TAG_pointer_type
	.long	648                             @ DW_AT_type
	.byte	13                              @ Abbrev [13] 0x288:0x5 DW_TAG_volatile_type
	.long	653                             @ DW_AT_type
	.byte	14                              @ Abbrev [14] 0x28d:0xad9 DW_TAG_structure_type
	.long	.Linfo_string576                @ DW_AT_name
	.short	4096                            @ DW_AT_byte_size
	.byte	3                               @ DW_AT_decl_file
	.short	15919                           @ DW_AT_decl_line
	.byte	15                              @ Abbrev [15] 0x297:0xd DW_TAG_member
	.long	.Linfo_string25                 @ DW_AT_name
	.long	3430                            @ DW_AT_type
	.byte	3                               @ DW_AT_decl_file
	.short	15921                           @ DW_AT_decl_line
	.byte	0                               @ DW_AT_data_member_location
	.byte	15                              @ Abbrev [15] 0x2a4:0xd DW_TAG_member
	.long	.Linfo_string37                 @ DW_AT_name
	.long	3599                            @ DW_AT_type
	.byte	3                               @ DW_AT_decl_file
	.short	15922                           @ DW_AT_decl_line
	.byte	4                               @ DW_AT_data_member_location
	.byte	15                              @ Abbrev [15] 0x2b1:0xd DW_TAG_member
	.long	.Linfo_string52                 @ DW_AT_name
	.long	3834                            @ DW_AT_type
	.byte	3                               @ DW_AT_decl_file
	.short	15923                           @ DW_AT_decl_line
	.byte	8                               @ DW_AT_data_member_location
	.byte	15                              @ Abbrev [15] 0x2be:0xd DW_TAG_member
	.long	.Linfo_string60                 @ DW_AT_name
	.long	3985                            @ DW_AT_type
	.byte	3                               @ DW_AT_decl_file
	.short	15924                           @ DW_AT_decl_line
	.byte	12                              @ DW_AT_data_member_location
	.byte	15                              @ Abbrev [15] 0x2cb:0xd DW_TAG_member
	.long	.Linfo_string64                 @ DW_AT_name
	.long	4080                            @ DW_AT_type
	.byte	3                               @ DW_AT_decl_file
	.short	15925                           @ DW_AT_decl_line
	.byte	16                              @ DW_AT_data_member_location
	.byte	15                              @ Abbrev [15] 0x2d8:0xd DW_TAG_member
	.long	.Linfo_string67                 @ DW_AT_name
	.long	4173                            @ DW_AT_type
	.byte	3                               @ DW_AT_decl_file
	.short	15926                           @ DW_AT_decl_line
	.byte	24                              @ DW_AT_data_member_location
	.byte	15                              @ Abbrev [15] 0x2e5:0xd DW_TAG_member
	.long	.Linfo_string69                 @ DW_AT_name
	.long	4240                            @ DW_AT_type
	.byte	3                               @ DW_AT_decl_file
	.short	15927                           @ DW_AT_decl_line
	.byte	28                              @ DW_AT_data_member_location
	.byte	15                              @ Abbrev [15] 0x2f2:0xd DW_TAG_member
	.long	.Linfo_string72                 @ DW_AT_name
	.long	4321                            @ DW_AT_type
	.byte	3                               @ DW_AT_decl_file
	.short	15928                           @ DW_AT_decl_line
	.byte	32                              @ DW_AT_data_member_location
	.byte	15                              @ Abbrev [15] 0x2ff:0xd DW_TAG_member
	.long	.Linfo_string74                 @ DW_AT_name
	.long	4388                            @ DW_AT_type
	.byte	3                               @ DW_AT_decl_file
	.short	15929                           @ DW_AT_decl_line
	.byte	36                              @ DW_AT_data_member_location
	.byte	15                              @ Abbrev [15] 0x30c:0xd DW_TAG_member
	.long	.Linfo_string78                 @ DW_AT_name
	.long	4483                            @ DW_AT_type
	.byte	3                               @ DW_AT_decl_file
	.short	15930                           @ DW_AT_decl_line
	.byte	40                              @ DW_AT_data_member_location
	.byte	15                              @ Abbrev [15] 0x319:0xd DW_TAG_member
	.long	.Linfo_string86                 @ DW_AT_name
	.long	4634                            @ DW_AT_type
	.byte	3                               @ DW_AT_decl_file
	.short	15931                           @ DW_AT_decl_line
	.byte	44                              @ DW_AT_data_member_location
	.byte	15                              @ Abbrev [15] 0x326:0xd DW_TAG_member
	.long	.Linfo_string88                 @ DW_AT_name
	.long	4701                            @ DW_AT_type
	.byte	3                               @ DW_AT_decl_file
	.short	15932                           @ DW_AT_decl_line
	.byte	48                              @ DW_AT_data_member_location
	.byte	15                              @ Abbrev [15] 0x333:0xd DW_TAG_member
	.long	.Linfo_string89                 @ DW_AT_name
	.long	4713                            @ DW_AT_type
	.byte	3                               @ DW_AT_decl_file
	.short	15933                           @ DW_AT_decl_line
	.byte	60                              @ DW_AT_data_member_location
	.byte	15                              @ Abbrev [15] 0x340:0xd DW_TAG_member
	.long	.Linfo_string99                 @ DW_AT_name
	.long	4892                            @ DW_AT_type
	.byte	3                               @ DW_AT_decl_file
	.short	15934                           @ DW_AT_decl_line
	.byte	64                              @ DW_AT_data_member_location
	.byte	15                              @ Abbrev [15] 0x34d:0xd DW_TAG_member
	.long	.Linfo_string108                @ DW_AT_name
	.long	5057                            @ DW_AT_type
	.byte	3                               @ DW_AT_decl_file
	.short	15935                           @ DW_AT_decl_line
	.byte	68                              @ DW_AT_data_member_location
	.byte	15                              @ Abbrev [15] 0x35a:0xd DW_TAG_member
	.long	.Linfo_string110                @ DW_AT_name
	.long	5222                            @ DW_AT_type
	.byte	3                               @ DW_AT_decl_file
	.short	15936                           @ DW_AT_decl_line
	.byte	72                              @ DW_AT_data_member_location
	.byte	15                              @ Abbrev [15] 0x367:0xd DW_TAG_member
	.long	.Linfo_string112                @ DW_AT_name
	.long	5387                            @ DW_AT_type
	.byte	3                               @ DW_AT_decl_file
	.short	15937                           @ DW_AT_decl_line
	.byte	76                              @ DW_AT_data_member_location
	.byte	15                              @ Abbrev [15] 0x374:0xd DW_TAG_member
	.long	.Linfo_string114                @ DW_AT_name
	.long	5552                            @ DW_AT_type
	.byte	3                               @ DW_AT_decl_file
	.short	15938                           @ DW_AT_decl_line
	.byte	80                              @ DW_AT_data_member_location
	.byte	15                              @ Abbrev [15] 0x381:0xd DW_TAG_member
	.long	.Linfo_string115                @ DW_AT_name
	.long	5564                            @ DW_AT_type
	.byte	3                               @ DW_AT_decl_file
	.short	15939                           @ DW_AT_decl_line
	.byte	128                             @ DW_AT_data_member_location
	.byte	15                              @ Abbrev [15] 0x38e:0xd DW_TAG_member
	.long	.Linfo_string117                @ DW_AT_name
	.long	5657                            @ DW_AT_type
	.byte	3                               @ DW_AT_decl_file
	.short	15940                           @ DW_AT_decl_line
	.byte	192                             @ DW_AT_data_member_location
	.byte	16                              @ Abbrev [16] 0x39b:0xe DW_TAG_member
	.long	.Linfo_string118                @ DW_AT_name
	.long	5669                            @ DW_AT_type
	.byte	3                               @ DW_AT_decl_file
	.short	15941                           @ DW_AT_decl_line
	.short	256                             @ DW_AT_data_member_location
	.byte	16                              @ Abbrev [16] 0x3a9:0xe DW_TAG_member
	.long	.Linfo_string131                @ DW_AT_name
	.long	5890                            @ DW_AT_type
	.byte	3                               @ DW_AT_decl_file
	.short	15942                           @ DW_AT_decl_line
	.short	260                             @ DW_AT_data_member_location
	.byte	16                              @ Abbrev [16] 0x3b7:0xe DW_TAG_member
	.long	.Linfo_string148                @ DW_AT_name
	.long	6195                            @ DW_AT_type
	.byte	3                               @ DW_AT_decl_file
	.short	15943                           @ DW_AT_decl_line
	.short	264                             @ DW_AT_data_member_location
	.byte	16                              @ Abbrev [16] 0x3c5:0xe DW_TAG_member
	.long	.Linfo_string158                @ DW_AT_name
	.long	6402                            @ DW_AT_type
	.byte	3                               @ DW_AT_decl_file
	.short	15944                           @ DW_AT_decl_line
	.short	268                             @ DW_AT_data_member_location
	.byte	16                              @ Abbrev [16] 0x3d3:0xe DW_TAG_member
	.long	.Linfo_string159                @ DW_AT_name
	.long	6414                            @ DW_AT_type
	.byte	3                               @ DW_AT_decl_file
	.short	15945                           @ DW_AT_decl_line
	.short	272                             @ DW_AT_data_member_location
	.byte	16                              @ Abbrev [16] 0x3e1:0xe DW_TAG_member
	.long	.Linfo_string193                @ DW_AT_name
	.long	6915                            @ DW_AT_type
	.byte	3                               @ DW_AT_decl_file
	.short	15946                           @ DW_AT_decl_line
	.short	276                             @ DW_AT_data_member_location
	.byte	16                              @ Abbrev [16] 0x3ef:0xe DW_TAG_member
	.long	.Linfo_string219                @ DW_AT_name
	.long	7318                            @ DW_AT_type
	.byte	3                               @ DW_AT_decl_file
	.short	15947                           @ DW_AT_decl_line
	.short	280                             @ DW_AT_data_member_location
	.byte	16                              @ Abbrev [16] 0x3fd:0xe DW_TAG_member
	.long	.Linfo_string220                @ DW_AT_name
	.long	7330                            @ DW_AT_type
	.byte	3                               @ DW_AT_decl_file
	.short	15948                           @ DW_AT_decl_line
	.short	320                             @ DW_AT_data_member_location
	.byte	16                              @ Abbrev [16] 0x40b:0xe DW_TAG_member
	.long	.Linfo_string228                @ DW_AT_name
	.long	7481                            @ DW_AT_type
	.byte	3                               @ DW_AT_decl_file
	.short	15949                           @ DW_AT_decl_line
	.short	324                             @ DW_AT_data_member_location
	.byte	16                              @ Abbrev [16] 0x419:0xe DW_TAG_member
	.long	.Linfo_string231                @ DW_AT_name
	.long	7548                            @ DW_AT_type
	.byte	3                               @ DW_AT_decl_file
	.short	15950                           @ DW_AT_decl_line
	.short	328                             @ DW_AT_data_member_location
	.byte	16                              @ Abbrev [16] 0x427:0xe DW_TAG_member
	.long	.Linfo_string234                @ DW_AT_name
	.long	6402                            @ DW_AT_type
	.byte	3                               @ DW_AT_decl_file
	.short	15951                           @ DW_AT_decl_line
	.short	332                             @ DW_AT_data_member_location
	.byte	16                              @ Abbrev [16] 0x435:0xe DW_TAG_member
	.long	.Linfo_string235                @ DW_AT_name
	.long	7615                            @ DW_AT_type
	.byte	3                               @ DW_AT_decl_file
	.short	15952                           @ DW_AT_decl_line
	.short	336                             @ DW_AT_data_member_location
	.byte	16                              @ Abbrev [16] 0x443:0xe DW_TAG_member
	.long	.Linfo_string238                @ DW_AT_name
	.long	7682                            @ DW_AT_type
	.byte	3                               @ DW_AT_decl_file
	.short	15953                           @ DW_AT_decl_line
	.short	340                             @ DW_AT_data_member_location
	.byte	16                              @ Abbrev [16] 0x451:0xe DW_TAG_member
	.long	.Linfo_string239                @ DW_AT_name
	.long	7694                            @ DW_AT_type
	.byte	3                               @ DW_AT_decl_file
	.short	15954                           @ DW_AT_decl_line
	.short	384                             @ DW_AT_data_member_location
	.byte	16                              @ Abbrev [16] 0x45f:0xe DW_TAG_member
	.long	.Linfo_string246                @ DW_AT_name
	.long	7845                            @ DW_AT_type
	.byte	3                               @ DW_AT_decl_file
	.short	15955                           @ DW_AT_decl_line
	.short	388                             @ DW_AT_data_member_location
	.byte	16                              @ Abbrev [16] 0x46d:0xe DW_TAG_member
	.long	.Linfo_string253                @ DW_AT_name
	.long	7982                            @ DW_AT_type
	.byte	3                               @ DW_AT_decl_file
	.short	15956                           @ DW_AT_decl_line
	.short	392                             @ DW_AT_data_member_location
	.byte	16                              @ Abbrev [16] 0x47b:0xe DW_TAG_member
	.long	.Linfo_string255                @ DW_AT_name
	.long	8119                            @ DW_AT_type
	.byte	3                               @ DW_AT_decl_file
	.short	15957                           @ DW_AT_decl_line
	.short	396                             @ DW_AT_data_member_location
	.byte	16                              @ Abbrev [16] 0x489:0xe DW_TAG_member
	.long	.Linfo_string262                @ DW_AT_name
	.long	8256                            @ DW_AT_type
	.byte	3                               @ DW_AT_decl_file
	.short	15958                           @ DW_AT_decl_line
	.short	400                             @ DW_AT_data_member_location
	.byte	16                              @ Abbrev [16] 0x497:0xe DW_TAG_member
	.long	.Linfo_string264                @ DW_AT_name
	.long	8393                            @ DW_AT_type
	.byte	3                               @ DW_AT_decl_file
	.short	15959                           @ DW_AT_decl_line
	.short	404                             @ DW_AT_data_member_location
	.byte	16                              @ Abbrev [16] 0x4a5:0xe DW_TAG_member
	.long	.Linfo_string271                @ DW_AT_name
	.long	8530                            @ DW_AT_type
	.byte	3                               @ DW_AT_decl_file
	.short	15960                           @ DW_AT_decl_line
	.short	408                             @ DW_AT_data_member_location
	.byte	16                              @ Abbrev [16] 0x4b3:0xe DW_TAG_member
	.long	.Linfo_string273                @ DW_AT_name
	.long	6402                            @ DW_AT_type
	.byte	3                               @ DW_AT_decl_file
	.short	15961                           @ DW_AT_decl_line
	.short	412                             @ DW_AT_data_member_location
	.byte	16                              @ Abbrev [16] 0x4c1:0xe DW_TAG_member
	.long	.Linfo_string274                @ DW_AT_name
	.long	8667                            @ DW_AT_type
	.byte	3                               @ DW_AT_decl_file
	.short	15962                           @ DW_AT_decl_line
	.short	416                             @ DW_AT_data_member_location
	.byte	16                              @ Abbrev [16] 0x4cf:0xe DW_TAG_member
	.long	.Linfo_string278                @ DW_AT_name
	.long	8762                            @ DW_AT_type
	.byte	3                               @ DW_AT_decl_file
	.short	15963                           @ DW_AT_decl_line
	.short	424                             @ DW_AT_data_member_location
	.byte	16                              @ Abbrev [16] 0x4dd:0xe DW_TAG_member
	.long	.Linfo_string282                @ DW_AT_name
	.long	8871                            @ DW_AT_type
	.byte	3                               @ DW_AT_decl_file
	.short	15964                           @ DW_AT_decl_line
	.short	428                             @ DW_AT_data_member_location
	.byte	16                              @ Abbrev [16] 0x4eb:0xe DW_TAG_member
	.long	.Linfo_string287                @ DW_AT_name
	.long	8994                            @ DW_AT_type
	.byte	3                               @ DW_AT_decl_file
	.short	15965                           @ DW_AT_decl_line
	.short	432                             @ DW_AT_data_member_location
	.byte	16                              @ Abbrev [16] 0x4f9:0xe DW_TAG_member
	.long	.Linfo_string288                @ DW_AT_name
	.long	9006                            @ DW_AT_type
	.byte	3                               @ DW_AT_decl_file
	.short	15966                           @ DW_AT_decl_line
	.short	512                             @ DW_AT_data_member_location
	.byte	16                              @ Abbrev [16] 0x507:0xe DW_TAG_member
	.long	.Linfo_string291                @ DW_AT_name
	.long	9073                            @ DW_AT_type
	.byte	3                               @ DW_AT_decl_file
	.short	15967                           @ DW_AT_decl_line
	.short	516                             @ DW_AT_data_member_location
	.byte	16                              @ Abbrev [16] 0x515:0xe DW_TAG_member
	.long	.Linfo_string293                @ DW_AT_name
	.long	9140                            @ DW_AT_type
	.byte	3                               @ DW_AT_decl_file
	.short	15968                           @ DW_AT_decl_line
	.short	520                             @ DW_AT_data_member_location
	.byte	16                              @ Abbrev [16] 0x523:0xe DW_TAG_member
	.long	.Linfo_string295                @ DW_AT_name
	.long	9207                            @ DW_AT_type
	.byte	3                               @ DW_AT_decl_file
	.short	15969                           @ DW_AT_decl_line
	.short	524                             @ DW_AT_data_member_location
	.byte	16                              @ Abbrev [16] 0x531:0xe DW_TAG_member
	.long	.Linfo_string297                @ DW_AT_name
	.long	9274                            @ DW_AT_type
	.byte	3                               @ DW_AT_decl_file
	.short	15970                           @ DW_AT_decl_line
	.short	528                             @ DW_AT_data_member_location
	.byte	16                              @ Abbrev [16] 0x53f:0xe DW_TAG_member
	.long	.Linfo_string299                @ DW_AT_name
	.long	9341                            @ DW_AT_type
	.byte	3                               @ DW_AT_decl_file
	.short	15971                           @ DW_AT_decl_line
	.short	532                             @ DW_AT_data_member_location
	.byte	16                              @ Abbrev [16] 0x54d:0xe DW_TAG_member
	.long	.Linfo_string301                @ DW_AT_name
	.long	9408                            @ DW_AT_type
	.byte	3                               @ DW_AT_decl_file
	.short	15972                           @ DW_AT_decl_line
	.short	536                             @ DW_AT_data_member_location
	.byte	16                              @ Abbrev [16] 0x55b:0xe DW_TAG_member
	.long	.Linfo_string303                @ DW_AT_name
	.long	9475                            @ DW_AT_type
	.byte	3                               @ DW_AT_decl_file
	.short	15973                           @ DW_AT_decl_line
	.short	540                             @ DW_AT_data_member_location
	.byte	16                              @ Abbrev [16] 0x569:0xe DW_TAG_member
	.long	.Linfo_string305                @ DW_AT_name
	.long	9542                            @ DW_AT_type
	.byte	3                               @ DW_AT_decl_file
	.short	15974                           @ DW_AT_decl_line
	.short	544                             @ DW_AT_data_member_location
	.byte	16                              @ Abbrev [16] 0x577:0xe DW_TAG_member
	.long	.Linfo_string307                @ DW_AT_name
	.long	9609                            @ DW_AT_type
	.byte	3                               @ DW_AT_decl_file
	.short	15975                           @ DW_AT_decl_line
	.short	548                             @ DW_AT_data_member_location
	.byte	16                              @ Abbrev [16] 0x585:0xe DW_TAG_member
	.long	.Linfo_string309                @ DW_AT_name
	.long	9676                            @ DW_AT_type
	.byte	3                               @ DW_AT_decl_file
	.short	15976                           @ DW_AT_decl_line
	.short	552                             @ DW_AT_data_member_location
	.byte	16                              @ Abbrev [16] 0x593:0xe DW_TAG_member
	.long	.Linfo_string311                @ DW_AT_name
	.long	9743                            @ DW_AT_type
	.byte	3                               @ DW_AT_decl_file
	.short	15977                           @ DW_AT_decl_line
	.short	556                             @ DW_AT_data_member_location
	.byte	16                              @ Abbrev [16] 0x5a1:0xe DW_TAG_member
	.long	.Linfo_string313                @ DW_AT_name
	.long	9810                            @ DW_AT_type
	.byte	3                               @ DW_AT_decl_file
	.short	15978                           @ DW_AT_decl_line
	.short	560                             @ DW_AT_data_member_location
	.byte	16                              @ Abbrev [16] 0x5af:0xe DW_TAG_member
	.long	.Linfo_string315                @ DW_AT_name
	.long	9877                            @ DW_AT_type
	.byte	3                               @ DW_AT_decl_file
	.short	15979                           @ DW_AT_decl_line
	.short	564                             @ DW_AT_data_member_location
	.byte	16                              @ Abbrev [16] 0x5bd:0xe DW_TAG_member
	.long	.Linfo_string317                @ DW_AT_name
	.long	9944                            @ DW_AT_type
	.byte	3                               @ DW_AT_decl_file
	.short	15980                           @ DW_AT_decl_line
	.short	568                             @ DW_AT_data_member_location
	.byte	16                              @ Abbrev [16] 0x5cb:0xe DW_TAG_member
	.long	.Linfo_string319                @ DW_AT_name
	.long	10011                           @ DW_AT_type
	.byte	3                               @ DW_AT_decl_file
	.short	15981                           @ DW_AT_decl_line
	.short	572                             @ DW_AT_data_member_location
	.byte	16                              @ Abbrev [16] 0x5d9:0xe DW_TAG_member
	.long	.Linfo_string321                @ DW_AT_name
	.long	10078                           @ DW_AT_type
	.byte	3                               @ DW_AT_decl_file
	.short	15982                           @ DW_AT_decl_line
	.short	576                             @ DW_AT_data_member_location
	.byte	16                              @ Abbrev [16] 0x5e7:0xe DW_TAG_member
	.long	.Linfo_string323                @ DW_AT_name
	.long	10159                           @ DW_AT_type
	.byte	3                               @ DW_AT_decl_file
	.short	15983                           @ DW_AT_decl_line
	.short	584                             @ DW_AT_data_member_location
	.byte	16                              @ Abbrev [16] 0x5f5:0xe DW_TAG_member
	.long	.Linfo_string325                @ DW_AT_name
	.long	10226                           @ DW_AT_type
	.byte	3                               @ DW_AT_decl_file
	.short	15984                           @ DW_AT_decl_line
	.short	588                             @ DW_AT_data_member_location
	.byte	16                              @ Abbrev [16] 0x603:0xe DW_TAG_member
	.long	.Linfo_string327                @ DW_AT_name
	.long	10293                           @ DW_AT_type
	.byte	3                               @ DW_AT_decl_file
	.short	15985                           @ DW_AT_decl_line
	.short	592                             @ DW_AT_data_member_location
	.byte	16                              @ Abbrev [16] 0x611:0xe DW_TAG_member
	.long	.Linfo_string329                @ DW_AT_name
	.long	10374                           @ DW_AT_type
	.byte	3                               @ DW_AT_decl_file
	.short	15986                           @ DW_AT_decl_line
	.short	600                             @ DW_AT_data_member_location
	.byte	16                              @ Abbrev [16] 0x61f:0xe DW_TAG_member
	.long	.Linfo_string331                @ DW_AT_name
	.long	10455                           @ DW_AT_type
	.byte	3                               @ DW_AT_decl_file
	.short	15987                           @ DW_AT_decl_line
	.short	608                             @ DW_AT_data_member_location
	.byte	16                              @ Abbrev [16] 0x62d:0xe DW_TAG_member
	.long	.Linfo_string333                @ DW_AT_name
	.long	10536                           @ DW_AT_type
	.byte	3                               @ DW_AT_decl_file
	.short	15988                           @ DW_AT_decl_line
	.short	616                             @ DW_AT_data_member_location
	.byte	16                              @ Abbrev [16] 0x63b:0xe DW_TAG_member
	.long	.Linfo_string335                @ DW_AT_name
	.long	10603                           @ DW_AT_type
	.byte	3                               @ DW_AT_decl_file
	.short	15989                           @ DW_AT_decl_line
	.short	620                             @ DW_AT_data_member_location
	.byte	16                              @ Abbrev [16] 0x649:0xe DW_TAG_member
	.long	.Linfo_string337                @ DW_AT_name
	.long	10684                           @ DW_AT_type
	.byte	3                               @ DW_AT_decl_file
	.short	15990                           @ DW_AT_decl_line
	.short	628                             @ DW_AT_data_member_location
	.byte	16                              @ Abbrev [16] 0x657:0xe DW_TAG_member
	.long	.Linfo_string339                @ DW_AT_name
	.long	10765                           @ DW_AT_type
	.byte	3                               @ DW_AT_decl_file
	.short	15991                           @ DW_AT_decl_line
	.short	636                             @ DW_AT_data_member_location
	.byte	16                              @ Abbrev [16] 0x665:0xe DW_TAG_member
	.long	.Linfo_string341                @ DW_AT_name
	.long	10832                           @ DW_AT_type
	.byte	3                               @ DW_AT_decl_file
	.short	15992                           @ DW_AT_decl_line
	.short	640                             @ DW_AT_data_member_location
	.byte	16                              @ Abbrev [16] 0x673:0xe DW_TAG_member
	.long	.Linfo_string343                @ DW_AT_name
	.long	7682                            @ DW_AT_type
	.byte	3                               @ DW_AT_decl_file
	.short	15993                           @ DW_AT_decl_line
	.short	648                             @ DW_AT_data_member_location
	.byte	16                              @ Abbrev [16] 0x681:0xe DW_TAG_member
	.long	.Linfo_string344                @ DW_AT_name
	.long	10913                           @ DW_AT_type
	.byte	3                               @ DW_AT_decl_file
	.short	15994                           @ DW_AT_decl_line
	.short	692                             @ DW_AT_data_member_location
	.byte	16                              @ Abbrev [16] 0x68f:0xe DW_TAG_member
	.long	.Linfo_string346                @ DW_AT_name
	.long	10980                           @ DW_AT_type
	.byte	3                               @ DW_AT_decl_file
	.short	15995                           @ DW_AT_decl_line
	.short	696                             @ DW_AT_data_member_location
	.byte	16                              @ Abbrev [16] 0x69d:0xe DW_TAG_member
	.long	.Linfo_string348                @ DW_AT_name
	.long	11047                           @ DW_AT_type
	.byte	3                               @ DW_AT_decl_file
	.short	15996                           @ DW_AT_decl_line
	.short	700                             @ DW_AT_data_member_location
	.byte	16                              @ Abbrev [16] 0x6ab:0xe DW_TAG_member
	.long	.Linfo_string350                @ DW_AT_name
	.long	5657                            @ DW_AT_type
	.byte	3                               @ DW_AT_decl_file
	.short	15997                           @ DW_AT_decl_line
	.short	704                             @ DW_AT_data_member_location
	.byte	16                              @ Abbrev [16] 0x6b9:0xe DW_TAG_member
	.long	.Linfo_string351                @ DW_AT_name
	.long	11114                           @ DW_AT_type
	.byte	3                               @ DW_AT_decl_file
	.short	15998                           @ DW_AT_decl_line
	.short	768                             @ DW_AT_data_member_location
	.byte	16                              @ Abbrev [16] 0x6c7:0xe DW_TAG_member
	.long	.Linfo_string354                @ DW_AT_name
	.long	11193                           @ DW_AT_type
	.byte	3                               @ DW_AT_decl_file
	.short	15999                           @ DW_AT_decl_line
	.short	784                             @ DW_AT_data_member_location
	.byte	16                              @ Abbrev [16] 0x6d5:0xe DW_TAG_member
	.long	.Linfo_string355                @ DW_AT_name
	.long	11205                           @ DW_AT_type
	.byte	3                               @ DW_AT_decl_file
	.short	16000                           @ DW_AT_decl_line
	.short	896                             @ DW_AT_data_member_location
	.byte	16                              @ Abbrev [16] 0x6e3:0xe DW_TAG_member
	.long	.Linfo_string358                @ DW_AT_name
	.long	11193                           @ DW_AT_type
	.byte	3                               @ DW_AT_decl_file
	.short	16001                           @ DW_AT_decl_line
	.short	912                             @ DW_AT_data_member_location
	.byte	16                              @ Abbrev [16] 0x6f1:0xe DW_TAG_member
	.long	.Linfo_string359                @ DW_AT_name
	.long	11298                           @ DW_AT_type
	.byte	3                               @ DW_AT_decl_file
	.short	16002                           @ DW_AT_decl_line
	.short	1024                            @ DW_AT_data_member_location
	.byte	16                              @ Abbrev [16] 0x6ff:0xe DW_TAG_member
	.long	.Linfo_string362                @ DW_AT_name
	.long	11378                           @ DW_AT_type
	.byte	3                               @ DW_AT_decl_file
	.short	16003                           @ DW_AT_decl_line
	.short	2048                            @ DW_AT_data_member_location
	.byte	16                              @ Abbrev [16] 0x70d:0xe DW_TAG_member
	.long	.Linfo_string364                @ DW_AT_name
	.long	11445                           @ DW_AT_type
	.byte	3                               @ DW_AT_decl_file
	.short	16004                           @ DW_AT_decl_line
	.short	2052                            @ DW_AT_data_member_location
	.byte	16                              @ Abbrev [16] 0x71b:0xe DW_TAG_member
	.long	.Linfo_string366                @ DW_AT_name
	.long	11512                           @ DW_AT_type
	.byte	3                               @ DW_AT_decl_file
	.short	16005                           @ DW_AT_decl_line
	.short	2056                            @ DW_AT_data_member_location
	.byte	16                              @ Abbrev [16] 0x729:0xe DW_TAG_member
	.long	.Linfo_string368                @ DW_AT_name
	.long	11579                           @ DW_AT_type
	.byte	3                               @ DW_AT_decl_file
	.short	16006                           @ DW_AT_decl_line
	.short	2060                            @ DW_AT_data_member_location
	.byte	16                              @ Abbrev [16] 0x737:0xe DW_TAG_member
	.long	.Linfo_string370                @ DW_AT_name
	.long	11646                           @ DW_AT_type
	.byte	3                               @ DW_AT_decl_file
	.short	16007                           @ DW_AT_decl_line
	.short	2064                            @ DW_AT_data_member_location
	.byte	16                              @ Abbrev [16] 0x745:0xe DW_TAG_member
	.long	.Linfo_string372                @ DW_AT_name
	.long	11713                           @ DW_AT_type
	.byte	3                               @ DW_AT_decl_file
	.short	16008                           @ DW_AT_decl_line
	.short	2068                            @ DW_AT_data_member_location
	.byte	16                              @ Abbrev [16] 0x753:0xe DW_TAG_member
	.long	.Linfo_string374                @ DW_AT_name
	.long	6402                            @ DW_AT_type
	.byte	3                               @ DW_AT_decl_file
	.short	16009                           @ DW_AT_decl_line
	.short	2072                            @ DW_AT_data_member_location
	.byte	16                              @ Abbrev [16] 0x761:0xe DW_TAG_member
	.long	.Linfo_string375                @ DW_AT_name
	.long	11780                           @ DW_AT_type
	.byte	3                               @ DW_AT_decl_file
	.short	16010                           @ DW_AT_decl_line
	.short	2076                            @ DW_AT_data_member_location
	.byte	16                              @ Abbrev [16] 0x76f:0xe DW_TAG_member
	.long	.Linfo_string377                @ DW_AT_name
	.long	6402                            @ DW_AT_type
	.byte	3                               @ DW_AT_decl_file
	.short	16011                           @ DW_AT_decl_line
	.short	2080                            @ DW_AT_data_member_location
	.byte	16                              @ Abbrev [16] 0x77d:0xe DW_TAG_member
	.long	.Linfo_string378                @ DW_AT_name
	.long	11847                           @ DW_AT_type
	.byte	3                               @ DW_AT_decl_file
	.short	16012                           @ DW_AT_decl_line
	.short	2084                            @ DW_AT_data_member_location
	.byte	16                              @ Abbrev [16] 0x78b:0xe DW_TAG_member
	.long	.Linfo_string380                @ DW_AT_name
	.long	11914                           @ DW_AT_type
	.byte	3                               @ DW_AT_decl_file
	.short	16013                           @ DW_AT_decl_line
	.short	2088                            @ DW_AT_data_member_location
	.byte	16                              @ Abbrev [16] 0x799:0xe DW_TAG_member
	.long	.Linfo_string382                @ DW_AT_name
	.long	11981                           @ DW_AT_type
	.byte	3                               @ DW_AT_decl_file
	.short	16014                           @ DW_AT_decl_line
	.short	2092                            @ DW_AT_data_member_location
	.byte	16                              @ Abbrev [16] 0x7a7:0xe DW_TAG_member
	.long	.Linfo_string384                @ DW_AT_name
	.long	12048                           @ DW_AT_type
	.byte	3                               @ DW_AT_decl_file
	.short	16015                           @ DW_AT_decl_line
	.short	2096                            @ DW_AT_data_member_location
	.byte	16                              @ Abbrev [16] 0x7b5:0xe DW_TAG_member
	.long	.Linfo_string386                @ DW_AT_name
	.long	12115                           @ DW_AT_type
	.byte	3                               @ DW_AT_decl_file
	.short	16016                           @ DW_AT_decl_line
	.short	2100                            @ DW_AT_data_member_location
	.byte	16                              @ Abbrev [16] 0x7c3:0xe DW_TAG_member
	.long	.Linfo_string388                @ DW_AT_name
	.long	6402                            @ DW_AT_type
	.byte	3                               @ DW_AT_decl_file
	.short	16017                           @ DW_AT_decl_line
	.short	2104                            @ DW_AT_data_member_location
	.byte	16                              @ Abbrev [16] 0x7d1:0xe DW_TAG_member
	.long	.Linfo_string389                @ DW_AT_name
	.long	12182                           @ DW_AT_type
	.byte	3                               @ DW_AT_decl_file
	.short	16018                           @ DW_AT_decl_line
	.short	2108                            @ DW_AT_data_member_location
	.byte	16                              @ Abbrev [16] 0x7df:0xe DW_TAG_member
	.long	.Linfo_string391                @ DW_AT_name
	.long	6402                            @ DW_AT_type
	.byte	3                               @ DW_AT_decl_file
	.short	16019                           @ DW_AT_decl_line
	.short	2112                            @ DW_AT_data_member_location
	.byte	16                              @ Abbrev [16] 0x7ed:0xe DW_TAG_member
	.long	.Linfo_string392                @ DW_AT_name
	.long	12249                           @ DW_AT_type
	.byte	3                               @ DW_AT_decl_file
	.short	16020                           @ DW_AT_decl_line
	.short	2116                            @ DW_AT_data_member_location
	.byte	16                              @ Abbrev [16] 0x7fb:0xe DW_TAG_member
	.long	.Linfo_string394                @ DW_AT_name
	.long	12316                           @ DW_AT_type
	.byte	3                               @ DW_AT_decl_file
	.short	16021                           @ DW_AT_decl_line
	.short	2120                            @ DW_AT_data_member_location
	.byte	16                              @ Abbrev [16] 0x809:0xe DW_TAG_member
	.long	.Linfo_string396                @ DW_AT_name
	.long	12383                           @ DW_AT_type
	.byte	3                               @ DW_AT_decl_file
	.short	16022                           @ DW_AT_decl_line
	.short	2124                            @ DW_AT_data_member_location
	.byte	16                              @ Abbrev [16] 0x817:0xe DW_TAG_member
	.long	.Linfo_string398                @ DW_AT_name
	.long	12450                           @ DW_AT_type
	.byte	3                               @ DW_AT_decl_file
	.short	16023                           @ DW_AT_decl_line
	.short	2128                            @ DW_AT_data_member_location
	.byte	16                              @ Abbrev [16] 0x825:0xe DW_TAG_member
	.long	.Linfo_string400                @ DW_AT_name
	.long	12517                           @ DW_AT_type
	.byte	3                               @ DW_AT_decl_file
	.short	16024                           @ DW_AT_decl_line
	.short	2132                            @ DW_AT_data_member_location
	.byte	16                              @ Abbrev [16] 0x833:0xe DW_TAG_member
	.long	.Linfo_string402                @ DW_AT_name
	.long	12584                           @ DW_AT_type
	.byte	3                               @ DW_AT_decl_file
	.short	16025                           @ DW_AT_decl_line
	.short	2136                            @ DW_AT_data_member_location
	.byte	16                              @ Abbrev [16] 0x841:0xe DW_TAG_member
	.long	.Linfo_string404                @ DW_AT_name
	.long	12651                           @ DW_AT_type
	.byte	3                               @ DW_AT_decl_file
	.short	16026                           @ DW_AT_decl_line
	.short	2140                            @ DW_AT_data_member_location
	.byte	16                              @ Abbrev [16] 0x84f:0xe DW_TAG_member
	.long	.Linfo_string406                @ DW_AT_name
	.long	12718                           @ DW_AT_type
	.byte	3                               @ DW_AT_decl_file
	.short	16027                           @ DW_AT_decl_line
	.short	2144                            @ DW_AT_data_member_location
	.byte	16                              @ Abbrev [16] 0x85d:0xe DW_TAG_member
	.long	.Linfo_string408                @ DW_AT_name
	.long	6402                            @ DW_AT_type
	.byte	3                               @ DW_AT_decl_file
	.short	16028                           @ DW_AT_decl_line
	.short	2148                            @ DW_AT_data_member_location
	.byte	16                              @ Abbrev [16] 0x86b:0xe DW_TAG_member
	.long	.Linfo_string409                @ DW_AT_name
	.long	12785                           @ DW_AT_type
	.byte	3                               @ DW_AT_decl_file
	.short	16029                           @ DW_AT_decl_line
	.short	2152                            @ DW_AT_data_member_location
	.byte	16                              @ Abbrev [16] 0x879:0xe DW_TAG_member
	.long	.Linfo_string411                @ DW_AT_name
	.long	12852                           @ DW_AT_type
	.byte	3                               @ DW_AT_decl_file
	.short	16030                           @ DW_AT_decl_line
	.short	2156                            @ DW_AT_data_member_location
	.byte	16                              @ Abbrev [16] 0x887:0xe DW_TAG_member
	.long	.Linfo_string413                @ DW_AT_name
	.long	12919                           @ DW_AT_type
	.byte	3                               @ DW_AT_decl_file
	.short	16031                           @ DW_AT_decl_line
	.short	2160                            @ DW_AT_data_member_location
	.byte	16                              @ Abbrev [16] 0x895:0xe DW_TAG_member
	.long	.Linfo_string415                @ DW_AT_name
	.long	4161                            @ DW_AT_type
	.byte	3                               @ DW_AT_decl_file
	.short	16032                           @ DW_AT_decl_line
	.short	2164                            @ DW_AT_data_member_location
	.byte	16                              @ Abbrev [16] 0x8a3:0xe DW_TAG_member
	.long	.Linfo_string416                @ DW_AT_name
	.long	12986                           @ DW_AT_type
	.byte	3                               @ DW_AT_decl_file
	.short	16033                           @ DW_AT_decl_line
	.short	2172                            @ DW_AT_data_member_location
	.byte	16                              @ Abbrev [16] 0x8b1:0xe DW_TAG_member
	.long	.Linfo_string418                @ DW_AT_name
	.long	13053                           @ DW_AT_type
	.byte	3                               @ DW_AT_decl_file
	.short	16034                           @ DW_AT_decl_line
	.short	2176                            @ DW_AT_data_member_location
	.byte	16                              @ Abbrev [16] 0x8bf:0xe DW_TAG_member
	.long	.Linfo_string420                @ DW_AT_name
	.long	13120                           @ DW_AT_type
	.byte	3                               @ DW_AT_decl_file
	.short	16035                           @ DW_AT_decl_line
	.short	2180                            @ DW_AT_data_member_location
	.byte	16                              @ Abbrev [16] 0x8cd:0xe DW_TAG_member
	.long	.Linfo_string422                @ DW_AT_name
	.long	13187                           @ DW_AT_type
	.byte	3                               @ DW_AT_decl_file
	.short	16036                           @ DW_AT_decl_line
	.short	2184                            @ DW_AT_data_member_location
	.byte	16                              @ Abbrev [16] 0x8db:0xe DW_TAG_member
	.long	.Linfo_string424                @ DW_AT_name
	.long	6402                            @ DW_AT_type
	.byte	3                               @ DW_AT_decl_file
	.short	16037                           @ DW_AT_decl_line
	.short	2188                            @ DW_AT_data_member_location
	.byte	16                              @ Abbrev [16] 0x8e9:0xe DW_TAG_member
	.long	.Linfo_string425                @ DW_AT_name
	.long	13254                           @ DW_AT_type
	.byte	3                               @ DW_AT_decl_file
	.short	16038                           @ DW_AT_decl_line
	.short	2192                            @ DW_AT_data_member_location
	.byte	16                              @ Abbrev [16] 0x8f7:0xe DW_TAG_member
	.long	.Linfo_string427                @ DW_AT_name
	.long	13321                           @ DW_AT_type
	.byte	3                               @ DW_AT_decl_file
	.short	16039                           @ DW_AT_decl_line
	.short	2196                            @ DW_AT_data_member_location
	.byte	16                              @ Abbrev [16] 0x905:0xe DW_TAG_member
	.long	.Linfo_string429                @ DW_AT_name
	.long	13388                           @ DW_AT_type
	.byte	3                               @ DW_AT_decl_file
	.short	16040                           @ DW_AT_decl_line
	.short	2200                            @ DW_AT_data_member_location
	.byte	16                              @ Abbrev [16] 0x913:0xe DW_TAG_member
	.long	.Linfo_string431                @ DW_AT_name
	.long	13455                           @ DW_AT_type
	.byte	3                               @ DW_AT_decl_file
	.short	16041                           @ DW_AT_decl_line
	.short	2204                            @ DW_AT_data_member_location
	.byte	16                              @ Abbrev [16] 0x921:0xe DW_TAG_member
	.long	.Linfo_string433                @ DW_AT_name
	.long	13522                           @ DW_AT_type
	.byte	3                               @ DW_AT_decl_file
	.short	16042                           @ DW_AT_decl_line
	.short	2208                            @ DW_AT_data_member_location
	.byte	16                              @ Abbrev [16] 0x92f:0xe DW_TAG_member
	.long	.Linfo_string435                @ DW_AT_name
	.long	13589                           @ DW_AT_type
	.byte	3                               @ DW_AT_decl_file
	.short	16043                           @ DW_AT_decl_line
	.short	2212                            @ DW_AT_data_member_location
	.byte	16                              @ Abbrev [16] 0x93d:0xe DW_TAG_member
	.long	.Linfo_string437                @ DW_AT_name
	.long	4701                            @ DW_AT_type
	.byte	3                               @ DW_AT_decl_file
	.short	16044                           @ DW_AT_decl_line
	.short	2216                            @ DW_AT_data_member_location
	.byte	16                              @ Abbrev [16] 0x94b:0xe DW_TAG_member
	.long	.Linfo_string438                @ DW_AT_name
	.long	13656                           @ DW_AT_type
	.byte	3                               @ DW_AT_decl_file
	.short	16045                           @ DW_AT_decl_line
	.short	2228                            @ DW_AT_data_member_location
	.byte	16                              @ Abbrev [16] 0x959:0xe DW_TAG_member
	.long	.Linfo_string440                @ DW_AT_name
	.long	6402                            @ DW_AT_type
	.byte	3                               @ DW_AT_decl_file
	.short	16046                           @ DW_AT_decl_line
	.short	2232                            @ DW_AT_data_member_location
	.byte	16                              @ Abbrev [16] 0x967:0xe DW_TAG_member
	.long	.Linfo_string441                @ DW_AT_name
	.long	13723                           @ DW_AT_type
	.byte	3                               @ DW_AT_decl_file
	.short	16047                           @ DW_AT_decl_line
	.short	2236                            @ DW_AT_data_member_location
	.byte	16                              @ Abbrev [16] 0x975:0xe DW_TAG_member
	.long	.Linfo_string443                @ DW_AT_name
	.long	13790                           @ DW_AT_type
	.byte	3                               @ DW_AT_decl_file
	.short	16048                           @ DW_AT_decl_line
	.short	2240                            @ DW_AT_data_member_location
	.byte	16                              @ Abbrev [16] 0x983:0xe DW_TAG_member
	.long	.Linfo_string445                @ DW_AT_name
	.long	13857                           @ DW_AT_type
	.byte	3                               @ DW_AT_decl_file
	.short	16049                           @ DW_AT_decl_line
	.short	2244                            @ DW_AT_data_member_location
	.byte	16                              @ Abbrev [16] 0x991:0xe DW_TAG_member
	.long	.Linfo_string447                @ DW_AT_name
	.long	13924                           @ DW_AT_type
	.byte	3                               @ DW_AT_decl_file
	.short	16050                           @ DW_AT_decl_line
	.short	2248                            @ DW_AT_data_member_location
	.byte	16                              @ Abbrev [16] 0x99f:0xe DW_TAG_member
	.long	.Linfo_string449                @ DW_AT_name
	.long	13991                           @ DW_AT_type
	.byte	3                               @ DW_AT_decl_file
	.short	16051                           @ DW_AT_decl_line
	.short	2252                            @ DW_AT_data_member_location
	.byte	16                              @ Abbrev [16] 0x9ad:0xe DW_TAG_member
	.long	.Linfo_string451                @ DW_AT_name
	.long	5552                            @ DW_AT_type
	.byte	3                               @ DW_AT_decl_file
	.short	16052                           @ DW_AT_decl_line
	.short	2256                            @ DW_AT_data_member_location
	.byte	16                              @ Abbrev [16] 0x9bb:0xe DW_TAG_member
	.long	.Linfo_string452                @ DW_AT_name
	.long	14058                           @ DW_AT_type
	.byte	3                               @ DW_AT_decl_file
	.short	16053                           @ DW_AT_decl_line
	.short	2304                            @ DW_AT_data_member_location
	.byte	16                              @ Abbrev [16] 0x9c9:0xe DW_TAG_member
	.long	.Linfo_string454                @ DW_AT_name
	.long	14125                           @ DW_AT_type
	.byte	3                               @ DW_AT_decl_file
	.short	16054                           @ DW_AT_decl_line
	.short	2308                            @ DW_AT_data_member_location
	.byte	16                              @ Abbrev [16] 0x9d7:0xe DW_TAG_member
	.long	.Linfo_string456                @ DW_AT_name
	.long	4701                            @ DW_AT_type
	.byte	3                               @ DW_AT_decl_file
	.short	16055                           @ DW_AT_decl_line
	.short	2312                            @ DW_AT_data_member_location
	.byte	16                              @ Abbrev [16] 0x9e5:0xe DW_TAG_member
	.long	.Linfo_string457                @ DW_AT_name
	.long	14192                           @ DW_AT_type
	.byte	3                               @ DW_AT_decl_file
	.short	16056                           @ DW_AT_decl_line
	.short	2324                            @ DW_AT_data_member_location
	.byte	16                              @ Abbrev [16] 0x9f3:0xe DW_TAG_member
	.long	.Linfo_string459                @ DW_AT_name
	.long	4701                            @ DW_AT_type
	.byte	3                               @ DW_AT_decl_file
	.short	16057                           @ DW_AT_decl_line
	.short	2328                            @ DW_AT_data_member_location
	.byte	16                              @ Abbrev [16] 0xa01:0xe DW_TAG_member
	.long	.Linfo_string460                @ DW_AT_name
	.long	14259                           @ DW_AT_type
	.byte	3                               @ DW_AT_decl_file
	.short	16058                           @ DW_AT_decl_line
	.short	2340                            @ DW_AT_data_member_location
	.byte	16                              @ Abbrev [16] 0xa0f:0xe DW_TAG_member
	.long	.Linfo_string462                @ DW_AT_name
	.long	14326                           @ DW_AT_type
	.byte	3                               @ DW_AT_decl_file
	.short	16059                           @ DW_AT_decl_line
	.short	2344                            @ DW_AT_data_member_location
	.byte	16                              @ Abbrev [16] 0xa1d:0xe DW_TAG_member
	.long	.Linfo_string464                @ DW_AT_name
	.long	14393                           @ DW_AT_type
	.byte	3                               @ DW_AT_decl_file
	.short	16060                           @ DW_AT_decl_line
	.short	2348                            @ DW_AT_data_member_location
	.byte	16                              @ Abbrev [16] 0xa2b:0xe DW_TAG_member
	.long	.Linfo_string466                @ DW_AT_name
	.long	14460                           @ DW_AT_type
	.byte	3                               @ DW_AT_decl_file
	.short	16061                           @ DW_AT_decl_line
	.short	2352                            @ DW_AT_data_member_location
	.byte	16                              @ Abbrev [16] 0xa39:0xe DW_TAG_member
	.long	.Linfo_string468                @ DW_AT_name
	.long	14527                           @ DW_AT_type
	.byte	3                               @ DW_AT_decl_file
	.short	16062                           @ DW_AT_decl_line
	.short	2356                            @ DW_AT_data_member_location
	.byte	16                              @ Abbrev [16] 0xa47:0xe DW_TAG_member
	.long	.Linfo_string470                @ DW_AT_name
	.long	6402                            @ DW_AT_type
	.byte	3                               @ DW_AT_decl_file
	.short	16063                           @ DW_AT_decl_line
	.short	2360                            @ DW_AT_data_member_location
	.byte	16                              @ Abbrev [16] 0xa55:0xe DW_TAG_member
	.long	.Linfo_string471                @ DW_AT_name
	.long	14594                           @ DW_AT_type
	.byte	3                               @ DW_AT_decl_file
	.short	16064                           @ DW_AT_decl_line
	.short	2364                            @ DW_AT_data_member_location
	.byte	16                              @ Abbrev [16] 0xa63:0xe DW_TAG_member
	.long	.Linfo_string473                @ DW_AT_name
	.long	14661                           @ DW_AT_type
	.byte	3                               @ DW_AT_decl_file
	.short	16065                           @ DW_AT_decl_line
	.short	2368                            @ DW_AT_data_member_location
	.byte	16                              @ Abbrev [16] 0xa71:0xe DW_TAG_member
	.long	.Linfo_string474                @ DW_AT_name
	.long	14673                           @ DW_AT_type
	.byte	3                               @ DW_AT_decl_file
	.short	16066                           @ DW_AT_decl_line
	.short	2560                            @ DW_AT_data_member_location
	.byte	16                              @ Abbrev [16] 0xa7f:0xe DW_TAG_member
	.long	.Linfo_string478                @ DW_AT_name
	.long	14754                           @ DW_AT_type
	.byte	3                               @ DW_AT_decl_file
	.short	16067                           @ DW_AT_decl_line
	.short	2568                            @ DW_AT_data_member_location
	.byte	16                              @ Abbrev [16] 0xa8d:0xe DW_TAG_member
	.long	.Linfo_string480                @ DW_AT_name
	.long	14835                           @ DW_AT_type
	.byte	3                               @ DW_AT_decl_file
	.short	16068                           @ DW_AT_decl_line
	.short	2576                            @ DW_AT_data_member_location
	.byte	16                              @ Abbrev [16] 0xa9b:0xe DW_TAG_member
	.long	.Linfo_string482                @ DW_AT_name
	.long	14916                           @ DW_AT_type
	.byte	3                               @ DW_AT_decl_file
	.short	16069                           @ DW_AT_decl_line
	.short	2584                            @ DW_AT_data_member_location
	.byte	16                              @ Abbrev [16] 0xaa9:0xe DW_TAG_member
	.long	.Linfo_string484                @ DW_AT_name
	.long	14997                           @ DW_AT_type
	.byte	3                               @ DW_AT_decl_file
	.short	16070                           @ DW_AT_decl_line
	.short	2592                            @ DW_AT_data_member_location
	.byte	16                              @ Abbrev [16] 0xab7:0xe DW_TAG_member
	.long	.Linfo_string486                @ DW_AT_name
	.long	15078                           @ DW_AT_type
	.byte	3                               @ DW_AT_decl_file
	.short	16071                           @ DW_AT_decl_line
	.short	2600                            @ DW_AT_data_member_location
	.byte	16                              @ Abbrev [16] 0xac5:0xe DW_TAG_member
	.long	.Linfo_string488                @ DW_AT_name
	.long	15159                           @ DW_AT_type
	.byte	3                               @ DW_AT_decl_file
	.short	16072                           @ DW_AT_decl_line
	.short	2608                            @ DW_AT_data_member_location
	.byte	16                              @ Abbrev [16] 0xad3:0xe DW_TAG_member
	.long	.Linfo_string490                @ DW_AT_name
	.long	4161                            @ DW_AT_type
	.byte	3                               @ DW_AT_decl_file
	.short	16073                           @ DW_AT_decl_line
	.short	2616                            @ DW_AT_data_member_location
	.byte	16                              @ Abbrev [16] 0xae1:0xe DW_TAG_member
	.long	.Linfo_string491                @ DW_AT_name
	.long	15240                           @ DW_AT_type
	.byte	3                               @ DW_AT_decl_file
	.short	16074                           @ DW_AT_decl_line
	.short	2624                            @ DW_AT_data_member_location
	.byte	16                              @ Abbrev [16] 0xaef:0xe DW_TAG_member
	.long	.Linfo_string493                @ DW_AT_name
	.long	15321                           @ DW_AT_type
	.byte	3                               @ DW_AT_decl_file
	.short	16075                           @ DW_AT_decl_line
	.short	2632                            @ DW_AT_data_member_location
	.byte	16                              @ Abbrev [16] 0xafd:0xe DW_TAG_member
	.long	.Linfo_string495                @ DW_AT_name
	.long	15402                           @ DW_AT_type
	.byte	3                               @ DW_AT_decl_file
	.short	16076                           @ DW_AT_decl_line
	.short	2640                            @ DW_AT_data_member_location
	.byte	16                              @ Abbrev [16] 0xb0b:0xe DW_TAG_member
	.long	.Linfo_string497                @ DW_AT_name
	.long	15483                           @ DW_AT_type
	.byte	3                               @ DW_AT_decl_file
	.short	16077                           @ DW_AT_decl_line
	.short	2648                            @ DW_AT_data_member_location
	.byte	16                              @ Abbrev [16] 0xb19:0xe DW_TAG_member
	.long	.Linfo_string499                @ DW_AT_name
	.long	15564                           @ DW_AT_type
	.byte	3                               @ DW_AT_decl_file
	.short	16078                           @ DW_AT_decl_line
	.short	2656                            @ DW_AT_data_member_location
	.byte	16                              @ Abbrev [16] 0xb27:0xe DW_TAG_member
	.long	.Linfo_string501                @ DW_AT_name
	.long	15645                           @ DW_AT_type
	.byte	3                               @ DW_AT_decl_file
	.short	16079                           @ DW_AT_decl_line
	.short	2664                            @ DW_AT_data_member_location
	.byte	16                              @ Abbrev [16] 0xb35:0xe DW_TAG_member
	.long	.Linfo_string503                @ DW_AT_name
	.long	15726                           @ DW_AT_type
	.byte	3                               @ DW_AT_decl_file
	.short	16080                           @ DW_AT_decl_line
	.short	2672                            @ DW_AT_data_member_location
	.byte	16                              @ Abbrev [16] 0xb43:0xe DW_TAG_member
	.long	.Linfo_string505                @ DW_AT_name
	.long	4161                            @ DW_AT_type
	.byte	3                               @ DW_AT_decl_file
	.short	16081                           @ DW_AT_decl_line
	.short	2680                            @ DW_AT_data_member_location
	.byte	16                              @ Abbrev [16] 0xb51:0xe DW_TAG_member
	.long	.Linfo_string506                @ DW_AT_name
	.long	15807                           @ DW_AT_type
	.byte	3                               @ DW_AT_decl_file
	.short	16082                           @ DW_AT_decl_line
	.short	2688                            @ DW_AT_data_member_location
	.byte	16                              @ Abbrev [16] 0xb5f:0xe DW_TAG_member
	.long	.Linfo_string508                @ DW_AT_name
	.long	15888                           @ DW_AT_type
	.byte	3                               @ DW_AT_decl_file
	.short	16083                           @ DW_AT_decl_line
	.short	2696                            @ DW_AT_data_member_location
	.byte	16                              @ Abbrev [16] 0xb6d:0xe DW_TAG_member
	.long	.Linfo_string510                @ DW_AT_name
	.long	15969                           @ DW_AT_type
	.byte	3                               @ DW_AT_decl_file
	.short	16084                           @ DW_AT_decl_line
	.short	2704                            @ DW_AT_data_member_location
	.byte	16                              @ Abbrev [16] 0xb7b:0xe DW_TAG_member
	.long	.Linfo_string512                @ DW_AT_name
	.long	16050                           @ DW_AT_type
	.byte	3                               @ DW_AT_decl_file
	.short	16085                           @ DW_AT_decl_line
	.short	2712                            @ DW_AT_data_member_location
	.byte	16                              @ Abbrev [16] 0xb89:0xe DW_TAG_member
	.long	.Linfo_string514                @ DW_AT_name
	.long	16131                           @ DW_AT_type
	.byte	3                               @ DW_AT_decl_file
	.short	16086                           @ DW_AT_decl_line
	.short	2720                            @ DW_AT_data_member_location
	.byte	16                              @ Abbrev [16] 0xb97:0xe DW_TAG_member
	.long	.Linfo_string516                @ DW_AT_name
	.long	16198                           @ DW_AT_type
	.byte	3                               @ DW_AT_decl_file
	.short	16087                           @ DW_AT_decl_line
	.short	2724                            @ DW_AT_data_member_location
	.byte	16                              @ Abbrev [16] 0xba5:0xe DW_TAG_member
	.long	.Linfo_string518                @ DW_AT_name
	.long	16265                           @ DW_AT_type
	.byte	3                               @ DW_AT_decl_file
	.short	16088                           @ DW_AT_decl_line
	.short	2728                            @ DW_AT_data_member_location
	.byte	16                              @ Abbrev [16] 0xbb3:0xe DW_TAG_member
	.long	.Linfo_string520                @ DW_AT_name
	.long	16332                           @ DW_AT_type
	.byte	3                               @ DW_AT_decl_file
	.short	16089                           @ DW_AT_decl_line
	.short	2732                            @ DW_AT_data_member_location
	.byte	16                              @ Abbrev [16] 0xbc1:0xe DW_TAG_member
	.long	.Linfo_string522                @ DW_AT_name
	.long	16399                           @ DW_AT_type
	.byte	3                               @ DW_AT_decl_file
	.short	16090                           @ DW_AT_decl_line
	.short	2736                            @ DW_AT_data_member_location
	.byte	16                              @ Abbrev [16] 0xbcf:0xe DW_TAG_member
	.long	.Linfo_string524                @ DW_AT_name
	.long	4701                            @ DW_AT_type
	.byte	3                               @ DW_AT_decl_file
	.short	16091                           @ DW_AT_decl_line
	.short	2740                            @ DW_AT_data_member_location
	.byte	16                              @ Abbrev [16] 0xbdd:0xe DW_TAG_member
	.long	.Linfo_string525                @ DW_AT_name
	.long	16466                           @ DW_AT_type
	.byte	3                               @ DW_AT_decl_file
	.short	16092                           @ DW_AT_decl_line
	.short	2752                            @ DW_AT_data_member_location
	.byte	16                              @ Abbrev [16] 0xbeb:0xe DW_TAG_member
	.long	.Linfo_string527                @ DW_AT_name
	.long	16547                           @ DW_AT_type
	.byte	3                               @ DW_AT_decl_file
	.short	16093                           @ DW_AT_decl_line
	.short	2760                            @ DW_AT_data_member_location
	.byte	16                              @ Abbrev [16] 0xbf9:0xe DW_TAG_member
	.long	.Linfo_string529                @ DW_AT_name
	.long	16628                           @ DW_AT_type
	.byte	3                               @ DW_AT_decl_file
	.short	16094                           @ DW_AT_decl_line
	.short	2768                            @ DW_AT_data_member_location
	.byte	16                              @ Abbrev [16] 0xc07:0xe DW_TAG_member
	.long	.Linfo_string531                @ DW_AT_name
	.long	7318                            @ DW_AT_type
	.byte	3                               @ DW_AT_decl_file
	.short	16095                           @ DW_AT_decl_line
	.short	2776                            @ DW_AT_data_member_location
	.byte	16                              @ Abbrev [16] 0xc15:0xe DW_TAG_member
	.long	.Linfo_string532                @ DW_AT_name
	.long	16709                           @ DW_AT_type
	.byte	3                               @ DW_AT_decl_file
	.short	16096                           @ DW_AT_decl_line
	.short	2816                            @ DW_AT_data_member_location
	.byte	16                              @ Abbrev [16] 0xc23:0xe DW_TAG_member
	.long	.Linfo_string534                @ DW_AT_name
	.long	16790                           @ DW_AT_type
	.byte	3                               @ DW_AT_decl_file
	.short	16097                           @ DW_AT_decl_line
	.short	2824                            @ DW_AT_data_member_location
	.byte	16                              @ Abbrev [16] 0xc31:0xe DW_TAG_member
	.long	.Linfo_string536                @ DW_AT_name
	.long	16871                           @ DW_AT_type
	.byte	3                               @ DW_AT_decl_file
	.short	16098                           @ DW_AT_decl_line
	.short	2832                            @ DW_AT_data_member_location
	.byte	16                              @ Abbrev [16] 0xc3f:0xe DW_TAG_member
	.long	.Linfo_string538                @ DW_AT_name
	.long	16952                           @ DW_AT_type
	.byte	3                               @ DW_AT_decl_file
	.short	16099                           @ DW_AT_decl_line
	.short	2840                            @ DW_AT_data_member_location
	.byte	16                              @ Abbrev [16] 0xc4d:0xe DW_TAG_member
	.long	.Linfo_string540                @ DW_AT_name
	.long	17033                           @ DW_AT_type
	.byte	3                               @ DW_AT_decl_file
	.short	16100                           @ DW_AT_decl_line
	.short	2848                            @ DW_AT_data_member_location
	.byte	16                              @ Abbrev [16] 0xc5b:0xe DW_TAG_member
	.long	.Linfo_string542                @ DW_AT_name
	.long	17114                           @ DW_AT_type
	.byte	3                               @ DW_AT_decl_file
	.short	16101                           @ DW_AT_decl_line
	.short	2856                            @ DW_AT_data_member_location
	.byte	16                              @ Abbrev [16] 0xc69:0xe DW_TAG_member
	.long	.Linfo_string544                @ DW_AT_name
	.long	17195                           @ DW_AT_type
	.byte	3                               @ DW_AT_decl_file
	.short	16102                           @ DW_AT_decl_line
	.short	2864                            @ DW_AT_data_member_location
	.byte	16                              @ Abbrev [16] 0xc77:0xe DW_TAG_member
	.long	.Linfo_string546                @ DW_AT_name
	.long	17276                           @ DW_AT_type
	.byte	3                               @ DW_AT_decl_file
	.short	16103                           @ DW_AT_decl_line
	.short	2872                            @ DW_AT_data_member_location
	.byte	16                              @ Abbrev [16] 0xc85:0xe DW_TAG_member
	.long	.Linfo_string547                @ DW_AT_name
	.long	5657                            @ DW_AT_type
	.byte	3                               @ DW_AT_decl_file
	.short	16104                           @ DW_AT_decl_line
	.short	2944                            @ DW_AT_data_member_location
	.byte	16                              @ Abbrev [16] 0xc93:0xe DW_TAG_member
	.long	.Linfo_string548                @ DW_AT_name
	.long	17288                           @ DW_AT_type
	.byte	3                               @ DW_AT_decl_file
	.short	16105                           @ DW_AT_decl_line
	.short	3008                            @ DW_AT_data_member_location
	.byte	16                              @ Abbrev [16] 0xca1:0xe DW_TAG_member
	.long	.Linfo_string549                @ DW_AT_name
	.long	17301                           @ DW_AT_type
	.byte	3                               @ DW_AT_decl_file
	.short	16106                           @ DW_AT_decl_line
	.short	4032                            @ DW_AT_data_member_location
	.byte	16                              @ Abbrev [16] 0xcaf:0xe DW_TAG_member
	.long	.Linfo_string551                @ DW_AT_name
	.long	4701                            @ DW_AT_type
	.byte	3                               @ DW_AT_decl_file
	.short	16107                           @ DW_AT_decl_line
	.short	4036                            @ DW_AT_data_member_location
	.byte	16                              @ Abbrev [16] 0xcbd:0xe DW_TAG_member
	.long	.Linfo_string552                @ DW_AT_name
	.long	17368                           @ DW_AT_type
	.byte	3                               @ DW_AT_decl_file
	.short	16108                           @ DW_AT_decl_line
	.short	4048                            @ DW_AT_data_member_location
	.byte	16                              @ Abbrev [16] 0xccb:0xe DW_TAG_member
	.long	.Linfo_string554                @ DW_AT_name
	.long	17435                           @ DW_AT_type
	.byte	3                               @ DW_AT_decl_file
	.short	16109                           @ DW_AT_decl_line
	.short	4052                            @ DW_AT_data_member_location
	.byte	16                              @ Abbrev [16] 0xcd9:0xe DW_TAG_member
	.long	.Linfo_string556                @ DW_AT_name
	.long	17502                           @ DW_AT_type
	.byte	3                               @ DW_AT_decl_file
	.short	16110                           @ DW_AT_decl_line
	.short	4056                            @ DW_AT_data_member_location
	.byte	16                              @ Abbrev [16] 0xce7:0xe DW_TAG_member
	.long	.Linfo_string558                @ DW_AT_name
	.long	17569                           @ DW_AT_type
	.byte	3                               @ DW_AT_decl_file
	.short	16111                           @ DW_AT_decl_line
	.short	4060                            @ DW_AT_data_member_location
	.byte	16                              @ Abbrev [16] 0xcf5:0xe DW_TAG_member
	.long	.Linfo_string560                @ DW_AT_name
	.long	17636                           @ DW_AT_type
	.byte	3                               @ DW_AT_decl_file
	.short	16112                           @ DW_AT_decl_line
	.short	4064                            @ DW_AT_data_member_location
	.byte	16                              @ Abbrev [16] 0xd03:0xe DW_TAG_member
	.long	.Linfo_string562                @ DW_AT_name
	.long	17703                           @ DW_AT_type
	.byte	3                               @ DW_AT_decl_file
	.short	16113                           @ DW_AT_decl_line
	.short	4068                            @ DW_AT_data_member_location
	.byte	16                              @ Abbrev [16] 0xd11:0xe DW_TAG_member
	.long	.Linfo_string564                @ DW_AT_name
	.long	17770                           @ DW_AT_type
	.byte	3                               @ DW_AT_decl_file
	.short	16114                           @ DW_AT_decl_line
	.short	4072                            @ DW_AT_data_member_location
	.byte	16                              @ Abbrev [16] 0xd1f:0xe DW_TAG_member
	.long	.Linfo_string566                @ DW_AT_name
	.long	17837                           @ DW_AT_type
	.byte	3                               @ DW_AT_decl_file
	.short	16115                           @ DW_AT_decl_line
	.short	4076                            @ DW_AT_data_member_location
	.byte	16                              @ Abbrev [16] 0xd2d:0xe DW_TAG_member
	.long	.Linfo_string568                @ DW_AT_name
	.long	17904                           @ DW_AT_type
	.byte	3                               @ DW_AT_decl_file
	.short	16116                           @ DW_AT_decl_line
	.short	4080                            @ DW_AT_data_member_location
	.byte	16                              @ Abbrev [16] 0xd3b:0xe DW_TAG_member
	.long	.Linfo_string570                @ DW_AT_name
	.long	17971                           @ DW_AT_type
	.byte	3                               @ DW_AT_decl_file
	.short	16117                           @ DW_AT_decl_line
	.short	4084                            @ DW_AT_data_member_location
	.byte	16                              @ Abbrev [16] 0xd49:0xe DW_TAG_member
	.long	.Linfo_string572                @ DW_AT_name
	.long	18038                           @ DW_AT_type
	.byte	3                               @ DW_AT_decl_file
	.short	16118                           @ DW_AT_decl_line
	.short	4088                            @ DW_AT_data_member_location
	.byte	16                              @ Abbrev [16] 0xd57:0xe DW_TAG_member
	.long	.Linfo_string574                @ DW_AT_name
	.long	18105                           @ DW_AT_type
	.byte	3                               @ DW_AT_decl_file
	.short	16119                           @ DW_AT_decl_line
	.short	4092                            @ DW_AT_data_member_location
	.byte	0                               @ End Of Children Mark
	.byte	17                              @ Abbrev [17] 0xd66:0x97 DW_TAG_structure_type
	.long	.Linfo_string36                 @ DW_AT_name
	.byte	4                               @ DW_AT_byte_size
	.byte	3                               @ DW_AT_decl_file
	.short	2520                            @ DW_AT_decl_line
	.byte	18                              @ Abbrev [18] 0xd6f:0x9 DW_TAG_member
	.long	3448                            @ DW_AT_type
	.byte	3                               @ DW_AT_decl_file
	.short	2523                            @ DW_AT_decl_line
	.byte	0                               @ DW_AT_data_member_location
	.byte	19                              @ Abbrev [19] 0xd78:0x84 DW_TAG_union_type
	.byte	4                               @ DW_AT_byte_size
	.byte	3                               @ DW_AT_decl_file
	.short	2523                            @ DW_AT_decl_line
	.byte	18                              @ Abbrev [18] 0xd7d:0x9 DW_TAG_member
	.long	3462                            @ DW_AT_type
	.byte	3                               @ DW_AT_decl_file
	.short	2525                            @ DW_AT_decl_line
	.byte	0                               @ DW_AT_data_member_location
	.byte	20                              @ Abbrev [20] 0xd86:0x68 DW_TAG_structure_type
	.byte	4                               @ DW_AT_byte_size
	.byte	3                               @ DW_AT_decl_file
	.short	2525                            @ DW_AT_decl_line
	.byte	21                              @ Abbrev [21] 0xd8b:0xe DW_TAG_member
	.long	.Linfo_string26                 @ DW_AT_name
	.long	3581                            @ DW_AT_type
	.byte	3                               @ DW_AT_decl_file
	.short	2527                            @ DW_AT_decl_line
	.byte	4                               @ DW_AT_bit_size
	.byte	0                               @ DW_AT_data_bit_offset
	.byte	21                              @ Abbrev [21] 0xd99:0xe DW_TAG_member
	.long	.Linfo_string29                 @ DW_AT_name
	.long	3581                            @ DW_AT_type
	.byte	3                               @ DW_AT_decl_file
	.short	2528                            @ DW_AT_decl_line
	.byte	4                               @ DW_AT_bit_size
	.byte	4                               @ DW_AT_data_bit_offset
	.byte	21                              @ Abbrev [21] 0xda7:0xe DW_TAG_member
	.long	.Linfo_string30                 @ DW_AT_name
	.long	3581                            @ DW_AT_type
	.byte	3                               @ DW_AT_decl_file
	.short	2529                            @ DW_AT_decl_line
	.byte	4                               @ DW_AT_bit_size
	.byte	8                               @ DW_AT_data_bit_offset
	.byte	21                              @ Abbrev [21] 0xdb5:0xe DW_TAG_member
	.long	.Linfo_string31                 @ DW_AT_name
	.long	3581                            @ DW_AT_type
	.byte	3                               @ DW_AT_decl_file
	.short	2530                            @ DW_AT_decl_line
	.byte	4                               @ DW_AT_bit_size
	.byte	12                              @ DW_AT_data_bit_offset
	.byte	21                              @ Abbrev [21] 0xdc3:0xe DW_TAG_member
	.long	.Linfo_string32                 @ DW_AT_name
	.long	3581                            @ DW_AT_type
	.byte	3                               @ DW_AT_decl_file
	.short	2531                            @ DW_AT_decl_line
	.byte	4                               @ DW_AT_bit_size
	.byte	16                              @ DW_AT_data_bit_offset
	.byte	21                              @ Abbrev [21] 0xdd1:0xe DW_TAG_member
	.long	.Linfo_string33                 @ DW_AT_name
	.long	3581                            @ DW_AT_type
	.byte	3                               @ DW_AT_decl_file
	.short	2533                            @ DW_AT_decl_line
	.byte	8                               @ DW_AT_bit_size
	.byte	20                              @ DW_AT_data_bit_offset
	.byte	21                              @ Abbrev [21] 0xddf:0xe DW_TAG_member
	.long	.Linfo_string34                 @ DW_AT_name
	.long	3581                            @ DW_AT_type
	.byte	3                               @ DW_AT_decl_file
	.short	2535                            @ DW_AT_decl_line
	.byte	4                               @ DW_AT_bit_size
	.byte	28                              @ DW_AT_data_bit_offset
	.byte	0                               @ End Of Children Mark
	.byte	15                              @ Abbrev [15] 0xdee:0xd DW_TAG_member
	.long	.Linfo_string35                 @ DW_AT_name
	.long	3581                            @ DW_AT_type
	.byte	3                               @ DW_AT_decl_file
	.short	2537                            @ DW_AT_decl_line
	.byte	0                               @ DW_AT_data_member_location
	.byte	0                               @ End Of Children Mark
	.byte	0                               @ End Of Children Mark
	.byte	22                              @ Abbrev [22] 0xdfd:0xb DW_TAG_typedef
	.long	3592                            @ DW_AT_type
	.long	.Linfo_string28                 @ DW_AT_name
	.byte	4                               @ DW_AT_decl_file
	.byte	64                              @ DW_AT_decl_line
	.byte	5                               @ Abbrev [5] 0xe08:0x7 DW_TAG_base_type
	.long	.Linfo_string27                 @ DW_AT_name
	.byte	7                               @ DW_AT_encoding
	.byte	4                               @ DW_AT_byte_size
	.byte	17                              @ Abbrev [17] 0xe0f:0xeb DW_TAG_structure_type
	.long	.Linfo_string51                 @ DW_AT_name
	.byte	4                               @ DW_AT_byte_size
	.byte	3                               @ DW_AT_decl_file
	.short	2710                            @ DW_AT_decl_line
	.byte	18                              @ Abbrev [18] 0xe18:0x9 DW_TAG_member
	.long	3617                            @ DW_AT_type
	.byte	3                               @ DW_AT_decl_file
	.short	2713                            @ DW_AT_decl_line
	.byte	0                               @ DW_AT_data_member_location
	.byte	19                              @ Abbrev [19] 0xe21:0xd8 DW_TAG_union_type
	.byte	4                               @ DW_AT_byte_size
	.byte	3                               @ DW_AT_decl_file
	.short	2713                            @ DW_AT_decl_line
	.byte	18                              @ Abbrev [18] 0xe26:0x9 DW_TAG_member
	.long	3631                            @ DW_AT_type
	.byte	3                               @ DW_AT_decl_file
	.short	2715                            @ DW_AT_decl_line
	.byte	0                               @ DW_AT_data_member_location
	.byte	20                              @ Abbrev [20] 0xe2f:0xbc DW_TAG_structure_type
	.byte	4                               @ DW_AT_byte_size
	.byte	3                               @ DW_AT_decl_file
	.short	2715                            @ DW_AT_decl_line
	.byte	21                              @ Abbrev [21] 0xe34:0xe DW_TAG_member
	.long	.Linfo_string38                 @ DW_AT_name
	.long	3581                            @ DW_AT_type
	.byte	3                               @ DW_AT_decl_file
	.short	2717                            @ DW_AT_decl_line
	.byte	1                               @ DW_AT_bit_size
	.byte	0                               @ DW_AT_data_bit_offset
	.byte	21                              @ Abbrev [21] 0xe42:0xe DW_TAG_member
	.long	.Linfo_string39                 @ DW_AT_name
	.long	3581                            @ DW_AT_type
	.byte	3                               @ DW_AT_decl_file
	.short	2718                            @ DW_AT_decl_line
	.byte	1                               @ DW_AT_bit_size
	.byte	1                               @ DW_AT_data_bit_offset
	.byte	21                              @ Abbrev [21] 0xe50:0xe DW_TAG_member
	.long	.Linfo_string40                 @ DW_AT_name
	.long	3581                            @ DW_AT_type
	.byte	3                               @ DW_AT_decl_file
	.short	2721                            @ DW_AT_decl_line
	.byte	1                               @ DW_AT_bit_size
	.byte	2                               @ DW_AT_data_bit_offset
	.byte	21                              @ Abbrev [21] 0xe5e:0xe DW_TAG_member
	.long	.Linfo_string41                 @ DW_AT_name
	.long	3581                            @ DW_AT_type
	.byte	3                               @ DW_AT_decl_file
	.short	2723                            @ DW_AT_decl_line
	.byte	1                               @ DW_AT_bit_size
	.byte	3                               @ DW_AT_data_bit_offset
	.byte	21                              @ Abbrev [21] 0xe6c:0xe DW_TAG_member
	.long	.Linfo_string42                 @ DW_AT_name
	.long	3581                            @ DW_AT_type
	.byte	3                               @ DW_AT_decl_file
	.short	2727                            @ DW_AT_decl_line
	.byte	1                               @ DW_AT_bit_size
	.byte	4                               @ DW_AT_data_bit_offset
	.byte	21                              @ Abbrev [21] 0xe7a:0xe DW_TAG_member
	.long	.Linfo_string43                 @ DW_AT_name
	.long	3581                            @ DW_AT_type
	.byte	3                               @ DW_AT_decl_file
	.short	2728                            @ DW_AT_decl_line
	.byte	1                               @ DW_AT_bit_size
	.byte	5                               @ DW_AT_data_bit_offset
	.byte	21                              @ Abbrev [21] 0xe88:0xe DW_TAG_member
	.long	.Linfo_string44                 @ DW_AT_name
	.long	3581                            @ DW_AT_type
	.byte	3                               @ DW_AT_decl_file
	.short	2730                            @ DW_AT_decl_line
	.byte	1                               @ DW_AT_bit_size
	.byte	6                               @ DW_AT_data_bit_offset
	.byte	21                              @ Abbrev [21] 0xe96:0xe DW_TAG_member
	.long	.Linfo_string45                 @ DW_AT_name
	.long	3581                            @ DW_AT_type
	.byte	3                               @ DW_AT_decl_file
	.short	2731                            @ DW_AT_decl_line
	.byte	1                               @ DW_AT_bit_size
	.byte	7                               @ DW_AT_data_bit_offset
	.byte	21                              @ Abbrev [21] 0xea4:0xe DW_TAG_member
	.long	.Linfo_string46                 @ DW_AT_name
	.long	3581                            @ DW_AT_type
	.byte	3                               @ DW_AT_decl_file
	.short	2733                            @ DW_AT_decl_line
	.byte	1                               @ DW_AT_bit_size
	.byte	8                               @ DW_AT_data_bit_offset
	.byte	21                              @ Abbrev [21] 0xeb2:0xe DW_TAG_member
	.long	.Linfo_string47                 @ DW_AT_name
	.long	3581                            @ DW_AT_type
	.byte	3                               @ DW_AT_decl_file
	.short	2735                            @ DW_AT_decl_line
	.byte	2                               @ DW_AT_bit_size
	.byte	9                               @ DW_AT_data_bit_offset
	.byte	21                              @ Abbrev [21] 0xec0:0xe DW_TAG_member
	.long	.Linfo_string48                 @ DW_AT_name
	.long	3581                            @ DW_AT_type
	.byte	3                               @ DW_AT_decl_file
	.short	2736                            @ DW_AT_decl_line
	.byte	1                               @ DW_AT_bit_size
	.byte	11                              @ DW_AT_data_bit_offset
	.byte	21                              @ Abbrev [21] 0xece:0xe DW_TAG_member
	.long	.Linfo_string49                 @ DW_AT_name
	.long	3581                            @ DW_AT_type
	.byte	3                               @ DW_AT_decl_file
	.short	2737                            @ DW_AT_decl_line
	.byte	4                               @ DW_AT_bit_size
	.byte	12                              @ DW_AT_data_bit_offset
	.byte	21                              @ Abbrev [21] 0xedc:0xe DW_TAG_member
	.long	.Linfo_string50                 @ DW_AT_name
	.long	3581                            @ DW_AT_type
	.byte	3                               @ DW_AT_decl_file
	.short	2739                            @ DW_AT_decl_line
	.byte	16                              @ DW_AT_bit_size
	.byte	16                              @ DW_AT_data_bit_offset
	.byte	0                               @ End Of Children Mark
	.byte	15                              @ Abbrev [15] 0xeeb:0xd DW_TAG_member
	.long	.Linfo_string35                 @ DW_AT_name
	.long	3581                            @ DW_AT_type
	.byte	3                               @ DW_AT_decl_file
	.short	2741                            @ DW_AT_decl_line
	.byte	0                               @ DW_AT_data_member_location
	.byte	0                               @ End Of Children Mark
	.byte	0                               @ End Of Children Mark
	.byte	17                              @ Abbrev [17] 0xefa:0x97 DW_TAG_structure_type
	.long	.Linfo_string59                 @ DW_AT_name
	.byte	4                               @ DW_AT_byte_size
	.byte	3                               @ DW_AT_decl_file
	.short	3014                            @ DW_AT_decl_line
	.byte	18                              @ Abbrev [18] 0xf03:0x9 DW_TAG_member
	.long	3852                            @ DW_AT_type
	.byte	3                               @ DW_AT_decl_file
	.short	3017                            @ DW_AT_decl_line
	.byte	0                               @ DW_AT_data_member_location
	.byte	19                              @ Abbrev [19] 0xf0c:0x84 DW_TAG_union_type
	.byte	4                               @ DW_AT_byte_size
	.byte	3                               @ DW_AT_decl_file
	.short	3017                            @ DW_AT_decl_line
	.byte	18                              @ Abbrev [18] 0xf11:0x9 DW_TAG_member
	.long	3866                            @ DW_AT_type
	.byte	3                               @ DW_AT_decl_file
	.short	3019                            @ DW_AT_decl_line
	.byte	0                               @ DW_AT_data_member_location
	.byte	20                              @ Abbrev [20] 0xf1a:0x68 DW_TAG_structure_type
	.byte	4                               @ DW_AT_byte_size
	.byte	3                               @ DW_AT_decl_file
	.short	3019                            @ DW_AT_decl_line
	.byte	21                              @ Abbrev [21] 0xf1f:0xe DW_TAG_member
	.long	.Linfo_string53                 @ DW_AT_name
	.long	3581                            @ DW_AT_type
	.byte	3                               @ DW_AT_decl_file
	.short	3021                            @ DW_AT_decl_line
	.byte	1                               @ DW_AT_bit_size
	.byte	0                               @ DW_AT_data_bit_offset
	.byte	21                              @ Abbrev [21] 0xf2d:0xe DW_TAG_member
	.long	.Linfo_string54                 @ DW_AT_name
	.long	3581                            @ DW_AT_type
	.byte	3                               @ DW_AT_decl_file
	.short	3023                            @ DW_AT_decl_line
	.byte	1                               @ DW_AT_bit_size
	.byte	1                               @ DW_AT_data_bit_offset
	.byte	21                              @ Abbrev [21] 0xf3b:0xe DW_TAG_member
	.long	.Linfo_string55                 @ DW_AT_name
	.long	3581                            @ DW_AT_type
	.byte	3                               @ DW_AT_decl_file
	.short	3024                            @ DW_AT_decl_line
	.byte	1                               @ DW_AT_bit_size
	.byte	2                               @ DW_AT_data_bit_offset
	.byte	21                              @ Abbrev [21] 0xf49:0xe DW_TAG_member
	.long	.Linfo_string56                 @ DW_AT_name
	.long	3581                            @ DW_AT_type
	.byte	3                               @ DW_AT_decl_file
	.short	3026                            @ DW_AT_decl_line
	.byte	1                               @ DW_AT_bit_size
	.byte	3                               @ DW_AT_data_bit_offset
	.byte	21                              @ Abbrev [21] 0xf57:0xe DW_TAG_member
	.long	.Linfo_string57                 @ DW_AT_name
	.long	3581                            @ DW_AT_type
	.byte	3                               @ DW_AT_decl_file
	.short	3028                            @ DW_AT_decl_line
	.byte	1                               @ DW_AT_bit_size
	.byte	4                               @ DW_AT_data_bit_offset
	.byte	21                              @ Abbrev [21] 0xf65:0xe DW_TAG_member
	.long	.Linfo_string47                 @ DW_AT_name
	.long	3581                            @ DW_AT_type
	.byte	3                               @ DW_AT_decl_file
	.short	3029                            @ DW_AT_decl_line
	.byte	11                              @ DW_AT_bit_size
	.byte	5                               @ DW_AT_data_bit_offset
	.byte	21                              @ Abbrev [21] 0xf73:0xe DW_TAG_member
	.long	.Linfo_string58                 @ DW_AT_name
	.long	3581                            @ DW_AT_type
	.byte	3                               @ DW_AT_decl_file
	.short	3030                            @ DW_AT_decl_line
	.byte	16                              @ DW_AT_bit_size
	.byte	16                              @ DW_AT_data_bit_offset
	.byte	0                               @ End Of Children Mark
	.byte	15                              @ Abbrev [15] 0xf82:0xd DW_TAG_member
	.long	.Linfo_string35                 @ DW_AT_name
	.long	3581                            @ DW_AT_type
	.byte	3                               @ DW_AT_decl_file
	.short	3032                            @ DW_AT_decl_line
	.byte	0                               @ DW_AT_data_member_location
	.byte	0                               @ End Of Children Mark
	.byte	0                               @ End Of Children Mark
	.byte	17                              @ Abbrev [17] 0xf91:0x5f DW_TAG_structure_type
	.long	.Linfo_string63                 @ DW_AT_name
	.byte	4                               @ DW_AT_byte_size
	.byte	3                               @ DW_AT_decl_file
	.short	3185                            @ DW_AT_decl_line
	.byte	18                              @ Abbrev [18] 0xf9a:0x9 DW_TAG_member
	.long	4003                            @ DW_AT_type
	.byte	3                               @ DW_AT_decl_file
	.short	3188                            @ DW_AT_decl_line
	.byte	0                               @ DW_AT_data_member_location
	.byte	19                              @ Abbrev [19] 0xfa3:0x4c DW_TAG_union_type
	.byte	4                               @ DW_AT_byte_size
	.byte	3                               @ DW_AT_decl_file
	.short	3188                            @ DW_AT_decl_line
	.byte	18                              @ Abbrev [18] 0xfa8:0x9 DW_TAG_member
	.long	4017                            @ DW_AT_type
	.byte	3                               @ DW_AT_decl_file
	.short	3190                            @ DW_AT_decl_line
	.byte	0                               @ DW_AT_data_member_location
	.byte	20                              @ Abbrev [20] 0xfb1:0x30 DW_TAG_structure_type
	.byte	4                               @ DW_AT_byte_size
	.byte	3                               @ DW_AT_decl_file
	.short	3190                            @ DW_AT_decl_line
	.byte	21                              @ Abbrev [21] 0xfb6:0xe DW_TAG_member
	.long	.Linfo_string61                 @ DW_AT_name
	.long	3581                            @ DW_AT_type
	.byte	3                               @ DW_AT_decl_file
	.short	3192                            @ DW_AT_decl_line
	.byte	1                               @ DW_AT_bit_size
	.byte	0                               @ DW_AT_data_bit_offset
	.byte	21                              @ Abbrev [21] 0xfc4:0xe DW_TAG_member
	.long	.Linfo_string62                 @ DW_AT_name
	.long	3581                            @ DW_AT_type
	.byte	3                               @ DW_AT_decl_file
	.short	3193                            @ DW_AT_decl_line
	.byte	1                               @ DW_AT_bit_size
	.byte	1                               @ DW_AT_data_bit_offset
	.byte	21                              @ Abbrev [21] 0xfd2:0xe DW_TAG_member
	.long	.Linfo_string47                 @ DW_AT_name
	.long	3581                            @ DW_AT_type
	.byte	3                               @ DW_AT_decl_file
	.short	3194                            @ DW_AT_decl_line
	.byte	30                              @ DW_AT_bit_size
	.byte	2                               @ DW_AT_data_bit_offset
	.byte	0                               @ End Of Children Mark
	.byte	15                              @ Abbrev [15] 0xfe1:0xd DW_TAG_member
	.long	.Linfo_string35                 @ DW_AT_name
	.long	3581                            @ DW_AT_type
	.byte	3                               @ DW_AT_decl_file
	.short	3196                            @ DW_AT_decl_line
	.byte	0                               @ DW_AT_data_member_location
	.byte	0                               @ End Of Children Mark
	.byte	0                               @ End Of Children Mark
	.byte	17                              @ Abbrev [17] 0xff0:0x51 DW_TAG_structure_type
	.long	.Linfo_string66                 @ DW_AT_name
	.byte	8                               @ DW_AT_byte_size
	.byte	3                               @ DW_AT_decl_file
	.short	3273                            @ DW_AT_decl_line
	.byte	18                              @ Abbrev [18] 0xff9:0x9 DW_TAG_member
	.long	4098                            @ DW_AT_type
	.byte	3                               @ DW_AT_decl_file
	.short	3276                            @ DW_AT_decl_line
	.byte	0                               @ DW_AT_data_member_location
	.byte	19                              @ Abbrev [19] 0x1002:0x3e DW_TAG_union_type
	.byte	8                               @ DW_AT_byte_size
	.byte	3                               @ DW_AT_decl_file
	.short	3276                            @ DW_AT_decl_line
	.byte	18                              @ Abbrev [18] 0x1007:0x9 DW_TAG_member
	.long	4112                            @ DW_AT_type
	.byte	3                               @ DW_AT_decl_file
	.short	3278                            @ DW_AT_decl_line
	.byte	0                               @ DW_AT_data_member_location
	.byte	20                              @ Abbrev [20] 0x1010:0x22 DW_TAG_structure_type
	.byte	8                               @ DW_AT_byte_size
	.byte	3                               @ DW_AT_decl_file
	.short	3278                            @ DW_AT_decl_line
	.byte	21                              @ Abbrev [21] 0x1015:0xe DW_TAG_member
	.long	.Linfo_string65                 @ DW_AT_name
	.long	3581                            @ DW_AT_type
	.byte	3                               @ DW_AT_decl_file
	.short	3280                            @ DW_AT_decl_line
	.byte	32                              @ DW_AT_bit_size
	.byte	0                               @ DW_AT_data_bit_offset
	.byte	21                              @ Abbrev [21] 0x1023:0xe DW_TAG_member
	.long	.Linfo_string47                 @ DW_AT_name
	.long	3581                            @ DW_AT_type
	.byte	3                               @ DW_AT_decl_file
	.short	3281                            @ DW_AT_decl_line
	.byte	32                              @ DW_AT_bit_size
	.byte	32                              @ DW_AT_data_bit_offset
	.byte	0                               @ End Of Children Mark
	.byte	15                              @ Abbrev [15] 0x1032:0xd DW_TAG_member
	.long	.Linfo_string35                 @ DW_AT_name
	.long	4161                            @ DW_AT_type
	.byte	3                               @ DW_AT_decl_file
	.short	3283                            @ DW_AT_decl_line
	.byte	0                               @ DW_AT_data_member_location
	.byte	0                               @ End Of Children Mark
	.byte	0                               @ End Of Children Mark
	.byte	3                               @ Abbrev [3] 0x1041:0xc DW_TAG_array_type
	.long	3581                            @ DW_AT_type
	.byte	4                               @ Abbrev [4] 0x1046:0x6 DW_TAG_subrange_type
	.long	70                              @ DW_AT_type
	.byte	2                               @ DW_AT_count
	.byte	0                               @ End Of Children Mark
	.byte	17                              @ Abbrev [17] 0x104d:0x43 DW_TAG_structure_type
	.long	.Linfo_string68                 @ DW_AT_name
	.byte	4                               @ DW_AT_byte_size
	.byte	3                               @ DW_AT_decl_file
	.short	3323                            @ DW_AT_decl_line
	.byte	18                              @ Abbrev [18] 0x1056:0x9 DW_TAG_member
	.long	4191                            @ DW_AT_type
	.byte	3                               @ DW_AT_decl_file
	.short	3326                            @ DW_AT_decl_line
	.byte	0                               @ DW_AT_data_member_location
	.byte	19                              @ Abbrev [19] 0x105f:0x30 DW_TAG_union_type
	.byte	4                               @ DW_AT_byte_size
	.byte	3                               @ DW_AT_decl_file
	.short	3326                            @ DW_AT_decl_line
	.byte	18                              @ Abbrev [18] 0x1064:0x9 DW_TAG_member
	.long	4205                            @ DW_AT_type
	.byte	3                               @ DW_AT_decl_file
	.short	3328                            @ DW_AT_decl_line
	.byte	0                               @ DW_AT_data_member_location
	.byte	20                              @ Abbrev [20] 0x106d:0x14 DW_TAG_structure_type
	.byte	4                               @ DW_AT_byte_size
	.byte	3                               @ DW_AT_decl_file
	.short	3328                            @ DW_AT_decl_line
	.byte	21                              @ Abbrev [21] 0x1072:0xe DW_TAG_member
	.long	.Linfo_string67                 @ DW_AT_name
	.long	3581                            @ DW_AT_type
	.byte	3                               @ DW_AT_decl_file
	.short	3330                            @ DW_AT_decl_line
	.byte	32                              @ DW_AT_bit_size
	.byte	0                               @ DW_AT_data_bit_offset
	.byte	0                               @ End Of Children Mark
	.byte	15                              @ Abbrev [15] 0x1081:0xd DW_TAG_member
	.long	.Linfo_string35                 @ DW_AT_name
	.long	3581                            @ DW_AT_type
	.byte	3                               @ DW_AT_decl_file
	.short	3332                            @ DW_AT_decl_line
	.byte	0                               @ DW_AT_data_member_location
	.byte	0                               @ End Of Children Mark
	.byte	0                               @ End Of Children Mark
	.byte	17                              @ Abbrev [17] 0x1090:0x51 DW_TAG_structure_type
	.long	.Linfo_string71                 @ DW_AT_name
	.byte	4                               @ DW_AT_byte_size
	.byte	3                               @ DW_AT_decl_file
	.short	3385                            @ DW_AT_decl_line
	.byte	18                              @ Abbrev [18] 0x1099:0x9 DW_TAG_member
	.long	4258                            @ DW_AT_type
	.byte	3                               @ DW_AT_decl_file
	.short	3388                            @ DW_AT_decl_line
	.byte	0                               @ DW_AT_data_member_location
	.byte	19                              @ Abbrev [19] 0x10a2:0x3e DW_TAG_union_type
	.byte	4                               @ DW_AT_byte_size
	.byte	3                               @ DW_AT_decl_file
	.short	3388                            @ DW_AT_decl_line
	.byte	18                              @ Abbrev [18] 0x10a7:0x9 DW_TAG_member
	.long	4272                            @ DW_AT_type
	.byte	3                               @ DW_AT_decl_file
	.short	3390                            @ DW_AT_decl_line
	.byte	0                               @ DW_AT_data_member_location
	.byte	20                              @ Abbrev [20] 0x10b0:0x22 DW_TAG_structure_type
	.byte	4                               @ DW_AT_byte_size
	.byte	3                               @ DW_AT_decl_file
	.short	3390                            @ DW_AT_decl_line
	.byte	21                              @ Abbrev [21] 0x10b5:0xe DW_TAG_member
	.long	.Linfo_string70                 @ DW_AT_name
	.long	3581                            @ DW_AT_type
	.byte	3                               @ DW_AT_decl_file
	.short	3392                            @ DW_AT_decl_line
	.byte	2                               @ DW_AT_bit_size
	.byte	0                               @ DW_AT_data_bit_offset
	.byte	21                              @ Abbrev [21] 0x10c3:0xe DW_TAG_member
	.long	.Linfo_string47                 @ DW_AT_name
	.long	3581                            @ DW_AT_type
	.byte	3                               @ DW_AT_decl_file
	.short	3393                            @ DW_AT_decl_line
	.byte	30                              @ DW_AT_bit_size
	.byte	2                               @ DW_AT_data_bit_offset
	.byte	0                               @ End Of Children Mark
	.byte	15                              @ Abbrev [15] 0x10d2:0xd DW_TAG_member
	.long	.Linfo_string35                 @ DW_AT_name
	.long	3581                            @ DW_AT_type
	.byte	3                               @ DW_AT_decl_file
	.short	3395                            @ DW_AT_decl_line
	.byte	0                               @ DW_AT_data_member_location
	.byte	0                               @ End Of Children Mark
	.byte	0                               @ End Of Children Mark
	.byte	17                              @ Abbrev [17] 0x10e1:0x43 DW_TAG_structure_type
	.long	.Linfo_string73                 @ DW_AT_name
	.byte	4                               @ DW_AT_byte_size
	.byte	3                               @ DW_AT_decl_file
	.short	3448                            @ DW_AT_decl_line
	.byte	18                              @ Abbrev [18] 0x10ea:0x9 DW_TAG_member
	.long	4339                            @ DW_AT_type
	.byte	3                               @ DW_AT_decl_file
	.short	3451                            @ DW_AT_decl_line
	.byte	0                               @ DW_AT_data_member_location
	.byte	19                              @ Abbrev [19] 0x10f3:0x30 DW_TAG_union_type
	.byte	4                               @ DW_AT_byte_size
	.byte	3                               @ DW_AT_decl_file
	.short	3451                            @ DW_AT_decl_line
	.byte	18                              @ Abbrev [18] 0x10f8:0x9 DW_TAG_member
	.long	4353                            @ DW_AT_type
	.byte	3                               @ DW_AT_decl_file
	.short	3453                            @ DW_AT_decl_line
	.byte	0                               @ DW_AT_data_member_location
	.byte	20                              @ Abbrev [20] 0x1101:0x14 DW_TAG_structure_type
	.byte	4                               @ DW_AT_byte_size
	.byte	3                               @ DW_AT_decl_file
	.short	3453                            @ DW_AT_decl_line
	.byte	21                              @ Abbrev [21] 0x1106:0xe DW_TAG_member
	.long	.Linfo_string72                 @ DW_AT_name
	.long	3581                            @ DW_AT_type
	.byte	3                               @ DW_AT_decl_file
	.short	3455                            @ DW_AT_decl_line
	.byte	32                              @ DW_AT_bit_size
	.byte	0                               @ DW_AT_data_bit_offset
	.byte	0                               @ End Of Children Mark
	.byte	15                              @ Abbrev [15] 0x1115:0xd DW_TAG_member
	.long	.Linfo_string35                 @ DW_AT_name
	.long	3581                            @ DW_AT_type
	.byte	3                               @ DW_AT_decl_file
	.short	3457                            @ DW_AT_decl_line
	.byte	0                               @ DW_AT_data_member_location
	.byte	0                               @ End Of Children Mark
	.byte	0                               @ End Of Children Mark
	.byte	17                              @ Abbrev [17] 0x1124:0x5f DW_TAG_structure_type
	.long	.Linfo_string77                 @ DW_AT_name
	.byte	4                               @ DW_AT_byte_size
	.byte	3                               @ DW_AT_decl_file
	.short	3510                            @ DW_AT_decl_line
	.byte	18                              @ Abbrev [18] 0x112d:0x9 DW_TAG_member
	.long	4406                            @ DW_AT_type
	.byte	3                               @ DW_AT_decl_file
	.short	3513                            @ DW_AT_decl_line
	.byte	0                               @ DW_AT_data_member_location
	.byte	19                              @ Abbrev [19] 0x1136:0x4c DW_TAG_union_type
	.byte	4                               @ DW_AT_byte_size
	.byte	3                               @ DW_AT_decl_file
	.short	3513                            @ DW_AT_decl_line
	.byte	18                              @ Abbrev [18] 0x113b:0x9 DW_TAG_member
	.long	4420                            @ DW_AT_type
	.byte	3                               @ DW_AT_decl_file
	.short	3515                            @ DW_AT_decl_line
	.byte	0                               @ DW_AT_data_member_location
	.byte	20                              @ Abbrev [20] 0x1144:0x30 DW_TAG_structure_type
	.byte	4                               @ DW_AT_byte_size
	.byte	3                               @ DW_AT_decl_file
	.short	3515                            @ DW_AT_decl_line
	.byte	21                              @ Abbrev [21] 0x1149:0xe DW_TAG_member
	.long	.Linfo_string75                 @ DW_AT_name
	.long	3581                            @ DW_AT_type
	.byte	3                               @ DW_AT_decl_file
	.short	3517                            @ DW_AT_decl_line
	.byte	1                               @ DW_AT_bit_size
	.byte	0                               @ DW_AT_data_bit_offset
	.byte	21                              @ Abbrev [21] 0x1157:0xe DW_TAG_member
	.long	.Linfo_string76                 @ DW_AT_name
	.long	3581                            @ DW_AT_type
	.byte	3                               @ DW_AT_decl_file
	.short	3518                            @ DW_AT_decl_line
	.byte	1                               @ DW_AT_bit_size
	.byte	1                               @ DW_AT_data_bit_offset
	.byte	21                              @ Abbrev [21] 0x1165:0xe DW_TAG_member
	.long	.Linfo_string47                 @ DW_AT_name
	.long	3581                            @ DW_AT_type
	.byte	3                               @ DW_AT_decl_file
	.short	3519                            @ DW_AT_decl_line
	.byte	30                              @ DW_AT_bit_size
	.byte	2                               @ DW_AT_data_bit_offset
	.byte	0                               @ End Of Children Mark
	.byte	15                              @ Abbrev [15] 0x1174:0xd DW_TAG_member
	.long	.Linfo_string35                 @ DW_AT_name
	.long	3581                            @ DW_AT_type
	.byte	3                               @ DW_AT_decl_file
	.short	3521                            @ DW_AT_decl_line
	.byte	0                               @ DW_AT_data_member_location
	.byte	0                               @ End Of Children Mark
	.byte	0                               @ End Of Children Mark
	.byte	17                              @ Abbrev [17] 0x1183:0x97 DW_TAG_structure_type
	.long	.Linfo_string85                 @ DW_AT_name
	.byte	4                               @ DW_AT_byte_size
	.byte	3                               @ DW_AT_decl_file
	.short	3598                            @ DW_AT_decl_line
	.byte	18                              @ Abbrev [18] 0x118c:0x9 DW_TAG_member
	.long	4501                            @ DW_AT_type
	.byte	3                               @ DW_AT_decl_file
	.short	3601                            @ DW_AT_decl_line
	.byte	0                               @ DW_AT_data_member_location
	.byte	19                              @ Abbrev [19] 0x1195:0x84 DW_TAG_union_type
	.byte	4                               @ DW_AT_byte_size
	.byte	3                               @ DW_AT_decl_file
	.short	3601                            @ DW_AT_decl_line
	.byte	18                              @ Abbrev [18] 0x119a:0x9 DW_TAG_member
	.long	4515                            @ DW_AT_type
	.byte	3                               @ DW_AT_decl_file
	.short	3603                            @ DW_AT_decl_line
	.byte	0                               @ DW_AT_data_member_location
	.byte	20                              @ Abbrev [20] 0x11a3:0x68 DW_TAG_structure_type
	.byte	4                               @ DW_AT_byte_size
	.byte	3                               @ DW_AT_decl_file
	.short	3603                            @ DW_AT_decl_line
	.byte	21                              @ Abbrev [21] 0x11a8:0xe DW_TAG_member
	.long	.Linfo_string79                 @ DW_AT_name
	.long	3581                            @ DW_AT_type
	.byte	3                               @ DW_AT_decl_file
	.short	3605                            @ DW_AT_decl_line
	.byte	4                               @ DW_AT_bit_size
	.byte	0                               @ DW_AT_data_bit_offset
	.byte	21                              @ Abbrev [21] 0x11b6:0xe DW_TAG_member
	.long	.Linfo_string80                 @ DW_AT_name
	.long	3581                            @ DW_AT_type
	.byte	3                               @ DW_AT_decl_file
	.short	3606                            @ DW_AT_decl_line
	.byte	4                               @ DW_AT_bit_size
	.byte	4                               @ DW_AT_data_bit_offset
	.byte	21                              @ Abbrev [21] 0x11c4:0xe DW_TAG_member
	.long	.Linfo_string81                 @ DW_AT_name
	.long	3581                            @ DW_AT_type
	.byte	3                               @ DW_AT_decl_file
	.short	3607                            @ DW_AT_decl_line
	.byte	8                               @ DW_AT_bit_size
	.byte	8                               @ DW_AT_data_bit_offset
	.byte	21                              @ Abbrev [21] 0x11d2:0xe DW_TAG_member
	.long	.Linfo_string47                 @ DW_AT_name
	.long	3581                            @ DW_AT_type
	.byte	3                               @ DW_AT_decl_file
	.short	3608                            @ DW_AT_decl_line
	.byte	10                              @ DW_AT_bit_size
	.byte	16                              @ DW_AT_data_bit_offset
	.byte	21                              @ Abbrev [21] 0x11e0:0xe DW_TAG_member
	.long	.Linfo_string82                 @ DW_AT_name
	.long	3581                            @ DW_AT_type
	.byte	3                               @ DW_AT_decl_file
	.short	3609                            @ DW_AT_decl_line
	.byte	1                               @ DW_AT_bit_size
	.byte	26                              @ DW_AT_data_bit_offset
	.byte	21                              @ Abbrev [21] 0x11ee:0xe DW_TAG_member
	.long	.Linfo_string83                 @ DW_AT_name
	.long	3581                            @ DW_AT_type
	.byte	3                               @ DW_AT_decl_file
	.short	3610                            @ DW_AT_decl_line
	.byte	1                               @ DW_AT_bit_size
	.byte	27                              @ DW_AT_data_bit_offset
	.byte	21                              @ Abbrev [21] 0x11fc:0xe DW_TAG_member
	.long	.Linfo_string84                 @ DW_AT_name
	.long	3581                            @ DW_AT_type
	.byte	3                               @ DW_AT_decl_file
	.short	3611                            @ DW_AT_decl_line
	.byte	4                               @ DW_AT_bit_size
	.byte	28                              @ DW_AT_data_bit_offset
	.byte	0                               @ End Of Children Mark
	.byte	15                              @ Abbrev [15] 0x120b:0xd DW_TAG_member
	.long	.Linfo_string35                 @ DW_AT_name
	.long	3581                            @ DW_AT_type
	.byte	3                               @ DW_AT_decl_file
	.short	3613                            @ DW_AT_decl_line
	.byte	0                               @ DW_AT_data_member_location
	.byte	0                               @ End Of Children Mark
	.byte	0                               @ End Of Children Mark
	.byte	17                              @ Abbrev [17] 0x121a:0x43 DW_TAG_structure_type
	.long	.Linfo_string87                 @ DW_AT_name
	.byte	4                               @ DW_AT_byte_size
	.byte	3                               @ DW_AT_decl_file
	.short	3768                            @ DW_AT_decl_line
	.byte	18                              @ Abbrev [18] 0x1223:0x9 DW_TAG_member
	.long	4652                            @ DW_AT_type
	.byte	3                               @ DW_AT_decl_file
	.short	3771                            @ DW_AT_decl_line
	.byte	0                               @ DW_AT_data_member_location
	.byte	19                              @ Abbrev [19] 0x122c:0x30 DW_TAG_union_type
	.byte	4                               @ DW_AT_byte_size
	.byte	3                               @ DW_AT_decl_file
	.short	3771                            @ DW_AT_decl_line
	.byte	18                              @ Abbrev [18] 0x1231:0x9 DW_TAG_member
	.long	4666                            @ DW_AT_type
	.byte	3                               @ DW_AT_decl_file
	.short	3773                            @ DW_AT_decl_line
	.byte	0                               @ DW_AT_data_member_location
	.byte	20                              @ Abbrev [20] 0x123a:0x14 DW_TAG_structure_type
	.byte	4                               @ DW_AT_byte_size
	.byte	3                               @ DW_AT_decl_file
	.short	3773                            @ DW_AT_decl_line
	.byte	21                              @ Abbrev [21] 0x123f:0xe DW_TAG_member
	.long	.Linfo_string86                 @ DW_AT_name
	.long	3581                            @ DW_AT_type
	.byte	3                               @ DW_AT_decl_file
	.short	3775                            @ DW_AT_decl_line
	.byte	32                              @ DW_AT_bit_size
	.byte	0                               @ DW_AT_data_bit_offset
	.byte	0                               @ End Of Children Mark
	.byte	15                              @ Abbrev [15] 0x124e:0xd DW_TAG_member
	.long	.Linfo_string35                 @ DW_AT_name
	.long	3581                            @ DW_AT_type
	.byte	3                               @ DW_AT_decl_file
	.short	3777                            @ DW_AT_decl_line
	.byte	0                               @ DW_AT_data_member_location
	.byte	0                               @ End Of Children Mark
	.byte	0                               @ End Of Children Mark
	.byte	3                               @ Abbrev [3] 0x125d:0xc DW_TAG_array_type
	.long	3581                            @ DW_AT_type
	.byte	4                               @ Abbrev [4] 0x1262:0x6 DW_TAG_subrange_type
	.long	70                              @ DW_AT_type
	.byte	3                               @ DW_AT_count
	.byte	0                               @ End Of Children Mark
	.byte	17                              @ Abbrev [17] 0x1269:0xb3 DW_TAG_structure_type
	.long	.Linfo_string98                 @ DW_AT_name
	.byte	4                               @ DW_AT_byte_size
	.byte	3                               @ DW_AT_decl_file
	.short	3830                            @ DW_AT_decl_line
	.byte	18                              @ Abbrev [18] 0x1272:0x9 DW_TAG_member
	.long	4731                            @ DW_AT_type
	.byte	3                               @ DW_AT_decl_file
	.short	3833                            @ DW_AT_decl_line
	.byte	0                               @ DW_AT_data_member_location
	.byte	19                              @ Abbrev [19] 0x127b:0xa0 DW_TAG_union_type
	.byte	4                               @ DW_AT_byte_size
	.byte	3                               @ DW_AT_decl_file
	.short	3833                            @ DW_AT_decl_line
	.byte	18                              @ Abbrev [18] 0x1280:0x9 DW_TAG_member
	.long	4745                            @ DW_AT_type
	.byte	3                               @ DW_AT_decl_file
	.short	3835                            @ DW_AT_decl_line
	.byte	0                               @ DW_AT_data_member_location
	.byte	20                              @ Abbrev [20] 0x1289:0x84 DW_TAG_structure_type
	.byte	4                               @ DW_AT_byte_size
	.byte	3                               @ DW_AT_decl_file
	.short	3835                            @ DW_AT_decl_line
	.byte	21                              @ Abbrev [21] 0x128e:0xe DW_TAG_member
	.long	.Linfo_string90                 @ DW_AT_name
	.long	3581                            @ DW_AT_type
	.byte	3                               @ DW_AT_decl_file
	.short	3837                            @ DW_AT_decl_line
	.byte	2                               @ DW_AT_bit_size
	.byte	0                               @ DW_AT_data_bit_offset
	.byte	21                              @ Abbrev [21] 0x129c:0xe DW_TAG_member
	.long	.Linfo_string91                 @ DW_AT_name
	.long	3581                            @ DW_AT_type
	.byte	3                               @ DW_AT_decl_file
	.short	3838                            @ DW_AT_decl_line
	.byte	2                               @ DW_AT_bit_size
	.byte	2                               @ DW_AT_data_bit_offset
	.byte	21                              @ Abbrev [21] 0x12aa:0xe DW_TAG_member
	.long	.Linfo_string92                 @ DW_AT_name
	.long	3581                            @ DW_AT_type
	.byte	3                               @ DW_AT_decl_file
	.short	3839                            @ DW_AT_decl_line
	.byte	2                               @ DW_AT_bit_size
	.byte	4                               @ DW_AT_data_bit_offset
	.byte	21                              @ Abbrev [21] 0x12b8:0xe DW_TAG_member
	.long	.Linfo_string93                 @ DW_AT_name
	.long	3581                            @ DW_AT_type
	.byte	3                               @ DW_AT_decl_file
	.short	3840                            @ DW_AT_decl_line
	.byte	2                               @ DW_AT_bit_size
	.byte	6                               @ DW_AT_data_bit_offset
	.byte	21                              @ Abbrev [21] 0x12c6:0xe DW_TAG_member
	.long	.Linfo_string94                 @ DW_AT_name
	.long	3581                            @ DW_AT_type
	.byte	3                               @ DW_AT_decl_file
	.short	3841                            @ DW_AT_decl_line
	.byte	2                               @ DW_AT_bit_size
	.byte	8                               @ DW_AT_data_bit_offset
	.byte	21                              @ Abbrev [21] 0x12d4:0xe DW_TAG_member
	.long	.Linfo_string95                 @ DW_AT_name
	.long	3581                            @ DW_AT_type
	.byte	3                               @ DW_AT_decl_file
	.short	3842                            @ DW_AT_decl_line
	.byte	2                               @ DW_AT_bit_size
	.byte	10                              @ DW_AT_data_bit_offset
	.byte	21                              @ Abbrev [21] 0x12e2:0xe DW_TAG_member
	.long	.Linfo_string96                 @ DW_AT_name
	.long	3581                            @ DW_AT_type
	.byte	3                               @ DW_AT_decl_file
	.short	3843                            @ DW_AT_decl_line
	.byte	2                               @ DW_AT_bit_size
	.byte	12                              @ DW_AT_data_bit_offset
	.byte	21                              @ Abbrev [21] 0x12f0:0xe DW_TAG_member
	.long	.Linfo_string97                 @ DW_AT_name
	.long	3581                            @ DW_AT_type
	.byte	3                               @ DW_AT_decl_file
	.short	3844                            @ DW_AT_decl_line
	.byte	2                               @ DW_AT_bit_size
	.byte	14                              @ DW_AT_data_bit_offset
	.byte	21                              @ Abbrev [21] 0x12fe:0xe DW_TAG_member
	.long	.Linfo_string47                 @ DW_AT_name
	.long	3581                            @ DW_AT_type
	.byte	3                               @ DW_AT_decl_file
	.short	3845                            @ DW_AT_decl_line
	.byte	16                              @ DW_AT_bit_size
	.byte	16                              @ DW_AT_data_bit_offset
	.byte	0                               @ End Of Children Mark
	.byte	15                              @ Abbrev [15] 0x130d:0xd DW_TAG_member
	.long	.Linfo_string35                 @ DW_AT_name
	.long	3581                            @ DW_AT_type
	.byte	3                               @ DW_AT_decl_file
	.short	3847                            @ DW_AT_decl_line
	.byte	0                               @ DW_AT_data_member_location
	.byte	0                               @ End Of Children Mark
	.byte	0                               @ End Of Children Mark
	.byte	17                              @ Abbrev [17] 0x131c:0xa5 DW_TAG_structure_type
	.long	.Linfo_string107                @ DW_AT_name
	.byte	4                               @ DW_AT_byte_size
	.byte	3                               @ DW_AT_decl_file
	.short	4040                            @ DW_AT_decl_line
	.byte	18                              @ Abbrev [18] 0x1325:0x9 DW_TAG_member
	.long	4910                            @ DW_AT_type
	.byte	3                               @ DW_AT_decl_file
	.short	4043                            @ DW_AT_decl_line
	.byte	0                               @ DW_AT_data_member_location
	.byte	19                              @ Abbrev [19] 0x132e:0x92 DW_TAG_union_type
	.byte	4                               @ DW_AT_byte_size
	.byte	3                               @ DW_AT_decl_file
	.short	4043                            @ DW_AT_decl_line
	.byte	18                              @ Abbrev [18] 0x1333:0x9 DW_TAG_member
	.long	4924                            @ DW_AT_type
	.byte	3                               @ DW_AT_decl_file
	.short	4045                            @ DW_AT_decl_line
	.byte	0                               @ DW_AT_data_member_location
	.byte	20                              @ Abbrev [20] 0x133c:0x76 DW_TAG_structure_type
	.byte	4                               @ DW_AT_byte_size
	.byte	3                               @ DW_AT_decl_file
	.short	4045                            @ DW_AT_decl_line
	.byte	21                              @ Abbrev [21] 0x1341:0xe DW_TAG_member
	.long	.Linfo_string100                @ DW_AT_name
	.long	3581                            @ DW_AT_type
	.byte	3                               @ DW_AT_decl_file
	.short	4047                            @ DW_AT_decl_line
	.byte	2                               @ DW_AT_bit_size
	.byte	0                               @ DW_AT_data_bit_offset
	.byte	21                              @ Abbrev [21] 0x134f:0xe DW_TAG_member
	.long	.Linfo_string47                 @ DW_AT_name
	.long	3581                            @ DW_AT_type
	.byte	3                               @ DW_AT_decl_file
	.short	4048                            @ DW_AT_decl_line
	.byte	2                               @ DW_AT_bit_size
	.byte	2                               @ DW_AT_data_bit_offset
	.byte	21                              @ Abbrev [21] 0x135d:0xe DW_TAG_member
	.long	.Linfo_string101                @ DW_AT_name
	.long	3581                            @ DW_AT_type
	.byte	3                               @ DW_AT_decl_file
	.short	4049                            @ DW_AT_decl_line
	.byte	4                               @ DW_AT_bit_size
	.byte	4                               @ DW_AT_data_bit_offset
	.byte	21                              @ Abbrev [21] 0x136b:0xe DW_TAG_member
	.long	.Linfo_string102                @ DW_AT_name
	.long	3581                            @ DW_AT_type
	.byte	3                               @ DW_AT_decl_file
	.short	4050                            @ DW_AT_decl_line
	.byte	8                               @ DW_AT_bit_size
	.byte	8                               @ DW_AT_data_bit_offset
	.byte	21                              @ Abbrev [21] 0x1379:0xe DW_TAG_member
	.long	.Linfo_string103                @ DW_AT_name
	.long	3581                            @ DW_AT_type
	.byte	3                               @ DW_AT_decl_file
	.short	4052                            @ DW_AT_decl_line
	.byte	5                               @ DW_AT_bit_size
	.byte	16                              @ DW_AT_data_bit_offset
	.byte	21                              @ Abbrev [21] 0x1387:0xe DW_TAG_member
	.long	.Linfo_string104                @ DW_AT_name
	.long	3581                            @ DW_AT_type
	.byte	3                               @ DW_AT_decl_file
	.short	4053                            @ DW_AT_decl_line
	.byte	3                               @ DW_AT_bit_size
	.byte	21                              @ DW_AT_data_bit_offset
	.byte	21                              @ Abbrev [21] 0x1395:0xe DW_TAG_member
	.long	.Linfo_string105                @ DW_AT_name
	.long	3581                            @ DW_AT_type
	.byte	3                               @ DW_AT_decl_file
	.short	4054                            @ DW_AT_decl_line
	.byte	4                               @ DW_AT_bit_size
	.byte	24                              @ DW_AT_data_bit_offset
	.byte	21                              @ Abbrev [21] 0x13a3:0xe DW_TAG_member
	.long	.Linfo_string106                @ DW_AT_name
	.long	3581                            @ DW_AT_type
	.byte	3                               @ DW_AT_decl_file
	.short	4056                            @ DW_AT_decl_line
	.byte	4                               @ DW_AT_bit_size
	.byte	28                              @ DW_AT_data_bit_offset
	.byte	0                               @ End Of Children Mark
	.byte	15                              @ Abbrev [15] 0x13b2:0xd DW_TAG_member
	.long	.Linfo_string35                 @ DW_AT_name
	.long	3581                            @ DW_AT_type
	.byte	3                               @ DW_AT_decl_file
	.short	4058                            @ DW_AT_decl_line
	.byte	0                               @ DW_AT_data_member_location
	.byte	0                               @ End Of Children Mark
	.byte	0                               @ End Of Children Mark
	.byte	17                              @ Abbrev [17] 0x13c1:0xa5 DW_TAG_structure_type
	.long	.Linfo_string109                @ DW_AT_name
	.byte	4                               @ DW_AT_byte_size
	.byte	3                               @ DW_AT_decl_file
	.short	4173                            @ DW_AT_decl_line
	.byte	18                              @ Abbrev [18] 0x13ca:0x9 DW_TAG_member
	.long	5075                            @ DW_AT_type
	.byte	3                               @ DW_AT_decl_file
	.short	4176                            @ DW_AT_decl_line
	.byte	0                               @ DW_AT_data_member_location
	.byte	19                              @ Abbrev [19] 0x13d3:0x92 DW_TAG_union_type
	.byte	4                               @ DW_AT_byte_size
	.byte	3                               @ DW_AT_decl_file
	.short	4176                            @ DW_AT_decl_line
	.byte	18                              @ Abbrev [18] 0x13d8:0x9 DW_TAG_member
	.long	5089                            @ DW_AT_type
	.byte	3                               @ DW_AT_decl_file
	.short	4178                            @ DW_AT_decl_line
	.byte	0                               @ DW_AT_data_member_location
	.byte	20                              @ Abbrev [20] 0x13e1:0x76 DW_TAG_structure_type
	.byte	4                               @ DW_AT_byte_size
	.byte	3                               @ DW_AT_decl_file
	.short	4178                            @ DW_AT_decl_line
	.byte	21                              @ Abbrev [21] 0x13e6:0xe DW_TAG_member
	.long	.Linfo_string100                @ DW_AT_name
	.long	3581                            @ DW_AT_type
	.byte	3                               @ DW_AT_decl_file
	.short	4180                            @ DW_AT_decl_line
	.byte	2                               @ DW_AT_bit_size
	.byte	0                               @ DW_AT_data_bit_offset
	.byte	21                              @ Abbrev [21] 0x13f4:0xe DW_TAG_member
	.long	.Linfo_string47                 @ DW_AT_name
	.long	3581                            @ DW_AT_type
	.byte	3                               @ DW_AT_decl_file
	.short	4181                            @ DW_AT_decl_line
	.byte	2                               @ DW_AT_bit_size
	.byte	2                               @ DW_AT_data_bit_offset
	.byte	21                              @ Abbrev [21] 0x1402:0xe DW_TAG_member
	.long	.Linfo_string101                @ DW_AT_name
	.long	3581                            @ DW_AT_type
	.byte	3                               @ DW_AT_decl_file
	.short	4182                            @ DW_AT_decl_line
	.byte	4                               @ DW_AT_bit_size
	.byte	4                               @ DW_AT_data_bit_offset
	.byte	21                              @ Abbrev [21] 0x1410:0xe DW_TAG_member
	.long	.Linfo_string102                @ DW_AT_name
	.long	3581                            @ DW_AT_type
	.byte	3                               @ DW_AT_decl_file
	.short	4183                            @ DW_AT_decl_line
	.byte	8                               @ DW_AT_bit_size
	.byte	8                               @ DW_AT_data_bit_offset
	.byte	21                              @ Abbrev [21] 0x141e:0xe DW_TAG_member
	.long	.Linfo_string103                @ DW_AT_name
	.long	3581                            @ DW_AT_type
	.byte	3                               @ DW_AT_decl_file
	.short	4185                            @ DW_AT_decl_line
	.byte	5                               @ DW_AT_bit_size
	.byte	16                              @ DW_AT_data_bit_offset
	.byte	21                              @ Abbrev [21] 0x142c:0xe DW_TAG_member
	.long	.Linfo_string104                @ DW_AT_name
	.long	3581                            @ DW_AT_type
	.byte	3                               @ DW_AT_decl_file
	.short	4186                            @ DW_AT_decl_line
	.byte	3                               @ DW_AT_bit_size
	.byte	21                              @ DW_AT_data_bit_offset
	.byte	21                              @ Abbrev [21] 0x143a:0xe DW_TAG_member
	.long	.Linfo_string105                @ DW_AT_name
	.long	3581                            @ DW_AT_type
	.byte	3                               @ DW_AT_decl_file
	.short	4187                            @ DW_AT_decl_line
	.byte	4                               @ DW_AT_bit_size
	.byte	24                              @ DW_AT_data_bit_offset
	.byte	21                              @ Abbrev [21] 0x1448:0xe DW_TAG_member
	.long	.Linfo_string106                @ DW_AT_name
	.long	3581                            @ DW_AT_type
	.byte	3                               @ DW_AT_decl_file
	.short	4189                            @ DW_AT_decl_line
	.byte	4                               @ DW_AT_bit_size
	.byte	28                              @ DW_AT_data_bit_offset
	.byte	0                               @ End Of Children Mark
	.byte	15                              @ Abbrev [15] 0x1457:0xd DW_TAG_member
	.long	.Linfo_string35                 @ DW_AT_name
	.long	3581                            @ DW_AT_type
	.byte	3                               @ DW_AT_decl_file
	.short	4191                            @ DW_AT_decl_line
	.byte	0                               @ DW_AT_data_member_location
	.byte	0                               @ End Of Children Mark
	.byte	0                               @ End Of Children Mark
	.byte	17                              @ Abbrev [17] 0x1466:0xa5 DW_TAG_structure_type
	.long	.Linfo_string111                @ DW_AT_name
	.byte	4                               @ DW_AT_byte_size
	.byte	3                               @ DW_AT_decl_file
	.short	4306                            @ DW_AT_decl_line
	.byte	18                              @ Abbrev [18] 0x146f:0x9 DW_TAG_member
	.long	5240                            @ DW_AT_type
	.byte	3                               @ DW_AT_decl_file
	.short	4309                            @ DW_AT_decl_line
	.byte	0                               @ DW_AT_data_member_location
	.byte	19                              @ Abbrev [19] 0x1478:0x92 DW_TAG_union_type
	.byte	4                               @ DW_AT_byte_size
	.byte	3                               @ DW_AT_decl_file
	.short	4309                            @ DW_AT_decl_line
	.byte	18                              @ Abbrev [18] 0x147d:0x9 DW_TAG_member
	.long	5254                            @ DW_AT_type
	.byte	3                               @ DW_AT_decl_file
	.short	4311                            @ DW_AT_decl_line
	.byte	0                               @ DW_AT_data_member_location
	.byte	20                              @ Abbrev [20] 0x1486:0x76 DW_TAG_structure_type
	.byte	4                               @ DW_AT_byte_size
	.byte	3                               @ DW_AT_decl_file
	.short	4311                            @ DW_AT_decl_line
	.byte	21                              @ Abbrev [21] 0x148b:0xe DW_TAG_member
	.long	.Linfo_string100                @ DW_AT_name
	.long	3581                            @ DW_AT_type
	.byte	3                               @ DW_AT_decl_file
	.short	4313                            @ DW_AT_decl_line
	.byte	2                               @ DW_AT_bit_size
	.byte	0                               @ DW_AT_data_bit_offset
	.byte	21                              @ Abbrev [21] 0x1499:0xe DW_TAG_member
	.long	.Linfo_string47                 @ DW_AT_name
	.long	3581                            @ DW_AT_type
	.byte	3                               @ DW_AT_decl_file
	.short	4314                            @ DW_AT_decl_line
	.byte	2                               @ DW_AT_bit_size
	.byte	2                               @ DW_AT_data_bit_offset
	.byte	21                              @ Abbrev [21] 0x14a7:0xe DW_TAG_member
	.long	.Linfo_string101                @ DW_AT_name
	.long	3581                            @ DW_AT_type
	.byte	3                               @ DW_AT_decl_file
	.short	4315                            @ DW_AT_decl_line
	.byte	4                               @ DW_AT_bit_size
	.byte	4                               @ DW_AT_data_bit_offset
	.byte	21                              @ Abbrev [21] 0x14b5:0xe DW_TAG_member
	.long	.Linfo_string102                @ DW_AT_name
	.long	3581                            @ DW_AT_type
	.byte	3                               @ DW_AT_decl_file
	.short	4316                            @ DW_AT_decl_line
	.byte	8                               @ DW_AT_bit_size
	.byte	8                               @ DW_AT_data_bit_offset
	.byte	21                              @ Abbrev [21] 0x14c3:0xe DW_TAG_member
	.long	.Linfo_string103                @ DW_AT_name
	.long	3581                            @ DW_AT_type
	.byte	3                               @ DW_AT_decl_file
	.short	4318                            @ DW_AT_decl_line
	.byte	5                               @ DW_AT_bit_size
	.byte	16                              @ DW_AT_data_bit_offset
	.byte	21                              @ Abbrev [21] 0x14d1:0xe DW_TAG_member
	.long	.Linfo_string104                @ DW_AT_name
	.long	3581                            @ DW_AT_type
	.byte	3                               @ DW_AT_decl_file
	.short	4319                            @ DW_AT_decl_line
	.byte	3                               @ DW_AT_bit_size
	.byte	21                              @ DW_AT_data_bit_offset
	.byte	21                              @ Abbrev [21] 0x14df:0xe DW_TAG_member
	.long	.Linfo_string105                @ DW_AT_name
	.long	3581                            @ DW_AT_type
	.byte	3                               @ DW_AT_decl_file
	.short	4320                            @ DW_AT_decl_line
	.byte	4                               @ DW_AT_bit_size
	.byte	24                              @ DW_AT_data_bit_offset
	.byte	21                              @ Abbrev [21] 0x14ed:0xe DW_TAG_member
	.long	.Linfo_string106                @ DW_AT_name
	.long	3581                            @ DW_AT_type
	.byte	3                               @ DW_AT_decl_file
	.short	4322                            @ DW_AT_decl_line
	.byte	4                               @ DW_AT_bit_size
	.byte	28                              @ DW_AT_data_bit_offset
	.byte	0                               @ End Of Children Mark
	.byte	15                              @ Abbrev [15] 0x14fc:0xd DW_TAG_member
	.long	.Linfo_string35                 @ DW_AT_name
	.long	3581                            @ DW_AT_type
	.byte	3                               @ DW_AT_decl_file
	.short	4324                            @ DW_AT_decl_line
	.byte	0                               @ DW_AT_data_member_location
	.byte	0                               @ End Of Children Mark
	.byte	0                               @ End Of Children Mark
	.byte	17                              @ Abbrev [17] 0x150b:0xa5 DW_TAG_structure_type
	.long	.Linfo_string113                @ DW_AT_name
	.byte	4                               @ DW_AT_byte_size
	.byte	3                               @ DW_AT_decl_file
	.short	4439                            @ DW_AT_decl_line
	.byte	18                              @ Abbrev [18] 0x1514:0x9 DW_TAG_member
	.long	5405                            @ DW_AT_type
	.byte	3                               @ DW_AT_decl_file
	.short	4442                            @ DW_AT_decl_line
	.byte	0                               @ DW_AT_data_member_location
	.byte	19                              @ Abbrev [19] 0x151d:0x92 DW_TAG_union_type
	.byte	4                               @ DW_AT_byte_size
	.byte	3                               @ DW_AT_decl_file
	.short	4442                            @ DW_AT_decl_line
	.byte	18                              @ Abbrev [18] 0x1522:0x9 DW_TAG_member
	.long	5419                            @ DW_AT_type
	.byte	3                               @ DW_AT_decl_file
	.short	4444                            @ DW_AT_decl_line
	.byte	0                               @ DW_AT_data_member_location
	.byte	20                              @ Abbrev [20] 0x152b:0x76 DW_TAG_structure_type
	.byte	4                               @ DW_AT_byte_size
	.byte	3                               @ DW_AT_decl_file
	.short	4444                            @ DW_AT_decl_line
	.byte	21                              @ Abbrev [21] 0x1530:0xe DW_TAG_member
	.long	.Linfo_string100                @ DW_AT_name
	.long	3581                            @ DW_AT_type
	.byte	3                               @ DW_AT_decl_file
	.short	4446                            @ DW_AT_decl_line
	.byte	2                               @ DW_AT_bit_size
	.byte	0                               @ DW_AT_data_bit_offset
	.byte	21                              @ Abbrev [21] 0x153e:0xe DW_TAG_member
	.long	.Linfo_string47                 @ DW_AT_name
	.long	3581                            @ DW_AT_type
	.byte	3                               @ DW_AT_decl_file
	.short	4447                            @ DW_AT_decl_line
	.byte	2                               @ DW_AT_bit_size
	.byte	2                               @ DW_AT_data_bit_offset
	.byte	21                              @ Abbrev [21] 0x154c:0xe DW_TAG_member
	.long	.Linfo_string101                @ DW_AT_name
	.long	3581                            @ DW_AT_type
	.byte	3                               @ DW_AT_decl_file
	.short	4448                            @ DW_AT_decl_line
	.byte	4                               @ DW_AT_bit_size
	.byte	4                               @ DW_AT_data_bit_offset
	.byte	21                              @ Abbrev [21] 0x155a:0xe DW_TAG_member
	.long	.Linfo_string102                @ DW_AT_name
	.long	3581                            @ DW_AT_type
	.byte	3                               @ DW_AT_decl_file
	.short	4449                            @ DW_AT_decl_line
	.byte	8                               @ DW_AT_bit_size
	.byte	8                               @ DW_AT_data_bit_offset
	.byte	21                              @ Abbrev [21] 0x1568:0xe DW_TAG_member
	.long	.Linfo_string103                @ DW_AT_name
	.long	3581                            @ DW_AT_type
	.byte	3                               @ DW_AT_decl_file
	.short	4451                            @ DW_AT_decl_line
	.byte	5                               @ DW_AT_bit_size
	.byte	16                              @ DW_AT_data_bit_offset
	.byte	21                              @ Abbrev [21] 0x1576:0xe DW_TAG_member
	.long	.Linfo_string104                @ DW_AT_name
	.long	3581                            @ DW_AT_type
	.byte	3                               @ DW_AT_decl_file
	.short	4452                            @ DW_AT_decl_line
	.byte	3                               @ DW_AT_bit_size
	.byte	21                              @ DW_AT_data_bit_offset
	.byte	21                              @ Abbrev [21] 0x1584:0xe DW_TAG_member
	.long	.Linfo_string105                @ DW_AT_name
	.long	3581                            @ DW_AT_type
	.byte	3                               @ DW_AT_decl_file
	.short	4453                            @ DW_AT_decl_line
	.byte	4                               @ DW_AT_bit_size
	.byte	24                              @ DW_AT_data_bit_offset
	.byte	21                              @ Abbrev [21] 0x1592:0xe DW_TAG_member
	.long	.Linfo_string106                @ DW_AT_name
	.long	3581                            @ DW_AT_type
	.byte	3                               @ DW_AT_decl_file
	.short	4455                            @ DW_AT_decl_line
	.byte	4                               @ DW_AT_bit_size
	.byte	28                              @ DW_AT_data_bit_offset
	.byte	0                               @ End Of Children Mark
	.byte	15                              @ Abbrev [15] 0x15a1:0xd DW_TAG_member
	.long	.Linfo_string35                 @ DW_AT_name
	.long	3581                            @ DW_AT_type
	.byte	3                               @ DW_AT_decl_file
	.short	4457                            @ DW_AT_decl_line
	.byte	0                               @ DW_AT_data_member_location
	.byte	0                               @ End Of Children Mark
	.byte	0                               @ End Of Children Mark
	.byte	3                               @ Abbrev [3] 0x15b0:0xc DW_TAG_array_type
	.long	3581                            @ DW_AT_type
	.byte	4                               @ Abbrev [4] 0x15b5:0x6 DW_TAG_subrange_type
	.long	70                              @ DW_AT_type
	.byte	12                              @ DW_AT_count
	.byte	0                               @ End Of Children Mark
	.byte	3                               @ Abbrev [3] 0x15bc:0xc DW_TAG_array_type
	.long	5576                            @ DW_AT_type
	.byte	4                               @ Abbrev [4] 0x15c1:0x6 DW_TAG_subrange_type
	.long	70                              @ DW_AT_type
	.byte	8                               @ DW_AT_count
	.byte	0                               @ End Of Children Mark
	.byte	17                              @ Abbrev [17] 0x15c8:0x51 DW_TAG_structure_type
	.long	.Linfo_string116                @ DW_AT_name
	.byte	8                               @ DW_AT_byte_size
	.byte	3                               @ DW_AT_decl_file
	.short	4573                            @ DW_AT_decl_line
	.byte	18                              @ Abbrev [18] 0x15d1:0x9 DW_TAG_member
	.long	5594                            @ DW_AT_type
	.byte	3                               @ DW_AT_decl_file
	.short	4576                            @ DW_AT_decl_line
	.byte	0                               @ DW_AT_data_member_location
	.byte	19                              @ Abbrev [19] 0x15da:0x3e DW_TAG_union_type
	.byte	8                               @ DW_AT_byte_size
	.byte	3                               @ DW_AT_decl_file
	.short	4576                            @ DW_AT_decl_line
	.byte	18                              @ Abbrev [18] 0x15df:0x9 DW_TAG_member
	.long	5608                            @ DW_AT_type
	.byte	3                               @ DW_AT_decl_file
	.short	4578                            @ DW_AT_decl_line
	.byte	0                               @ DW_AT_data_member_location
	.byte	20                              @ Abbrev [20] 0x15e8:0x22 DW_TAG_structure_type
	.byte	8                               @ DW_AT_byte_size
	.byte	3                               @ DW_AT_decl_file
	.short	4578                            @ DW_AT_decl_line
	.byte	21                              @ Abbrev [21] 0x15ed:0xe DW_TAG_member
	.long	.Linfo_string65                 @ DW_AT_name
	.long	3581                            @ DW_AT_type
	.byte	3                               @ DW_AT_decl_file
	.short	4580                            @ DW_AT_decl_line
	.byte	32                              @ DW_AT_bit_size
	.byte	0                               @ DW_AT_data_bit_offset
	.byte	21                              @ Abbrev [21] 0x15fb:0xe DW_TAG_member
	.long	.Linfo_string47                 @ DW_AT_name
	.long	3581                            @ DW_AT_type
	.byte	3                               @ DW_AT_decl_file
	.short	4581                            @ DW_AT_decl_line
	.byte	32                              @ DW_AT_bit_size
	.byte	32                              @ DW_AT_data_bit_offset
	.byte	0                               @ End Of Children Mark
	.byte	15                              @ Abbrev [15] 0x160a:0xd DW_TAG_member
	.long	.Linfo_string35                 @ DW_AT_name
	.long	4161                            @ DW_AT_type
	.byte	3                               @ DW_AT_decl_file
	.short	4583                            @ DW_AT_decl_line
	.byte	0                               @ DW_AT_data_member_location
	.byte	0                               @ End Of Children Mark
	.byte	0                               @ End Of Children Mark
	.byte	3                               @ Abbrev [3] 0x1619:0xc DW_TAG_array_type
	.long	3581                            @ DW_AT_type
	.byte	4                               @ Abbrev [4] 0x161e:0x6 DW_TAG_subrange_type
	.long	70                              @ DW_AT_type
	.byte	16                              @ DW_AT_count
	.byte	0                               @ End Of Children Mark
	.byte	17                              @ Abbrev [17] 0x1625:0xdd DW_TAG_structure_type
	.long	.Linfo_string130                @ DW_AT_name
	.byte	4                               @ DW_AT_byte_size
	.byte	3                               @ DW_AT_decl_file
	.short	4623                            @ DW_AT_decl_line
	.byte	18                              @ Abbrev [18] 0x162e:0x9 DW_TAG_member
	.long	5687                            @ DW_AT_type
	.byte	3                               @ DW_AT_decl_file
	.short	4626                            @ DW_AT_decl_line
	.byte	0                               @ DW_AT_data_member_location
	.byte	19                              @ Abbrev [19] 0x1637:0xca DW_TAG_union_type
	.byte	4                               @ DW_AT_byte_size
	.byte	3                               @ DW_AT_decl_file
	.short	4626                            @ DW_AT_decl_line
	.byte	18                              @ Abbrev [18] 0x163c:0x9 DW_TAG_member
	.long	5701                            @ DW_AT_type
	.byte	3                               @ DW_AT_decl_file
	.short	4628                            @ DW_AT_decl_line
	.byte	0                               @ DW_AT_data_member_location
	.byte	20                              @ Abbrev [20] 0x1645:0xae DW_TAG_structure_type
	.byte	4                               @ DW_AT_byte_size
	.byte	3                               @ DW_AT_decl_file
	.short	4628                            @ DW_AT_decl_line
	.byte	21                              @ Abbrev [21] 0x164a:0xe DW_TAG_member
	.long	.Linfo_string119                @ DW_AT_name
	.long	3581                            @ DW_AT_type
	.byte	3                               @ DW_AT_decl_file
	.short	4630                            @ DW_AT_decl_line
	.byte	2                               @ DW_AT_bit_size
	.byte	0                               @ DW_AT_data_bit_offset
	.byte	21                              @ Abbrev [21] 0x1658:0xe DW_TAG_member
	.long	.Linfo_string120                @ DW_AT_name
	.long	3581                            @ DW_AT_type
	.byte	3                               @ DW_AT_decl_file
	.short	4631                            @ DW_AT_decl_line
	.byte	1                               @ DW_AT_bit_size
	.byte	2                               @ DW_AT_data_bit_offset
	.byte	21                              @ Abbrev [21] 0x1666:0xe DW_TAG_member
	.long	.Linfo_string121                @ DW_AT_name
	.long	3581                            @ DW_AT_type
	.byte	3                               @ DW_AT_decl_file
	.short	4632                            @ DW_AT_decl_line
	.byte	2                               @ DW_AT_bit_size
	.byte	3                               @ DW_AT_data_bit_offset
	.byte	21                              @ Abbrev [21] 0x1674:0xe DW_TAG_member
	.long	.Linfo_string122                @ DW_AT_name
	.long	3581                            @ DW_AT_type
	.byte	3                               @ DW_AT_decl_file
	.short	4633                            @ DW_AT_decl_line
	.byte	1                               @ DW_AT_bit_size
	.byte	5                               @ DW_AT_data_bit_offset
	.byte	21                              @ Abbrev [21] 0x1682:0xe DW_TAG_member
	.long	.Linfo_string123                @ DW_AT_name
	.long	3581                            @ DW_AT_type
	.byte	3                               @ DW_AT_decl_file
	.short	4634                            @ DW_AT_decl_line
	.byte	3                               @ DW_AT_bit_size
	.byte	6                               @ DW_AT_data_bit_offset
	.byte	21                              @ Abbrev [21] 0x1690:0xe DW_TAG_member
	.long	.Linfo_string124                @ DW_AT_name
	.long	3581                            @ DW_AT_type
	.byte	3                               @ DW_AT_decl_file
	.short	4635                            @ DW_AT_decl_line
	.byte	1                               @ DW_AT_bit_size
	.byte	9                               @ DW_AT_data_bit_offset
	.byte	21                              @ Abbrev [21] 0x169e:0xe DW_TAG_member
	.long	.Linfo_string125                @ DW_AT_name
	.long	3581                            @ DW_AT_type
	.byte	3                               @ DW_AT_decl_file
	.short	4636                            @ DW_AT_decl_line
	.byte	1                               @ DW_AT_bit_size
	.byte	10                              @ DW_AT_data_bit_offset
	.byte	21                              @ Abbrev [21] 0x16ac:0xe DW_TAG_member
	.long	.Linfo_string126                @ DW_AT_name
	.long	3581                            @ DW_AT_type
	.byte	3                               @ DW_AT_decl_file
	.short	4637                            @ DW_AT_decl_line
	.byte	3                               @ DW_AT_bit_size
	.byte	11                              @ DW_AT_data_bit_offset
	.byte	21                              @ Abbrev [21] 0x16ba:0xe DW_TAG_member
	.long	.Linfo_string127                @ DW_AT_name
	.long	3581                            @ DW_AT_type
	.byte	3                               @ DW_AT_decl_file
	.short	4638                            @ DW_AT_decl_line
	.byte	1                               @ DW_AT_bit_size
	.byte	14                              @ DW_AT_data_bit_offset
	.byte	21                              @ Abbrev [21] 0x16c8:0xe DW_TAG_member
	.long	.Linfo_string128                @ DW_AT_name
	.long	3581                            @ DW_AT_type
	.byte	3                               @ DW_AT_decl_file
	.short	4639                            @ DW_AT_decl_line
	.byte	1                               @ DW_AT_bit_size
	.byte	15                              @ DW_AT_data_bit_offset
	.byte	21                              @ Abbrev [21] 0x16d6:0xe DW_TAG_member
	.long	.Linfo_string129                @ DW_AT_name
	.long	3581                            @ DW_AT_type
	.byte	3                               @ DW_AT_decl_file
	.short	4640                            @ DW_AT_decl_line
	.byte	12                              @ DW_AT_bit_size
	.byte	16                              @ DW_AT_data_bit_offset
	.byte	21                              @ Abbrev [21] 0x16e4:0xe DW_TAG_member
	.long	.Linfo_string47                 @ DW_AT_name
	.long	3581                            @ DW_AT_type
	.byte	3                               @ DW_AT_decl_file
	.short	4641                            @ DW_AT_decl_line
	.byte	4                               @ DW_AT_bit_size
	.byte	28                              @ DW_AT_data_bit_offset
	.byte	0                               @ End Of Children Mark
	.byte	15                              @ Abbrev [15] 0x16f3:0xd DW_TAG_member
	.long	.Linfo_string35                 @ DW_AT_name
	.long	3581                            @ DW_AT_type
	.byte	3                               @ DW_AT_decl_file
	.short	4643                            @ DW_AT_decl_line
	.byte	0                               @ DW_AT_data_member_location
	.byte	0                               @ End Of Children Mark
	.byte	0                               @ End Of Children Mark
	.byte	17                              @ Abbrev [17] 0x1702:0x131 DW_TAG_structure_type
	.long	.Linfo_string147                @ DW_AT_name
	.byte	4                               @ DW_AT_byte_size
	.byte	3                               @ DW_AT_decl_file
	.short	4898                            @ DW_AT_decl_line
	.byte	18                              @ Abbrev [18] 0x170b:0x9 DW_TAG_member
	.long	5908                            @ DW_AT_type
	.byte	3                               @ DW_AT_decl_file
	.short	4901                            @ DW_AT_decl_line
	.byte	0                               @ DW_AT_data_member_location
	.byte	19                              @ Abbrev [19] 0x1714:0x11e DW_TAG_union_type
	.byte	4                               @ DW_AT_byte_size
	.byte	3                               @ DW_AT_decl_file
	.short	4901                            @ DW_AT_decl_line
	.byte	18                              @ Abbrev [18] 0x1719:0x9 DW_TAG_member
	.long	5922                            @ DW_AT_type
	.byte	3                               @ DW_AT_decl_file
	.short	4903                            @ DW_AT_decl_line
	.byte	0                               @ DW_AT_data_member_location
	.byte	20                              @ Abbrev [20] 0x1722:0x102 DW_TAG_structure_type
	.byte	4                               @ DW_AT_byte_size
	.byte	3                               @ DW_AT_decl_file
	.short	4903                            @ DW_AT_decl_line
	.byte	21                              @ Abbrev [21] 0x1727:0xe DW_TAG_member
	.long	.Linfo_string132                @ DW_AT_name
	.long	3581                            @ DW_AT_type
	.byte	3                               @ DW_AT_decl_file
	.short	4905                            @ DW_AT_decl_line
	.byte	1                               @ DW_AT_bit_size
	.byte	0                               @ DW_AT_data_bit_offset
	.byte	21                              @ Abbrev [21] 0x1735:0xe DW_TAG_member
	.long	.Linfo_string133                @ DW_AT_name
	.long	3581                            @ DW_AT_type
	.byte	3                               @ DW_AT_decl_file
	.short	4906                            @ DW_AT_decl_line
	.byte	1                               @ DW_AT_bit_size
	.byte	1                               @ DW_AT_data_bit_offset
	.byte	21                              @ Abbrev [21] 0x1743:0xe DW_TAG_member
	.long	.Linfo_string134                @ DW_AT_name
	.long	3581                            @ DW_AT_type
	.byte	3                               @ DW_AT_decl_file
	.short	4907                            @ DW_AT_decl_line
	.byte	1                               @ DW_AT_bit_size
	.byte	2                               @ DW_AT_data_bit_offset
	.byte	21                              @ Abbrev [21] 0x1751:0xe DW_TAG_member
	.long	.Linfo_string135                @ DW_AT_name
	.long	3581                            @ DW_AT_type
	.byte	3                               @ DW_AT_decl_file
	.short	4908                            @ DW_AT_decl_line
	.byte	1                               @ DW_AT_bit_size
	.byte	3                               @ DW_AT_data_bit_offset
	.byte	21                              @ Abbrev [21] 0x175f:0xe DW_TAG_member
	.long	.Linfo_string136                @ DW_AT_name
	.long	3581                            @ DW_AT_type
	.byte	3                               @ DW_AT_decl_file
	.short	4909                            @ DW_AT_decl_line
	.byte	1                               @ DW_AT_bit_size
	.byte	4                               @ DW_AT_data_bit_offset
	.byte	21                              @ Abbrev [21] 0x176d:0xe DW_TAG_member
	.long	.Linfo_string137                @ DW_AT_name
	.long	3581                            @ DW_AT_type
	.byte	3                               @ DW_AT_decl_file
	.short	4910                            @ DW_AT_decl_line
	.byte	1                               @ DW_AT_bit_size
	.byte	5                               @ DW_AT_data_bit_offset
	.byte	21                              @ Abbrev [21] 0x177b:0xe DW_TAG_member
	.long	.Linfo_string138                @ DW_AT_name
	.long	3581                            @ DW_AT_type
	.byte	3                               @ DW_AT_decl_file
	.short	4911                            @ DW_AT_decl_line
	.byte	1                               @ DW_AT_bit_size
	.byte	6                               @ DW_AT_data_bit_offset
	.byte	21                              @ Abbrev [21] 0x1789:0xe DW_TAG_member
	.long	.Linfo_string139                @ DW_AT_name
	.long	3581                            @ DW_AT_type
	.byte	3                               @ DW_AT_decl_file
	.short	4912                            @ DW_AT_decl_line
	.byte	1                               @ DW_AT_bit_size
	.byte	7                               @ DW_AT_data_bit_offset
	.byte	21                              @ Abbrev [21] 0x1797:0xe DW_TAG_member
	.long	.Linfo_string140                @ DW_AT_name
	.long	3581                            @ DW_AT_type
	.byte	3                               @ DW_AT_decl_file
	.short	4913                            @ DW_AT_decl_line
	.byte	1                               @ DW_AT_bit_size
	.byte	8                               @ DW_AT_data_bit_offset
	.byte	21                              @ Abbrev [21] 0x17a5:0xe DW_TAG_member
	.long	.Linfo_string141                @ DW_AT_name
	.long	3581                            @ DW_AT_type
	.byte	3                               @ DW_AT_decl_file
	.short	4914                            @ DW_AT_decl_line
	.byte	1                               @ DW_AT_bit_size
	.byte	9                               @ DW_AT_data_bit_offset
	.byte	21                              @ Abbrev [21] 0x17b3:0xe DW_TAG_member
	.long	.Linfo_string142                @ DW_AT_name
	.long	3581                            @ DW_AT_type
	.byte	3                               @ DW_AT_decl_file
	.short	4915                            @ DW_AT_decl_line
	.byte	1                               @ DW_AT_bit_size
	.byte	10                              @ DW_AT_data_bit_offset
	.byte	21                              @ Abbrev [21] 0x17c1:0xe DW_TAG_member
	.long	.Linfo_string143                @ DW_AT_name
	.long	3581                            @ DW_AT_type
	.byte	3                               @ DW_AT_decl_file
	.short	4916                            @ DW_AT_decl_line
	.byte	1                               @ DW_AT_bit_size
	.byte	11                              @ DW_AT_data_bit_offset
	.byte	21                              @ Abbrev [21] 0x17cf:0xe DW_TAG_member
	.long	.Linfo_string144                @ DW_AT_name
	.long	3581                            @ DW_AT_type
	.byte	3                               @ DW_AT_decl_file
	.short	4917                            @ DW_AT_decl_line
	.byte	1                               @ DW_AT_bit_size
	.byte	12                              @ DW_AT_data_bit_offset
	.byte	21                              @ Abbrev [21] 0x17dd:0xe DW_TAG_member
	.long	.Linfo_string145                @ DW_AT_name
	.long	3581                            @ DW_AT_type
	.byte	3                               @ DW_AT_decl_file
	.short	4918                            @ DW_AT_decl_line
	.byte	1                               @ DW_AT_bit_size
	.byte	13                              @ DW_AT_data_bit_offset
	.byte	21                              @ Abbrev [21] 0x17eb:0xe DW_TAG_member
	.long	.Linfo_string146                @ DW_AT_name
	.long	3581                            @ DW_AT_type
	.byte	3                               @ DW_AT_decl_file
	.short	4919                            @ DW_AT_decl_line
	.byte	1                               @ DW_AT_bit_size
	.byte	14                              @ DW_AT_data_bit_offset
	.byte	21                              @ Abbrev [21] 0x17f9:0xe DW_TAG_member
	.long	.Linfo_string47                 @ DW_AT_name
	.long	3581                            @ DW_AT_type
	.byte	3                               @ DW_AT_decl_file
	.short	4920                            @ DW_AT_decl_line
	.byte	1                               @ DW_AT_bit_size
	.byte	15                              @ DW_AT_data_bit_offset
	.byte	21                              @ Abbrev [21] 0x1807:0xe DW_TAG_member
	.long	.Linfo_string129                @ DW_AT_name
	.long	3581                            @ DW_AT_type
	.byte	3                               @ DW_AT_decl_file
	.short	4921                            @ DW_AT_decl_line
	.byte	11                              @ DW_AT_bit_size
	.byte	16                              @ DW_AT_data_bit_offset
	.byte	21                              @ Abbrev [21] 0x1815:0xe DW_TAG_member
	.long	.Linfo_string102                @ DW_AT_name
	.long	3581                            @ DW_AT_type
	.byte	3                               @ DW_AT_decl_file
	.short	4922                            @ DW_AT_decl_line
	.byte	5                               @ DW_AT_bit_size
	.byte	27                              @ DW_AT_data_bit_offset
	.byte	0                               @ End Of Children Mark
	.byte	15                              @ Abbrev [15] 0x1824:0xd DW_TAG_member
	.long	.Linfo_string35                 @ DW_AT_name
	.long	3581                            @ DW_AT_type
	.byte	3                               @ DW_AT_decl_file
	.short	4924                            @ DW_AT_decl_line
	.byte	0                               @ DW_AT_data_member_location
	.byte	0                               @ End Of Children Mark
	.byte	0                               @ End Of Children Mark
	.byte	17                              @ Abbrev [17] 0x1833:0xcf DW_TAG_structure_type
	.long	.Linfo_string157                @ DW_AT_name
	.byte	4                               @ DW_AT_byte_size
	.byte	3                               @ DW_AT_decl_file
	.short	5277                            @ DW_AT_decl_line
	.byte	18                              @ Abbrev [18] 0x183c:0x9 DW_TAG_member
	.long	6213                            @ DW_AT_type
	.byte	3                               @ DW_AT_decl_file
	.short	5280                            @ DW_AT_decl_line
	.byte	0                               @ DW_AT_data_member_location
	.byte	19                              @ Abbrev [19] 0x1845:0xbc DW_TAG_union_type
	.byte	4                               @ DW_AT_byte_size
	.byte	3                               @ DW_AT_decl_file
	.short	5280                            @ DW_AT_decl_line
	.byte	18                              @ Abbrev [18] 0x184a:0x9 DW_TAG_member
	.long	6227                            @ DW_AT_type
	.byte	3                               @ DW_AT_decl_file
	.short	5282                            @ DW_AT_decl_line
	.byte	0                               @ DW_AT_data_member_location
	.byte	20                              @ Abbrev [20] 0x1853:0xa0 DW_TAG_structure_type
	.byte	4                               @ DW_AT_byte_size
	.byte	3                               @ DW_AT_decl_file
	.short	5282                            @ DW_AT_decl_line
	.byte	21                              @ Abbrev [21] 0x1858:0xe DW_TAG_member
	.long	.Linfo_string149                @ DW_AT_name
	.long	3581                            @ DW_AT_type
	.byte	3                               @ DW_AT_decl_file
	.short	5284                            @ DW_AT_decl_line
	.byte	1                               @ DW_AT_bit_size
	.byte	0                               @ DW_AT_data_bit_offset
	.byte	21                              @ Abbrev [21] 0x1866:0xe DW_TAG_member
	.long	.Linfo_string150                @ DW_AT_name
	.long	3581                            @ DW_AT_type
	.byte	3                               @ DW_AT_decl_file
	.short	5285                            @ DW_AT_decl_line
	.byte	1                               @ DW_AT_bit_size
	.byte	1                               @ DW_AT_data_bit_offset
	.byte	21                              @ Abbrev [21] 0x1874:0xe DW_TAG_member
	.long	.Linfo_string151                @ DW_AT_name
	.long	3581                            @ DW_AT_type
	.byte	3                               @ DW_AT_decl_file
	.short	5286                            @ DW_AT_decl_line
	.byte	1                               @ DW_AT_bit_size
	.byte	2                               @ DW_AT_data_bit_offset
	.byte	21                              @ Abbrev [21] 0x1882:0xe DW_TAG_member
	.long	.Linfo_string152                @ DW_AT_name
	.long	3581                            @ DW_AT_type
	.byte	3                               @ DW_AT_decl_file
	.short	5287                            @ DW_AT_decl_line
	.byte	1                               @ DW_AT_bit_size
	.byte	3                               @ DW_AT_data_bit_offset
	.byte	21                              @ Abbrev [21] 0x1890:0xe DW_TAG_member
	.long	.Linfo_string153                @ DW_AT_name
	.long	3581                            @ DW_AT_type
	.byte	3                               @ DW_AT_decl_file
	.short	5288                            @ DW_AT_decl_line
	.byte	1                               @ DW_AT_bit_size
	.byte	4                               @ DW_AT_data_bit_offset
	.byte	21                              @ Abbrev [21] 0x189e:0xe DW_TAG_member
	.long	.Linfo_string154                @ DW_AT_name
	.long	3581                            @ DW_AT_type
	.byte	3                               @ DW_AT_decl_file
	.short	5289                            @ DW_AT_decl_line
	.byte	1                               @ DW_AT_bit_size
	.byte	5                               @ DW_AT_data_bit_offset
	.byte	21                              @ Abbrev [21] 0x18ac:0xe DW_TAG_member
	.long	.Linfo_string155                @ DW_AT_name
	.long	3581                            @ DW_AT_type
	.byte	3                               @ DW_AT_decl_file
	.short	5290                            @ DW_AT_decl_line
	.byte	1                               @ DW_AT_bit_size
	.byte	6                               @ DW_AT_data_bit_offset
	.byte	21                              @ Abbrev [21] 0x18ba:0xe DW_TAG_member
	.long	.Linfo_string156                @ DW_AT_name
	.long	3581                            @ DW_AT_type
	.byte	3                               @ DW_AT_decl_file
	.short	5291                            @ DW_AT_decl_line
	.byte	1                               @ DW_AT_bit_size
	.byte	7                               @ DW_AT_data_bit_offset
	.byte	21                              @ Abbrev [21] 0x18c8:0xe DW_TAG_member
	.long	.Linfo_string47                 @ DW_AT_name
	.long	3581                            @ DW_AT_type
	.byte	3                               @ DW_AT_decl_file
	.short	5292                            @ DW_AT_decl_line
	.byte	8                               @ DW_AT_bit_size
	.byte	8                               @ DW_AT_data_bit_offset
	.byte	21                              @ Abbrev [21] 0x18d6:0xe DW_TAG_member
	.long	.Linfo_string129                @ DW_AT_name
	.long	3581                            @ DW_AT_type
	.byte	3                               @ DW_AT_decl_file
	.short	5293                            @ DW_AT_decl_line
	.byte	8                               @ DW_AT_bit_size
	.byte	16                              @ DW_AT_data_bit_offset
	.byte	21                              @ Abbrev [21] 0x18e4:0xe DW_TAG_member
	.long	.Linfo_string102                @ DW_AT_name
	.long	3581                            @ DW_AT_type
	.byte	3                               @ DW_AT_decl_file
	.short	5294                            @ DW_AT_decl_line
	.byte	8                               @ DW_AT_bit_size
	.byte	24                              @ DW_AT_data_bit_offset
	.byte	0                               @ End Of Children Mark
	.byte	15                              @ Abbrev [15] 0x18f3:0xd DW_TAG_member
	.long	.Linfo_string35                 @ DW_AT_name
	.long	3581                            @ DW_AT_type
	.byte	3                               @ DW_AT_decl_file
	.short	5296                            @ DW_AT_decl_line
	.byte	0                               @ DW_AT_data_member_location
	.byte	0                               @ End Of Children Mark
	.byte	0                               @ End Of Children Mark
	.byte	3                               @ Abbrev [3] 0x1902:0xc DW_TAG_array_type
	.long	3581                            @ DW_AT_type
	.byte	4                               @ Abbrev [4] 0x1907:0x6 DW_TAG_subrange_type
	.long	70                              @ DW_AT_type
	.byte	1                               @ DW_AT_count
	.byte	0                               @ End Of Children Mark
	.byte	17                              @ Abbrev [17] 0x190e:0x1f5 DW_TAG_structure_type
	.long	.Linfo_string192                @ DW_AT_name
	.byte	4                               @ DW_AT_byte_size
	.byte	3                               @ DW_AT_decl_file
	.short	5509                            @ DW_AT_decl_line
	.byte	18                              @ Abbrev [18] 0x1917:0x9 DW_TAG_member
	.long	6432                            @ DW_AT_type
	.byte	3                               @ DW_AT_decl_file
	.short	5512                            @ DW_AT_decl_line
	.byte	0                               @ DW_AT_data_member_location
	.byte	19                              @ Abbrev [19] 0x1920:0x1e2 DW_TAG_union_type
	.byte	4                               @ DW_AT_byte_size
	.byte	3                               @ DW_AT_decl_file
	.short	5512                            @ DW_AT_decl_line
	.byte	18                              @ Abbrev [18] 0x1925:0x9 DW_TAG_member
	.long	6446                            @ DW_AT_type
	.byte	3                               @ DW_AT_decl_file
	.short	5514                            @ DW_AT_decl_line
	.byte	0                               @ DW_AT_data_member_location
	.byte	20                              @ Abbrev [20] 0x192e:0x1c6 DW_TAG_structure_type
	.byte	4                               @ DW_AT_byte_size
	.byte	3                               @ DW_AT_decl_file
	.short	5514                            @ DW_AT_decl_line
	.byte	21                              @ Abbrev [21] 0x1933:0xe DW_TAG_member
	.long	.Linfo_string160                @ DW_AT_name
	.long	3581                            @ DW_AT_type
	.byte	3                               @ DW_AT_decl_file
	.short	5516                            @ DW_AT_decl_line
	.byte	1                               @ DW_AT_bit_size
	.byte	0                               @ DW_AT_data_bit_offset
	.byte	21                              @ Abbrev [21] 0x1941:0xe DW_TAG_member
	.long	.Linfo_string161                @ DW_AT_name
	.long	3581                            @ DW_AT_type
	.byte	3                               @ DW_AT_decl_file
	.short	5518                            @ DW_AT_decl_line
	.byte	1                               @ DW_AT_bit_size
	.byte	1                               @ DW_AT_data_bit_offset
	.byte	21                              @ Abbrev [21] 0x194f:0xe DW_TAG_member
	.long	.Linfo_string162                @ DW_AT_name
	.long	3581                            @ DW_AT_type
	.byte	3                               @ DW_AT_decl_file
	.short	5519                            @ DW_AT_decl_line
	.byte	1                               @ DW_AT_bit_size
	.byte	2                               @ DW_AT_data_bit_offset
	.byte	21                              @ Abbrev [21] 0x195d:0xe DW_TAG_member
	.long	.Linfo_string163                @ DW_AT_name
	.long	3581                            @ DW_AT_type
	.byte	3                               @ DW_AT_decl_file
	.short	5521                            @ DW_AT_decl_line
	.byte	1                               @ DW_AT_bit_size
	.byte	3                               @ DW_AT_data_bit_offset
	.byte	21                              @ Abbrev [21] 0x196b:0xe DW_TAG_member
	.long	.Linfo_string164                @ DW_AT_name
	.long	3581                            @ DW_AT_type
	.byte	3                               @ DW_AT_decl_file
	.short	5523                            @ DW_AT_decl_line
	.byte	1                               @ DW_AT_bit_size
	.byte	4                               @ DW_AT_data_bit_offset
	.byte	21                              @ Abbrev [21] 0x1979:0xe DW_TAG_member
	.long	.Linfo_string165                @ DW_AT_name
	.long	3581                            @ DW_AT_type
	.byte	3                               @ DW_AT_decl_file
	.short	5524                            @ DW_AT_decl_line
	.byte	1                               @ DW_AT_bit_size
	.byte	5                               @ DW_AT_data_bit_offset
	.byte	21                              @ Abbrev [21] 0x1987:0xe DW_TAG_member
	.long	.Linfo_string166                @ DW_AT_name
	.long	3581                            @ DW_AT_type
	.byte	3                               @ DW_AT_decl_file
	.short	5525                            @ DW_AT_decl_line
	.byte	1                               @ DW_AT_bit_size
	.byte	6                               @ DW_AT_data_bit_offset
	.byte	21                              @ Abbrev [21] 0x1995:0xe DW_TAG_member
	.long	.Linfo_string167                @ DW_AT_name
	.long	3581                            @ DW_AT_type
	.byte	3                               @ DW_AT_decl_file
	.short	5526                            @ DW_AT_decl_line
	.byte	1                               @ DW_AT_bit_size
	.byte	7                               @ DW_AT_data_bit_offset
	.byte	21                              @ Abbrev [21] 0x19a3:0xe DW_TAG_member
	.long	.Linfo_string168                @ DW_AT_name
	.long	3581                            @ DW_AT_type
	.byte	3                               @ DW_AT_decl_file
	.short	5527                            @ DW_AT_decl_line
	.byte	1                               @ DW_AT_bit_size
	.byte	8                               @ DW_AT_data_bit_offset
	.byte	21                              @ Abbrev [21] 0x19b1:0xe DW_TAG_member
	.long	.Linfo_string169                @ DW_AT_name
	.long	3581                            @ DW_AT_type
	.byte	3                               @ DW_AT_decl_file
	.short	5528                            @ DW_AT_decl_line
	.byte	1                               @ DW_AT_bit_size
	.byte	9                               @ DW_AT_data_bit_offset
	.byte	21                              @ Abbrev [21] 0x19bf:0xe DW_TAG_member
	.long	.Linfo_string170                @ DW_AT_name
	.long	3581                            @ DW_AT_type
	.byte	3                               @ DW_AT_decl_file
	.short	5529                            @ DW_AT_decl_line
	.byte	1                               @ DW_AT_bit_size
	.byte	10                              @ DW_AT_data_bit_offset
	.byte	21                              @ Abbrev [21] 0x19cd:0xe DW_TAG_member
	.long	.Linfo_string171                @ DW_AT_name
	.long	3581                            @ DW_AT_type
	.byte	3                               @ DW_AT_decl_file
	.short	5530                            @ DW_AT_decl_line
	.byte	1                               @ DW_AT_bit_size
	.byte	11                              @ DW_AT_data_bit_offset
	.byte	21                              @ Abbrev [21] 0x19db:0xe DW_TAG_member
	.long	.Linfo_string172                @ DW_AT_name
	.long	3581                            @ DW_AT_type
	.byte	3                               @ DW_AT_decl_file
	.short	5531                            @ DW_AT_decl_line
	.byte	1                               @ DW_AT_bit_size
	.byte	12                              @ DW_AT_data_bit_offset
	.byte	21                              @ Abbrev [21] 0x19e9:0xe DW_TAG_member
	.long	.Linfo_string173                @ DW_AT_name
	.long	3581                            @ DW_AT_type
	.byte	3                               @ DW_AT_decl_file
	.short	5532                            @ DW_AT_decl_line
	.byte	1                               @ DW_AT_bit_size
	.byte	13                              @ DW_AT_data_bit_offset
	.byte	21                              @ Abbrev [21] 0x19f7:0xe DW_TAG_member
	.long	.Linfo_string174                @ DW_AT_name
	.long	3581                            @ DW_AT_type
	.byte	3                               @ DW_AT_decl_file
	.short	5533                            @ DW_AT_decl_line
	.byte	1                               @ DW_AT_bit_size
	.byte	14                              @ DW_AT_data_bit_offset
	.byte	21                              @ Abbrev [21] 0x1a05:0xe DW_TAG_member
	.long	.Linfo_string175                @ DW_AT_name
	.long	3581                            @ DW_AT_type
	.byte	3                               @ DW_AT_decl_file
	.short	5534                            @ DW_AT_decl_line
	.byte	1                               @ DW_AT_bit_size
	.byte	15                              @ DW_AT_data_bit_offset
	.byte	21                              @ Abbrev [21] 0x1a13:0xe DW_TAG_member
	.long	.Linfo_string176                @ DW_AT_name
	.long	3581                            @ DW_AT_type
	.byte	3                               @ DW_AT_decl_file
	.short	5535                            @ DW_AT_decl_line
	.byte	1                               @ DW_AT_bit_size
	.byte	16                              @ DW_AT_data_bit_offset
	.byte	21                              @ Abbrev [21] 0x1a21:0xe DW_TAG_member
	.long	.Linfo_string177                @ DW_AT_name
	.long	3581                            @ DW_AT_type
	.byte	3                               @ DW_AT_decl_file
	.short	5536                            @ DW_AT_decl_line
	.byte	1                               @ DW_AT_bit_size
	.byte	17                              @ DW_AT_data_bit_offset
	.byte	21                              @ Abbrev [21] 0x1a2f:0xe DW_TAG_member
	.long	.Linfo_string178                @ DW_AT_name
	.long	3581                            @ DW_AT_type
	.byte	3                               @ DW_AT_decl_file
	.short	5537                            @ DW_AT_decl_line
	.byte	1                               @ DW_AT_bit_size
	.byte	18                              @ DW_AT_data_bit_offset
	.byte	21                              @ Abbrev [21] 0x1a3d:0xe DW_TAG_member
	.long	.Linfo_string179                @ DW_AT_name
	.long	3581                            @ DW_AT_type
	.byte	3                               @ DW_AT_decl_file
	.short	5538                            @ DW_AT_decl_line
	.byte	1                               @ DW_AT_bit_size
	.byte	19                              @ DW_AT_data_bit_offset
	.byte	21                              @ Abbrev [21] 0x1a4b:0xe DW_TAG_member
	.long	.Linfo_string180                @ DW_AT_name
	.long	3581                            @ DW_AT_type
	.byte	3                               @ DW_AT_decl_file
	.short	5539                            @ DW_AT_decl_line
	.byte	1                               @ DW_AT_bit_size
	.byte	20                              @ DW_AT_data_bit_offset
	.byte	21                              @ Abbrev [21] 0x1a59:0xe DW_TAG_member
	.long	.Linfo_string181                @ DW_AT_name
	.long	3581                            @ DW_AT_type
	.byte	3                               @ DW_AT_decl_file
	.short	5540                            @ DW_AT_decl_line
	.byte	1                               @ DW_AT_bit_size
	.byte	21                              @ DW_AT_data_bit_offset
	.byte	21                              @ Abbrev [21] 0x1a67:0xe DW_TAG_member
	.long	.Linfo_string182                @ DW_AT_name
	.long	3581                            @ DW_AT_type
	.byte	3                               @ DW_AT_decl_file
	.short	5541                            @ DW_AT_decl_line
	.byte	1                               @ DW_AT_bit_size
	.byte	22                              @ DW_AT_data_bit_offset
	.byte	21                              @ Abbrev [21] 0x1a75:0xe DW_TAG_member
	.long	.Linfo_string183                @ DW_AT_name
	.long	3581                            @ DW_AT_type
	.byte	3                               @ DW_AT_decl_file
	.short	5542                            @ DW_AT_decl_line
	.byte	1                               @ DW_AT_bit_size
	.byte	23                              @ DW_AT_data_bit_offset
	.byte	21                              @ Abbrev [21] 0x1a83:0xe DW_TAG_member
	.long	.Linfo_string184                @ DW_AT_name
	.long	3581                            @ DW_AT_type
	.byte	3                               @ DW_AT_decl_file
	.short	5543                            @ DW_AT_decl_line
	.byte	1                               @ DW_AT_bit_size
	.byte	24                              @ DW_AT_data_bit_offset
	.byte	21                              @ Abbrev [21] 0x1a91:0xe DW_TAG_member
	.long	.Linfo_string185                @ DW_AT_name
	.long	3581                            @ DW_AT_type
	.byte	3                               @ DW_AT_decl_file
	.short	5544                            @ DW_AT_decl_line
	.byte	1                               @ DW_AT_bit_size
	.byte	25                              @ DW_AT_data_bit_offset
	.byte	21                              @ Abbrev [21] 0x1a9f:0xe DW_TAG_member
	.long	.Linfo_string186                @ DW_AT_name
	.long	3581                            @ DW_AT_type
	.byte	3                               @ DW_AT_decl_file
	.short	5545                            @ DW_AT_decl_line
	.byte	1                               @ DW_AT_bit_size
	.byte	26                              @ DW_AT_data_bit_offset
	.byte	21                              @ Abbrev [21] 0x1aad:0xe DW_TAG_member
	.long	.Linfo_string187                @ DW_AT_name
	.long	3581                            @ DW_AT_type
	.byte	3                               @ DW_AT_decl_file
	.short	5546                            @ DW_AT_decl_line
	.byte	1                               @ DW_AT_bit_size
	.byte	27                              @ DW_AT_data_bit_offset
	.byte	21                              @ Abbrev [21] 0x1abb:0xe DW_TAG_member
	.long	.Linfo_string188                @ DW_AT_name
	.long	3581                            @ DW_AT_type
	.byte	3                               @ DW_AT_decl_file
	.short	5547                            @ DW_AT_decl_line
	.byte	1                               @ DW_AT_bit_size
	.byte	28                              @ DW_AT_data_bit_offset
	.byte	21                              @ Abbrev [21] 0x1ac9:0xe DW_TAG_member
	.long	.Linfo_string189                @ DW_AT_name
	.long	3581                            @ DW_AT_type
	.byte	3                               @ DW_AT_decl_file
	.short	5548                            @ DW_AT_decl_line
	.byte	1                               @ DW_AT_bit_size
	.byte	29                              @ DW_AT_data_bit_offset
	.byte	21                              @ Abbrev [21] 0x1ad7:0xe DW_TAG_member
	.long	.Linfo_string190                @ DW_AT_name
	.long	3581                            @ DW_AT_type
	.byte	3                               @ DW_AT_decl_file
	.short	5549                            @ DW_AT_decl_line
	.byte	1                               @ DW_AT_bit_size
	.byte	30                              @ DW_AT_data_bit_offset
	.byte	21                              @ Abbrev [21] 0x1ae5:0xe DW_TAG_member
	.long	.Linfo_string191                @ DW_AT_name
	.long	3581                            @ DW_AT_type
	.byte	3                               @ DW_AT_decl_file
	.short	5550                            @ DW_AT_decl_line
	.byte	1                               @ DW_AT_bit_size
	.byte	31                              @ DW_AT_data_bit_offset
	.byte	0                               @ End Of Children Mark
	.byte	15                              @ Abbrev [15] 0x1af4:0xd DW_TAG_member
	.long	.Linfo_string35                 @ DW_AT_name
	.long	3581                            @ DW_AT_type
	.byte	3                               @ DW_AT_decl_file
	.short	5552                            @ DW_AT_decl_line
	.byte	0                               @ DW_AT_data_member_location
	.byte	0                               @ End Of Children Mark
	.byte	0                               @ End Of Children Mark
	.byte	17                              @ Abbrev [17] 0x1b03:0x193 DW_TAG_structure_type
	.long	.Linfo_string218                @ DW_AT_name
	.byte	4                               @ DW_AT_byte_size
	.byte	3                               @ DW_AT_decl_file
	.short	6225                            @ DW_AT_decl_line
	.byte	18                              @ Abbrev [18] 0x1b0c:0x9 DW_TAG_member
	.long	6933                            @ DW_AT_type
	.byte	3                               @ DW_AT_decl_file
	.short	6228                            @ DW_AT_decl_line
	.byte	0                               @ DW_AT_data_member_location
	.byte	19                              @ Abbrev [19] 0x1b15:0x180 DW_TAG_union_type
	.byte	4                               @ DW_AT_byte_size
	.byte	3                               @ DW_AT_decl_file
	.short	6228                            @ DW_AT_decl_line
	.byte	18                              @ Abbrev [18] 0x1b1a:0x9 DW_TAG_member
	.long	6947                            @ DW_AT_type
	.byte	3                               @ DW_AT_decl_file
	.short	6230                            @ DW_AT_decl_line
	.byte	0                               @ DW_AT_data_member_location
	.byte	20                              @ Abbrev [20] 0x1b23:0x164 DW_TAG_structure_type
	.byte	4                               @ DW_AT_byte_size
	.byte	3                               @ DW_AT_decl_file
	.short	6230                            @ DW_AT_decl_line
	.byte	21                              @ Abbrev [21] 0x1b28:0xe DW_TAG_member
	.long	.Linfo_string194                @ DW_AT_name
	.long	3581                            @ DW_AT_type
	.byte	3                               @ DW_AT_decl_file
	.short	6232                            @ DW_AT_decl_line
	.byte	1                               @ DW_AT_bit_size
	.byte	0                               @ DW_AT_data_bit_offset
	.byte	21                              @ Abbrev [21] 0x1b36:0xe DW_TAG_member
	.long	.Linfo_string195                @ DW_AT_name
	.long	3581                            @ DW_AT_type
	.byte	3                               @ DW_AT_decl_file
	.short	6233                            @ DW_AT_decl_line
	.byte	1                               @ DW_AT_bit_size
	.byte	1                               @ DW_AT_data_bit_offset
	.byte	21                              @ Abbrev [21] 0x1b44:0xe DW_TAG_member
	.long	.Linfo_string196                @ DW_AT_name
	.long	3581                            @ DW_AT_type
	.byte	3                               @ DW_AT_decl_file
	.short	6234                            @ DW_AT_decl_line
	.byte	1                               @ DW_AT_bit_size
	.byte	2                               @ DW_AT_data_bit_offset
	.byte	21                              @ Abbrev [21] 0x1b52:0xe DW_TAG_member
	.long	.Linfo_string197                @ DW_AT_name
	.long	3581                            @ DW_AT_type
	.byte	3                               @ DW_AT_decl_file
	.short	6235                            @ DW_AT_decl_line
	.byte	1                               @ DW_AT_bit_size
	.byte	3                               @ DW_AT_data_bit_offset
	.byte	21                              @ Abbrev [21] 0x1b60:0xe DW_TAG_member
	.long	.Linfo_string198                @ DW_AT_name
	.long	3581                            @ DW_AT_type
	.byte	3                               @ DW_AT_decl_file
	.short	6236                            @ DW_AT_decl_line
	.byte	1                               @ DW_AT_bit_size
	.byte	4                               @ DW_AT_data_bit_offset
	.byte	21                              @ Abbrev [21] 0x1b6e:0xe DW_TAG_member
	.long	.Linfo_string199                @ DW_AT_name
	.long	3581                            @ DW_AT_type
	.byte	3                               @ DW_AT_decl_file
	.short	6237                            @ DW_AT_decl_line
	.byte	1                               @ DW_AT_bit_size
	.byte	5                               @ DW_AT_data_bit_offset
	.byte	21                              @ Abbrev [21] 0x1b7c:0xe DW_TAG_member
	.long	.Linfo_string200                @ DW_AT_name
	.long	3581                            @ DW_AT_type
	.byte	3                               @ DW_AT_decl_file
	.short	6238                            @ DW_AT_decl_line
	.byte	1                               @ DW_AT_bit_size
	.byte	6                               @ DW_AT_data_bit_offset
	.byte	21                              @ Abbrev [21] 0x1b8a:0xe DW_TAG_member
	.long	.Linfo_string201                @ DW_AT_name
	.long	3581                            @ DW_AT_type
	.byte	3                               @ DW_AT_decl_file
	.short	6240                            @ DW_AT_decl_line
	.byte	1                               @ DW_AT_bit_size
	.byte	7                               @ DW_AT_data_bit_offset
	.byte	21                              @ Abbrev [21] 0x1b98:0xe DW_TAG_member
	.long	.Linfo_string202                @ DW_AT_name
	.long	3581                            @ DW_AT_type
	.byte	3                               @ DW_AT_decl_file
	.short	6242                            @ DW_AT_decl_line
	.byte	1                               @ DW_AT_bit_size
	.byte	8                               @ DW_AT_data_bit_offset
	.byte	21                              @ Abbrev [21] 0x1ba6:0xe DW_TAG_member
	.long	.Linfo_string203                @ DW_AT_name
	.long	3581                            @ DW_AT_type
	.byte	3                               @ DW_AT_decl_file
	.short	6243                            @ DW_AT_decl_line
	.byte	1                               @ DW_AT_bit_size
	.byte	9                               @ DW_AT_data_bit_offset
	.byte	21                              @ Abbrev [21] 0x1bb4:0xe DW_TAG_member
	.long	.Linfo_string204                @ DW_AT_name
	.long	3581                            @ DW_AT_type
	.byte	3                               @ DW_AT_decl_file
	.short	6244                            @ DW_AT_decl_line
	.byte	1                               @ DW_AT_bit_size
	.byte	10                              @ DW_AT_data_bit_offset
	.byte	21                              @ Abbrev [21] 0x1bc2:0xe DW_TAG_member
	.long	.Linfo_string205                @ DW_AT_name
	.long	3581                            @ DW_AT_type
	.byte	3                               @ DW_AT_decl_file
	.short	6245                            @ DW_AT_decl_line
	.byte	1                               @ DW_AT_bit_size
	.byte	11                              @ DW_AT_data_bit_offset
	.byte	21                              @ Abbrev [21] 0x1bd0:0xe DW_TAG_member
	.long	.Linfo_string206                @ DW_AT_name
	.long	3581                            @ DW_AT_type
	.byte	3                               @ DW_AT_decl_file
	.short	6246                            @ DW_AT_decl_line
	.byte	1                               @ DW_AT_bit_size
	.byte	12                              @ DW_AT_data_bit_offset
	.byte	21                              @ Abbrev [21] 0x1bde:0xe DW_TAG_member
	.long	.Linfo_string207                @ DW_AT_name
	.long	3581                            @ DW_AT_type
	.byte	3                               @ DW_AT_decl_file
	.short	6247                            @ DW_AT_decl_line
	.byte	1                               @ DW_AT_bit_size
	.byte	13                              @ DW_AT_data_bit_offset
	.byte	21                              @ Abbrev [21] 0x1bec:0xe DW_TAG_member
	.long	.Linfo_string208                @ DW_AT_name
	.long	3581                            @ DW_AT_type
	.byte	3                               @ DW_AT_decl_file
	.short	6248                            @ DW_AT_decl_line
	.byte	1                               @ DW_AT_bit_size
	.byte	14                              @ DW_AT_data_bit_offset
	.byte	21                              @ Abbrev [21] 0x1bfa:0xe DW_TAG_member
	.long	.Linfo_string209                @ DW_AT_name
	.long	3581                            @ DW_AT_type
	.byte	3                               @ DW_AT_decl_file
	.short	6249                            @ DW_AT_decl_line
	.byte	1                               @ DW_AT_bit_size
	.byte	15                              @ DW_AT_data_bit_offset
	.byte	21                              @ Abbrev [21] 0x1c08:0xe DW_TAG_member
	.long	.Linfo_string210                @ DW_AT_name
	.long	3581                            @ DW_AT_type
	.byte	3                               @ DW_AT_decl_file
	.short	6250                            @ DW_AT_decl_line
	.byte	1                               @ DW_AT_bit_size
	.byte	16                              @ DW_AT_data_bit_offset
	.byte	21                              @ Abbrev [21] 0x1c16:0xe DW_TAG_member
	.long	.Linfo_string211                @ DW_AT_name
	.long	3581                            @ DW_AT_type
	.byte	3                               @ DW_AT_decl_file
	.short	6251                            @ DW_AT_decl_line
	.byte	1                               @ DW_AT_bit_size
	.byte	17                              @ DW_AT_data_bit_offset
	.byte	21                              @ Abbrev [21] 0x1c24:0xe DW_TAG_member
	.long	.Linfo_string212                @ DW_AT_name
	.long	3581                            @ DW_AT_type
	.byte	3                               @ DW_AT_decl_file
	.short	6252                            @ DW_AT_decl_line
	.byte	1                               @ DW_AT_bit_size
	.byte	18                              @ DW_AT_data_bit_offset
	.byte	21                              @ Abbrev [21] 0x1c32:0xe DW_TAG_member
	.long	.Linfo_string213                @ DW_AT_name
	.long	3581                            @ DW_AT_type
	.byte	3                               @ DW_AT_decl_file
	.short	6253                            @ DW_AT_decl_line
	.byte	1                               @ DW_AT_bit_size
	.byte	19                              @ DW_AT_data_bit_offset
	.byte	21                              @ Abbrev [21] 0x1c40:0xe DW_TAG_member
	.long	.Linfo_string214                @ DW_AT_name
	.long	3581                            @ DW_AT_type
	.byte	3                               @ DW_AT_decl_file
	.short	6254                            @ DW_AT_decl_line
	.byte	1                               @ DW_AT_bit_size
	.byte	20                              @ DW_AT_data_bit_offset
	.byte	21                              @ Abbrev [21] 0x1c4e:0xe DW_TAG_member
	.long	.Linfo_string215                @ DW_AT_name
	.long	3581                            @ DW_AT_type
	.byte	3                               @ DW_AT_decl_file
	.short	6255                            @ DW_AT_decl_line
	.byte	1                               @ DW_AT_bit_size
	.byte	21                              @ DW_AT_data_bit_offset
	.byte	21                              @ Abbrev [21] 0x1c5c:0xe DW_TAG_member
	.long	.Linfo_string216                @ DW_AT_name
	.long	3581                            @ DW_AT_type
	.byte	3                               @ DW_AT_decl_file
	.short	6256                            @ DW_AT_decl_line
	.byte	1                               @ DW_AT_bit_size
	.byte	22                              @ DW_AT_data_bit_offset
	.byte	21                              @ Abbrev [21] 0x1c6a:0xe DW_TAG_member
	.long	.Linfo_string217                @ DW_AT_name
	.long	3581                            @ DW_AT_type
	.byte	3                               @ DW_AT_decl_file
	.short	6257                            @ DW_AT_decl_line
	.byte	1                               @ DW_AT_bit_size
	.byte	23                              @ DW_AT_data_bit_offset
	.byte	21                              @ Abbrev [21] 0x1c78:0xe DW_TAG_member
	.long	.Linfo_string47                 @ DW_AT_name
	.long	3581                            @ DW_AT_type
	.byte	3                               @ DW_AT_decl_file
	.short	6258                            @ DW_AT_decl_line
	.byte	8                               @ DW_AT_bit_size
	.byte	24                              @ DW_AT_data_bit_offset
	.byte	0                               @ End Of Children Mark
	.byte	15                              @ Abbrev [15] 0x1c87:0xd DW_TAG_member
	.long	.Linfo_string35                 @ DW_AT_name
	.long	3581                            @ DW_AT_type
	.byte	3                               @ DW_AT_decl_file
	.short	6260                            @ DW_AT_decl_line
	.byte	0                               @ DW_AT_data_member_location
	.byte	0                               @ End Of Children Mark
	.byte	0                               @ End Of Children Mark
	.byte	3                               @ Abbrev [3] 0x1c96:0xc DW_TAG_array_type
	.long	3581                            @ DW_AT_type
	.byte	4                               @ Abbrev [4] 0x1c9b:0x6 DW_TAG_subrange_type
	.long	70                              @ DW_AT_type
	.byte	10                              @ DW_AT_count
	.byte	0                               @ End Of Children Mark
	.byte	17                              @ Abbrev [17] 0x1ca2:0x97 DW_TAG_structure_type
	.long	.Linfo_string227                @ DW_AT_name
	.byte	4                               @ DW_AT_byte_size
	.byte	3                               @ DW_AT_decl_file
	.short	6773                            @ DW_AT_decl_line
	.byte	18                              @ Abbrev [18] 0x1cab:0x9 DW_TAG_member
	.long	7348                            @ DW_AT_type
	.byte	3                               @ DW_AT_decl_file
	.short	6776                            @ DW_AT_decl_line
	.byte	0                               @ DW_AT_data_member_location
	.byte	19                              @ Abbrev [19] 0x1cb4:0x84 DW_TAG_union_type
	.byte	4                               @ DW_AT_byte_size
	.byte	3                               @ DW_AT_decl_file
	.short	6776                            @ DW_AT_decl_line
	.byte	18                              @ Abbrev [18] 0x1cb9:0x9 DW_TAG_member
	.long	7362                            @ DW_AT_type
	.byte	3                               @ DW_AT_decl_file
	.short	6778                            @ DW_AT_decl_line
	.byte	0                               @ DW_AT_data_member_location
	.byte	20                              @ Abbrev [20] 0x1cc2:0x68 DW_TAG_structure_type
	.byte	4                               @ DW_AT_byte_size
	.byte	3                               @ DW_AT_decl_file
	.short	6778                            @ DW_AT_decl_line
	.byte	21                              @ Abbrev [21] 0x1cc7:0xe DW_TAG_member
	.long	.Linfo_string221                @ DW_AT_name
	.long	3581                            @ DW_AT_type
	.byte	3                               @ DW_AT_decl_file
	.short	6780                            @ DW_AT_decl_line
	.byte	1                               @ DW_AT_bit_size
	.byte	0                               @ DW_AT_data_bit_offset
	.byte	21                              @ Abbrev [21] 0x1cd5:0xe DW_TAG_member
	.long	.Linfo_string222                @ DW_AT_name
	.long	3581                            @ DW_AT_type
	.byte	3                               @ DW_AT_decl_file
	.short	6781                            @ DW_AT_decl_line
	.byte	1                               @ DW_AT_bit_size
	.byte	1                               @ DW_AT_data_bit_offset
	.byte	21                              @ Abbrev [21] 0x1ce3:0xe DW_TAG_member
	.long	.Linfo_string223                @ DW_AT_name
	.long	3581                            @ DW_AT_type
	.byte	3                               @ DW_AT_decl_file
	.short	6782                            @ DW_AT_decl_line
	.byte	1                               @ DW_AT_bit_size
	.byte	2                               @ DW_AT_data_bit_offset
	.byte	21                              @ Abbrev [21] 0x1cf1:0xe DW_TAG_member
	.long	.Linfo_string224                @ DW_AT_name
	.long	3581                            @ DW_AT_type
	.byte	3                               @ DW_AT_decl_file
	.short	6783                            @ DW_AT_decl_line
	.byte	1                               @ DW_AT_bit_size
	.byte	3                               @ DW_AT_data_bit_offset
	.byte	21                              @ Abbrev [21] 0x1cff:0xe DW_TAG_member
	.long	.Linfo_string225                @ DW_AT_name
	.long	3581                            @ DW_AT_type
	.byte	3                               @ DW_AT_decl_file
	.short	6784                            @ DW_AT_decl_line
	.byte	1                               @ DW_AT_bit_size
	.byte	4                               @ DW_AT_data_bit_offset
	.byte	21                              @ Abbrev [21] 0x1d0d:0xe DW_TAG_member
	.long	.Linfo_string226                @ DW_AT_name
	.long	3581                            @ DW_AT_type
	.byte	3                               @ DW_AT_decl_file
	.short	6785                            @ DW_AT_decl_line
	.byte	1                               @ DW_AT_bit_size
	.byte	5                               @ DW_AT_data_bit_offset
	.byte	21                              @ Abbrev [21] 0x1d1b:0xe DW_TAG_member
	.long	.Linfo_string47                 @ DW_AT_name
	.long	3581                            @ DW_AT_type
	.byte	3                               @ DW_AT_decl_file
	.short	6786                            @ DW_AT_decl_line
	.byte	26                              @ DW_AT_bit_size
	.byte	6                               @ DW_AT_data_bit_offset
	.byte	0                               @ End Of Children Mark
	.byte	15                              @ Abbrev [15] 0x1d2a:0xd DW_TAG_member
	.long	.Linfo_string35                 @ DW_AT_name
	.long	3581                            @ DW_AT_type
	.byte	3                               @ DW_AT_decl_file
	.short	6788                            @ DW_AT_decl_line
	.byte	0                               @ DW_AT_data_member_location
	.byte	0                               @ End Of Children Mark
	.byte	0                               @ End Of Children Mark
	.byte	17                              @ Abbrev [17] 0x1d39:0x43 DW_TAG_structure_type
	.long	.Linfo_string230                @ DW_AT_name
	.byte	4                               @ DW_AT_byte_size
	.byte	3                               @ DW_AT_decl_file
	.short	6941                            @ DW_AT_decl_line
	.byte	18                              @ Abbrev [18] 0x1d42:0x9 DW_TAG_member
	.long	7499                            @ DW_AT_type
	.byte	3                               @ DW_AT_decl_file
	.short	6944                            @ DW_AT_decl_line
	.byte	0                               @ DW_AT_data_member_location
	.byte	19                              @ Abbrev [19] 0x1d4b:0x30 DW_TAG_union_type
	.byte	4                               @ DW_AT_byte_size
	.byte	3                               @ DW_AT_decl_file
	.short	6944                            @ DW_AT_decl_line
	.byte	18                              @ Abbrev [18] 0x1d50:0x9 DW_TAG_member
	.long	7513                            @ DW_AT_type
	.byte	3                               @ DW_AT_decl_file
	.short	6946                            @ DW_AT_decl_line
	.byte	0                               @ DW_AT_data_member_location
	.byte	20                              @ Abbrev [20] 0x1d59:0x14 DW_TAG_structure_type
	.byte	4                               @ DW_AT_byte_size
	.byte	3                               @ DW_AT_decl_file
	.short	6946                            @ DW_AT_decl_line
	.byte	21                              @ Abbrev [21] 0x1d5e:0xe DW_TAG_member
	.long	.Linfo_string229                @ DW_AT_name
	.long	3581                            @ DW_AT_type
	.byte	3                               @ DW_AT_decl_file
	.short	6948                            @ DW_AT_decl_line
	.byte	32                              @ DW_AT_bit_size
	.byte	0                               @ DW_AT_data_bit_offset
	.byte	0                               @ End Of Children Mark
	.byte	15                              @ Abbrev [15] 0x1d6d:0xd DW_TAG_member
	.long	.Linfo_string35                 @ DW_AT_name
	.long	3581                            @ DW_AT_type
	.byte	3                               @ DW_AT_decl_file
	.short	6950                            @ DW_AT_decl_line
	.byte	0                               @ DW_AT_data_member_location
	.byte	0                               @ End Of Children Mark
	.byte	0                               @ End Of Children Mark
	.byte	17                              @ Abbrev [17] 0x1d7c:0x43 DW_TAG_structure_type
	.long	.Linfo_string233                @ DW_AT_name
	.byte	4                               @ DW_AT_byte_size
	.byte	3                               @ DW_AT_decl_file
	.short	7003                            @ DW_AT_decl_line
	.byte	18                              @ Abbrev [18] 0x1d85:0x9 DW_TAG_member
	.long	7566                            @ DW_AT_type
	.byte	3                               @ DW_AT_decl_file
	.short	7006                            @ DW_AT_decl_line
	.byte	0                               @ DW_AT_data_member_location
	.byte	19                              @ Abbrev [19] 0x1d8e:0x30 DW_TAG_union_type
	.byte	4                               @ DW_AT_byte_size
	.byte	3                               @ DW_AT_decl_file
	.short	7006                            @ DW_AT_decl_line
	.byte	18                              @ Abbrev [18] 0x1d93:0x9 DW_TAG_member
	.long	7580                            @ DW_AT_type
	.byte	3                               @ DW_AT_decl_file
	.short	7008                            @ DW_AT_decl_line
	.byte	0                               @ DW_AT_data_member_location
	.byte	20                              @ Abbrev [20] 0x1d9c:0x14 DW_TAG_structure_type
	.byte	4                               @ DW_AT_byte_size
	.byte	3                               @ DW_AT_decl_file
	.short	7008                            @ DW_AT_decl_line
	.byte	21                              @ Abbrev [21] 0x1da1:0xe DW_TAG_member
	.long	.Linfo_string232                @ DW_AT_name
	.long	3581                            @ DW_AT_type
	.byte	3                               @ DW_AT_decl_file
	.short	7010                            @ DW_AT_decl_line
	.byte	32                              @ DW_AT_bit_size
	.byte	0                               @ DW_AT_data_bit_offset
	.byte	0                               @ End Of Children Mark
	.byte	15                              @ Abbrev [15] 0x1db0:0xd DW_TAG_member
	.long	.Linfo_string35                 @ DW_AT_name
	.long	3581                            @ DW_AT_type
	.byte	3                               @ DW_AT_decl_file
	.short	7012                            @ DW_AT_decl_line
	.byte	0                               @ DW_AT_data_member_location
	.byte	0                               @ End Of Children Mark
	.byte	0                               @ End Of Children Mark
	.byte	17                              @ Abbrev [17] 0x1dbf:0x43 DW_TAG_structure_type
	.long	.Linfo_string237                @ DW_AT_name
	.byte	4                               @ DW_AT_byte_size
	.byte	3                               @ DW_AT_decl_file
	.short	7066                            @ DW_AT_decl_line
	.byte	18                              @ Abbrev [18] 0x1dc8:0x9 DW_TAG_member
	.long	7633                            @ DW_AT_type
	.byte	3                               @ DW_AT_decl_file
	.short	7069                            @ DW_AT_decl_line
	.byte	0                               @ DW_AT_data_member_location
	.byte	19                              @ Abbrev [19] 0x1dd1:0x30 DW_TAG_union_type
	.byte	4                               @ DW_AT_byte_size
	.byte	3                               @ DW_AT_decl_file
	.short	7069                            @ DW_AT_decl_line
	.byte	18                              @ Abbrev [18] 0x1dd6:0x9 DW_TAG_member
	.long	7647                            @ DW_AT_type
	.byte	3                               @ DW_AT_decl_file
	.short	7071                            @ DW_AT_decl_line
	.byte	0                               @ DW_AT_data_member_location
	.byte	20                              @ Abbrev [20] 0x1ddf:0x14 DW_TAG_structure_type
	.byte	4                               @ DW_AT_byte_size
	.byte	3                               @ DW_AT_decl_file
	.short	7071                            @ DW_AT_decl_line
	.byte	21                              @ Abbrev [21] 0x1de4:0xe DW_TAG_member
	.long	.Linfo_string236                @ DW_AT_name
	.long	3581                            @ DW_AT_type
	.byte	3                               @ DW_AT_decl_file
	.short	7073                            @ DW_AT_decl_line
	.byte	32                              @ DW_AT_bit_size
	.byte	0                               @ DW_AT_data_bit_offset
	.byte	0                               @ End Of Children Mark
	.byte	15                              @ Abbrev [15] 0x1df3:0xd DW_TAG_member
	.long	.Linfo_string35                 @ DW_AT_name
	.long	3581                            @ DW_AT_type
	.byte	3                               @ DW_AT_decl_file
	.short	7075                            @ DW_AT_decl_line
	.byte	0                               @ DW_AT_data_member_location
	.byte	0                               @ End Of Children Mark
	.byte	0                               @ End Of Children Mark
	.byte	3                               @ Abbrev [3] 0x1e02:0xc DW_TAG_array_type
	.long	3581                            @ DW_AT_type
	.byte	4                               @ Abbrev [4] 0x1e07:0x6 DW_TAG_subrange_type
	.long	70                              @ DW_AT_type
	.byte	11                              @ DW_AT_count
	.byte	0                               @ End Of Children Mark
	.byte	17                              @ Abbrev [17] 0x1e0e:0x97 DW_TAG_structure_type
	.long	.Linfo_string245                @ DW_AT_name
	.byte	4                               @ DW_AT_byte_size
	.byte	3                               @ DW_AT_decl_file
	.short	7128                            @ DW_AT_decl_line
	.byte	18                              @ Abbrev [18] 0x1e17:0x9 DW_TAG_member
	.long	7712                            @ DW_AT_type
	.byte	3                               @ DW_AT_decl_file
	.short	7131                            @ DW_AT_decl_line
	.byte	0                               @ DW_AT_data_member_location
	.byte	19                              @ Abbrev [19] 0x1e20:0x84 DW_TAG_union_type
	.byte	4                               @ DW_AT_byte_size
	.byte	3                               @ DW_AT_decl_file
	.short	7131                            @ DW_AT_decl_line
	.byte	18                              @ Abbrev [18] 0x1e25:0x9 DW_TAG_member
	.long	7726                            @ DW_AT_type
	.byte	3                               @ DW_AT_decl_file
	.short	7133                            @ DW_AT_decl_line
	.byte	0                               @ DW_AT_data_member_location
	.byte	20                              @ Abbrev [20] 0x1e2e:0x68 DW_TAG_structure_type
	.byte	4                               @ DW_AT_byte_size
	.byte	3                               @ DW_AT_decl_file
	.short	7133                            @ DW_AT_decl_line
	.byte	21                              @ Abbrev [21] 0x1e33:0xe DW_TAG_member
	.long	.Linfo_string240                @ DW_AT_name
	.long	3581                            @ DW_AT_type
	.byte	3                               @ DW_AT_decl_file
	.short	7135                            @ DW_AT_decl_line
	.byte	1                               @ DW_AT_bit_size
	.byte	0                               @ DW_AT_data_bit_offset
	.byte	21                              @ Abbrev [21] 0x1e41:0xe DW_TAG_member
	.long	.Linfo_string241                @ DW_AT_name
	.long	3581                            @ DW_AT_type
	.byte	3                               @ DW_AT_decl_file
	.short	7136                            @ DW_AT_decl_line
	.byte	1                               @ DW_AT_bit_size
	.byte	1                               @ DW_AT_data_bit_offset
	.byte	21                              @ Abbrev [21] 0x1e4f:0xe DW_TAG_member
	.long	.Linfo_string242                @ DW_AT_name
	.long	3581                            @ DW_AT_type
	.byte	3                               @ DW_AT_decl_file
	.short	7137                            @ DW_AT_decl_line
	.byte	1                               @ DW_AT_bit_size
	.byte	2                               @ DW_AT_data_bit_offset
	.byte	21                              @ Abbrev [21] 0x1e5d:0xe DW_TAG_member
	.long	.Linfo_string243                @ DW_AT_name
	.long	3581                            @ DW_AT_type
	.byte	3                               @ DW_AT_decl_file
	.short	7138                            @ DW_AT_decl_line
	.byte	1                               @ DW_AT_bit_size
	.byte	3                               @ DW_AT_data_bit_offset
	.byte	21                              @ Abbrev [21] 0x1e6b:0xe DW_TAG_member
	.long	.Linfo_string47                 @ DW_AT_name
	.long	3581                            @ DW_AT_type
	.byte	3                               @ DW_AT_decl_file
	.short	7139                            @ DW_AT_decl_line
	.byte	7                               @ DW_AT_bit_size
	.byte	4                               @ DW_AT_data_bit_offset
	.byte	21                              @ Abbrev [21] 0x1e79:0xe DW_TAG_member
	.long	.Linfo_string244                @ DW_AT_name
	.long	3581                            @ DW_AT_type
	.byte	3                               @ DW_AT_decl_file
	.short	7140                            @ DW_AT_decl_line
	.byte	5                               @ DW_AT_bit_size
	.byte	11                              @ DW_AT_data_bit_offset
	.byte	21                              @ Abbrev [21] 0x1e87:0xe DW_TAG_member
	.long	.Linfo_string102                @ DW_AT_name
	.long	3581                            @ DW_AT_type
	.byte	3                               @ DW_AT_decl_file
	.short	7141                            @ DW_AT_decl_line
	.byte	16                              @ DW_AT_bit_size
	.byte	16                              @ DW_AT_data_bit_offset
	.byte	0                               @ End Of Children Mark
	.byte	15                              @ Abbrev [15] 0x1e96:0xd DW_TAG_member
	.long	.Linfo_string35                 @ DW_AT_name
	.long	3581                            @ DW_AT_type
	.byte	3                               @ DW_AT_decl_file
	.short	7143                            @ DW_AT_decl_line
	.byte	0                               @ DW_AT_data_member_location
	.byte	0                               @ End Of Children Mark
	.byte	0                               @ End Of Children Mark
	.byte	17                              @ Abbrev [17] 0x1ea5:0x89 DW_TAG_structure_type
	.long	.Linfo_string252                @ DW_AT_name
	.byte	4                               @ DW_AT_byte_size
	.byte	3                               @ DW_AT_decl_file
	.short	7276                            @ DW_AT_decl_line
	.byte	18                              @ Abbrev [18] 0x1eae:0x9 DW_TAG_member
	.long	7863                            @ DW_AT_type
	.byte	3                               @ DW_AT_decl_file
	.short	7279                            @ DW_AT_decl_line
	.byte	0                               @ DW_AT_data_member_location
	.byte	19                              @ Abbrev [19] 0x1eb7:0x76 DW_TAG_union_type
	.byte	4                               @ DW_AT_byte_size
	.byte	3                               @ DW_AT_decl_file
	.short	7279                            @ DW_AT_decl_line
	.byte	18                              @ Abbrev [18] 0x1ebc:0x9 DW_TAG_member
	.long	7877                            @ DW_AT_type
	.byte	3                               @ DW_AT_decl_file
	.short	7281                            @ DW_AT_decl_line
	.byte	0                               @ DW_AT_data_member_location
	.byte	20                              @ Abbrev [20] 0x1ec5:0x5a DW_TAG_structure_type
	.byte	4                               @ DW_AT_byte_size
	.byte	3                               @ DW_AT_decl_file
	.short	7281                            @ DW_AT_decl_line
	.byte	21                              @ Abbrev [21] 0x1eca:0xe DW_TAG_member
	.long	.Linfo_string247                @ DW_AT_name
	.long	3581                            @ DW_AT_type
	.byte	3                               @ DW_AT_decl_file
	.short	7283                            @ DW_AT_decl_line
	.byte	1                               @ DW_AT_bit_size
	.byte	0                               @ DW_AT_data_bit_offset
	.byte	21                              @ Abbrev [21] 0x1ed8:0xe DW_TAG_member
	.long	.Linfo_string248                @ DW_AT_name
	.long	3581                            @ DW_AT_type
	.byte	3                               @ DW_AT_decl_file
	.short	7284                            @ DW_AT_decl_line
	.byte	1                               @ DW_AT_bit_size
	.byte	1                               @ DW_AT_data_bit_offset
	.byte	21                              @ Abbrev [21] 0x1ee6:0xe DW_TAG_member
	.long	.Linfo_string249                @ DW_AT_name
	.long	3581                            @ DW_AT_type
	.byte	3                               @ DW_AT_decl_file
	.short	7285                            @ DW_AT_decl_line
	.byte	1                               @ DW_AT_bit_size
	.byte	2                               @ DW_AT_data_bit_offset
	.byte	21                              @ Abbrev [21] 0x1ef4:0xe DW_TAG_member
	.long	.Linfo_string250                @ DW_AT_name
	.long	3581                            @ DW_AT_type
	.byte	3                               @ DW_AT_decl_file
	.short	7286                            @ DW_AT_decl_line
	.byte	1                               @ DW_AT_bit_size
	.byte	3                               @ DW_AT_data_bit_offset
	.byte	21                              @ Abbrev [21] 0x1f02:0xe DW_TAG_member
	.long	.Linfo_string47                 @ DW_AT_name
	.long	3581                            @ DW_AT_type
	.byte	3                               @ DW_AT_decl_file
	.short	7287                            @ DW_AT_decl_line
	.byte	27                              @ DW_AT_bit_size
	.byte	4                               @ DW_AT_data_bit_offset
	.byte	21                              @ Abbrev [21] 0x1f10:0xe DW_TAG_member
	.long	.Linfo_string251                @ DW_AT_name
	.long	3581                            @ DW_AT_type
	.byte	3                               @ DW_AT_decl_file
	.short	7288                            @ DW_AT_decl_line
	.byte	1                               @ DW_AT_bit_size
	.byte	31                              @ DW_AT_data_bit_offset
	.byte	0                               @ End Of Children Mark
	.byte	15                              @ Abbrev [15] 0x1f1f:0xd DW_TAG_member
	.long	.Linfo_string35                 @ DW_AT_name
	.long	3581                            @ DW_AT_type
	.byte	3                               @ DW_AT_decl_file
	.short	7290                            @ DW_AT_decl_line
	.byte	0                               @ DW_AT_data_member_location
	.byte	0                               @ End Of Children Mark
	.byte	0                               @ End Of Children Mark
	.byte	17                              @ Abbrev [17] 0x1f2e:0x89 DW_TAG_structure_type
	.long	.Linfo_string254                @ DW_AT_name
	.byte	4                               @ DW_AT_byte_size
	.byte	3                               @ DW_AT_decl_file
	.short	7423                            @ DW_AT_decl_line
	.byte	18                              @ Abbrev [18] 0x1f37:0x9 DW_TAG_member
	.long	8000                            @ DW_AT_type
	.byte	3                               @ DW_AT_decl_file
	.short	7426                            @ DW_AT_decl_line
	.byte	0                               @ DW_AT_data_member_location
	.byte	19                              @ Abbrev [19] 0x1f40:0x76 DW_TAG_union_type
	.byte	4                               @ DW_AT_byte_size
	.byte	3                               @ DW_AT_decl_file
	.short	7426                            @ DW_AT_decl_line
	.byte	18                              @ Abbrev [18] 0x1f45:0x9 DW_TAG_member
	.long	8014                            @ DW_AT_type
	.byte	3                               @ DW_AT_decl_file
	.short	7428                            @ DW_AT_decl_line
	.byte	0                               @ DW_AT_data_member_location
	.byte	20                              @ Abbrev [20] 0x1f4e:0x5a DW_TAG_structure_type
	.byte	4                               @ DW_AT_byte_size
	.byte	3                               @ DW_AT_decl_file
	.short	7428                            @ DW_AT_decl_line
	.byte	21                              @ Abbrev [21] 0x1f53:0xe DW_TAG_member
	.long	.Linfo_string247                @ DW_AT_name
	.long	3581                            @ DW_AT_type
	.byte	3                               @ DW_AT_decl_file
	.short	7430                            @ DW_AT_decl_line
	.byte	1                               @ DW_AT_bit_size
	.byte	0                               @ DW_AT_data_bit_offset
	.byte	21                              @ Abbrev [21] 0x1f61:0xe DW_TAG_member
	.long	.Linfo_string248                @ DW_AT_name
	.long	3581                            @ DW_AT_type
	.byte	3                               @ DW_AT_decl_file
	.short	7431                            @ DW_AT_decl_line
	.byte	1                               @ DW_AT_bit_size
	.byte	1                               @ DW_AT_data_bit_offset
	.byte	21                              @ Abbrev [21] 0x1f6f:0xe DW_TAG_member
	.long	.Linfo_string249                @ DW_AT_name
	.long	3581                            @ DW_AT_type
	.byte	3                               @ DW_AT_decl_file
	.short	7432                            @ DW_AT_decl_line
	.byte	1                               @ DW_AT_bit_size
	.byte	2                               @ DW_AT_data_bit_offset
	.byte	21                              @ Abbrev [21] 0x1f7d:0xe DW_TAG_member
	.long	.Linfo_string250                @ DW_AT_name
	.long	3581                            @ DW_AT_type
	.byte	3                               @ DW_AT_decl_file
	.short	7433                            @ DW_AT_decl_line
	.byte	1                               @ DW_AT_bit_size
	.byte	3                               @ DW_AT_data_bit_offset
	.byte	21                              @ Abbrev [21] 0x1f8b:0xe DW_TAG_member
	.long	.Linfo_string47                 @ DW_AT_name
	.long	3581                            @ DW_AT_type
	.byte	3                               @ DW_AT_decl_file
	.short	7434                            @ DW_AT_decl_line
	.byte	27                              @ DW_AT_bit_size
	.byte	4                               @ DW_AT_data_bit_offset
	.byte	21                              @ Abbrev [21] 0x1f99:0xe DW_TAG_member
	.long	.Linfo_string251                @ DW_AT_name
	.long	3581                            @ DW_AT_type
	.byte	3                               @ DW_AT_decl_file
	.short	7435                            @ DW_AT_decl_line
	.byte	1                               @ DW_AT_bit_size
	.byte	31                              @ DW_AT_data_bit_offset
	.byte	0                               @ End Of Children Mark
	.byte	15                              @ Abbrev [15] 0x1fa8:0xd DW_TAG_member
	.long	.Linfo_string35                 @ DW_AT_name
	.long	3581                            @ DW_AT_type
	.byte	3                               @ DW_AT_decl_file
	.short	7437                            @ DW_AT_decl_line
	.byte	0                               @ DW_AT_data_member_location
	.byte	0                               @ End Of Children Mark
	.byte	0                               @ End Of Children Mark
	.byte	17                              @ Abbrev [17] 0x1fb7:0x89 DW_TAG_structure_type
	.long	.Linfo_string261                @ DW_AT_name
	.byte	4                               @ DW_AT_byte_size
	.byte	3                               @ DW_AT_decl_file
	.short	7570                            @ DW_AT_decl_line
	.byte	18                              @ Abbrev [18] 0x1fc0:0x9 DW_TAG_member
	.long	8137                            @ DW_AT_type
	.byte	3                               @ DW_AT_decl_file
	.short	7573                            @ DW_AT_decl_line
	.byte	0                               @ DW_AT_data_member_location
	.byte	19                              @ Abbrev [19] 0x1fc9:0x76 DW_TAG_union_type
	.byte	4                               @ DW_AT_byte_size
	.byte	3                               @ DW_AT_decl_file
	.short	7573                            @ DW_AT_decl_line
	.byte	18                              @ Abbrev [18] 0x1fce:0x9 DW_TAG_member
	.long	8151                            @ DW_AT_type
	.byte	3                               @ DW_AT_decl_file
	.short	7575                            @ DW_AT_decl_line
	.byte	0                               @ DW_AT_data_member_location
	.byte	20                              @ Abbrev [20] 0x1fd7:0x5a DW_TAG_structure_type
	.byte	4                               @ DW_AT_byte_size
	.byte	3                               @ DW_AT_decl_file
	.short	7575                            @ DW_AT_decl_line
	.byte	21                              @ Abbrev [21] 0x1fdc:0xe DW_TAG_member
	.long	.Linfo_string256                @ DW_AT_name
	.long	3581                            @ DW_AT_type
	.byte	3                               @ DW_AT_decl_file
	.short	7577                            @ DW_AT_decl_line
	.byte	1                               @ DW_AT_bit_size
	.byte	0                               @ DW_AT_data_bit_offset
	.byte	21                              @ Abbrev [21] 0x1fea:0xe DW_TAG_member
	.long	.Linfo_string257                @ DW_AT_name
	.long	3581                            @ DW_AT_type
	.byte	3                               @ DW_AT_decl_file
	.short	7578                            @ DW_AT_decl_line
	.byte	1                               @ DW_AT_bit_size
	.byte	1                               @ DW_AT_data_bit_offset
	.byte	21                              @ Abbrev [21] 0x1ff8:0xe DW_TAG_member
	.long	.Linfo_string258                @ DW_AT_name
	.long	3581                            @ DW_AT_type
	.byte	3                               @ DW_AT_decl_file
	.short	7579                            @ DW_AT_decl_line
	.byte	1                               @ DW_AT_bit_size
	.byte	2                               @ DW_AT_data_bit_offset
	.byte	21                              @ Abbrev [21] 0x2006:0xe DW_TAG_member
	.long	.Linfo_string259                @ DW_AT_name
	.long	3581                            @ DW_AT_type
	.byte	3                               @ DW_AT_decl_file
	.short	7580                            @ DW_AT_decl_line
	.byte	1                               @ DW_AT_bit_size
	.byte	3                               @ DW_AT_data_bit_offset
	.byte	21                              @ Abbrev [21] 0x2014:0xe DW_TAG_member
	.long	.Linfo_string47                 @ DW_AT_name
	.long	3581                            @ DW_AT_type
	.byte	3                               @ DW_AT_decl_file
	.short	7581                            @ DW_AT_decl_line
	.byte	27                              @ DW_AT_bit_size
	.byte	4                               @ DW_AT_data_bit_offset
	.byte	21                              @ Abbrev [21] 0x2022:0xe DW_TAG_member
	.long	.Linfo_string260                @ DW_AT_name
	.long	3581                            @ DW_AT_type
	.byte	3                               @ DW_AT_decl_file
	.short	7582                            @ DW_AT_decl_line
	.byte	1                               @ DW_AT_bit_size
	.byte	31                              @ DW_AT_data_bit_offset
	.byte	0                               @ End Of Children Mark
	.byte	15                              @ Abbrev [15] 0x2031:0xd DW_TAG_member
	.long	.Linfo_string35                 @ DW_AT_name
	.long	3581                            @ DW_AT_type
	.byte	3                               @ DW_AT_decl_file
	.short	7584                            @ DW_AT_decl_line
	.byte	0                               @ DW_AT_data_member_location
	.byte	0                               @ End Of Children Mark
	.byte	0                               @ End Of Children Mark
	.byte	17                              @ Abbrev [17] 0x2040:0x89 DW_TAG_structure_type
	.long	.Linfo_string263                @ DW_AT_name
	.byte	4                               @ DW_AT_byte_size
	.byte	3                               @ DW_AT_decl_file
	.short	7717                            @ DW_AT_decl_line
	.byte	18                              @ Abbrev [18] 0x2049:0x9 DW_TAG_member
	.long	8274                            @ DW_AT_type
	.byte	3                               @ DW_AT_decl_file
	.short	7720                            @ DW_AT_decl_line
	.byte	0                               @ DW_AT_data_member_location
	.byte	19                              @ Abbrev [19] 0x2052:0x76 DW_TAG_union_type
	.byte	4                               @ DW_AT_byte_size
	.byte	3                               @ DW_AT_decl_file
	.short	7720                            @ DW_AT_decl_line
	.byte	18                              @ Abbrev [18] 0x2057:0x9 DW_TAG_member
	.long	8288                            @ DW_AT_type
	.byte	3                               @ DW_AT_decl_file
	.short	7722                            @ DW_AT_decl_line
	.byte	0                               @ DW_AT_data_member_location
	.byte	20                              @ Abbrev [20] 0x2060:0x5a DW_TAG_structure_type
	.byte	4                               @ DW_AT_byte_size
	.byte	3                               @ DW_AT_decl_file
	.short	7722                            @ DW_AT_decl_line
	.byte	21                              @ Abbrev [21] 0x2065:0xe DW_TAG_member
	.long	.Linfo_string256                @ DW_AT_name
	.long	3581                            @ DW_AT_type
	.byte	3                               @ DW_AT_decl_file
	.short	7724                            @ DW_AT_decl_line
	.byte	1                               @ DW_AT_bit_size
	.byte	0                               @ DW_AT_data_bit_offset
	.byte	21                              @ Abbrev [21] 0x2073:0xe DW_TAG_member
	.long	.Linfo_string257                @ DW_AT_name
	.long	3581                            @ DW_AT_type
	.byte	3                               @ DW_AT_decl_file
	.short	7725                            @ DW_AT_decl_line
	.byte	1                               @ DW_AT_bit_size
	.byte	1                               @ DW_AT_data_bit_offset
	.byte	21                              @ Abbrev [21] 0x2081:0xe DW_TAG_member
	.long	.Linfo_string258                @ DW_AT_name
	.long	3581                            @ DW_AT_type
	.byte	3                               @ DW_AT_decl_file
	.short	7726                            @ DW_AT_decl_line
	.byte	1                               @ DW_AT_bit_size
	.byte	2                               @ DW_AT_data_bit_offset
	.byte	21                              @ Abbrev [21] 0x208f:0xe DW_TAG_member
	.long	.Linfo_string259                @ DW_AT_name
	.long	3581                            @ DW_AT_type
	.byte	3                               @ DW_AT_decl_file
	.short	7727                            @ DW_AT_decl_line
	.byte	1                               @ DW_AT_bit_size
	.byte	3                               @ DW_AT_data_bit_offset
	.byte	21                              @ Abbrev [21] 0x209d:0xe DW_TAG_member
	.long	.Linfo_string47                 @ DW_AT_name
	.long	3581                            @ DW_AT_type
	.byte	3                               @ DW_AT_decl_file
	.short	7728                            @ DW_AT_decl_line
	.byte	27                              @ DW_AT_bit_size
	.byte	4                               @ DW_AT_data_bit_offset
	.byte	21                              @ Abbrev [21] 0x20ab:0xe DW_TAG_member
	.long	.Linfo_string260                @ DW_AT_name
	.long	3581                            @ DW_AT_type
	.byte	3                               @ DW_AT_decl_file
	.short	7729                            @ DW_AT_decl_line
	.byte	1                               @ DW_AT_bit_size
	.byte	31                              @ DW_AT_data_bit_offset
	.byte	0                               @ End Of Children Mark
	.byte	15                              @ Abbrev [15] 0x20ba:0xd DW_TAG_member
	.long	.Linfo_string35                 @ DW_AT_name
	.long	3581                            @ DW_AT_type
	.byte	3                               @ DW_AT_decl_file
	.short	7731                            @ DW_AT_decl_line
	.byte	0                               @ DW_AT_data_member_location
	.byte	0                               @ End Of Children Mark
	.byte	0                               @ End Of Children Mark
	.byte	17                              @ Abbrev [17] 0x20c9:0x89 DW_TAG_structure_type
	.long	.Linfo_string270                @ DW_AT_name
	.byte	4                               @ DW_AT_byte_size
	.byte	3                               @ DW_AT_decl_file
	.short	7864                            @ DW_AT_decl_line
	.byte	18                              @ Abbrev [18] 0x20d2:0x9 DW_TAG_member
	.long	8411                            @ DW_AT_type
	.byte	3                               @ DW_AT_decl_file
	.short	7867                            @ DW_AT_decl_line
	.byte	0                               @ DW_AT_data_member_location
	.byte	19                              @ Abbrev [19] 0x20db:0x76 DW_TAG_union_type
	.byte	4                               @ DW_AT_byte_size
	.byte	3                               @ DW_AT_decl_file
	.short	7867                            @ DW_AT_decl_line
	.byte	18                              @ Abbrev [18] 0x20e0:0x9 DW_TAG_member
	.long	8425                            @ DW_AT_type
	.byte	3                               @ DW_AT_decl_file
	.short	7869                            @ DW_AT_decl_line
	.byte	0                               @ DW_AT_data_member_location
	.byte	20                              @ Abbrev [20] 0x20e9:0x5a DW_TAG_structure_type
	.byte	4                               @ DW_AT_byte_size
	.byte	3                               @ DW_AT_decl_file
	.short	7869                            @ DW_AT_decl_line
	.byte	21                              @ Abbrev [21] 0x20ee:0xe DW_TAG_member
	.long	.Linfo_string265                @ DW_AT_name
	.long	3581                            @ DW_AT_type
	.byte	3                               @ DW_AT_decl_file
	.short	7871                            @ DW_AT_decl_line
	.byte	1                               @ DW_AT_bit_size
	.byte	0                               @ DW_AT_data_bit_offset
	.byte	21                              @ Abbrev [21] 0x20fc:0xe DW_TAG_member
	.long	.Linfo_string266                @ DW_AT_name
	.long	3581                            @ DW_AT_type
	.byte	3                               @ DW_AT_decl_file
	.short	7872                            @ DW_AT_decl_line
	.byte	1                               @ DW_AT_bit_size
	.byte	1                               @ DW_AT_data_bit_offset
	.byte	21                              @ Abbrev [21] 0x210a:0xe DW_TAG_member
	.long	.Linfo_string267                @ DW_AT_name
	.long	3581                            @ DW_AT_type
	.byte	3                               @ DW_AT_decl_file
	.short	7873                            @ DW_AT_decl_line
	.byte	1                               @ DW_AT_bit_size
	.byte	2                               @ DW_AT_data_bit_offset
	.byte	21                              @ Abbrev [21] 0x2118:0xe DW_TAG_member
	.long	.Linfo_string268                @ DW_AT_name
	.long	3581                            @ DW_AT_type
	.byte	3                               @ DW_AT_decl_file
	.short	7874                            @ DW_AT_decl_line
	.byte	1                               @ DW_AT_bit_size
	.byte	3                               @ DW_AT_data_bit_offset
	.byte	21                              @ Abbrev [21] 0x2126:0xe DW_TAG_member
	.long	.Linfo_string47                 @ DW_AT_name
	.long	3581                            @ DW_AT_type
	.byte	3                               @ DW_AT_decl_file
	.short	7875                            @ DW_AT_decl_line
	.byte	27                              @ DW_AT_bit_size
	.byte	4                               @ DW_AT_data_bit_offset
	.byte	21                              @ Abbrev [21] 0x2134:0xe DW_TAG_member
	.long	.Linfo_string269                @ DW_AT_name
	.long	3581                            @ DW_AT_type
	.byte	3                               @ DW_AT_decl_file
	.short	7876                            @ DW_AT_decl_line
	.byte	1                               @ DW_AT_bit_size
	.byte	31                              @ DW_AT_data_bit_offset
	.byte	0                               @ End Of Children Mark
	.byte	15                              @ Abbrev [15] 0x2143:0xd DW_TAG_member
	.long	.Linfo_string35                 @ DW_AT_name
	.long	3581                            @ DW_AT_type
	.byte	3                               @ DW_AT_decl_file
	.short	7878                            @ DW_AT_decl_line
	.byte	0                               @ DW_AT_data_member_location
	.byte	0                               @ End Of Children Mark
	.byte	0                               @ End Of Children Mark
	.byte	17                              @ Abbrev [17] 0x2152:0x89 DW_TAG_structure_type
	.long	.Linfo_string272                @ DW_AT_name
	.byte	4                               @ DW_AT_byte_size
	.byte	3                               @ DW_AT_decl_file
	.short	8011                            @ DW_AT_decl_line
	.byte	18                              @ Abbrev [18] 0x215b:0x9 DW_TAG_member
	.long	8548                            @ DW_AT_type
	.byte	3                               @ DW_AT_decl_file
	.short	8014                            @ DW_AT_decl_line
	.byte	0                               @ DW_AT_data_member_location
	.byte	19                              @ Abbrev [19] 0x2164:0x76 DW_TAG_union_type
	.byte	4                               @ DW_AT_byte_size
	.byte	3                               @ DW_AT_decl_file
	.short	8014                            @ DW_AT_decl_line
	.byte	18                              @ Abbrev [18] 0x2169:0x9 DW_TAG_member
	.long	8562                            @ DW_AT_type
	.byte	3                               @ DW_AT_decl_file
	.short	8016                            @ DW_AT_decl_line
	.byte	0                               @ DW_AT_data_member_location
	.byte	20                              @ Abbrev [20] 0x2172:0x5a DW_TAG_structure_type
	.byte	4                               @ DW_AT_byte_size
	.byte	3                               @ DW_AT_decl_file
	.short	8016                            @ DW_AT_decl_line
	.byte	21                              @ Abbrev [21] 0x2177:0xe DW_TAG_member
	.long	.Linfo_string265                @ DW_AT_name
	.long	3581                            @ DW_AT_type
	.byte	3                               @ DW_AT_decl_file
	.short	8018                            @ DW_AT_decl_line
	.byte	1                               @ DW_AT_bit_size
	.byte	0                               @ DW_AT_data_bit_offset
	.byte	21                              @ Abbrev [21] 0x2185:0xe DW_TAG_member
	.long	.Linfo_string266                @ DW_AT_name
	.long	3581                            @ DW_AT_type
	.byte	3                               @ DW_AT_decl_file
	.short	8019                            @ DW_AT_decl_line
	.byte	1                               @ DW_AT_bit_size
	.byte	1                               @ DW_AT_data_bit_offset
	.byte	21                              @ Abbrev [21] 0x2193:0xe DW_TAG_member
	.long	.Linfo_string267                @ DW_AT_name
	.long	3581                            @ DW_AT_type
	.byte	3                               @ DW_AT_decl_file
	.short	8020                            @ DW_AT_decl_line
	.byte	1                               @ DW_AT_bit_size
	.byte	2                               @ DW_AT_data_bit_offset
	.byte	21                              @ Abbrev [21] 0x21a1:0xe DW_TAG_member
	.long	.Linfo_string268                @ DW_AT_name
	.long	3581                            @ DW_AT_type
	.byte	3                               @ DW_AT_decl_file
	.short	8021                            @ DW_AT_decl_line
	.byte	1                               @ DW_AT_bit_size
	.byte	3                               @ DW_AT_data_bit_offset
	.byte	21                              @ Abbrev [21] 0x21af:0xe DW_TAG_member
	.long	.Linfo_string47                 @ DW_AT_name
	.long	3581                            @ DW_AT_type
	.byte	3                               @ DW_AT_decl_file
	.short	8022                            @ DW_AT_decl_line
	.byte	27                              @ DW_AT_bit_size
	.byte	4                               @ DW_AT_data_bit_offset
	.byte	21                              @ Abbrev [21] 0x21bd:0xe DW_TAG_member
	.long	.Linfo_string269                @ DW_AT_name
	.long	3581                            @ DW_AT_type
	.byte	3                               @ DW_AT_decl_file
	.short	8023                            @ DW_AT_decl_line
	.byte	1                               @ DW_AT_bit_size
	.byte	31                              @ DW_AT_data_bit_offset
	.byte	0                               @ End Of Children Mark
	.byte	15                              @ Abbrev [15] 0x21cc:0xd DW_TAG_member
	.long	.Linfo_string35                 @ DW_AT_name
	.long	3581                            @ DW_AT_type
	.byte	3                               @ DW_AT_decl_file
	.short	8025                            @ DW_AT_decl_line
	.byte	0                               @ DW_AT_data_member_location
	.byte	0                               @ End Of Children Mark
	.byte	0                               @ End Of Children Mark
	.byte	17                              @ Abbrev [17] 0x21db:0x5f DW_TAG_structure_type
	.long	.Linfo_string277                @ DW_AT_name
	.byte	8                               @ DW_AT_byte_size
	.byte	3                               @ DW_AT_decl_file
	.short	8158                            @ DW_AT_decl_line
	.byte	18                              @ Abbrev [18] 0x21e4:0x9 DW_TAG_member
	.long	8685                            @ DW_AT_type
	.byte	3                               @ DW_AT_decl_file
	.short	8161                            @ DW_AT_decl_line
	.byte	0                               @ DW_AT_data_member_location
	.byte	19                              @ Abbrev [19] 0x21ed:0x4c DW_TAG_union_type
	.byte	8                               @ DW_AT_byte_size
	.byte	3                               @ DW_AT_decl_file
	.short	8161                            @ DW_AT_decl_line
	.byte	18                              @ Abbrev [18] 0x21f2:0x9 DW_TAG_member
	.long	8699                            @ DW_AT_type
	.byte	3                               @ DW_AT_decl_file
	.short	8163                            @ DW_AT_decl_line
	.byte	0                               @ DW_AT_data_member_location
	.byte	20                              @ Abbrev [20] 0x21fb:0x30 DW_TAG_structure_type
	.byte	8                               @ DW_AT_byte_size
	.byte	3                               @ DW_AT_decl_file
	.short	8163                            @ DW_AT_decl_line
	.byte	21                              @ Abbrev [21] 0x2200:0xe DW_TAG_member
	.long	.Linfo_string275                @ DW_AT_name
	.long	3581                            @ DW_AT_type
	.byte	3                               @ DW_AT_decl_file
	.short	8165                            @ DW_AT_decl_line
	.byte	32                              @ DW_AT_bit_size
	.byte	0                               @ DW_AT_data_bit_offset
	.byte	21                              @ Abbrev [21] 0x220e:0xe DW_TAG_member
	.long	.Linfo_string276                @ DW_AT_name
	.long	3581                            @ DW_AT_type
	.byte	3                               @ DW_AT_decl_file
	.short	8166                            @ DW_AT_decl_line
	.byte	16                              @ DW_AT_bit_size
	.byte	32                              @ DW_AT_data_bit_offset
	.byte	21                              @ Abbrev [21] 0x221c:0xe DW_TAG_member
	.long	.Linfo_string47                 @ DW_AT_name
	.long	3581                            @ DW_AT_type
	.byte	3                               @ DW_AT_decl_file
	.short	8167                            @ DW_AT_decl_line
	.byte	16                              @ DW_AT_bit_size
	.byte	48                              @ DW_AT_data_bit_offset
	.byte	0                               @ End Of Children Mark
	.byte	15                              @ Abbrev [15] 0x222b:0xd DW_TAG_member
	.long	.Linfo_string35                 @ DW_AT_name
	.long	4161                            @ DW_AT_type
	.byte	3                               @ DW_AT_decl_file
	.short	8169                            @ DW_AT_decl_line
	.byte	0                               @ DW_AT_data_member_location
	.byte	0                               @ End Of Children Mark
	.byte	0                               @ End Of Children Mark
	.byte	17                              @ Abbrev [17] 0x223a:0x6d DW_TAG_structure_type
	.long	.Linfo_string281                @ DW_AT_name
	.byte	4                               @ DW_AT_byte_size
	.byte	3                               @ DW_AT_decl_file
	.short	8209                            @ DW_AT_decl_line
	.byte	18                              @ Abbrev [18] 0x2243:0x9 DW_TAG_member
	.long	8780                            @ DW_AT_type
	.byte	3                               @ DW_AT_decl_file
	.short	8212                            @ DW_AT_decl_line
	.byte	0                               @ DW_AT_data_member_location
	.byte	19                              @ Abbrev [19] 0x224c:0x5a DW_TAG_union_type
	.byte	4                               @ DW_AT_byte_size
	.byte	3                               @ DW_AT_decl_file
	.short	8212                            @ DW_AT_decl_line
	.byte	18                              @ Abbrev [18] 0x2251:0x9 DW_TAG_member
	.long	8794                            @ DW_AT_type
	.byte	3                               @ DW_AT_decl_file
	.short	8214                            @ DW_AT_decl_line
	.byte	0                               @ DW_AT_data_member_location
	.byte	20                              @ Abbrev [20] 0x225a:0x3e DW_TAG_structure_type
	.byte	4                               @ DW_AT_byte_size
	.byte	3                               @ DW_AT_decl_file
	.short	8214                            @ DW_AT_decl_line
	.byte	21                              @ Abbrev [21] 0x225f:0xe DW_TAG_member
	.long	.Linfo_string279                @ DW_AT_name
	.long	3581                            @ DW_AT_type
	.byte	3                               @ DW_AT_decl_file
	.short	8216                            @ DW_AT_decl_line
	.byte	10                              @ DW_AT_bit_size
	.byte	0                               @ DW_AT_data_bit_offset
	.byte	21                              @ Abbrev [21] 0x226d:0xe DW_TAG_member
	.long	.Linfo_string47                 @ DW_AT_name
	.long	3581                            @ DW_AT_type
	.byte	3                               @ DW_AT_decl_file
	.short	8217                            @ DW_AT_decl_line
	.byte	6                               @ DW_AT_bit_size
	.byte	10                              @ DW_AT_data_bit_offset
	.byte	21                              @ Abbrev [21] 0x227b:0xe DW_TAG_member
	.long	.Linfo_string280                @ DW_AT_name
	.long	3581                            @ DW_AT_type
	.byte	3                               @ DW_AT_decl_file
	.short	8218                            @ DW_AT_decl_line
	.byte	10                              @ DW_AT_bit_size
	.byte	16                              @ DW_AT_data_bit_offset
	.byte	21                              @ Abbrev [21] 0x2289:0xe DW_TAG_member
	.long	.Linfo_string102                @ DW_AT_name
	.long	3581                            @ DW_AT_type
	.byte	3                               @ DW_AT_decl_file
	.short	8219                            @ DW_AT_decl_line
	.byte	6                               @ DW_AT_bit_size
	.byte	26                              @ DW_AT_data_bit_offset
	.byte	0                               @ End Of Children Mark
	.byte	15                              @ Abbrev [15] 0x2298:0xd DW_TAG_member
	.long	.Linfo_string35                 @ DW_AT_name
	.long	3581                            @ DW_AT_type
	.byte	3                               @ DW_AT_decl_file
	.short	8221                            @ DW_AT_decl_line
	.byte	0                               @ DW_AT_data_member_location
	.byte	0                               @ End Of Children Mark
	.byte	0                               @ End Of Children Mark
	.byte	17                              @ Abbrev [17] 0x22a7:0x7b DW_TAG_structure_type
	.long	.Linfo_string286                @ DW_AT_name
	.byte	4                               @ DW_AT_byte_size
	.byte	3                               @ DW_AT_decl_file
	.short	8294                            @ DW_AT_decl_line
	.byte	18                              @ Abbrev [18] 0x22b0:0x9 DW_TAG_member
	.long	8889                            @ DW_AT_type
	.byte	3                               @ DW_AT_decl_file
	.short	8297                            @ DW_AT_decl_line
	.byte	0                               @ DW_AT_data_member_location
	.byte	19                              @ Abbrev [19] 0x22b9:0x68 DW_TAG_union_type
	.byte	4                               @ DW_AT_byte_size
	.byte	3                               @ DW_AT_decl_file
	.short	8297                            @ DW_AT_decl_line
	.byte	18                              @ Abbrev [18] 0x22be:0x9 DW_TAG_member
	.long	8903                            @ DW_AT_type
	.byte	3                               @ DW_AT_decl_file
	.short	8299                            @ DW_AT_decl_line
	.byte	0                               @ DW_AT_data_member_location
	.byte	20                              @ Abbrev [20] 0x22c7:0x4c DW_TAG_structure_type
	.byte	4                               @ DW_AT_byte_size
	.byte	3                               @ DW_AT_decl_file
	.short	8299                            @ DW_AT_decl_line
	.byte	21                              @ Abbrev [21] 0x22cc:0xe DW_TAG_member
	.long	.Linfo_string283                @ DW_AT_name
	.long	3581                            @ DW_AT_type
	.byte	3                               @ DW_AT_decl_file
	.short	8301                            @ DW_AT_decl_line
	.byte	4                               @ DW_AT_bit_size
	.byte	0                               @ DW_AT_data_bit_offset
	.byte	21                              @ Abbrev [21] 0x22da:0xe DW_TAG_member
	.long	.Linfo_string47                 @ DW_AT_name
	.long	3581                            @ DW_AT_type
	.byte	3                               @ DW_AT_decl_file
	.short	8302                            @ DW_AT_decl_line
	.byte	4                               @ DW_AT_bit_size
	.byte	4                               @ DW_AT_data_bit_offset
	.byte	21                              @ Abbrev [21] 0x22e8:0xe DW_TAG_member
	.long	.Linfo_string284                @ DW_AT_name
	.long	3581                            @ DW_AT_type
	.byte	3                               @ DW_AT_decl_file
	.short	8303                            @ DW_AT_decl_line
	.byte	2                               @ DW_AT_bit_size
	.byte	8                               @ DW_AT_data_bit_offset
	.byte	21                              @ Abbrev [21] 0x22f6:0xe DW_TAG_member
	.long	.Linfo_string285                @ DW_AT_name
	.long	3581                            @ DW_AT_type
	.byte	3                               @ DW_AT_decl_file
	.short	8304                            @ DW_AT_decl_line
	.byte	1                               @ DW_AT_bit_size
	.byte	10                              @ DW_AT_data_bit_offset
	.byte	21                              @ Abbrev [21] 0x2304:0xe DW_TAG_member
	.long	.Linfo_string102                @ DW_AT_name
	.long	3581                            @ DW_AT_type
	.byte	3                               @ DW_AT_decl_file
	.short	8305                            @ DW_AT_decl_line
	.byte	21                              @ DW_AT_bit_size
	.byte	11                              @ DW_AT_data_bit_offset
	.byte	0                               @ End Of Children Mark
	.byte	15                              @ Abbrev [15] 0x2313:0xd DW_TAG_member
	.long	.Linfo_string35                 @ DW_AT_name
	.long	3581                            @ DW_AT_type
	.byte	3                               @ DW_AT_decl_file
	.short	8307                            @ DW_AT_decl_line
	.byte	0                               @ DW_AT_data_member_location
	.byte	0                               @ End Of Children Mark
	.byte	0                               @ End Of Children Mark
	.byte	3                               @ Abbrev [3] 0x2322:0xc DW_TAG_array_type
	.long	3581                            @ DW_AT_type
	.byte	4                               @ Abbrev [4] 0x2327:0x6 DW_TAG_subrange_type
	.long	70                              @ DW_AT_type
	.byte	20                              @ DW_AT_count
	.byte	0                               @ End Of Children Mark
	.byte	17                              @ Abbrev [17] 0x232e:0x43 DW_TAG_structure_type
	.long	.Linfo_string290                @ DW_AT_name
	.byte	4                               @ DW_AT_byte_size
	.byte	3                               @ DW_AT_decl_file
	.short	8402                            @ DW_AT_decl_line
	.byte	18                              @ Abbrev [18] 0x2337:0x9 DW_TAG_member
	.long	9024                            @ DW_AT_type
	.byte	3                               @ DW_AT_decl_file
	.short	8405                            @ DW_AT_decl_line
	.byte	0                               @ DW_AT_data_member_location
	.byte	19                              @ Abbrev [19] 0x2340:0x30 DW_TAG_union_type
	.byte	4                               @ DW_AT_byte_size
	.byte	3                               @ DW_AT_decl_file
	.short	8405                            @ DW_AT_decl_line
	.byte	18                              @ Abbrev [18] 0x2345:0x9 DW_TAG_member
	.long	9038                            @ DW_AT_type
	.byte	3                               @ DW_AT_decl_file
	.short	8407                            @ DW_AT_decl_line
	.byte	0                               @ DW_AT_data_member_location
	.byte	20                              @ Abbrev [20] 0x234e:0x14 DW_TAG_structure_type
	.byte	4                               @ DW_AT_byte_size
	.byte	3                               @ DW_AT_decl_file
	.short	8407                            @ DW_AT_decl_line
	.byte	21                              @ Abbrev [21] 0x2353:0xe DW_TAG_member
	.long	.Linfo_string289                @ DW_AT_name
	.long	3581                            @ DW_AT_type
	.byte	3                               @ DW_AT_decl_file
	.short	8409                            @ DW_AT_decl_line
	.byte	32                              @ DW_AT_bit_size
	.byte	0                               @ DW_AT_data_bit_offset
	.byte	0                               @ End Of Children Mark
	.byte	15                              @ Abbrev [15] 0x2362:0xd DW_TAG_member
	.long	.Linfo_string35                 @ DW_AT_name
	.long	3581                            @ DW_AT_type
	.byte	3                               @ DW_AT_decl_file
	.short	8411                            @ DW_AT_decl_line
	.byte	0                               @ DW_AT_data_member_location
	.byte	0                               @ End Of Children Mark
	.byte	0                               @ End Of Children Mark
	.byte	17                              @ Abbrev [17] 0x2371:0x43 DW_TAG_structure_type
	.long	.Linfo_string292                @ DW_AT_name
	.byte	4                               @ DW_AT_byte_size
	.byte	3                               @ DW_AT_decl_file
	.short	8464                            @ DW_AT_decl_line
	.byte	18                              @ Abbrev [18] 0x237a:0x9 DW_TAG_member
	.long	9091                            @ DW_AT_type
	.byte	3                               @ DW_AT_decl_file
	.short	8467                            @ DW_AT_decl_line
	.byte	0                               @ DW_AT_data_member_location
	.byte	19                              @ Abbrev [19] 0x2383:0x30 DW_TAG_union_type
	.byte	4                               @ DW_AT_byte_size
	.byte	3                               @ DW_AT_decl_file
	.short	8467                            @ DW_AT_decl_line
	.byte	18                              @ Abbrev [18] 0x2388:0x9 DW_TAG_member
	.long	9105                            @ DW_AT_type
	.byte	3                               @ DW_AT_decl_file
	.short	8469                            @ DW_AT_decl_line
	.byte	0                               @ DW_AT_data_member_location
	.byte	20                              @ Abbrev [20] 0x2391:0x14 DW_TAG_structure_type
	.byte	4                               @ DW_AT_byte_size
	.byte	3                               @ DW_AT_decl_file
	.short	8469                            @ DW_AT_decl_line
	.byte	21                              @ Abbrev [21] 0x2396:0xe DW_TAG_member
	.long	.Linfo_string289                @ DW_AT_name
	.long	3581                            @ DW_AT_type
	.byte	3                               @ DW_AT_decl_file
	.short	8471                            @ DW_AT_decl_line
	.byte	32                              @ DW_AT_bit_size
	.byte	0                               @ DW_AT_data_bit_offset
	.byte	0                               @ End Of Children Mark
	.byte	15                              @ Abbrev [15] 0x23a5:0xd DW_TAG_member
	.long	.Linfo_string35                 @ DW_AT_name
	.long	3581                            @ DW_AT_type
	.byte	3                               @ DW_AT_decl_file
	.short	8473                            @ DW_AT_decl_line
	.byte	0                               @ DW_AT_data_member_location
	.byte	0                               @ End Of Children Mark
	.byte	0                               @ End Of Children Mark
	.byte	17                              @ Abbrev [17] 0x23b4:0x43 DW_TAG_structure_type
	.long	.Linfo_string294                @ DW_AT_name
	.byte	4                               @ DW_AT_byte_size
	.byte	3                               @ DW_AT_decl_file
	.short	8526                            @ DW_AT_decl_line
	.byte	18                              @ Abbrev [18] 0x23bd:0x9 DW_TAG_member
	.long	9158                            @ DW_AT_type
	.byte	3                               @ DW_AT_decl_file
	.short	8529                            @ DW_AT_decl_line
	.byte	0                               @ DW_AT_data_member_location
	.byte	19                              @ Abbrev [19] 0x23c6:0x30 DW_TAG_union_type
	.byte	4                               @ DW_AT_byte_size
	.byte	3                               @ DW_AT_decl_file
	.short	8529                            @ DW_AT_decl_line
	.byte	18                              @ Abbrev [18] 0x23cb:0x9 DW_TAG_member
	.long	9172                            @ DW_AT_type
	.byte	3                               @ DW_AT_decl_file
	.short	8531                            @ DW_AT_decl_line
	.byte	0                               @ DW_AT_data_member_location
	.byte	20                              @ Abbrev [20] 0x23d4:0x14 DW_TAG_structure_type
	.byte	4                               @ DW_AT_byte_size
	.byte	3                               @ DW_AT_decl_file
	.short	8531                            @ DW_AT_decl_line
	.byte	21                              @ Abbrev [21] 0x23d9:0xe DW_TAG_member
	.long	.Linfo_string289                @ DW_AT_name
	.long	3581                            @ DW_AT_type
	.byte	3                               @ DW_AT_decl_file
	.short	8533                            @ DW_AT_decl_line
	.byte	32                              @ DW_AT_bit_size
	.byte	0                               @ DW_AT_data_bit_offset
	.byte	0                               @ End Of Children Mark
	.byte	15                              @ Abbrev [15] 0x23e8:0xd DW_TAG_member
	.long	.Linfo_string35                 @ DW_AT_name
	.long	3581                            @ DW_AT_type
	.byte	3                               @ DW_AT_decl_file
	.short	8535                            @ DW_AT_decl_line
	.byte	0                               @ DW_AT_data_member_location
	.byte	0                               @ End Of Children Mark
	.byte	0                               @ End Of Children Mark
	.byte	17                              @ Abbrev [17] 0x23f7:0x43 DW_TAG_structure_type
	.long	.Linfo_string296                @ DW_AT_name
	.byte	4                               @ DW_AT_byte_size
	.byte	3                               @ DW_AT_decl_file
	.short	8588                            @ DW_AT_decl_line
	.byte	18                              @ Abbrev [18] 0x2400:0x9 DW_TAG_member
	.long	9225                            @ DW_AT_type
	.byte	3                               @ DW_AT_decl_file
	.short	8591                            @ DW_AT_decl_line
	.byte	0                               @ DW_AT_data_member_location
	.byte	19                              @ Abbrev [19] 0x2409:0x30 DW_TAG_union_type
	.byte	4                               @ DW_AT_byte_size
	.byte	3                               @ DW_AT_decl_file
	.short	8591                            @ DW_AT_decl_line
	.byte	18                              @ Abbrev [18] 0x240e:0x9 DW_TAG_member
	.long	9239                            @ DW_AT_type
	.byte	3                               @ DW_AT_decl_file
	.short	8593                            @ DW_AT_decl_line
	.byte	0                               @ DW_AT_data_member_location
	.byte	20                              @ Abbrev [20] 0x2417:0x14 DW_TAG_structure_type
	.byte	4                               @ DW_AT_byte_size
	.byte	3                               @ DW_AT_decl_file
	.short	8593                            @ DW_AT_decl_line
	.byte	21                              @ Abbrev [21] 0x241c:0xe DW_TAG_member
	.long	.Linfo_string289                @ DW_AT_name
	.long	3581                            @ DW_AT_type
	.byte	3                               @ DW_AT_decl_file
	.short	8595                            @ DW_AT_decl_line
	.byte	32                              @ DW_AT_bit_size
	.byte	0                               @ DW_AT_data_bit_offset
	.byte	0                               @ End Of Children Mark
	.byte	15                              @ Abbrev [15] 0x242b:0xd DW_TAG_member
	.long	.Linfo_string35                 @ DW_AT_name
	.long	3581                            @ DW_AT_type
	.byte	3                               @ DW_AT_decl_file
	.short	8597                            @ DW_AT_decl_line
	.byte	0                               @ DW_AT_data_member_location
	.byte	0                               @ End Of Children Mark
	.byte	0                               @ End Of Children Mark
	.byte	17                              @ Abbrev [17] 0x243a:0x43 DW_TAG_structure_type
	.long	.Linfo_string298                @ DW_AT_name
	.byte	4                               @ DW_AT_byte_size
	.byte	3                               @ DW_AT_decl_file
	.short	8650                            @ DW_AT_decl_line
	.byte	18                              @ Abbrev [18] 0x2443:0x9 DW_TAG_member
	.long	9292                            @ DW_AT_type
	.byte	3                               @ DW_AT_decl_file
	.short	8653                            @ DW_AT_decl_line
	.byte	0                               @ DW_AT_data_member_location
	.byte	19                              @ Abbrev [19] 0x244c:0x30 DW_TAG_union_type
	.byte	4                               @ DW_AT_byte_size
	.byte	3                               @ DW_AT_decl_file
	.short	8653                            @ DW_AT_decl_line
	.byte	18                              @ Abbrev [18] 0x2451:0x9 DW_TAG_member
	.long	9306                            @ DW_AT_type
	.byte	3                               @ DW_AT_decl_file
	.short	8655                            @ DW_AT_decl_line
	.byte	0                               @ DW_AT_data_member_location
	.byte	20                              @ Abbrev [20] 0x245a:0x14 DW_TAG_structure_type
	.byte	4                               @ DW_AT_byte_size
	.byte	3                               @ DW_AT_decl_file
	.short	8655                            @ DW_AT_decl_line
	.byte	21                              @ Abbrev [21] 0x245f:0xe DW_TAG_member
	.long	.Linfo_string289                @ DW_AT_name
	.long	3581                            @ DW_AT_type
	.byte	3                               @ DW_AT_decl_file
	.short	8657                            @ DW_AT_decl_line
	.byte	32                              @ DW_AT_bit_size
	.byte	0                               @ DW_AT_data_bit_offset
	.byte	0                               @ End Of Children Mark
	.byte	15                              @ Abbrev [15] 0x246e:0xd DW_TAG_member
	.long	.Linfo_string35                 @ DW_AT_name
	.long	3581                            @ DW_AT_type
	.byte	3                               @ DW_AT_decl_file
	.short	8659                            @ DW_AT_decl_line
	.byte	0                               @ DW_AT_data_member_location
	.byte	0                               @ End Of Children Mark
	.byte	0                               @ End Of Children Mark
	.byte	17                              @ Abbrev [17] 0x247d:0x43 DW_TAG_structure_type
	.long	.Linfo_string300                @ DW_AT_name
	.byte	4                               @ DW_AT_byte_size
	.byte	3                               @ DW_AT_decl_file
	.short	8712                            @ DW_AT_decl_line
	.byte	18                              @ Abbrev [18] 0x2486:0x9 DW_TAG_member
	.long	9359                            @ DW_AT_type
	.byte	3                               @ DW_AT_decl_file
	.short	8715                            @ DW_AT_decl_line
	.byte	0                               @ DW_AT_data_member_location
	.byte	19                              @ Abbrev [19] 0x248f:0x30 DW_TAG_union_type
	.byte	4                               @ DW_AT_byte_size
	.byte	3                               @ DW_AT_decl_file
	.short	8715                            @ DW_AT_decl_line
	.byte	18                              @ Abbrev [18] 0x2494:0x9 DW_TAG_member
	.long	9373                            @ DW_AT_type
	.byte	3                               @ DW_AT_decl_file
	.short	8717                            @ DW_AT_decl_line
	.byte	0                               @ DW_AT_data_member_location
	.byte	20                              @ Abbrev [20] 0x249d:0x14 DW_TAG_structure_type
	.byte	4                               @ DW_AT_byte_size
	.byte	3                               @ DW_AT_decl_file
	.short	8717                            @ DW_AT_decl_line
	.byte	21                              @ Abbrev [21] 0x24a2:0xe DW_TAG_member
	.long	.Linfo_string289                @ DW_AT_name
	.long	3581                            @ DW_AT_type
	.byte	3                               @ DW_AT_decl_file
	.short	8719                            @ DW_AT_decl_line
	.byte	32                              @ DW_AT_bit_size
	.byte	0                               @ DW_AT_data_bit_offset
	.byte	0                               @ End Of Children Mark
	.byte	15                              @ Abbrev [15] 0x24b1:0xd DW_TAG_member
	.long	.Linfo_string35                 @ DW_AT_name
	.long	3581                            @ DW_AT_type
	.byte	3                               @ DW_AT_decl_file
	.short	8721                            @ DW_AT_decl_line
	.byte	0                               @ DW_AT_data_member_location
	.byte	0                               @ End Of Children Mark
	.byte	0                               @ End Of Children Mark
	.byte	17                              @ Abbrev [17] 0x24c0:0x43 DW_TAG_structure_type
	.long	.Linfo_string302                @ DW_AT_name
	.byte	4                               @ DW_AT_byte_size
	.byte	3                               @ DW_AT_decl_file
	.short	8774                            @ DW_AT_decl_line
	.byte	18                              @ Abbrev [18] 0x24c9:0x9 DW_TAG_member
	.long	9426                            @ DW_AT_type
	.byte	3                               @ DW_AT_decl_file
	.short	8777                            @ DW_AT_decl_line
	.byte	0                               @ DW_AT_data_member_location
	.byte	19                              @ Abbrev [19] 0x24d2:0x30 DW_TAG_union_type
	.byte	4                               @ DW_AT_byte_size
	.byte	3                               @ DW_AT_decl_file
	.short	8777                            @ DW_AT_decl_line
	.byte	18                              @ Abbrev [18] 0x24d7:0x9 DW_TAG_member
	.long	9440                            @ DW_AT_type
	.byte	3                               @ DW_AT_decl_file
	.short	8779                            @ DW_AT_decl_line
	.byte	0                               @ DW_AT_data_member_location
	.byte	20                              @ Abbrev [20] 0x24e0:0x14 DW_TAG_structure_type
	.byte	4                               @ DW_AT_byte_size
	.byte	3                               @ DW_AT_decl_file
	.short	8779                            @ DW_AT_decl_line
	.byte	21                              @ Abbrev [21] 0x24e5:0xe DW_TAG_member
	.long	.Linfo_string289                @ DW_AT_name
	.long	3581                            @ DW_AT_type
	.byte	3                               @ DW_AT_decl_file
	.short	8781                            @ DW_AT_decl_line
	.byte	32                              @ DW_AT_bit_size
	.byte	0                               @ DW_AT_data_bit_offset
	.byte	0                               @ End Of Children Mark
	.byte	15                              @ Abbrev [15] 0x24f4:0xd DW_TAG_member
	.long	.Linfo_string35                 @ DW_AT_name
	.long	3581                            @ DW_AT_type
	.byte	3                               @ DW_AT_decl_file
	.short	8783                            @ DW_AT_decl_line
	.byte	0                               @ DW_AT_data_member_location
	.byte	0                               @ End Of Children Mark
	.byte	0                               @ End Of Children Mark
	.byte	17                              @ Abbrev [17] 0x2503:0x43 DW_TAG_structure_type
	.long	.Linfo_string304                @ DW_AT_name
	.byte	4                               @ DW_AT_byte_size
	.byte	3                               @ DW_AT_decl_file
	.short	8836                            @ DW_AT_decl_line
	.byte	18                              @ Abbrev [18] 0x250c:0x9 DW_TAG_member
	.long	9493                            @ DW_AT_type
	.byte	3                               @ DW_AT_decl_file
	.short	8839                            @ DW_AT_decl_line
	.byte	0                               @ DW_AT_data_member_location
	.byte	19                              @ Abbrev [19] 0x2515:0x30 DW_TAG_union_type
	.byte	4                               @ DW_AT_byte_size
	.byte	3                               @ DW_AT_decl_file
	.short	8839                            @ DW_AT_decl_line
	.byte	18                              @ Abbrev [18] 0x251a:0x9 DW_TAG_member
	.long	9507                            @ DW_AT_type
	.byte	3                               @ DW_AT_decl_file
	.short	8841                            @ DW_AT_decl_line
	.byte	0                               @ DW_AT_data_member_location
	.byte	20                              @ Abbrev [20] 0x2523:0x14 DW_TAG_structure_type
	.byte	4                               @ DW_AT_byte_size
	.byte	3                               @ DW_AT_decl_file
	.short	8841                            @ DW_AT_decl_line
	.byte	21                              @ Abbrev [21] 0x2528:0xe DW_TAG_member
	.long	.Linfo_string289                @ DW_AT_name
	.long	3581                            @ DW_AT_type
	.byte	3                               @ DW_AT_decl_file
	.short	8843                            @ DW_AT_decl_line
	.byte	32                              @ DW_AT_bit_size
	.byte	0                               @ DW_AT_data_bit_offset
	.byte	0                               @ End Of Children Mark
	.byte	15                              @ Abbrev [15] 0x2537:0xd DW_TAG_member
	.long	.Linfo_string35                 @ DW_AT_name
	.long	3581                            @ DW_AT_type
	.byte	3                               @ DW_AT_decl_file
	.short	8845                            @ DW_AT_decl_line
	.byte	0                               @ DW_AT_data_member_location
	.byte	0                               @ End Of Children Mark
	.byte	0                               @ End Of Children Mark
	.byte	17                              @ Abbrev [17] 0x2546:0x43 DW_TAG_structure_type
	.long	.Linfo_string306                @ DW_AT_name
	.byte	4                               @ DW_AT_byte_size
	.byte	3                               @ DW_AT_decl_file
	.short	8898                            @ DW_AT_decl_line
	.byte	18                              @ Abbrev [18] 0x254f:0x9 DW_TAG_member
	.long	9560                            @ DW_AT_type
	.byte	3                               @ DW_AT_decl_file
	.short	8901                            @ DW_AT_decl_line
	.byte	0                               @ DW_AT_data_member_location
	.byte	19                              @ Abbrev [19] 0x2558:0x30 DW_TAG_union_type
	.byte	4                               @ DW_AT_byte_size
	.byte	3                               @ DW_AT_decl_file
	.short	8901                            @ DW_AT_decl_line
	.byte	18                              @ Abbrev [18] 0x255d:0x9 DW_TAG_member
	.long	9574                            @ DW_AT_type
	.byte	3                               @ DW_AT_decl_file
	.short	8903                            @ DW_AT_decl_line
	.byte	0                               @ DW_AT_data_member_location
	.byte	20                              @ Abbrev [20] 0x2566:0x14 DW_TAG_structure_type
	.byte	4                               @ DW_AT_byte_size
	.byte	3                               @ DW_AT_decl_file
	.short	8903                            @ DW_AT_decl_line
	.byte	21                              @ Abbrev [21] 0x256b:0xe DW_TAG_member
	.long	.Linfo_string289                @ DW_AT_name
	.long	3581                            @ DW_AT_type
	.byte	3                               @ DW_AT_decl_file
	.short	8905                            @ DW_AT_decl_line
	.byte	32                              @ DW_AT_bit_size
	.byte	0                               @ DW_AT_data_bit_offset
	.byte	0                               @ End Of Children Mark
	.byte	15                              @ Abbrev [15] 0x257a:0xd DW_TAG_member
	.long	.Linfo_string35                 @ DW_AT_name
	.long	3581                            @ DW_AT_type
	.byte	3                               @ DW_AT_decl_file
	.short	8907                            @ DW_AT_decl_line
	.byte	0                               @ DW_AT_data_member_location
	.byte	0                               @ End Of Children Mark
	.byte	0                               @ End Of Children Mark
	.byte	17                              @ Abbrev [17] 0x2589:0x43 DW_TAG_structure_type
	.long	.Linfo_string308                @ DW_AT_name
	.byte	4                               @ DW_AT_byte_size
	.byte	3                               @ DW_AT_decl_file
	.short	8960                            @ DW_AT_decl_line
	.byte	18                              @ Abbrev [18] 0x2592:0x9 DW_TAG_member
	.long	9627                            @ DW_AT_type
	.byte	3                               @ DW_AT_decl_file
	.short	8963                            @ DW_AT_decl_line
	.byte	0                               @ DW_AT_data_member_location
	.byte	19                              @ Abbrev [19] 0x259b:0x30 DW_TAG_union_type
	.byte	4                               @ DW_AT_byte_size
	.byte	3                               @ DW_AT_decl_file
	.short	8963                            @ DW_AT_decl_line
	.byte	18                              @ Abbrev [18] 0x25a0:0x9 DW_TAG_member
	.long	9641                            @ DW_AT_type
	.byte	3                               @ DW_AT_decl_file
	.short	8965                            @ DW_AT_decl_line
	.byte	0                               @ DW_AT_data_member_location
	.byte	20                              @ Abbrev [20] 0x25a9:0x14 DW_TAG_structure_type
	.byte	4                               @ DW_AT_byte_size
	.byte	3                               @ DW_AT_decl_file
	.short	8965                            @ DW_AT_decl_line
	.byte	21                              @ Abbrev [21] 0x25ae:0xe DW_TAG_member
	.long	.Linfo_string289                @ DW_AT_name
	.long	3581                            @ DW_AT_type
	.byte	3                               @ DW_AT_decl_file
	.short	8967                            @ DW_AT_decl_line
	.byte	32                              @ DW_AT_bit_size
	.byte	0                               @ DW_AT_data_bit_offset
	.byte	0                               @ End Of Children Mark
	.byte	15                              @ Abbrev [15] 0x25bd:0xd DW_TAG_member
	.long	.Linfo_string35                 @ DW_AT_name
	.long	3581                            @ DW_AT_type
	.byte	3                               @ DW_AT_decl_file
	.short	8969                            @ DW_AT_decl_line
	.byte	0                               @ DW_AT_data_member_location
	.byte	0                               @ End Of Children Mark
	.byte	0                               @ End Of Children Mark
	.byte	17                              @ Abbrev [17] 0x25cc:0x43 DW_TAG_structure_type
	.long	.Linfo_string310                @ DW_AT_name
	.byte	4                               @ DW_AT_byte_size
	.byte	3                               @ DW_AT_decl_file
	.short	9022                            @ DW_AT_decl_line
	.byte	18                              @ Abbrev [18] 0x25d5:0x9 DW_TAG_member
	.long	9694                            @ DW_AT_type
	.byte	3                               @ DW_AT_decl_file
	.short	9025                            @ DW_AT_decl_line
	.byte	0                               @ DW_AT_data_member_location
	.byte	19                              @ Abbrev [19] 0x25de:0x30 DW_TAG_union_type
	.byte	4                               @ DW_AT_byte_size
	.byte	3                               @ DW_AT_decl_file
	.short	9025                            @ DW_AT_decl_line
	.byte	18                              @ Abbrev [18] 0x25e3:0x9 DW_TAG_member
	.long	9708                            @ DW_AT_type
	.byte	3                               @ DW_AT_decl_file
	.short	9027                            @ DW_AT_decl_line
	.byte	0                               @ DW_AT_data_member_location
	.byte	20                              @ Abbrev [20] 0x25ec:0x14 DW_TAG_structure_type
	.byte	4                               @ DW_AT_byte_size
	.byte	3                               @ DW_AT_decl_file
	.short	9027                            @ DW_AT_decl_line
	.byte	21                              @ Abbrev [21] 0x25f1:0xe DW_TAG_member
	.long	.Linfo_string289                @ DW_AT_name
	.long	3581                            @ DW_AT_type
	.byte	3                               @ DW_AT_decl_file
	.short	9029                            @ DW_AT_decl_line
	.byte	32                              @ DW_AT_bit_size
	.byte	0                               @ DW_AT_data_bit_offset
	.byte	0                               @ End Of Children Mark
	.byte	15                              @ Abbrev [15] 0x2600:0xd DW_TAG_member
	.long	.Linfo_string35                 @ DW_AT_name
	.long	3581                            @ DW_AT_type
	.byte	3                               @ DW_AT_decl_file
	.short	9031                            @ DW_AT_decl_line
	.byte	0                               @ DW_AT_data_member_location
	.byte	0                               @ End Of Children Mark
	.byte	0                               @ End Of Children Mark
	.byte	17                              @ Abbrev [17] 0x260f:0x43 DW_TAG_structure_type
	.long	.Linfo_string312                @ DW_AT_name
	.byte	4                               @ DW_AT_byte_size
	.byte	3                               @ DW_AT_decl_file
	.short	9084                            @ DW_AT_decl_line
	.byte	18                              @ Abbrev [18] 0x2618:0x9 DW_TAG_member
	.long	9761                            @ DW_AT_type
	.byte	3                               @ DW_AT_decl_file
	.short	9087                            @ DW_AT_decl_line
	.byte	0                               @ DW_AT_data_member_location
	.byte	19                              @ Abbrev [19] 0x2621:0x30 DW_TAG_union_type
	.byte	4                               @ DW_AT_byte_size
	.byte	3                               @ DW_AT_decl_file
	.short	9087                            @ DW_AT_decl_line
	.byte	18                              @ Abbrev [18] 0x2626:0x9 DW_TAG_member
	.long	9775                            @ DW_AT_type
	.byte	3                               @ DW_AT_decl_file
	.short	9089                            @ DW_AT_decl_line
	.byte	0                               @ DW_AT_data_member_location
	.byte	20                              @ Abbrev [20] 0x262f:0x14 DW_TAG_structure_type
	.byte	4                               @ DW_AT_byte_size
	.byte	3                               @ DW_AT_decl_file
	.short	9089                            @ DW_AT_decl_line
	.byte	21                              @ Abbrev [21] 0x2634:0xe DW_TAG_member
	.long	.Linfo_string289                @ DW_AT_name
	.long	3581                            @ DW_AT_type
	.byte	3                               @ DW_AT_decl_file
	.short	9091                            @ DW_AT_decl_line
	.byte	32                              @ DW_AT_bit_size
	.byte	0                               @ DW_AT_data_bit_offset
	.byte	0                               @ End Of Children Mark
	.byte	15                              @ Abbrev [15] 0x2643:0xd DW_TAG_member
	.long	.Linfo_string35                 @ DW_AT_name
	.long	3581                            @ DW_AT_type
	.byte	3                               @ DW_AT_decl_file
	.short	9093                            @ DW_AT_decl_line
	.byte	0                               @ DW_AT_data_member_location
	.byte	0                               @ End Of Children Mark
	.byte	0                               @ End Of Children Mark
	.byte	17                              @ Abbrev [17] 0x2652:0x43 DW_TAG_structure_type
	.long	.Linfo_string314                @ DW_AT_name
	.byte	4                               @ DW_AT_byte_size
	.byte	3                               @ DW_AT_decl_file
	.short	9146                            @ DW_AT_decl_line
	.byte	18                              @ Abbrev [18] 0x265b:0x9 DW_TAG_member
	.long	9828                            @ DW_AT_type
	.byte	3                               @ DW_AT_decl_file
	.short	9149                            @ DW_AT_decl_line
	.byte	0                               @ DW_AT_data_member_location
	.byte	19                              @ Abbrev [19] 0x2664:0x30 DW_TAG_union_type
	.byte	4                               @ DW_AT_byte_size
	.byte	3                               @ DW_AT_decl_file
	.short	9149                            @ DW_AT_decl_line
	.byte	18                              @ Abbrev [18] 0x2669:0x9 DW_TAG_member
	.long	9842                            @ DW_AT_type
	.byte	3                               @ DW_AT_decl_file
	.short	9151                            @ DW_AT_decl_line
	.byte	0                               @ DW_AT_data_member_location
	.byte	20                              @ Abbrev [20] 0x2672:0x14 DW_TAG_structure_type
	.byte	4                               @ DW_AT_byte_size
	.byte	3                               @ DW_AT_decl_file
	.short	9151                            @ DW_AT_decl_line
	.byte	21                              @ Abbrev [21] 0x2677:0xe DW_TAG_member
	.long	.Linfo_string289                @ DW_AT_name
	.long	3581                            @ DW_AT_type
	.byte	3                               @ DW_AT_decl_file
	.short	9153                            @ DW_AT_decl_line
	.byte	32                              @ DW_AT_bit_size
	.byte	0                               @ DW_AT_data_bit_offset
	.byte	0                               @ End Of Children Mark
	.byte	15                              @ Abbrev [15] 0x2686:0xd DW_TAG_member
	.long	.Linfo_string35                 @ DW_AT_name
	.long	3581                            @ DW_AT_type
	.byte	3                               @ DW_AT_decl_file
	.short	9155                            @ DW_AT_decl_line
	.byte	0                               @ DW_AT_data_member_location
	.byte	0                               @ End Of Children Mark
	.byte	0                               @ End Of Children Mark
	.byte	17                              @ Abbrev [17] 0x2695:0x43 DW_TAG_structure_type
	.long	.Linfo_string316                @ DW_AT_name
	.byte	4                               @ DW_AT_byte_size
	.byte	3                               @ DW_AT_decl_file
	.short	9208                            @ DW_AT_decl_line
	.byte	18                              @ Abbrev [18] 0x269e:0x9 DW_TAG_member
	.long	9895                            @ DW_AT_type
	.byte	3                               @ DW_AT_decl_file
	.short	9211                            @ DW_AT_decl_line
	.byte	0                               @ DW_AT_data_member_location
	.byte	19                              @ Abbrev [19] 0x26a7:0x30 DW_TAG_union_type
	.byte	4                               @ DW_AT_byte_size
	.byte	3                               @ DW_AT_decl_file
	.short	9211                            @ DW_AT_decl_line
	.byte	18                              @ Abbrev [18] 0x26ac:0x9 DW_TAG_member
	.long	9909                            @ DW_AT_type
	.byte	3                               @ DW_AT_decl_file
	.short	9213                            @ DW_AT_decl_line
	.byte	0                               @ DW_AT_data_member_location
	.byte	20                              @ Abbrev [20] 0x26b5:0x14 DW_TAG_structure_type
	.byte	4                               @ DW_AT_byte_size
	.byte	3                               @ DW_AT_decl_file
	.short	9213                            @ DW_AT_decl_line
	.byte	21                              @ Abbrev [21] 0x26ba:0xe DW_TAG_member
	.long	.Linfo_string289                @ DW_AT_name
	.long	3581                            @ DW_AT_type
	.byte	3                               @ DW_AT_decl_file
	.short	9215                            @ DW_AT_decl_line
	.byte	32                              @ DW_AT_bit_size
	.byte	0                               @ DW_AT_data_bit_offset
	.byte	0                               @ End Of Children Mark
	.byte	15                              @ Abbrev [15] 0x26c9:0xd DW_TAG_member
	.long	.Linfo_string35                 @ DW_AT_name
	.long	3581                            @ DW_AT_type
	.byte	3                               @ DW_AT_decl_file
	.short	9217                            @ DW_AT_decl_line
	.byte	0                               @ DW_AT_data_member_location
	.byte	0                               @ End Of Children Mark
	.byte	0                               @ End Of Children Mark
	.byte	17                              @ Abbrev [17] 0x26d8:0x43 DW_TAG_structure_type
	.long	.Linfo_string318                @ DW_AT_name
	.byte	4                               @ DW_AT_byte_size
	.byte	3                               @ DW_AT_decl_file
	.short	9270                            @ DW_AT_decl_line
	.byte	18                              @ Abbrev [18] 0x26e1:0x9 DW_TAG_member
	.long	9962                            @ DW_AT_type
	.byte	3                               @ DW_AT_decl_file
	.short	9273                            @ DW_AT_decl_line
	.byte	0                               @ DW_AT_data_member_location
	.byte	19                              @ Abbrev [19] 0x26ea:0x30 DW_TAG_union_type
	.byte	4                               @ DW_AT_byte_size
	.byte	3                               @ DW_AT_decl_file
	.short	9273                            @ DW_AT_decl_line
	.byte	18                              @ Abbrev [18] 0x26ef:0x9 DW_TAG_member
	.long	9976                            @ DW_AT_type
	.byte	3                               @ DW_AT_decl_file
	.short	9275                            @ DW_AT_decl_line
	.byte	0                               @ DW_AT_data_member_location
	.byte	20                              @ Abbrev [20] 0x26f8:0x14 DW_TAG_structure_type
	.byte	4                               @ DW_AT_byte_size
	.byte	3                               @ DW_AT_decl_file
	.short	9275                            @ DW_AT_decl_line
	.byte	21                              @ Abbrev [21] 0x26fd:0xe DW_TAG_member
	.long	.Linfo_string289                @ DW_AT_name
	.long	3581                            @ DW_AT_type
	.byte	3                               @ DW_AT_decl_file
	.short	9277                            @ DW_AT_decl_line
	.byte	32                              @ DW_AT_bit_size
	.byte	0                               @ DW_AT_data_bit_offset
	.byte	0                               @ End Of Children Mark
	.byte	15                              @ Abbrev [15] 0x270c:0xd DW_TAG_member
	.long	.Linfo_string35                 @ DW_AT_name
	.long	3581                            @ DW_AT_type
	.byte	3                               @ DW_AT_decl_file
	.short	9279                            @ DW_AT_decl_line
	.byte	0                               @ DW_AT_data_member_location
	.byte	0                               @ End Of Children Mark
	.byte	0                               @ End Of Children Mark
	.byte	17                              @ Abbrev [17] 0x271b:0x43 DW_TAG_structure_type
	.long	.Linfo_string320                @ DW_AT_name
	.byte	4                               @ DW_AT_byte_size
	.byte	3                               @ DW_AT_decl_file
	.short	9332                            @ DW_AT_decl_line
	.byte	18                              @ Abbrev [18] 0x2724:0x9 DW_TAG_member
	.long	10029                           @ DW_AT_type
	.byte	3                               @ DW_AT_decl_file
	.short	9335                            @ DW_AT_decl_line
	.byte	0                               @ DW_AT_data_member_location
	.byte	19                              @ Abbrev [19] 0x272d:0x30 DW_TAG_union_type
	.byte	4                               @ DW_AT_byte_size
	.byte	3                               @ DW_AT_decl_file
	.short	9335                            @ DW_AT_decl_line
	.byte	18                              @ Abbrev [18] 0x2732:0x9 DW_TAG_member
	.long	10043                           @ DW_AT_type
	.byte	3                               @ DW_AT_decl_file
	.short	9337                            @ DW_AT_decl_line
	.byte	0                               @ DW_AT_data_member_location
	.byte	20                              @ Abbrev [20] 0x273b:0x14 DW_TAG_structure_type
	.byte	4                               @ DW_AT_byte_size
	.byte	3                               @ DW_AT_decl_file
	.short	9337                            @ DW_AT_decl_line
	.byte	21                              @ Abbrev [21] 0x2740:0xe DW_TAG_member
	.long	.Linfo_string289                @ DW_AT_name
	.long	3581                            @ DW_AT_type
	.byte	3                               @ DW_AT_decl_file
	.short	9339                            @ DW_AT_decl_line
	.byte	32                              @ DW_AT_bit_size
	.byte	0                               @ DW_AT_data_bit_offset
	.byte	0                               @ End Of Children Mark
	.byte	15                              @ Abbrev [15] 0x274f:0xd DW_TAG_member
	.long	.Linfo_string35                 @ DW_AT_name
	.long	3581                            @ DW_AT_type
	.byte	3                               @ DW_AT_decl_file
	.short	9341                            @ DW_AT_decl_line
	.byte	0                               @ DW_AT_data_member_location
	.byte	0                               @ End Of Children Mark
	.byte	0                               @ End Of Children Mark
	.byte	17                              @ Abbrev [17] 0x275e:0x51 DW_TAG_structure_type
	.long	.Linfo_string322                @ DW_AT_name
	.byte	8                               @ DW_AT_byte_size
	.byte	3                               @ DW_AT_decl_file
	.short	9394                            @ DW_AT_decl_line
	.byte	18                              @ Abbrev [18] 0x2767:0x9 DW_TAG_member
	.long	10096                           @ DW_AT_type
	.byte	3                               @ DW_AT_decl_file
	.short	9397                            @ DW_AT_decl_line
	.byte	0                               @ DW_AT_data_member_location
	.byte	19                              @ Abbrev [19] 0x2770:0x3e DW_TAG_union_type
	.byte	8                               @ DW_AT_byte_size
	.byte	3                               @ DW_AT_decl_file
	.short	9397                            @ DW_AT_decl_line
	.byte	18                              @ Abbrev [18] 0x2775:0x9 DW_TAG_member
	.long	10110                           @ DW_AT_type
	.byte	3                               @ DW_AT_decl_file
	.short	9399                            @ DW_AT_decl_line
	.byte	0                               @ DW_AT_data_member_location
	.byte	20                              @ Abbrev [20] 0x277e:0x22 DW_TAG_structure_type
	.byte	8                               @ DW_AT_byte_size
	.byte	3                               @ DW_AT_decl_file
	.short	9399                            @ DW_AT_decl_line
	.byte	21                              @ Abbrev [21] 0x2783:0xe DW_TAG_member
	.long	.Linfo_string65                 @ DW_AT_name
	.long	3581                            @ DW_AT_type
	.byte	3                               @ DW_AT_decl_file
	.short	9401                            @ DW_AT_decl_line
	.byte	32                              @ DW_AT_bit_size
	.byte	0                               @ DW_AT_data_bit_offset
	.byte	21                              @ Abbrev [21] 0x2791:0xe DW_TAG_member
	.long	.Linfo_string47                 @ DW_AT_name
	.long	3581                            @ DW_AT_type
	.byte	3                               @ DW_AT_decl_file
	.short	9402                            @ DW_AT_decl_line
	.byte	32                              @ DW_AT_bit_size
	.byte	32                              @ DW_AT_data_bit_offset
	.byte	0                               @ End Of Children Mark
	.byte	15                              @ Abbrev [15] 0x27a0:0xd DW_TAG_member
	.long	.Linfo_string35                 @ DW_AT_name
	.long	4161                            @ DW_AT_type
	.byte	3                               @ DW_AT_decl_file
	.short	9404                            @ DW_AT_decl_line
	.byte	0                               @ DW_AT_data_member_location
	.byte	0                               @ End Of Children Mark
	.byte	0                               @ End Of Children Mark
	.byte	17                              @ Abbrev [17] 0x27af:0x43 DW_TAG_structure_type
	.long	.Linfo_string324                @ DW_AT_name
	.byte	4                               @ DW_AT_byte_size
	.byte	3                               @ DW_AT_decl_file
	.short	9444                            @ DW_AT_decl_line
	.byte	18                              @ Abbrev [18] 0x27b8:0x9 DW_TAG_member
	.long	10177                           @ DW_AT_type
	.byte	3                               @ DW_AT_decl_file
	.short	9447                            @ DW_AT_decl_line
	.byte	0                               @ DW_AT_data_member_location
	.byte	19                              @ Abbrev [19] 0x27c1:0x30 DW_TAG_union_type
	.byte	4                               @ DW_AT_byte_size
	.byte	3                               @ DW_AT_decl_file
	.short	9447                            @ DW_AT_decl_line
	.byte	18                              @ Abbrev [18] 0x27c6:0x9 DW_TAG_member
	.long	10191                           @ DW_AT_type
	.byte	3                               @ DW_AT_decl_file
	.short	9449                            @ DW_AT_decl_line
	.byte	0                               @ DW_AT_data_member_location
	.byte	20                              @ Abbrev [20] 0x27cf:0x14 DW_TAG_structure_type
	.byte	4                               @ DW_AT_byte_size
	.byte	3                               @ DW_AT_decl_file
	.short	9449                            @ DW_AT_decl_line
	.byte	21                              @ Abbrev [21] 0x27d4:0xe DW_TAG_member
	.long	.Linfo_string289                @ DW_AT_name
	.long	3581                            @ DW_AT_type
	.byte	3                               @ DW_AT_decl_file
	.short	9451                            @ DW_AT_decl_line
	.byte	32                              @ DW_AT_bit_size
	.byte	0                               @ DW_AT_data_bit_offset
	.byte	0                               @ End Of Children Mark
	.byte	15                              @ Abbrev [15] 0x27e3:0xd DW_TAG_member
	.long	.Linfo_string35                 @ DW_AT_name
	.long	3581                            @ DW_AT_type
	.byte	3                               @ DW_AT_decl_file
	.short	9453                            @ DW_AT_decl_line
	.byte	0                               @ DW_AT_data_member_location
	.byte	0                               @ End Of Children Mark
	.byte	0                               @ End Of Children Mark
	.byte	17                              @ Abbrev [17] 0x27f2:0x43 DW_TAG_structure_type
	.long	.Linfo_string326                @ DW_AT_name
	.byte	4                               @ DW_AT_byte_size
	.byte	3                               @ DW_AT_decl_file
	.short	9506                            @ DW_AT_decl_line
	.byte	18                              @ Abbrev [18] 0x27fb:0x9 DW_TAG_member
	.long	10244                           @ DW_AT_type
	.byte	3                               @ DW_AT_decl_file
	.short	9509                            @ DW_AT_decl_line
	.byte	0                               @ DW_AT_data_member_location
	.byte	19                              @ Abbrev [19] 0x2804:0x30 DW_TAG_union_type
	.byte	4                               @ DW_AT_byte_size
	.byte	3                               @ DW_AT_decl_file
	.short	9509                            @ DW_AT_decl_line
	.byte	18                              @ Abbrev [18] 0x2809:0x9 DW_TAG_member
	.long	10258                           @ DW_AT_type
	.byte	3                               @ DW_AT_decl_file
	.short	9511                            @ DW_AT_decl_line
	.byte	0                               @ DW_AT_data_member_location
	.byte	20                              @ Abbrev [20] 0x2812:0x14 DW_TAG_structure_type
	.byte	4                               @ DW_AT_byte_size
	.byte	3                               @ DW_AT_decl_file
	.short	9511                            @ DW_AT_decl_line
	.byte	21                              @ Abbrev [21] 0x2817:0xe DW_TAG_member
	.long	.Linfo_string289                @ DW_AT_name
	.long	3581                            @ DW_AT_type
	.byte	3                               @ DW_AT_decl_file
	.short	9513                            @ DW_AT_decl_line
	.byte	32                              @ DW_AT_bit_size
	.byte	0                               @ DW_AT_data_bit_offset
	.byte	0                               @ End Of Children Mark
	.byte	15                              @ Abbrev [15] 0x2826:0xd DW_TAG_member
	.long	.Linfo_string35                 @ DW_AT_name
	.long	3581                            @ DW_AT_type
	.byte	3                               @ DW_AT_decl_file
	.short	9515                            @ DW_AT_decl_line
	.byte	0                               @ DW_AT_data_member_location
	.byte	0                               @ End Of Children Mark
	.byte	0                               @ End Of Children Mark
	.byte	17                              @ Abbrev [17] 0x2835:0x51 DW_TAG_structure_type
	.long	.Linfo_string328                @ DW_AT_name
	.byte	8                               @ DW_AT_byte_size
	.byte	3                               @ DW_AT_decl_file
	.short	9568                            @ DW_AT_decl_line
	.byte	18                              @ Abbrev [18] 0x283e:0x9 DW_TAG_member
	.long	10311                           @ DW_AT_type
	.byte	3                               @ DW_AT_decl_file
	.short	9571                            @ DW_AT_decl_line
	.byte	0                               @ DW_AT_data_member_location
	.byte	19                              @ Abbrev [19] 0x2847:0x3e DW_TAG_union_type
	.byte	8                               @ DW_AT_byte_size
	.byte	3                               @ DW_AT_decl_file
	.short	9571                            @ DW_AT_decl_line
	.byte	18                              @ Abbrev [18] 0x284c:0x9 DW_TAG_member
	.long	10325                           @ DW_AT_type
	.byte	3                               @ DW_AT_decl_file
	.short	9573                            @ DW_AT_decl_line
	.byte	0                               @ DW_AT_data_member_location
	.byte	20                              @ Abbrev [20] 0x2855:0x22 DW_TAG_structure_type
	.byte	8                               @ DW_AT_byte_size
	.byte	3                               @ DW_AT_decl_file
	.short	9573                            @ DW_AT_decl_line
	.byte	21                              @ Abbrev [21] 0x285a:0xe DW_TAG_member
	.long	.Linfo_string65                 @ DW_AT_name
	.long	3581                            @ DW_AT_type
	.byte	3                               @ DW_AT_decl_file
	.short	9575                            @ DW_AT_decl_line
	.byte	32                              @ DW_AT_bit_size
	.byte	0                               @ DW_AT_data_bit_offset
	.byte	21                              @ Abbrev [21] 0x2868:0xe DW_TAG_member
	.long	.Linfo_string47                 @ DW_AT_name
	.long	3581                            @ DW_AT_type
	.byte	3                               @ DW_AT_decl_file
	.short	9576                            @ DW_AT_decl_line
	.byte	32                              @ DW_AT_bit_size
	.byte	32                              @ DW_AT_data_bit_offset
	.byte	0                               @ End Of Children Mark
	.byte	15                              @ Abbrev [15] 0x2877:0xd DW_TAG_member
	.long	.Linfo_string35                 @ DW_AT_name
	.long	4161                            @ DW_AT_type
	.byte	3                               @ DW_AT_decl_file
	.short	9578                            @ DW_AT_decl_line
	.byte	0                               @ DW_AT_data_member_location
	.byte	0                               @ End Of Children Mark
	.byte	0                               @ End Of Children Mark
	.byte	17                              @ Abbrev [17] 0x2886:0x51 DW_TAG_structure_type
	.long	.Linfo_string330                @ DW_AT_name
	.byte	8                               @ DW_AT_byte_size
	.byte	3                               @ DW_AT_decl_file
	.short	9618                            @ DW_AT_decl_line
	.byte	18                              @ Abbrev [18] 0x288f:0x9 DW_TAG_member
	.long	10392                           @ DW_AT_type
	.byte	3                               @ DW_AT_decl_file
	.short	9621                            @ DW_AT_decl_line
	.byte	0                               @ DW_AT_data_member_location
	.byte	19                              @ Abbrev [19] 0x2898:0x3e DW_TAG_union_type
	.byte	8                               @ DW_AT_byte_size
	.byte	3                               @ DW_AT_decl_file
	.short	9621                            @ DW_AT_decl_line
	.byte	18                              @ Abbrev [18] 0x289d:0x9 DW_TAG_member
	.long	10406                           @ DW_AT_type
	.byte	3                               @ DW_AT_decl_file
	.short	9623                            @ DW_AT_decl_line
	.byte	0                               @ DW_AT_data_member_location
	.byte	20                              @ Abbrev [20] 0x28a6:0x22 DW_TAG_structure_type
	.byte	8                               @ DW_AT_byte_size
	.byte	3                               @ DW_AT_decl_file
	.short	9623                            @ DW_AT_decl_line
	.byte	21                              @ Abbrev [21] 0x28ab:0xe DW_TAG_member
	.long	.Linfo_string65                 @ DW_AT_name
	.long	3581                            @ DW_AT_type
	.byte	3                               @ DW_AT_decl_file
	.short	9625                            @ DW_AT_decl_line
	.byte	32                              @ DW_AT_bit_size
	.byte	0                               @ DW_AT_data_bit_offset
	.byte	21                              @ Abbrev [21] 0x28b9:0xe DW_TAG_member
	.long	.Linfo_string47                 @ DW_AT_name
	.long	3581                            @ DW_AT_type
	.byte	3                               @ DW_AT_decl_file
	.short	9626                            @ DW_AT_decl_line
	.byte	32                              @ DW_AT_bit_size
	.byte	32                              @ DW_AT_data_bit_offset
	.byte	0                               @ End Of Children Mark
	.byte	15                              @ Abbrev [15] 0x28c8:0xd DW_TAG_member
	.long	.Linfo_string35                 @ DW_AT_name
	.long	4161                            @ DW_AT_type
	.byte	3                               @ DW_AT_decl_file
	.short	9628                            @ DW_AT_decl_line
	.byte	0                               @ DW_AT_data_member_location
	.byte	0                               @ End Of Children Mark
	.byte	0                               @ End Of Children Mark
	.byte	17                              @ Abbrev [17] 0x28d7:0x51 DW_TAG_structure_type
	.long	.Linfo_string332                @ DW_AT_name
	.byte	8                               @ DW_AT_byte_size
	.byte	3                               @ DW_AT_decl_file
	.short	9668                            @ DW_AT_decl_line
	.byte	18                              @ Abbrev [18] 0x28e0:0x9 DW_TAG_member
	.long	10473                           @ DW_AT_type
	.byte	3                               @ DW_AT_decl_file
	.short	9671                            @ DW_AT_decl_line
	.byte	0                               @ DW_AT_data_member_location
	.byte	19                              @ Abbrev [19] 0x28e9:0x3e DW_TAG_union_type
	.byte	8                               @ DW_AT_byte_size
	.byte	3                               @ DW_AT_decl_file
	.short	9671                            @ DW_AT_decl_line
	.byte	18                              @ Abbrev [18] 0x28ee:0x9 DW_TAG_member
	.long	10487                           @ DW_AT_type
	.byte	3                               @ DW_AT_decl_file
	.short	9673                            @ DW_AT_decl_line
	.byte	0                               @ DW_AT_data_member_location
	.byte	20                              @ Abbrev [20] 0x28f7:0x22 DW_TAG_structure_type
	.byte	8                               @ DW_AT_byte_size
	.byte	3                               @ DW_AT_decl_file
	.short	9673                            @ DW_AT_decl_line
	.byte	21                              @ Abbrev [21] 0x28fc:0xe DW_TAG_member
	.long	.Linfo_string65                 @ DW_AT_name
	.long	3581                            @ DW_AT_type
	.byte	3                               @ DW_AT_decl_file
	.short	9675                            @ DW_AT_decl_line
	.byte	32                              @ DW_AT_bit_size
	.byte	0                               @ DW_AT_data_bit_offset
	.byte	21                              @ Abbrev [21] 0x290a:0xe DW_TAG_member
	.long	.Linfo_string47                 @ DW_AT_name
	.long	3581                            @ DW_AT_type
	.byte	3                               @ DW_AT_decl_file
	.short	9676                            @ DW_AT_decl_line
	.byte	32                              @ DW_AT_bit_size
	.byte	32                              @ DW_AT_data_bit_offset
	.byte	0                               @ End Of Children Mark
	.byte	15                              @ Abbrev [15] 0x2919:0xd DW_TAG_member
	.long	.Linfo_string35                 @ DW_AT_name
	.long	4161                            @ DW_AT_type
	.byte	3                               @ DW_AT_decl_file
	.short	9678                            @ DW_AT_decl_line
	.byte	0                               @ DW_AT_data_member_location
	.byte	0                               @ End Of Children Mark
	.byte	0                               @ End Of Children Mark
	.byte	17                              @ Abbrev [17] 0x2928:0x43 DW_TAG_structure_type
	.long	.Linfo_string334                @ DW_AT_name
	.byte	4                               @ DW_AT_byte_size
	.byte	3                               @ DW_AT_decl_file
	.short	9718                            @ DW_AT_decl_line
	.byte	18                              @ Abbrev [18] 0x2931:0x9 DW_TAG_member
	.long	10554                           @ DW_AT_type
	.byte	3                               @ DW_AT_decl_file
	.short	9721                            @ DW_AT_decl_line
	.byte	0                               @ DW_AT_data_member_location
	.byte	19                              @ Abbrev [19] 0x293a:0x30 DW_TAG_union_type
	.byte	4                               @ DW_AT_byte_size
	.byte	3                               @ DW_AT_decl_file
	.short	9721                            @ DW_AT_decl_line
	.byte	18                              @ Abbrev [18] 0x293f:0x9 DW_TAG_member
	.long	10568                           @ DW_AT_type
	.byte	3                               @ DW_AT_decl_file
	.short	9723                            @ DW_AT_decl_line
	.byte	0                               @ DW_AT_data_member_location
	.byte	20                              @ Abbrev [20] 0x2948:0x14 DW_TAG_structure_type
	.byte	4                               @ DW_AT_byte_size
	.byte	3                               @ DW_AT_decl_file
	.short	9723                            @ DW_AT_decl_line
	.byte	21                              @ Abbrev [21] 0x294d:0xe DW_TAG_member
	.long	.Linfo_string289                @ DW_AT_name
	.long	3581                            @ DW_AT_type
	.byte	3                               @ DW_AT_decl_file
	.short	9725                            @ DW_AT_decl_line
	.byte	32                              @ DW_AT_bit_size
	.byte	0                               @ DW_AT_data_bit_offset
	.byte	0                               @ End Of Children Mark
	.byte	15                              @ Abbrev [15] 0x295c:0xd DW_TAG_member
	.long	.Linfo_string35                 @ DW_AT_name
	.long	3581                            @ DW_AT_type
	.byte	3                               @ DW_AT_decl_file
	.short	9727                            @ DW_AT_decl_line
	.byte	0                               @ DW_AT_data_member_location
	.byte	0                               @ End Of Children Mark
	.byte	0                               @ End Of Children Mark
	.byte	17                              @ Abbrev [17] 0x296b:0x51 DW_TAG_structure_type
	.long	.Linfo_string336                @ DW_AT_name
	.byte	8                               @ DW_AT_byte_size
	.byte	3                               @ DW_AT_decl_file
	.short	9780                            @ DW_AT_decl_line
	.byte	18                              @ Abbrev [18] 0x2974:0x9 DW_TAG_member
	.long	10621                           @ DW_AT_type
	.byte	3                               @ DW_AT_decl_file
	.short	9783                            @ DW_AT_decl_line
	.byte	0                               @ DW_AT_data_member_location
	.byte	19                              @ Abbrev [19] 0x297d:0x3e DW_TAG_union_type
	.byte	8                               @ DW_AT_byte_size
	.byte	3                               @ DW_AT_decl_file
	.short	9783                            @ DW_AT_decl_line
	.byte	18                              @ Abbrev [18] 0x2982:0x9 DW_TAG_member
	.long	10635                           @ DW_AT_type
	.byte	3                               @ DW_AT_decl_file
	.short	9785                            @ DW_AT_decl_line
	.byte	0                               @ DW_AT_data_member_location
	.byte	20                              @ Abbrev [20] 0x298b:0x22 DW_TAG_structure_type
	.byte	8                               @ DW_AT_byte_size
	.byte	3                               @ DW_AT_decl_file
	.short	9785                            @ DW_AT_decl_line
	.byte	21                              @ Abbrev [21] 0x2990:0xe DW_TAG_member
	.long	.Linfo_string65                 @ DW_AT_name
	.long	3581                            @ DW_AT_type
	.byte	3                               @ DW_AT_decl_file
	.short	9787                            @ DW_AT_decl_line
	.byte	32                              @ DW_AT_bit_size
	.byte	0                               @ DW_AT_data_bit_offset
	.byte	21                              @ Abbrev [21] 0x299e:0xe DW_TAG_member
	.long	.Linfo_string47                 @ DW_AT_name
	.long	3581                            @ DW_AT_type
	.byte	3                               @ DW_AT_decl_file
	.short	9788                            @ DW_AT_decl_line
	.byte	32                              @ DW_AT_bit_size
	.byte	32                              @ DW_AT_data_bit_offset
	.byte	0                               @ End Of Children Mark
	.byte	15                              @ Abbrev [15] 0x29ad:0xd DW_TAG_member
	.long	.Linfo_string35                 @ DW_AT_name
	.long	4161                            @ DW_AT_type
	.byte	3                               @ DW_AT_decl_file
	.short	9790                            @ DW_AT_decl_line
	.byte	0                               @ DW_AT_data_member_location
	.byte	0                               @ End Of Children Mark
	.byte	0                               @ End Of Children Mark
	.byte	17                              @ Abbrev [17] 0x29bc:0x51 DW_TAG_structure_type
	.long	.Linfo_string338                @ DW_AT_name
	.byte	8                               @ DW_AT_byte_size
	.byte	3                               @ DW_AT_decl_file
	.short	9830                            @ DW_AT_decl_line
	.byte	18                              @ Abbrev [18] 0x29c5:0x9 DW_TAG_member
	.long	10702                           @ DW_AT_type
	.byte	3                               @ DW_AT_decl_file
	.short	9833                            @ DW_AT_decl_line
	.byte	0                               @ DW_AT_data_member_location
	.byte	19                              @ Abbrev [19] 0x29ce:0x3e DW_TAG_union_type
	.byte	8                               @ DW_AT_byte_size
	.byte	3                               @ DW_AT_decl_file
	.short	9833                            @ DW_AT_decl_line
	.byte	18                              @ Abbrev [18] 0x29d3:0x9 DW_TAG_member
	.long	10716                           @ DW_AT_type
	.byte	3                               @ DW_AT_decl_file
	.short	9835                            @ DW_AT_decl_line
	.byte	0                               @ DW_AT_data_member_location
	.byte	20                              @ Abbrev [20] 0x29dc:0x22 DW_TAG_structure_type
	.byte	8                               @ DW_AT_byte_size
	.byte	3                               @ DW_AT_decl_file
	.short	9835                            @ DW_AT_decl_line
	.byte	21                              @ Abbrev [21] 0x29e1:0xe DW_TAG_member
	.long	.Linfo_string65                 @ DW_AT_name
	.long	3581                            @ DW_AT_type
	.byte	3                               @ DW_AT_decl_file
	.short	9837                            @ DW_AT_decl_line
	.byte	32                              @ DW_AT_bit_size
	.byte	0                               @ DW_AT_data_bit_offset
	.byte	21                              @ Abbrev [21] 0x29ef:0xe DW_TAG_member
	.long	.Linfo_string47                 @ DW_AT_name
	.long	3581                            @ DW_AT_type
	.byte	3                               @ DW_AT_decl_file
	.short	9838                            @ DW_AT_decl_line
	.byte	32                              @ DW_AT_bit_size
	.byte	32                              @ DW_AT_data_bit_offset
	.byte	0                               @ End Of Children Mark
	.byte	15                              @ Abbrev [15] 0x29fe:0xd DW_TAG_member
	.long	.Linfo_string35                 @ DW_AT_name
	.long	4161                            @ DW_AT_type
	.byte	3                               @ DW_AT_decl_file
	.short	9840                            @ DW_AT_decl_line
	.byte	0                               @ DW_AT_data_member_location
	.byte	0                               @ End Of Children Mark
	.byte	0                               @ End Of Children Mark
	.byte	17                              @ Abbrev [17] 0x2a0d:0x43 DW_TAG_structure_type
	.long	.Linfo_string340                @ DW_AT_name
	.byte	4                               @ DW_AT_byte_size
	.byte	3                               @ DW_AT_decl_file
	.short	9880                            @ DW_AT_decl_line
	.byte	18                              @ Abbrev [18] 0x2a16:0x9 DW_TAG_member
	.long	10783                           @ DW_AT_type
	.byte	3                               @ DW_AT_decl_file
	.short	9883                            @ DW_AT_decl_line
	.byte	0                               @ DW_AT_data_member_location
	.byte	19                              @ Abbrev [19] 0x2a1f:0x30 DW_TAG_union_type
	.byte	4                               @ DW_AT_byte_size
	.byte	3                               @ DW_AT_decl_file
	.short	9883                            @ DW_AT_decl_line
	.byte	18                              @ Abbrev [18] 0x2a24:0x9 DW_TAG_member
	.long	10797                           @ DW_AT_type
	.byte	3                               @ DW_AT_decl_file
	.short	9885                            @ DW_AT_decl_line
	.byte	0                               @ DW_AT_data_member_location
	.byte	20                              @ Abbrev [20] 0x2a2d:0x14 DW_TAG_structure_type
	.byte	4                               @ DW_AT_byte_size
	.byte	3                               @ DW_AT_decl_file
	.short	9885                            @ DW_AT_decl_line
	.byte	21                              @ Abbrev [21] 0x2a32:0xe DW_TAG_member
	.long	.Linfo_string289                @ DW_AT_name
	.long	3581                            @ DW_AT_type
	.byte	3                               @ DW_AT_decl_file
	.short	9887                            @ DW_AT_decl_line
	.byte	32                              @ DW_AT_bit_size
	.byte	0                               @ DW_AT_data_bit_offset
	.byte	0                               @ End Of Children Mark
	.byte	15                              @ Abbrev [15] 0x2a41:0xd DW_TAG_member
	.long	.Linfo_string35                 @ DW_AT_name
	.long	3581                            @ DW_AT_type
	.byte	3                               @ DW_AT_decl_file
	.short	9889                            @ DW_AT_decl_line
	.byte	0                               @ DW_AT_data_member_location
	.byte	0                               @ End Of Children Mark
	.byte	0                               @ End Of Children Mark
	.byte	17                              @ Abbrev [17] 0x2a50:0x51 DW_TAG_structure_type
	.long	.Linfo_string342                @ DW_AT_name
	.byte	8                               @ DW_AT_byte_size
	.byte	3                               @ DW_AT_decl_file
	.short	9942                            @ DW_AT_decl_line
	.byte	18                              @ Abbrev [18] 0x2a59:0x9 DW_TAG_member
	.long	10850                           @ DW_AT_type
	.byte	3                               @ DW_AT_decl_file
	.short	9945                            @ DW_AT_decl_line
	.byte	0                               @ DW_AT_data_member_location
	.byte	19                              @ Abbrev [19] 0x2a62:0x3e DW_TAG_union_type
	.byte	8                               @ DW_AT_byte_size
	.byte	3                               @ DW_AT_decl_file
	.short	9945                            @ DW_AT_decl_line
	.byte	18                              @ Abbrev [18] 0x2a67:0x9 DW_TAG_member
	.long	10864                           @ DW_AT_type
	.byte	3                               @ DW_AT_decl_file
	.short	9947                            @ DW_AT_decl_line
	.byte	0                               @ DW_AT_data_member_location
	.byte	20                              @ Abbrev [20] 0x2a70:0x22 DW_TAG_structure_type
	.byte	8                               @ DW_AT_byte_size
	.byte	3                               @ DW_AT_decl_file
	.short	9947                            @ DW_AT_decl_line
	.byte	21                              @ Abbrev [21] 0x2a75:0xe DW_TAG_member
	.long	.Linfo_string65                 @ DW_AT_name
	.long	3581                            @ DW_AT_type
	.byte	3                               @ DW_AT_decl_file
	.short	9949                            @ DW_AT_decl_line
	.byte	32                              @ DW_AT_bit_size
	.byte	0                               @ DW_AT_data_bit_offset
	.byte	21                              @ Abbrev [21] 0x2a83:0xe DW_TAG_member
	.long	.Linfo_string47                 @ DW_AT_name
	.long	3581                            @ DW_AT_type
	.byte	3                               @ DW_AT_decl_file
	.short	9950                            @ DW_AT_decl_line
	.byte	32                              @ DW_AT_bit_size
	.byte	32                              @ DW_AT_data_bit_offset
	.byte	0                               @ End Of Children Mark
	.byte	15                              @ Abbrev [15] 0x2a92:0xd DW_TAG_member
	.long	.Linfo_string35                 @ DW_AT_name
	.long	4161                            @ DW_AT_type
	.byte	3                               @ DW_AT_decl_file
	.short	9952                            @ DW_AT_decl_line
	.byte	0                               @ DW_AT_data_member_location
	.byte	0                               @ End Of Children Mark
	.byte	0                               @ End Of Children Mark
	.byte	17                              @ Abbrev [17] 0x2aa1:0x43 DW_TAG_structure_type
	.long	.Linfo_string345                @ DW_AT_name
	.byte	4                               @ DW_AT_byte_size
	.byte	3                               @ DW_AT_decl_file
	.short	9992                            @ DW_AT_decl_line
	.byte	18                              @ Abbrev [18] 0x2aaa:0x9 DW_TAG_member
	.long	10931                           @ DW_AT_type
	.byte	3                               @ DW_AT_decl_file
	.short	9995                            @ DW_AT_decl_line
	.byte	0                               @ DW_AT_data_member_location
	.byte	19                              @ Abbrev [19] 0x2ab3:0x30 DW_TAG_union_type
	.byte	4                               @ DW_AT_byte_size
	.byte	3                               @ DW_AT_decl_file
	.short	9995                            @ DW_AT_decl_line
	.byte	18                              @ Abbrev [18] 0x2ab8:0x9 DW_TAG_member
	.long	10945                           @ DW_AT_type
	.byte	3                               @ DW_AT_decl_file
	.short	9997                            @ DW_AT_decl_line
	.byte	0                               @ DW_AT_data_member_location
	.byte	20                              @ Abbrev [20] 0x2ac1:0x14 DW_TAG_structure_type
	.byte	4                               @ DW_AT_byte_size
	.byte	3                               @ DW_AT_decl_file
	.short	9997                            @ DW_AT_decl_line
	.byte	21                              @ Abbrev [21] 0x2ac6:0xe DW_TAG_member
	.long	.Linfo_string289                @ DW_AT_name
	.long	3581                            @ DW_AT_type
	.byte	3                               @ DW_AT_decl_file
	.short	9999                            @ DW_AT_decl_line
	.byte	32                              @ DW_AT_bit_size
	.byte	0                               @ DW_AT_data_bit_offset
	.byte	0                               @ End Of Children Mark
	.byte	15                              @ Abbrev [15] 0x2ad5:0xd DW_TAG_member
	.long	.Linfo_string35                 @ DW_AT_name
	.long	3581                            @ DW_AT_type
	.byte	3                               @ DW_AT_decl_file
	.short	10001                           @ DW_AT_decl_line
	.byte	0                               @ DW_AT_data_member_location
	.byte	0                               @ End Of Children Mark
	.byte	0                               @ End Of Children Mark
	.byte	17                              @ Abbrev [17] 0x2ae4:0x43 DW_TAG_structure_type
	.long	.Linfo_string347                @ DW_AT_name
	.byte	4                               @ DW_AT_byte_size
	.byte	3                               @ DW_AT_decl_file
	.short	10054                           @ DW_AT_decl_line
	.byte	18                              @ Abbrev [18] 0x2aed:0x9 DW_TAG_member
	.long	10998                           @ DW_AT_type
	.byte	3                               @ DW_AT_decl_file
	.short	10057                           @ DW_AT_decl_line
	.byte	0                               @ DW_AT_data_member_location
	.byte	19                              @ Abbrev [19] 0x2af6:0x30 DW_TAG_union_type
	.byte	4                               @ DW_AT_byte_size
	.byte	3                               @ DW_AT_decl_file
	.short	10057                           @ DW_AT_decl_line
	.byte	18                              @ Abbrev [18] 0x2afb:0x9 DW_TAG_member
	.long	11012                           @ DW_AT_type
	.byte	3                               @ DW_AT_decl_file
	.short	10059                           @ DW_AT_decl_line
	.byte	0                               @ DW_AT_data_member_location
	.byte	20                              @ Abbrev [20] 0x2b04:0x14 DW_TAG_structure_type
	.byte	4                               @ DW_AT_byte_size
	.byte	3                               @ DW_AT_decl_file
	.short	10059                           @ DW_AT_decl_line
	.byte	21                              @ Abbrev [21] 0x2b09:0xe DW_TAG_member
	.long	.Linfo_string289                @ DW_AT_name
	.long	3581                            @ DW_AT_type
	.byte	3                               @ DW_AT_decl_file
	.short	10061                           @ DW_AT_decl_line
	.byte	32                              @ DW_AT_bit_size
	.byte	0                               @ DW_AT_data_bit_offset
	.byte	0                               @ End Of Children Mark
	.byte	15                              @ Abbrev [15] 0x2b18:0xd DW_TAG_member
	.long	.Linfo_string35                 @ DW_AT_name
	.long	3581                            @ DW_AT_type
	.byte	3                               @ DW_AT_decl_file
	.short	10063                           @ DW_AT_decl_line
	.byte	0                               @ DW_AT_data_member_location
	.byte	0                               @ End Of Children Mark
	.byte	0                               @ End Of Children Mark
	.byte	17                              @ Abbrev [17] 0x2b27:0x43 DW_TAG_structure_type
	.long	.Linfo_string349                @ DW_AT_name
	.byte	4                               @ DW_AT_byte_size
	.byte	3                               @ DW_AT_decl_file
	.short	10116                           @ DW_AT_decl_line
	.byte	18                              @ Abbrev [18] 0x2b30:0x9 DW_TAG_member
	.long	11065                           @ DW_AT_type
	.byte	3                               @ DW_AT_decl_file
	.short	10119                           @ DW_AT_decl_line
	.byte	0                               @ DW_AT_data_member_location
	.byte	19                              @ Abbrev [19] 0x2b39:0x30 DW_TAG_union_type
	.byte	4                               @ DW_AT_byte_size
	.byte	3                               @ DW_AT_decl_file
	.short	10119                           @ DW_AT_decl_line
	.byte	18                              @ Abbrev [18] 0x2b3e:0x9 DW_TAG_member
	.long	11079                           @ DW_AT_type
	.byte	3                               @ DW_AT_decl_file
	.short	10121                           @ DW_AT_decl_line
	.byte	0                               @ DW_AT_data_member_location
	.byte	20                              @ Abbrev [20] 0x2b47:0x14 DW_TAG_structure_type
	.byte	4                               @ DW_AT_byte_size
	.byte	3                               @ DW_AT_decl_file
	.short	10121                           @ DW_AT_decl_line
	.byte	21                              @ Abbrev [21] 0x2b4c:0xe DW_TAG_member
	.long	.Linfo_string289                @ DW_AT_name
	.long	3581                            @ DW_AT_type
	.byte	3                               @ DW_AT_decl_file
	.short	10123                           @ DW_AT_decl_line
	.byte	32                              @ DW_AT_bit_size
	.byte	0                               @ DW_AT_data_bit_offset
	.byte	0                               @ End Of Children Mark
	.byte	15                              @ Abbrev [15] 0x2b5b:0xd DW_TAG_member
	.long	.Linfo_string35                 @ DW_AT_name
	.long	3581                            @ DW_AT_type
	.byte	3                               @ DW_AT_decl_file
	.short	10125                           @ DW_AT_decl_line
	.byte	0                               @ DW_AT_data_member_location
	.byte	0                               @ End Of Children Mark
	.byte	0                               @ End Of Children Mark
	.byte	3                               @ Abbrev [3] 0x2b6a:0xc DW_TAG_array_type
	.long	11126                           @ DW_AT_type
	.byte	4                               @ Abbrev [4] 0x2b6f:0x6 DW_TAG_subrange_type
	.long	70                              @ DW_AT_type
	.byte	4                               @ DW_AT_count
	.byte	0                               @ End Of Children Mark
	.byte	17                              @ Abbrev [17] 0x2b76:0x43 DW_TAG_structure_type
	.long	.Linfo_string353                @ DW_AT_name
	.byte	4                               @ DW_AT_byte_size
	.byte	3                               @ DW_AT_decl_file
	.short	10178                           @ DW_AT_decl_line
	.byte	18                              @ Abbrev [18] 0x2b7f:0x9 DW_TAG_member
	.long	11144                           @ DW_AT_type
	.byte	3                               @ DW_AT_decl_file
	.short	10181                           @ DW_AT_decl_line
	.byte	0                               @ DW_AT_data_member_location
	.byte	19                              @ Abbrev [19] 0x2b88:0x30 DW_TAG_union_type
	.byte	4                               @ DW_AT_byte_size
	.byte	3                               @ DW_AT_decl_file
	.short	10181                           @ DW_AT_decl_line
	.byte	18                              @ Abbrev [18] 0x2b8d:0x9 DW_TAG_member
	.long	11158                           @ DW_AT_type
	.byte	3                               @ DW_AT_decl_file
	.short	10183                           @ DW_AT_decl_line
	.byte	0                               @ DW_AT_data_member_location
	.byte	20                              @ Abbrev [20] 0x2b96:0x14 DW_TAG_structure_type
	.byte	4                               @ DW_AT_byte_size
	.byte	3                               @ DW_AT_decl_file
	.short	10183                           @ DW_AT_decl_line
	.byte	21                              @ Abbrev [21] 0x2b9b:0xe DW_TAG_member
	.long	.Linfo_string352                @ DW_AT_name
	.long	3581                            @ DW_AT_type
	.byte	3                               @ DW_AT_decl_file
	.short	10185                           @ DW_AT_decl_line
	.byte	32                              @ DW_AT_bit_size
	.byte	0                               @ DW_AT_data_bit_offset
	.byte	0                               @ End Of Children Mark
	.byte	15                              @ Abbrev [15] 0x2baa:0xd DW_TAG_member
	.long	.Linfo_string35                 @ DW_AT_name
	.long	3581                            @ DW_AT_type
	.byte	3                               @ DW_AT_decl_file
	.short	10187                           @ DW_AT_decl_line
	.byte	0                               @ DW_AT_data_member_location
	.byte	0                               @ End Of Children Mark
	.byte	0                               @ End Of Children Mark
	.byte	3                               @ Abbrev [3] 0x2bb9:0xc DW_TAG_array_type
	.long	3581                            @ DW_AT_type
	.byte	4                               @ Abbrev [4] 0x2bbe:0x6 DW_TAG_subrange_type
	.long	70                              @ DW_AT_type
	.byte	28                              @ DW_AT_count
	.byte	0                               @ End Of Children Mark
	.byte	3                               @ Abbrev [3] 0x2bc5:0xc DW_TAG_array_type
	.long	11217                           @ DW_AT_type
	.byte	4                               @ Abbrev [4] 0x2bca:0x6 DW_TAG_subrange_type
	.long	70                              @ DW_AT_type
	.byte	4                               @ DW_AT_count
	.byte	0                               @ End Of Children Mark
	.byte	17                              @ Abbrev [17] 0x2bd1:0x51 DW_TAG_structure_type
	.long	.Linfo_string357                @ DW_AT_name
	.byte	4                               @ DW_AT_byte_size
	.byte	3                               @ DW_AT_decl_file
	.short	10240                           @ DW_AT_decl_line
	.byte	18                              @ Abbrev [18] 0x2bda:0x9 DW_TAG_member
	.long	11235                           @ DW_AT_type
	.byte	3                               @ DW_AT_decl_file
	.short	10243                           @ DW_AT_decl_line
	.byte	0                               @ DW_AT_data_member_location
	.byte	19                              @ Abbrev [19] 0x2be3:0x3e DW_TAG_union_type
	.byte	4                               @ DW_AT_byte_size
	.byte	3                               @ DW_AT_decl_file
	.short	10243                           @ DW_AT_decl_line
	.byte	18                              @ Abbrev [18] 0x2be8:0x9 DW_TAG_member
	.long	11249                           @ DW_AT_type
	.byte	3                               @ DW_AT_decl_file
	.short	10245                           @ DW_AT_decl_line
	.byte	0                               @ DW_AT_data_member_location
	.byte	20                              @ Abbrev [20] 0x2bf1:0x22 DW_TAG_structure_type
	.byte	4                               @ DW_AT_byte_size
	.byte	3                               @ DW_AT_decl_file
	.short	10245                           @ DW_AT_decl_line
	.byte	21                              @ Abbrev [21] 0x2bf6:0xe DW_TAG_member
	.long	.Linfo_string356                @ DW_AT_name
	.long	3581                            @ DW_AT_type
	.byte	3                               @ DW_AT_decl_file
	.short	10247                           @ DW_AT_decl_line
	.byte	10                              @ DW_AT_bit_size
	.byte	0                               @ DW_AT_data_bit_offset
	.byte	21                              @ Abbrev [21] 0x2c04:0xe DW_TAG_member
	.long	.Linfo_string47                 @ DW_AT_name
	.long	3581                            @ DW_AT_type
	.byte	3                               @ DW_AT_decl_file
	.short	10248                           @ DW_AT_decl_line
	.byte	22                              @ DW_AT_bit_size
	.byte	10                              @ DW_AT_data_bit_offset
	.byte	0                               @ End Of Children Mark
	.byte	15                              @ Abbrev [15] 0x2c13:0xd DW_TAG_member
	.long	.Linfo_string35                 @ DW_AT_name
	.long	3581                            @ DW_AT_type
	.byte	3                               @ DW_AT_decl_file
	.short	10250                           @ DW_AT_decl_line
	.byte	0                               @ DW_AT_data_member_location
	.byte	0                               @ End Of Children Mark
	.byte	0                               @ End Of Children Mark
	.byte	3                               @ Abbrev [3] 0x2c22:0xd DW_TAG_array_type
	.long	11311                           @ DW_AT_type
	.byte	23                              @ Abbrev [23] 0x2c27:0x7 DW_TAG_subrange_type
	.long	70                              @ DW_AT_type
	.short	256                             @ DW_AT_count
	.byte	0                               @ End Of Children Mark
	.byte	17                              @ Abbrev [17] 0x2c2f:0x43 DW_TAG_structure_type
	.long	.Linfo_string361                @ DW_AT_name
	.byte	4                               @ DW_AT_byte_size
	.byte	3                               @ DW_AT_decl_file
	.short	10303                           @ DW_AT_decl_line
	.byte	18                              @ Abbrev [18] 0x2c38:0x9 DW_TAG_member
	.long	11329                           @ DW_AT_type
	.byte	3                               @ DW_AT_decl_file
	.short	10306                           @ DW_AT_decl_line
	.byte	0                               @ DW_AT_data_member_location
	.byte	19                              @ Abbrev [19] 0x2c41:0x30 DW_TAG_union_type
	.byte	4                               @ DW_AT_byte_size
	.byte	3                               @ DW_AT_decl_file
	.short	10306                           @ DW_AT_decl_line
	.byte	18                              @ Abbrev [18] 0x2c46:0x9 DW_TAG_member
	.long	11343                           @ DW_AT_type
	.byte	3                               @ DW_AT_decl_file
	.short	10308                           @ DW_AT_decl_line
	.byte	0                               @ DW_AT_data_member_location
	.byte	20                              @ Abbrev [20] 0x2c4f:0x14 DW_TAG_structure_type
	.byte	4                               @ DW_AT_byte_size
	.byte	3                               @ DW_AT_decl_file
	.short	10308                           @ DW_AT_decl_line
	.byte	21                              @ Abbrev [21] 0x2c54:0xe DW_TAG_member
	.long	.Linfo_string360                @ DW_AT_name
	.long	3581                            @ DW_AT_type
	.byte	3                               @ DW_AT_decl_file
	.short	10310                           @ DW_AT_decl_line
	.byte	32                              @ DW_AT_bit_size
	.byte	0                               @ DW_AT_data_bit_offset
	.byte	0                               @ End Of Children Mark
	.byte	15                              @ Abbrev [15] 0x2c63:0xd DW_TAG_member
	.long	.Linfo_string35                 @ DW_AT_name
	.long	3581                            @ DW_AT_type
	.byte	3                               @ DW_AT_decl_file
	.short	10312                           @ DW_AT_decl_line
	.byte	0                               @ DW_AT_data_member_location
	.byte	0                               @ End Of Children Mark
	.byte	0                               @ End Of Children Mark
	.byte	17                              @ Abbrev [17] 0x2c72:0x43 DW_TAG_structure_type
	.long	.Linfo_string363                @ DW_AT_name
	.byte	4                               @ DW_AT_byte_size
	.byte	3                               @ DW_AT_decl_file
	.short	10365                           @ DW_AT_decl_line
	.byte	18                              @ Abbrev [18] 0x2c7b:0x9 DW_TAG_member
	.long	11396                           @ DW_AT_type
	.byte	3                               @ DW_AT_decl_file
	.short	10368                           @ DW_AT_decl_line
	.byte	0                               @ DW_AT_data_member_location
	.byte	19                              @ Abbrev [19] 0x2c84:0x30 DW_TAG_union_type
	.byte	4                               @ DW_AT_byte_size
	.byte	3                               @ DW_AT_decl_file
	.short	10368                           @ DW_AT_decl_line
	.byte	18                              @ Abbrev [18] 0x2c89:0x9 DW_TAG_member
	.long	11410                           @ DW_AT_type
	.byte	3                               @ DW_AT_decl_file
	.short	10370                           @ DW_AT_decl_line
	.byte	0                               @ DW_AT_data_member_location
	.byte	20                              @ Abbrev [20] 0x2c92:0x14 DW_TAG_structure_type
	.byte	4                               @ DW_AT_byte_size
	.byte	3                               @ DW_AT_decl_file
	.short	10370                           @ DW_AT_decl_line
	.byte	21                              @ Abbrev [21] 0x2c97:0xe DW_TAG_member
	.long	.Linfo_string289                @ DW_AT_name
	.long	3581                            @ DW_AT_type
	.byte	3                               @ DW_AT_decl_file
	.short	10372                           @ DW_AT_decl_line
	.byte	32                              @ DW_AT_bit_size
	.byte	0                               @ DW_AT_data_bit_offset
	.byte	0                               @ End Of Children Mark
	.byte	15                              @ Abbrev [15] 0x2ca6:0xd DW_TAG_member
	.long	.Linfo_string35                 @ DW_AT_name
	.long	3581                            @ DW_AT_type
	.byte	3                               @ DW_AT_decl_file
	.short	10374                           @ DW_AT_decl_line
	.byte	0                               @ DW_AT_data_member_location
	.byte	0                               @ End Of Children Mark
	.byte	0                               @ End Of Children Mark
	.byte	17                              @ Abbrev [17] 0x2cb5:0x43 DW_TAG_structure_type
	.long	.Linfo_string365                @ DW_AT_name
	.byte	4                               @ DW_AT_byte_size
	.byte	3                               @ DW_AT_decl_file
	.short	10427                           @ DW_AT_decl_line
	.byte	18                              @ Abbrev [18] 0x2cbe:0x9 DW_TAG_member
	.long	11463                           @ DW_AT_type
	.byte	3                               @ DW_AT_decl_file
	.short	10430                           @ DW_AT_decl_line
	.byte	0                               @ DW_AT_data_member_location
	.byte	19                              @ Abbrev [19] 0x2cc7:0x30 DW_TAG_union_type
	.byte	4                               @ DW_AT_byte_size
	.byte	3                               @ DW_AT_decl_file
	.short	10430                           @ DW_AT_decl_line
	.byte	18                              @ Abbrev [18] 0x2ccc:0x9 DW_TAG_member
	.long	11477                           @ DW_AT_type
	.byte	3                               @ DW_AT_decl_file
	.short	10432                           @ DW_AT_decl_line
	.byte	0                               @ DW_AT_data_member_location
	.byte	20                              @ Abbrev [20] 0x2cd5:0x14 DW_TAG_structure_type
	.byte	4                               @ DW_AT_byte_size
	.byte	3                               @ DW_AT_decl_file
	.short	10432                           @ DW_AT_decl_line
	.byte	21                              @ Abbrev [21] 0x2cda:0xe DW_TAG_member
	.long	.Linfo_string289                @ DW_AT_name
	.long	3581                            @ DW_AT_type
	.byte	3                               @ DW_AT_decl_file
	.short	10434                           @ DW_AT_decl_line
	.byte	32                              @ DW_AT_bit_size
	.byte	0                               @ DW_AT_data_bit_offset
	.byte	0                               @ End Of Children Mark
	.byte	15                              @ Abbrev [15] 0x2ce9:0xd DW_TAG_member
	.long	.Linfo_string35                 @ DW_AT_name
	.long	3581                            @ DW_AT_type
	.byte	3                               @ DW_AT_decl_file
	.short	10436                           @ DW_AT_decl_line
	.byte	0                               @ DW_AT_data_member_location
	.byte	0                               @ End Of Children Mark
	.byte	0                               @ End Of Children Mark
	.byte	17                              @ Abbrev [17] 0x2cf8:0x43 DW_TAG_structure_type
	.long	.Linfo_string367                @ DW_AT_name
	.byte	4                               @ DW_AT_byte_size
	.byte	3                               @ DW_AT_decl_file
	.short	10489                           @ DW_AT_decl_line
	.byte	18                              @ Abbrev [18] 0x2d01:0x9 DW_TAG_member
	.long	11530                           @ DW_AT_type
	.byte	3                               @ DW_AT_decl_file
	.short	10492                           @ DW_AT_decl_line
	.byte	0                               @ DW_AT_data_member_location
	.byte	19                              @ Abbrev [19] 0x2d0a:0x30 DW_TAG_union_type
	.byte	4                               @ DW_AT_byte_size
	.byte	3                               @ DW_AT_decl_file
	.short	10492                           @ DW_AT_decl_line
	.byte	18                              @ Abbrev [18] 0x2d0f:0x9 DW_TAG_member
	.long	11544                           @ DW_AT_type
	.byte	3                               @ DW_AT_decl_file
	.short	10494                           @ DW_AT_decl_line
	.byte	0                               @ DW_AT_data_member_location
	.byte	20                              @ Abbrev [20] 0x2d18:0x14 DW_TAG_structure_type
	.byte	4                               @ DW_AT_byte_size
	.byte	3                               @ DW_AT_decl_file
	.short	10494                           @ DW_AT_decl_line
	.byte	21                              @ Abbrev [21] 0x2d1d:0xe DW_TAG_member
	.long	.Linfo_string289                @ DW_AT_name
	.long	3581                            @ DW_AT_type
	.byte	3                               @ DW_AT_decl_file
	.short	10496                           @ DW_AT_decl_line
	.byte	32                              @ DW_AT_bit_size
	.byte	0                               @ DW_AT_data_bit_offset
	.byte	0                               @ End Of Children Mark
	.byte	15                              @ Abbrev [15] 0x2d2c:0xd DW_TAG_member
	.long	.Linfo_string35                 @ DW_AT_name
	.long	3581                            @ DW_AT_type
	.byte	3                               @ DW_AT_decl_file
	.short	10498                           @ DW_AT_decl_line
	.byte	0                               @ DW_AT_data_member_location
	.byte	0                               @ End Of Children Mark
	.byte	0                               @ End Of Children Mark
	.byte	17                              @ Abbrev [17] 0x2d3b:0x43 DW_TAG_structure_type
	.long	.Linfo_string369                @ DW_AT_name
	.byte	4                               @ DW_AT_byte_size
	.byte	3                               @ DW_AT_decl_file
	.short	10551                           @ DW_AT_decl_line
	.byte	18                              @ Abbrev [18] 0x2d44:0x9 DW_TAG_member
	.long	11597                           @ DW_AT_type
	.byte	3                               @ DW_AT_decl_file
	.short	10554                           @ DW_AT_decl_line
	.byte	0                               @ DW_AT_data_member_location
	.byte	19                              @ Abbrev [19] 0x2d4d:0x30 DW_TAG_union_type
	.byte	4                               @ DW_AT_byte_size
	.byte	3                               @ DW_AT_decl_file
	.short	10554                           @ DW_AT_decl_line
	.byte	18                              @ Abbrev [18] 0x2d52:0x9 DW_TAG_member
	.long	11611                           @ DW_AT_type
	.byte	3                               @ DW_AT_decl_file
	.short	10556                           @ DW_AT_decl_line
	.byte	0                               @ DW_AT_data_member_location
	.byte	20                              @ Abbrev [20] 0x2d5b:0x14 DW_TAG_structure_type
	.byte	4                               @ DW_AT_byte_size
	.byte	3                               @ DW_AT_decl_file
	.short	10556                           @ DW_AT_decl_line
	.byte	21                              @ Abbrev [21] 0x2d60:0xe DW_TAG_member
	.long	.Linfo_string289                @ DW_AT_name
	.long	3581                            @ DW_AT_type
	.byte	3                               @ DW_AT_decl_file
	.short	10558                           @ DW_AT_decl_line
	.byte	32                              @ DW_AT_bit_size
	.byte	0                               @ DW_AT_data_bit_offset
	.byte	0                               @ End Of Children Mark
	.byte	15                              @ Abbrev [15] 0x2d6f:0xd DW_TAG_member
	.long	.Linfo_string35                 @ DW_AT_name
	.long	3581                            @ DW_AT_type
	.byte	3                               @ DW_AT_decl_file
	.short	10560                           @ DW_AT_decl_line
	.byte	0                               @ DW_AT_data_member_location
	.byte	0                               @ End Of Children Mark
	.byte	0                               @ End Of Children Mark
	.byte	17                              @ Abbrev [17] 0x2d7e:0x43 DW_TAG_structure_type
	.long	.Linfo_string371                @ DW_AT_name
	.byte	4                               @ DW_AT_byte_size
	.byte	3                               @ DW_AT_decl_file
	.short	10613                           @ DW_AT_decl_line
	.byte	18                              @ Abbrev [18] 0x2d87:0x9 DW_TAG_member
	.long	11664                           @ DW_AT_type
	.byte	3                               @ DW_AT_decl_file
	.short	10616                           @ DW_AT_decl_line
	.byte	0                               @ DW_AT_data_member_location
	.byte	19                              @ Abbrev [19] 0x2d90:0x30 DW_TAG_union_type
	.byte	4                               @ DW_AT_byte_size
	.byte	3                               @ DW_AT_decl_file
	.short	10616                           @ DW_AT_decl_line
	.byte	18                              @ Abbrev [18] 0x2d95:0x9 DW_TAG_member
	.long	11678                           @ DW_AT_type
	.byte	3                               @ DW_AT_decl_file
	.short	10618                           @ DW_AT_decl_line
	.byte	0                               @ DW_AT_data_member_location
	.byte	20                              @ Abbrev [20] 0x2d9e:0x14 DW_TAG_structure_type
	.byte	4                               @ DW_AT_byte_size
	.byte	3                               @ DW_AT_decl_file
	.short	10618                           @ DW_AT_decl_line
	.byte	21                              @ Abbrev [21] 0x2da3:0xe DW_TAG_member
	.long	.Linfo_string289                @ DW_AT_name
	.long	3581                            @ DW_AT_type
	.byte	3                               @ DW_AT_decl_file
	.short	10620                           @ DW_AT_decl_line
	.byte	32                              @ DW_AT_bit_size
	.byte	0                               @ DW_AT_data_bit_offset
	.byte	0                               @ End Of Children Mark
	.byte	15                              @ Abbrev [15] 0x2db2:0xd DW_TAG_member
	.long	.Linfo_string35                 @ DW_AT_name
	.long	3581                            @ DW_AT_type
	.byte	3                               @ DW_AT_decl_file
	.short	10622                           @ DW_AT_decl_line
	.byte	0                               @ DW_AT_data_member_location
	.byte	0                               @ End Of Children Mark
	.byte	0                               @ End Of Children Mark
	.byte	17                              @ Abbrev [17] 0x2dc1:0x43 DW_TAG_structure_type
	.long	.Linfo_string373                @ DW_AT_name
	.byte	4                               @ DW_AT_byte_size
	.byte	3                               @ DW_AT_decl_file
	.short	10675                           @ DW_AT_decl_line
	.byte	18                              @ Abbrev [18] 0x2dca:0x9 DW_TAG_member
	.long	11731                           @ DW_AT_type
	.byte	3                               @ DW_AT_decl_file
	.short	10678                           @ DW_AT_decl_line
	.byte	0                               @ DW_AT_data_member_location
	.byte	19                              @ Abbrev [19] 0x2dd3:0x30 DW_TAG_union_type
	.byte	4                               @ DW_AT_byte_size
	.byte	3                               @ DW_AT_decl_file
	.short	10678                           @ DW_AT_decl_line
	.byte	18                              @ Abbrev [18] 0x2dd8:0x9 DW_TAG_member
	.long	11745                           @ DW_AT_type
	.byte	3                               @ DW_AT_decl_file
	.short	10680                           @ DW_AT_decl_line
	.byte	0                               @ DW_AT_data_member_location
	.byte	20                              @ Abbrev [20] 0x2de1:0x14 DW_TAG_structure_type
	.byte	4                               @ DW_AT_byte_size
	.byte	3                               @ DW_AT_decl_file
	.short	10680                           @ DW_AT_decl_line
	.byte	21                              @ Abbrev [21] 0x2de6:0xe DW_TAG_member
	.long	.Linfo_string289                @ DW_AT_name
	.long	3581                            @ DW_AT_type
	.byte	3                               @ DW_AT_decl_file
	.short	10682                           @ DW_AT_decl_line
	.byte	32                              @ DW_AT_bit_size
	.byte	0                               @ DW_AT_data_bit_offset
	.byte	0                               @ End Of Children Mark
	.byte	15                              @ Abbrev [15] 0x2df5:0xd DW_TAG_member
	.long	.Linfo_string35                 @ DW_AT_name
	.long	3581                            @ DW_AT_type
	.byte	3                               @ DW_AT_decl_file
	.short	10684                           @ DW_AT_decl_line
	.byte	0                               @ DW_AT_data_member_location
	.byte	0                               @ End Of Children Mark
	.byte	0                               @ End Of Children Mark
	.byte	17                              @ Abbrev [17] 0x2e04:0x43 DW_TAG_structure_type
	.long	.Linfo_string376                @ DW_AT_name
	.byte	4                               @ DW_AT_byte_size
	.byte	3                               @ DW_AT_decl_file
	.short	10737                           @ DW_AT_decl_line
	.byte	18                              @ Abbrev [18] 0x2e0d:0x9 DW_TAG_member
	.long	11798                           @ DW_AT_type
	.byte	3                               @ DW_AT_decl_file
	.short	10740                           @ DW_AT_decl_line
	.byte	0                               @ DW_AT_data_member_location
	.byte	19                              @ Abbrev [19] 0x2e16:0x30 DW_TAG_union_type
	.byte	4                               @ DW_AT_byte_size
	.byte	3                               @ DW_AT_decl_file
	.short	10740                           @ DW_AT_decl_line
	.byte	18                              @ Abbrev [18] 0x2e1b:0x9 DW_TAG_member
	.long	11812                           @ DW_AT_type
	.byte	3                               @ DW_AT_decl_file
	.short	10742                           @ DW_AT_decl_line
	.byte	0                               @ DW_AT_data_member_location
	.byte	20                              @ Abbrev [20] 0x2e24:0x14 DW_TAG_structure_type
	.byte	4                               @ DW_AT_byte_size
	.byte	3                               @ DW_AT_decl_file
	.short	10742                           @ DW_AT_decl_line
	.byte	21                              @ Abbrev [21] 0x2e29:0xe DW_TAG_member
	.long	.Linfo_string289                @ DW_AT_name
	.long	3581                            @ DW_AT_type
	.byte	3                               @ DW_AT_decl_file
	.short	10744                           @ DW_AT_decl_line
	.byte	32                              @ DW_AT_bit_size
	.byte	0                               @ DW_AT_data_bit_offset
	.byte	0                               @ End Of Children Mark
	.byte	15                              @ Abbrev [15] 0x2e38:0xd DW_TAG_member
	.long	.Linfo_string35                 @ DW_AT_name
	.long	3581                            @ DW_AT_type
	.byte	3                               @ DW_AT_decl_file
	.short	10746                           @ DW_AT_decl_line
	.byte	0                               @ DW_AT_data_member_location
	.byte	0                               @ End Of Children Mark
	.byte	0                               @ End Of Children Mark
	.byte	17                              @ Abbrev [17] 0x2e47:0x43 DW_TAG_structure_type
	.long	.Linfo_string379                @ DW_AT_name
	.byte	4                               @ DW_AT_byte_size
	.byte	3                               @ DW_AT_decl_file
	.short	10799                           @ DW_AT_decl_line
	.byte	18                              @ Abbrev [18] 0x2e50:0x9 DW_TAG_member
	.long	11865                           @ DW_AT_type
	.byte	3                               @ DW_AT_decl_file
	.short	10802                           @ DW_AT_decl_line
	.byte	0                               @ DW_AT_data_member_location
	.byte	19                              @ Abbrev [19] 0x2e59:0x30 DW_TAG_union_type
	.byte	4                               @ DW_AT_byte_size
	.byte	3                               @ DW_AT_decl_file
	.short	10802                           @ DW_AT_decl_line
	.byte	18                              @ Abbrev [18] 0x2e5e:0x9 DW_TAG_member
	.long	11879                           @ DW_AT_type
	.byte	3                               @ DW_AT_decl_file
	.short	10804                           @ DW_AT_decl_line
	.byte	0                               @ DW_AT_data_member_location
	.byte	20                              @ Abbrev [20] 0x2e67:0x14 DW_TAG_structure_type
	.byte	4                               @ DW_AT_byte_size
	.byte	3                               @ DW_AT_decl_file
	.short	10804                           @ DW_AT_decl_line
	.byte	21                              @ Abbrev [21] 0x2e6c:0xe DW_TAG_member
	.long	.Linfo_string289                @ DW_AT_name
	.long	3581                            @ DW_AT_type
	.byte	3                               @ DW_AT_decl_file
	.short	10806                           @ DW_AT_decl_line
	.byte	32                              @ DW_AT_bit_size
	.byte	0                               @ DW_AT_data_bit_offset
	.byte	0                               @ End Of Children Mark
	.byte	15                              @ Abbrev [15] 0x2e7b:0xd DW_TAG_member
	.long	.Linfo_string35                 @ DW_AT_name
	.long	3581                            @ DW_AT_type
	.byte	3                               @ DW_AT_decl_file
	.short	10808                           @ DW_AT_decl_line
	.byte	0                               @ DW_AT_data_member_location
	.byte	0                               @ End Of Children Mark
	.byte	0                               @ End Of Children Mark
	.byte	17                              @ Abbrev [17] 0x2e8a:0x43 DW_TAG_structure_type
	.long	.Linfo_string381                @ DW_AT_name
	.byte	4                               @ DW_AT_byte_size
	.byte	3                               @ DW_AT_decl_file
	.short	10861                           @ DW_AT_decl_line
	.byte	18                              @ Abbrev [18] 0x2e93:0x9 DW_TAG_member
	.long	11932                           @ DW_AT_type
	.byte	3                               @ DW_AT_decl_file
	.short	10864                           @ DW_AT_decl_line
	.byte	0                               @ DW_AT_data_member_location
	.byte	19                              @ Abbrev [19] 0x2e9c:0x30 DW_TAG_union_type
	.byte	4                               @ DW_AT_byte_size
	.byte	3                               @ DW_AT_decl_file
	.short	10864                           @ DW_AT_decl_line
	.byte	18                              @ Abbrev [18] 0x2ea1:0x9 DW_TAG_member
	.long	11946                           @ DW_AT_type
	.byte	3                               @ DW_AT_decl_file
	.short	10866                           @ DW_AT_decl_line
	.byte	0                               @ DW_AT_data_member_location
	.byte	20                              @ Abbrev [20] 0x2eaa:0x14 DW_TAG_structure_type
	.byte	4                               @ DW_AT_byte_size
	.byte	3                               @ DW_AT_decl_file
	.short	10866                           @ DW_AT_decl_line
	.byte	21                              @ Abbrev [21] 0x2eaf:0xe DW_TAG_member
	.long	.Linfo_string289                @ DW_AT_name
	.long	3581                            @ DW_AT_type
	.byte	3                               @ DW_AT_decl_file
	.short	10868                           @ DW_AT_decl_line
	.byte	32                              @ DW_AT_bit_size
	.byte	0                               @ DW_AT_data_bit_offset
	.byte	0                               @ End Of Children Mark
	.byte	15                              @ Abbrev [15] 0x2ebe:0xd DW_TAG_member
	.long	.Linfo_string35                 @ DW_AT_name
	.long	3581                            @ DW_AT_type
	.byte	3                               @ DW_AT_decl_file
	.short	10870                           @ DW_AT_decl_line
	.byte	0                               @ DW_AT_data_member_location
	.byte	0                               @ End Of Children Mark
	.byte	0                               @ End Of Children Mark
	.byte	17                              @ Abbrev [17] 0x2ecd:0x43 DW_TAG_structure_type
	.long	.Linfo_string383                @ DW_AT_name
	.byte	4                               @ DW_AT_byte_size
	.byte	3                               @ DW_AT_decl_file
	.short	10923                           @ DW_AT_decl_line
	.byte	18                              @ Abbrev [18] 0x2ed6:0x9 DW_TAG_member
	.long	11999                           @ DW_AT_type
	.byte	3                               @ DW_AT_decl_file
	.short	10926                           @ DW_AT_decl_line
	.byte	0                               @ DW_AT_data_member_location
	.byte	19                              @ Abbrev [19] 0x2edf:0x30 DW_TAG_union_type
	.byte	4                               @ DW_AT_byte_size
	.byte	3                               @ DW_AT_decl_file
	.short	10926                           @ DW_AT_decl_line
	.byte	18                              @ Abbrev [18] 0x2ee4:0x9 DW_TAG_member
	.long	12013                           @ DW_AT_type
	.byte	3                               @ DW_AT_decl_file
	.short	10928                           @ DW_AT_decl_line
	.byte	0                               @ DW_AT_data_member_location
	.byte	20                              @ Abbrev [20] 0x2eed:0x14 DW_TAG_structure_type
	.byte	4                               @ DW_AT_byte_size
	.byte	3                               @ DW_AT_decl_file
	.short	10928                           @ DW_AT_decl_line
	.byte	21                              @ Abbrev [21] 0x2ef2:0xe DW_TAG_member
	.long	.Linfo_string289                @ DW_AT_name
	.long	3581                            @ DW_AT_type
	.byte	3                               @ DW_AT_decl_file
	.short	10930                           @ DW_AT_decl_line
	.byte	32                              @ DW_AT_bit_size
	.byte	0                               @ DW_AT_data_bit_offset
	.byte	0                               @ End Of Children Mark
	.byte	15                              @ Abbrev [15] 0x2f01:0xd DW_TAG_member
	.long	.Linfo_string35                 @ DW_AT_name
	.long	3581                            @ DW_AT_type
	.byte	3                               @ DW_AT_decl_file
	.short	10932                           @ DW_AT_decl_line
	.byte	0                               @ DW_AT_data_member_location
	.byte	0                               @ End Of Children Mark
	.byte	0                               @ End Of Children Mark
	.byte	17                              @ Abbrev [17] 0x2f10:0x43 DW_TAG_structure_type
	.long	.Linfo_string385                @ DW_AT_name
	.byte	4                               @ DW_AT_byte_size
	.byte	3                               @ DW_AT_decl_file
	.short	10985                           @ DW_AT_decl_line
	.byte	18                              @ Abbrev [18] 0x2f19:0x9 DW_TAG_member
	.long	12066                           @ DW_AT_type
	.byte	3                               @ DW_AT_decl_file
	.short	10988                           @ DW_AT_decl_line
	.byte	0                               @ DW_AT_data_member_location
	.byte	19                              @ Abbrev [19] 0x2f22:0x30 DW_TAG_union_type
	.byte	4                               @ DW_AT_byte_size
	.byte	3                               @ DW_AT_decl_file
	.short	10988                           @ DW_AT_decl_line
	.byte	18                              @ Abbrev [18] 0x2f27:0x9 DW_TAG_member
	.long	12080                           @ DW_AT_type
	.byte	3                               @ DW_AT_decl_file
	.short	10990                           @ DW_AT_decl_line
	.byte	0                               @ DW_AT_data_member_location
	.byte	20                              @ Abbrev [20] 0x2f30:0x14 DW_TAG_structure_type
	.byte	4                               @ DW_AT_byte_size
	.byte	3                               @ DW_AT_decl_file
	.short	10990                           @ DW_AT_decl_line
	.byte	21                              @ Abbrev [21] 0x2f35:0xe DW_TAG_member
	.long	.Linfo_string289                @ DW_AT_name
	.long	3581                            @ DW_AT_type
	.byte	3                               @ DW_AT_decl_file
	.short	10992                           @ DW_AT_decl_line
	.byte	32                              @ DW_AT_bit_size
	.byte	0                               @ DW_AT_data_bit_offset
	.byte	0                               @ End Of Children Mark
	.byte	15                              @ Abbrev [15] 0x2f44:0xd DW_TAG_member
	.long	.Linfo_string35                 @ DW_AT_name
	.long	3581                            @ DW_AT_type
	.byte	3                               @ DW_AT_decl_file
	.short	10994                           @ DW_AT_decl_line
	.byte	0                               @ DW_AT_data_member_location
	.byte	0                               @ End Of Children Mark
	.byte	0                               @ End Of Children Mark
	.byte	17                              @ Abbrev [17] 0x2f53:0x43 DW_TAG_structure_type
	.long	.Linfo_string387                @ DW_AT_name
	.byte	4                               @ DW_AT_byte_size
	.byte	3                               @ DW_AT_decl_file
	.short	11047                           @ DW_AT_decl_line
	.byte	18                              @ Abbrev [18] 0x2f5c:0x9 DW_TAG_member
	.long	12133                           @ DW_AT_type
	.byte	3                               @ DW_AT_decl_file
	.short	11050                           @ DW_AT_decl_line
	.byte	0                               @ DW_AT_data_member_location
	.byte	19                              @ Abbrev [19] 0x2f65:0x30 DW_TAG_union_type
	.byte	4                               @ DW_AT_byte_size
	.byte	3                               @ DW_AT_decl_file
	.short	11050                           @ DW_AT_decl_line
	.byte	18                              @ Abbrev [18] 0x2f6a:0x9 DW_TAG_member
	.long	12147                           @ DW_AT_type
	.byte	3                               @ DW_AT_decl_file
	.short	11052                           @ DW_AT_decl_line
	.byte	0                               @ DW_AT_data_member_location
	.byte	20                              @ Abbrev [20] 0x2f73:0x14 DW_TAG_structure_type
	.byte	4                               @ DW_AT_byte_size
	.byte	3                               @ DW_AT_decl_file
	.short	11052                           @ DW_AT_decl_line
	.byte	21                              @ Abbrev [21] 0x2f78:0xe DW_TAG_member
	.long	.Linfo_string289                @ DW_AT_name
	.long	3581                            @ DW_AT_type
	.byte	3                               @ DW_AT_decl_file
	.short	11054                           @ DW_AT_decl_line
	.byte	32                              @ DW_AT_bit_size
	.byte	0                               @ DW_AT_data_bit_offset
	.byte	0                               @ End Of Children Mark
	.byte	15                              @ Abbrev [15] 0x2f87:0xd DW_TAG_member
	.long	.Linfo_string35                 @ DW_AT_name
	.long	3581                            @ DW_AT_type
	.byte	3                               @ DW_AT_decl_file
	.short	11056                           @ DW_AT_decl_line
	.byte	0                               @ DW_AT_data_member_location
	.byte	0                               @ End Of Children Mark
	.byte	0                               @ End Of Children Mark
	.byte	17                              @ Abbrev [17] 0x2f96:0x43 DW_TAG_structure_type
	.long	.Linfo_string390                @ DW_AT_name
	.byte	4                               @ DW_AT_byte_size
	.byte	3                               @ DW_AT_decl_file
	.short	11109                           @ DW_AT_decl_line
	.byte	18                              @ Abbrev [18] 0x2f9f:0x9 DW_TAG_member
	.long	12200                           @ DW_AT_type
	.byte	3                               @ DW_AT_decl_file
	.short	11112                           @ DW_AT_decl_line
	.byte	0                               @ DW_AT_data_member_location
	.byte	19                              @ Abbrev [19] 0x2fa8:0x30 DW_TAG_union_type
	.byte	4                               @ DW_AT_byte_size
	.byte	3                               @ DW_AT_decl_file
	.short	11112                           @ DW_AT_decl_line
	.byte	18                              @ Abbrev [18] 0x2fad:0x9 DW_TAG_member
	.long	12214                           @ DW_AT_type
	.byte	3                               @ DW_AT_decl_file
	.short	11114                           @ DW_AT_decl_line
	.byte	0                               @ DW_AT_data_member_location
	.byte	20                              @ Abbrev [20] 0x2fb6:0x14 DW_TAG_structure_type
	.byte	4                               @ DW_AT_byte_size
	.byte	3                               @ DW_AT_decl_file
	.short	11114                           @ DW_AT_decl_line
	.byte	21                              @ Abbrev [21] 0x2fbb:0xe DW_TAG_member
	.long	.Linfo_string289                @ DW_AT_name
	.long	3581                            @ DW_AT_type
	.byte	3                               @ DW_AT_decl_file
	.short	11116                           @ DW_AT_decl_line
	.byte	32                              @ DW_AT_bit_size
	.byte	0                               @ DW_AT_data_bit_offset
	.byte	0                               @ End Of Children Mark
	.byte	15                              @ Abbrev [15] 0x2fca:0xd DW_TAG_member
	.long	.Linfo_string35                 @ DW_AT_name
	.long	3581                            @ DW_AT_type
	.byte	3                               @ DW_AT_decl_file
	.short	11118                           @ DW_AT_decl_line
	.byte	0                               @ DW_AT_data_member_location
	.byte	0                               @ End Of Children Mark
	.byte	0                               @ End Of Children Mark
	.byte	17                              @ Abbrev [17] 0x2fd9:0x43 DW_TAG_structure_type
	.long	.Linfo_string393                @ DW_AT_name
	.byte	4                               @ DW_AT_byte_size
	.byte	3                               @ DW_AT_decl_file
	.short	11171                           @ DW_AT_decl_line
	.byte	18                              @ Abbrev [18] 0x2fe2:0x9 DW_TAG_member
	.long	12267                           @ DW_AT_type
	.byte	3                               @ DW_AT_decl_file
	.short	11174                           @ DW_AT_decl_line
	.byte	0                               @ DW_AT_data_member_location
	.byte	19                              @ Abbrev [19] 0x2feb:0x30 DW_TAG_union_type
	.byte	4                               @ DW_AT_byte_size
	.byte	3                               @ DW_AT_decl_file
	.short	11174                           @ DW_AT_decl_line
	.byte	18                              @ Abbrev [18] 0x2ff0:0x9 DW_TAG_member
	.long	12281                           @ DW_AT_type
	.byte	3                               @ DW_AT_decl_file
	.short	11176                           @ DW_AT_decl_line
	.byte	0                               @ DW_AT_data_member_location
	.byte	20                              @ Abbrev [20] 0x2ff9:0x14 DW_TAG_structure_type
	.byte	4                               @ DW_AT_byte_size
	.byte	3                               @ DW_AT_decl_file
	.short	11176                           @ DW_AT_decl_line
	.byte	21                              @ Abbrev [21] 0x2ffe:0xe DW_TAG_member
	.long	.Linfo_string289                @ DW_AT_name
	.long	3581                            @ DW_AT_type
	.byte	3                               @ DW_AT_decl_file
	.short	11178                           @ DW_AT_decl_line
	.byte	32                              @ DW_AT_bit_size
	.byte	0                               @ DW_AT_data_bit_offset
	.byte	0                               @ End Of Children Mark
	.byte	15                              @ Abbrev [15] 0x300d:0xd DW_TAG_member
	.long	.Linfo_string35                 @ DW_AT_name
	.long	3581                            @ DW_AT_type
	.byte	3                               @ DW_AT_decl_file
	.short	11180                           @ DW_AT_decl_line
	.byte	0                               @ DW_AT_data_member_location
	.byte	0                               @ End Of Children Mark
	.byte	0                               @ End Of Children Mark
	.byte	17                              @ Abbrev [17] 0x301c:0x43 DW_TAG_structure_type
	.long	.Linfo_string395                @ DW_AT_name
	.byte	4                               @ DW_AT_byte_size
	.byte	3                               @ DW_AT_decl_file
	.short	11233                           @ DW_AT_decl_line
	.byte	18                              @ Abbrev [18] 0x3025:0x9 DW_TAG_member
	.long	12334                           @ DW_AT_type
	.byte	3                               @ DW_AT_decl_file
	.short	11236                           @ DW_AT_decl_line
	.byte	0                               @ DW_AT_data_member_location
	.byte	19                              @ Abbrev [19] 0x302e:0x30 DW_TAG_union_type
	.byte	4                               @ DW_AT_byte_size
	.byte	3                               @ DW_AT_decl_file
	.short	11236                           @ DW_AT_decl_line
	.byte	18                              @ Abbrev [18] 0x3033:0x9 DW_TAG_member
	.long	12348                           @ DW_AT_type
	.byte	3                               @ DW_AT_decl_file
	.short	11238                           @ DW_AT_decl_line
	.byte	0                               @ DW_AT_data_member_location
	.byte	20                              @ Abbrev [20] 0x303c:0x14 DW_TAG_structure_type
	.byte	4                               @ DW_AT_byte_size
	.byte	3                               @ DW_AT_decl_file
	.short	11238                           @ DW_AT_decl_line
	.byte	21                              @ Abbrev [21] 0x3041:0xe DW_TAG_member
	.long	.Linfo_string289                @ DW_AT_name
	.long	3581                            @ DW_AT_type
	.byte	3                               @ DW_AT_decl_file
	.short	11240                           @ DW_AT_decl_line
	.byte	32                              @ DW_AT_bit_size
	.byte	0                               @ DW_AT_data_bit_offset
	.byte	0                               @ End Of Children Mark
	.byte	15                              @ Abbrev [15] 0x3050:0xd DW_TAG_member
	.long	.Linfo_string35                 @ DW_AT_name
	.long	3581                            @ DW_AT_type
	.byte	3                               @ DW_AT_decl_file
	.short	11242                           @ DW_AT_decl_line
	.byte	0                               @ DW_AT_data_member_location
	.byte	0                               @ End Of Children Mark
	.byte	0                               @ End Of Children Mark
	.byte	17                              @ Abbrev [17] 0x305f:0x43 DW_TAG_structure_type
	.long	.Linfo_string397                @ DW_AT_name
	.byte	4                               @ DW_AT_byte_size
	.byte	3                               @ DW_AT_decl_file
	.short	11295                           @ DW_AT_decl_line
	.byte	18                              @ Abbrev [18] 0x3068:0x9 DW_TAG_member
	.long	12401                           @ DW_AT_type
	.byte	3                               @ DW_AT_decl_file
	.short	11298                           @ DW_AT_decl_line
	.byte	0                               @ DW_AT_data_member_location
	.byte	19                              @ Abbrev [19] 0x3071:0x30 DW_TAG_union_type
	.byte	4                               @ DW_AT_byte_size
	.byte	3                               @ DW_AT_decl_file
	.short	11298                           @ DW_AT_decl_line
	.byte	18                              @ Abbrev [18] 0x3076:0x9 DW_TAG_member
	.long	12415                           @ DW_AT_type
	.byte	3                               @ DW_AT_decl_file
	.short	11300                           @ DW_AT_decl_line
	.byte	0                               @ DW_AT_data_member_location
	.byte	20                              @ Abbrev [20] 0x307f:0x14 DW_TAG_structure_type
	.byte	4                               @ DW_AT_byte_size
	.byte	3                               @ DW_AT_decl_file
	.short	11300                           @ DW_AT_decl_line
	.byte	21                              @ Abbrev [21] 0x3084:0xe DW_TAG_member
	.long	.Linfo_string289                @ DW_AT_name
	.long	3581                            @ DW_AT_type
	.byte	3                               @ DW_AT_decl_file
	.short	11302                           @ DW_AT_decl_line
	.byte	32                              @ DW_AT_bit_size
	.byte	0                               @ DW_AT_data_bit_offset
	.byte	0                               @ End Of Children Mark
	.byte	15                              @ Abbrev [15] 0x3093:0xd DW_TAG_member
	.long	.Linfo_string35                 @ DW_AT_name
	.long	3581                            @ DW_AT_type
	.byte	3                               @ DW_AT_decl_file
	.short	11304                           @ DW_AT_decl_line
	.byte	0                               @ DW_AT_data_member_location
	.byte	0                               @ End Of Children Mark
	.byte	0                               @ End Of Children Mark
	.byte	17                              @ Abbrev [17] 0x30a2:0x43 DW_TAG_structure_type
	.long	.Linfo_string399                @ DW_AT_name
	.byte	4                               @ DW_AT_byte_size
	.byte	3                               @ DW_AT_decl_file
	.short	11357                           @ DW_AT_decl_line
	.byte	18                              @ Abbrev [18] 0x30ab:0x9 DW_TAG_member
	.long	12468                           @ DW_AT_type
	.byte	3                               @ DW_AT_decl_file
	.short	11360                           @ DW_AT_decl_line
	.byte	0                               @ DW_AT_data_member_location
	.byte	19                              @ Abbrev [19] 0x30b4:0x30 DW_TAG_union_type
	.byte	4                               @ DW_AT_byte_size
	.byte	3                               @ DW_AT_decl_file
	.short	11360                           @ DW_AT_decl_line
	.byte	18                              @ Abbrev [18] 0x30b9:0x9 DW_TAG_member
	.long	12482                           @ DW_AT_type
	.byte	3                               @ DW_AT_decl_file
	.short	11362                           @ DW_AT_decl_line
	.byte	0                               @ DW_AT_data_member_location
	.byte	20                              @ Abbrev [20] 0x30c2:0x14 DW_TAG_structure_type
	.byte	4                               @ DW_AT_byte_size
	.byte	3                               @ DW_AT_decl_file
	.short	11362                           @ DW_AT_decl_line
	.byte	21                              @ Abbrev [21] 0x30c7:0xe DW_TAG_member
	.long	.Linfo_string289                @ DW_AT_name
	.long	3581                            @ DW_AT_type
	.byte	3                               @ DW_AT_decl_file
	.short	11364                           @ DW_AT_decl_line
	.byte	32                              @ DW_AT_bit_size
	.byte	0                               @ DW_AT_data_bit_offset
	.byte	0                               @ End Of Children Mark
	.byte	15                              @ Abbrev [15] 0x30d6:0xd DW_TAG_member
	.long	.Linfo_string35                 @ DW_AT_name
	.long	3581                            @ DW_AT_type
	.byte	3                               @ DW_AT_decl_file
	.short	11366                           @ DW_AT_decl_line
	.byte	0                               @ DW_AT_data_member_location
	.byte	0                               @ End Of Children Mark
	.byte	0                               @ End Of Children Mark
	.byte	17                              @ Abbrev [17] 0x30e5:0x43 DW_TAG_structure_type
	.long	.Linfo_string401                @ DW_AT_name
	.byte	4                               @ DW_AT_byte_size
	.byte	3                               @ DW_AT_decl_file
	.short	11419                           @ DW_AT_decl_line
	.byte	18                              @ Abbrev [18] 0x30ee:0x9 DW_TAG_member
	.long	12535                           @ DW_AT_type
	.byte	3                               @ DW_AT_decl_file
	.short	11422                           @ DW_AT_decl_line
	.byte	0                               @ DW_AT_data_member_location
	.byte	19                              @ Abbrev [19] 0x30f7:0x30 DW_TAG_union_type
	.byte	4                               @ DW_AT_byte_size
	.byte	3                               @ DW_AT_decl_file
	.short	11422                           @ DW_AT_decl_line
	.byte	18                              @ Abbrev [18] 0x30fc:0x9 DW_TAG_member
	.long	12549                           @ DW_AT_type
	.byte	3                               @ DW_AT_decl_file
	.short	11424                           @ DW_AT_decl_line
	.byte	0                               @ DW_AT_data_member_location
	.byte	20                              @ Abbrev [20] 0x3105:0x14 DW_TAG_structure_type
	.byte	4                               @ DW_AT_byte_size
	.byte	3                               @ DW_AT_decl_file
	.short	11424                           @ DW_AT_decl_line
	.byte	21                              @ Abbrev [21] 0x310a:0xe DW_TAG_member
	.long	.Linfo_string289                @ DW_AT_name
	.long	3581                            @ DW_AT_type
	.byte	3                               @ DW_AT_decl_file
	.short	11426                           @ DW_AT_decl_line
	.byte	32                              @ DW_AT_bit_size
	.byte	0                               @ DW_AT_data_bit_offset
	.byte	0                               @ End Of Children Mark
	.byte	15                              @ Abbrev [15] 0x3119:0xd DW_TAG_member
	.long	.Linfo_string35                 @ DW_AT_name
	.long	3581                            @ DW_AT_type
	.byte	3                               @ DW_AT_decl_file
	.short	11428                           @ DW_AT_decl_line
	.byte	0                               @ DW_AT_data_member_location
	.byte	0                               @ End Of Children Mark
	.byte	0                               @ End Of Children Mark
	.byte	17                              @ Abbrev [17] 0x3128:0x43 DW_TAG_structure_type
	.long	.Linfo_string403                @ DW_AT_name
	.byte	4                               @ DW_AT_byte_size
	.byte	3                               @ DW_AT_decl_file
	.short	11481                           @ DW_AT_decl_line
	.byte	18                              @ Abbrev [18] 0x3131:0x9 DW_TAG_member
	.long	12602                           @ DW_AT_type
	.byte	3                               @ DW_AT_decl_file
	.short	11484                           @ DW_AT_decl_line
	.byte	0                               @ DW_AT_data_member_location
	.byte	19                              @ Abbrev [19] 0x313a:0x30 DW_TAG_union_type
	.byte	4                               @ DW_AT_byte_size
	.byte	3                               @ DW_AT_decl_file
	.short	11484                           @ DW_AT_decl_line
	.byte	18                              @ Abbrev [18] 0x313f:0x9 DW_TAG_member
	.long	12616                           @ DW_AT_type
	.byte	3                               @ DW_AT_decl_file
	.short	11486                           @ DW_AT_decl_line
	.byte	0                               @ DW_AT_data_member_location
	.byte	20                              @ Abbrev [20] 0x3148:0x14 DW_TAG_structure_type
	.byte	4                               @ DW_AT_byte_size
	.byte	3                               @ DW_AT_decl_file
	.short	11486                           @ DW_AT_decl_line
	.byte	21                              @ Abbrev [21] 0x314d:0xe DW_TAG_member
	.long	.Linfo_string289                @ DW_AT_name
	.long	3581                            @ DW_AT_type
	.byte	3                               @ DW_AT_decl_file
	.short	11488                           @ DW_AT_decl_line
	.byte	32                              @ DW_AT_bit_size
	.byte	0                               @ DW_AT_data_bit_offset
	.byte	0                               @ End Of Children Mark
	.byte	15                              @ Abbrev [15] 0x315c:0xd DW_TAG_member
	.long	.Linfo_string35                 @ DW_AT_name
	.long	3581                            @ DW_AT_type
	.byte	3                               @ DW_AT_decl_file
	.short	11490                           @ DW_AT_decl_line
	.byte	0                               @ DW_AT_data_member_location
	.byte	0                               @ End Of Children Mark
	.byte	0                               @ End Of Children Mark
	.byte	17                              @ Abbrev [17] 0x316b:0x43 DW_TAG_structure_type
	.long	.Linfo_string405                @ DW_AT_name
	.byte	4                               @ DW_AT_byte_size
	.byte	3                               @ DW_AT_decl_file
	.short	11543                           @ DW_AT_decl_line
	.byte	18                              @ Abbrev [18] 0x3174:0x9 DW_TAG_member
	.long	12669                           @ DW_AT_type
	.byte	3                               @ DW_AT_decl_file
	.short	11546                           @ DW_AT_decl_line
	.byte	0                               @ DW_AT_data_member_location
	.byte	19                              @ Abbrev [19] 0x317d:0x30 DW_TAG_union_type
	.byte	4                               @ DW_AT_byte_size
	.byte	3                               @ DW_AT_decl_file
	.short	11546                           @ DW_AT_decl_line
	.byte	18                              @ Abbrev [18] 0x3182:0x9 DW_TAG_member
	.long	12683                           @ DW_AT_type
	.byte	3                               @ DW_AT_decl_file
	.short	11548                           @ DW_AT_decl_line
	.byte	0                               @ DW_AT_data_member_location
	.byte	20                              @ Abbrev [20] 0x318b:0x14 DW_TAG_structure_type
	.byte	4                               @ DW_AT_byte_size
	.byte	3                               @ DW_AT_decl_file
	.short	11548                           @ DW_AT_decl_line
	.byte	21                              @ Abbrev [21] 0x3190:0xe DW_TAG_member
	.long	.Linfo_string289                @ DW_AT_name
	.long	3581                            @ DW_AT_type
	.byte	3                               @ DW_AT_decl_file
	.short	11550                           @ DW_AT_decl_line
	.byte	32                              @ DW_AT_bit_size
	.byte	0                               @ DW_AT_data_bit_offset
	.byte	0                               @ End Of Children Mark
	.byte	15                              @ Abbrev [15] 0x319f:0xd DW_TAG_member
	.long	.Linfo_string35                 @ DW_AT_name
	.long	3581                            @ DW_AT_type
	.byte	3                               @ DW_AT_decl_file
	.short	11552                           @ DW_AT_decl_line
	.byte	0                               @ DW_AT_data_member_location
	.byte	0                               @ End Of Children Mark
	.byte	0                               @ End Of Children Mark
	.byte	17                              @ Abbrev [17] 0x31ae:0x43 DW_TAG_structure_type
	.long	.Linfo_string407                @ DW_AT_name
	.byte	4                               @ DW_AT_byte_size
	.byte	3                               @ DW_AT_decl_file
	.short	11605                           @ DW_AT_decl_line
	.byte	18                              @ Abbrev [18] 0x31b7:0x9 DW_TAG_member
	.long	12736                           @ DW_AT_type
	.byte	3                               @ DW_AT_decl_file
	.short	11608                           @ DW_AT_decl_line
	.byte	0                               @ DW_AT_data_member_location
	.byte	19                              @ Abbrev [19] 0x31c0:0x30 DW_TAG_union_type
	.byte	4                               @ DW_AT_byte_size
	.byte	3                               @ DW_AT_decl_file
	.short	11608                           @ DW_AT_decl_line
	.byte	18                              @ Abbrev [18] 0x31c5:0x9 DW_TAG_member
	.long	12750                           @ DW_AT_type
	.byte	3                               @ DW_AT_decl_file
	.short	11610                           @ DW_AT_decl_line
	.byte	0                               @ DW_AT_data_member_location
	.byte	20                              @ Abbrev [20] 0x31ce:0x14 DW_TAG_structure_type
	.byte	4                               @ DW_AT_byte_size
	.byte	3                               @ DW_AT_decl_file
	.short	11610                           @ DW_AT_decl_line
	.byte	21                              @ Abbrev [21] 0x31d3:0xe DW_TAG_member
	.long	.Linfo_string289                @ DW_AT_name
	.long	3581                            @ DW_AT_type
	.byte	3                               @ DW_AT_decl_file
	.short	11612                           @ DW_AT_decl_line
	.byte	32                              @ DW_AT_bit_size
	.byte	0                               @ DW_AT_data_bit_offset
	.byte	0                               @ End Of Children Mark
	.byte	15                              @ Abbrev [15] 0x31e2:0xd DW_TAG_member
	.long	.Linfo_string35                 @ DW_AT_name
	.long	3581                            @ DW_AT_type
	.byte	3                               @ DW_AT_decl_file
	.short	11614                           @ DW_AT_decl_line
	.byte	0                               @ DW_AT_data_member_location
	.byte	0                               @ End Of Children Mark
	.byte	0                               @ End Of Children Mark
	.byte	17                              @ Abbrev [17] 0x31f1:0x43 DW_TAG_structure_type
	.long	.Linfo_string410                @ DW_AT_name
	.byte	4                               @ DW_AT_byte_size
	.byte	3                               @ DW_AT_decl_file
	.short	11667                           @ DW_AT_decl_line
	.byte	18                              @ Abbrev [18] 0x31fa:0x9 DW_TAG_member
	.long	12803                           @ DW_AT_type
	.byte	3                               @ DW_AT_decl_file
	.short	11670                           @ DW_AT_decl_line
	.byte	0                               @ DW_AT_data_member_location
	.byte	19                              @ Abbrev [19] 0x3203:0x30 DW_TAG_union_type
	.byte	4                               @ DW_AT_byte_size
	.byte	3                               @ DW_AT_decl_file
	.short	11670                           @ DW_AT_decl_line
	.byte	18                              @ Abbrev [18] 0x3208:0x9 DW_TAG_member
	.long	12817                           @ DW_AT_type
	.byte	3                               @ DW_AT_decl_file
	.short	11672                           @ DW_AT_decl_line
	.byte	0                               @ DW_AT_data_member_location
	.byte	20                              @ Abbrev [20] 0x3211:0x14 DW_TAG_structure_type
	.byte	4                               @ DW_AT_byte_size
	.byte	3                               @ DW_AT_decl_file
	.short	11672                           @ DW_AT_decl_line
	.byte	21                              @ Abbrev [21] 0x3216:0xe DW_TAG_member
	.long	.Linfo_string289                @ DW_AT_name
	.long	3581                            @ DW_AT_type
	.byte	3                               @ DW_AT_decl_file
	.short	11674                           @ DW_AT_decl_line
	.byte	32                              @ DW_AT_bit_size
	.byte	0                               @ DW_AT_data_bit_offset
	.byte	0                               @ End Of Children Mark
	.byte	15                              @ Abbrev [15] 0x3225:0xd DW_TAG_member
	.long	.Linfo_string35                 @ DW_AT_name
	.long	3581                            @ DW_AT_type
	.byte	3                               @ DW_AT_decl_file
	.short	11676                           @ DW_AT_decl_line
	.byte	0                               @ DW_AT_data_member_location
	.byte	0                               @ End Of Children Mark
	.byte	0                               @ End Of Children Mark
	.byte	17                              @ Abbrev [17] 0x3234:0x43 DW_TAG_structure_type
	.long	.Linfo_string412                @ DW_AT_name
	.byte	4                               @ DW_AT_byte_size
	.byte	3                               @ DW_AT_decl_file
	.short	11729                           @ DW_AT_decl_line
	.byte	18                              @ Abbrev [18] 0x323d:0x9 DW_TAG_member
	.long	12870                           @ DW_AT_type
	.byte	3                               @ DW_AT_decl_file
	.short	11732                           @ DW_AT_decl_line
	.byte	0                               @ DW_AT_data_member_location
	.byte	19                              @ Abbrev [19] 0x3246:0x30 DW_TAG_union_type
	.byte	4                               @ DW_AT_byte_size
	.byte	3                               @ DW_AT_decl_file
	.short	11732                           @ DW_AT_decl_line
	.byte	18                              @ Abbrev [18] 0x324b:0x9 DW_TAG_member
	.long	12884                           @ DW_AT_type
	.byte	3                               @ DW_AT_decl_file
	.short	11734                           @ DW_AT_decl_line
	.byte	0                               @ DW_AT_data_member_location
	.byte	20                              @ Abbrev [20] 0x3254:0x14 DW_TAG_structure_type
	.byte	4                               @ DW_AT_byte_size
	.byte	3                               @ DW_AT_decl_file
	.short	11734                           @ DW_AT_decl_line
	.byte	21                              @ Abbrev [21] 0x3259:0xe DW_TAG_member
	.long	.Linfo_string289                @ DW_AT_name
	.long	3581                            @ DW_AT_type
	.byte	3                               @ DW_AT_decl_file
	.short	11736                           @ DW_AT_decl_line
	.byte	32                              @ DW_AT_bit_size
	.byte	0                               @ DW_AT_data_bit_offset
	.byte	0                               @ End Of Children Mark
	.byte	15                              @ Abbrev [15] 0x3268:0xd DW_TAG_member
	.long	.Linfo_string35                 @ DW_AT_name
	.long	3581                            @ DW_AT_type
	.byte	3                               @ DW_AT_decl_file
	.short	11738                           @ DW_AT_decl_line
	.byte	0                               @ DW_AT_data_member_location
	.byte	0                               @ End Of Children Mark
	.byte	0                               @ End Of Children Mark
	.byte	17                              @ Abbrev [17] 0x3277:0x43 DW_TAG_structure_type
	.long	.Linfo_string414                @ DW_AT_name
	.byte	4                               @ DW_AT_byte_size
	.byte	3                               @ DW_AT_decl_file
	.short	11791                           @ DW_AT_decl_line
	.byte	18                              @ Abbrev [18] 0x3280:0x9 DW_TAG_member
	.long	12937                           @ DW_AT_type
	.byte	3                               @ DW_AT_decl_file
	.short	11794                           @ DW_AT_decl_line
	.byte	0                               @ DW_AT_data_member_location
	.byte	19                              @ Abbrev [19] 0x3289:0x30 DW_TAG_union_type
	.byte	4                               @ DW_AT_byte_size
	.byte	3                               @ DW_AT_decl_file
	.short	11794                           @ DW_AT_decl_line
	.byte	18                              @ Abbrev [18] 0x328e:0x9 DW_TAG_member
	.long	12951                           @ DW_AT_type
	.byte	3                               @ DW_AT_decl_file
	.short	11796                           @ DW_AT_decl_line
	.byte	0                               @ DW_AT_data_member_location
	.byte	20                              @ Abbrev [20] 0x3297:0x14 DW_TAG_structure_type
	.byte	4                               @ DW_AT_byte_size
	.byte	3                               @ DW_AT_decl_file
	.short	11796                           @ DW_AT_decl_line
	.byte	21                              @ Abbrev [21] 0x329c:0xe DW_TAG_member
	.long	.Linfo_string289                @ DW_AT_name
	.long	3581                            @ DW_AT_type
	.byte	3                               @ DW_AT_decl_file
	.short	11798                           @ DW_AT_decl_line
	.byte	32                              @ DW_AT_bit_size
	.byte	0                               @ DW_AT_data_bit_offset
	.byte	0                               @ End Of Children Mark
	.byte	15                              @ Abbrev [15] 0x32ab:0xd DW_TAG_member
	.long	.Linfo_string35                 @ DW_AT_name
	.long	3581                            @ DW_AT_type
	.byte	3                               @ DW_AT_decl_file
	.short	11800                           @ DW_AT_decl_line
	.byte	0                               @ DW_AT_data_member_location
	.byte	0                               @ End Of Children Mark
	.byte	0                               @ End Of Children Mark
	.byte	17                              @ Abbrev [17] 0x32ba:0x43 DW_TAG_structure_type
	.long	.Linfo_string417                @ DW_AT_name
	.byte	4                               @ DW_AT_byte_size
	.byte	3                               @ DW_AT_decl_file
	.short	11853                           @ DW_AT_decl_line
	.byte	18                              @ Abbrev [18] 0x32c3:0x9 DW_TAG_member
	.long	13004                           @ DW_AT_type
	.byte	3                               @ DW_AT_decl_file
	.short	11856                           @ DW_AT_decl_line
	.byte	0                               @ DW_AT_data_member_location
	.byte	19                              @ Abbrev [19] 0x32cc:0x30 DW_TAG_union_type
	.byte	4                               @ DW_AT_byte_size
	.byte	3                               @ DW_AT_decl_file
	.short	11856                           @ DW_AT_decl_line
	.byte	18                              @ Abbrev [18] 0x32d1:0x9 DW_TAG_member
	.long	13018                           @ DW_AT_type
	.byte	3                               @ DW_AT_decl_file
	.short	11858                           @ DW_AT_decl_line
	.byte	0                               @ DW_AT_data_member_location
	.byte	20                              @ Abbrev [20] 0x32da:0x14 DW_TAG_structure_type
	.byte	4                               @ DW_AT_byte_size
	.byte	3                               @ DW_AT_decl_file
	.short	11858                           @ DW_AT_decl_line
	.byte	21                              @ Abbrev [21] 0x32df:0xe DW_TAG_member
	.long	.Linfo_string289                @ DW_AT_name
	.long	3581                            @ DW_AT_type
	.byte	3                               @ DW_AT_decl_file
	.short	11860                           @ DW_AT_decl_line
	.byte	32                              @ DW_AT_bit_size
	.byte	0                               @ DW_AT_data_bit_offset
	.byte	0                               @ End Of Children Mark
	.byte	15                              @ Abbrev [15] 0x32ee:0xd DW_TAG_member
	.long	.Linfo_string35                 @ DW_AT_name
	.long	3581                            @ DW_AT_type
	.byte	3                               @ DW_AT_decl_file
	.short	11862                           @ DW_AT_decl_line
	.byte	0                               @ DW_AT_data_member_location
	.byte	0                               @ End Of Children Mark
	.byte	0                               @ End Of Children Mark
	.byte	17                              @ Abbrev [17] 0x32fd:0x43 DW_TAG_structure_type
	.long	.Linfo_string419                @ DW_AT_name
	.byte	4                               @ DW_AT_byte_size
	.byte	3                               @ DW_AT_decl_file
	.short	11915                           @ DW_AT_decl_line
	.byte	18                              @ Abbrev [18] 0x3306:0x9 DW_TAG_member
	.long	13071                           @ DW_AT_type
	.byte	3                               @ DW_AT_decl_file
	.short	11918                           @ DW_AT_decl_line
	.byte	0                               @ DW_AT_data_member_location
	.byte	19                              @ Abbrev [19] 0x330f:0x30 DW_TAG_union_type
	.byte	4                               @ DW_AT_byte_size
	.byte	3                               @ DW_AT_decl_file
	.short	11918                           @ DW_AT_decl_line
	.byte	18                              @ Abbrev [18] 0x3314:0x9 DW_TAG_member
	.long	13085                           @ DW_AT_type
	.byte	3                               @ DW_AT_decl_file
	.short	11920                           @ DW_AT_decl_line
	.byte	0                               @ DW_AT_data_member_location
	.byte	20                              @ Abbrev [20] 0x331d:0x14 DW_TAG_structure_type
	.byte	4                               @ DW_AT_byte_size
	.byte	3                               @ DW_AT_decl_file
	.short	11920                           @ DW_AT_decl_line
	.byte	21                              @ Abbrev [21] 0x3322:0xe DW_TAG_member
	.long	.Linfo_string289                @ DW_AT_name
	.long	3581                            @ DW_AT_type
	.byte	3                               @ DW_AT_decl_file
	.short	11922                           @ DW_AT_decl_line
	.byte	32                              @ DW_AT_bit_size
	.byte	0                               @ DW_AT_data_bit_offset
	.byte	0                               @ End Of Children Mark
	.byte	15                              @ Abbrev [15] 0x3331:0xd DW_TAG_member
	.long	.Linfo_string35                 @ DW_AT_name
	.long	3581                            @ DW_AT_type
	.byte	3                               @ DW_AT_decl_file
	.short	11924                           @ DW_AT_decl_line
	.byte	0                               @ DW_AT_data_member_location
	.byte	0                               @ End Of Children Mark
	.byte	0                               @ End Of Children Mark
	.byte	17                              @ Abbrev [17] 0x3340:0x43 DW_TAG_structure_type
	.long	.Linfo_string421                @ DW_AT_name
	.byte	4                               @ DW_AT_byte_size
	.byte	3                               @ DW_AT_decl_file
	.short	11977                           @ DW_AT_decl_line
	.byte	18                              @ Abbrev [18] 0x3349:0x9 DW_TAG_member
	.long	13138                           @ DW_AT_type
	.byte	3                               @ DW_AT_decl_file
	.short	11980                           @ DW_AT_decl_line
	.byte	0                               @ DW_AT_data_member_location
	.byte	19                              @ Abbrev [19] 0x3352:0x30 DW_TAG_union_type
	.byte	4                               @ DW_AT_byte_size
	.byte	3                               @ DW_AT_decl_file
	.short	11980                           @ DW_AT_decl_line
	.byte	18                              @ Abbrev [18] 0x3357:0x9 DW_TAG_member
	.long	13152                           @ DW_AT_type
	.byte	3                               @ DW_AT_decl_file
	.short	11982                           @ DW_AT_decl_line
	.byte	0                               @ DW_AT_data_member_location
	.byte	20                              @ Abbrev [20] 0x3360:0x14 DW_TAG_structure_type
	.byte	4                               @ DW_AT_byte_size
	.byte	3                               @ DW_AT_decl_file
	.short	11982                           @ DW_AT_decl_line
	.byte	21                              @ Abbrev [21] 0x3365:0xe DW_TAG_member
	.long	.Linfo_string289                @ DW_AT_name
	.long	3581                            @ DW_AT_type
	.byte	3                               @ DW_AT_decl_file
	.short	11984                           @ DW_AT_decl_line
	.byte	32                              @ DW_AT_bit_size
	.byte	0                               @ DW_AT_data_bit_offset
	.byte	0                               @ End Of Children Mark
	.byte	15                              @ Abbrev [15] 0x3374:0xd DW_TAG_member
	.long	.Linfo_string35                 @ DW_AT_name
	.long	3581                            @ DW_AT_type
	.byte	3                               @ DW_AT_decl_file
	.short	11986                           @ DW_AT_decl_line
	.byte	0                               @ DW_AT_data_member_location
	.byte	0                               @ End Of Children Mark
	.byte	0                               @ End Of Children Mark
	.byte	17                              @ Abbrev [17] 0x3383:0x43 DW_TAG_structure_type
	.long	.Linfo_string423                @ DW_AT_name
	.byte	4                               @ DW_AT_byte_size
	.byte	3                               @ DW_AT_decl_file
	.short	12039                           @ DW_AT_decl_line
	.byte	18                              @ Abbrev [18] 0x338c:0x9 DW_TAG_member
	.long	13205                           @ DW_AT_type
	.byte	3                               @ DW_AT_decl_file
	.short	12042                           @ DW_AT_decl_line
	.byte	0                               @ DW_AT_data_member_location
	.byte	19                              @ Abbrev [19] 0x3395:0x30 DW_TAG_union_type
	.byte	4                               @ DW_AT_byte_size
	.byte	3                               @ DW_AT_decl_file
	.short	12042                           @ DW_AT_decl_line
	.byte	18                              @ Abbrev [18] 0x339a:0x9 DW_TAG_member
	.long	13219                           @ DW_AT_type
	.byte	3                               @ DW_AT_decl_file
	.short	12044                           @ DW_AT_decl_line
	.byte	0                               @ DW_AT_data_member_location
	.byte	20                              @ Abbrev [20] 0x33a3:0x14 DW_TAG_structure_type
	.byte	4                               @ DW_AT_byte_size
	.byte	3                               @ DW_AT_decl_file
	.short	12044                           @ DW_AT_decl_line
	.byte	21                              @ Abbrev [21] 0x33a8:0xe DW_TAG_member
	.long	.Linfo_string289                @ DW_AT_name
	.long	3581                            @ DW_AT_type
	.byte	3                               @ DW_AT_decl_file
	.short	12046                           @ DW_AT_decl_line
	.byte	32                              @ DW_AT_bit_size
	.byte	0                               @ DW_AT_data_bit_offset
	.byte	0                               @ End Of Children Mark
	.byte	15                              @ Abbrev [15] 0x33b7:0xd DW_TAG_member
	.long	.Linfo_string35                 @ DW_AT_name
	.long	3581                            @ DW_AT_type
	.byte	3                               @ DW_AT_decl_file
	.short	12048                           @ DW_AT_decl_line
	.byte	0                               @ DW_AT_data_member_location
	.byte	0                               @ End Of Children Mark
	.byte	0                               @ End Of Children Mark
	.byte	17                              @ Abbrev [17] 0x33c6:0x43 DW_TAG_structure_type
	.long	.Linfo_string426                @ DW_AT_name
	.byte	4                               @ DW_AT_byte_size
	.byte	3                               @ DW_AT_decl_file
	.short	12101                           @ DW_AT_decl_line
	.byte	18                              @ Abbrev [18] 0x33cf:0x9 DW_TAG_member
	.long	13272                           @ DW_AT_type
	.byte	3                               @ DW_AT_decl_file
	.short	12104                           @ DW_AT_decl_line
	.byte	0                               @ DW_AT_data_member_location
	.byte	19                              @ Abbrev [19] 0x33d8:0x30 DW_TAG_union_type
	.byte	4                               @ DW_AT_byte_size
	.byte	3                               @ DW_AT_decl_file
	.short	12104                           @ DW_AT_decl_line
	.byte	18                              @ Abbrev [18] 0x33dd:0x9 DW_TAG_member
	.long	13286                           @ DW_AT_type
	.byte	3                               @ DW_AT_decl_file
	.short	12106                           @ DW_AT_decl_line
	.byte	0                               @ DW_AT_data_member_location
	.byte	20                              @ Abbrev [20] 0x33e6:0x14 DW_TAG_structure_type
	.byte	4                               @ DW_AT_byte_size
	.byte	3                               @ DW_AT_decl_file
	.short	12106                           @ DW_AT_decl_line
	.byte	21                              @ Abbrev [21] 0x33eb:0xe DW_TAG_member
	.long	.Linfo_string289                @ DW_AT_name
	.long	3581                            @ DW_AT_type
	.byte	3                               @ DW_AT_decl_file
	.short	12108                           @ DW_AT_decl_line
	.byte	32                              @ DW_AT_bit_size
	.byte	0                               @ DW_AT_data_bit_offset
	.byte	0                               @ End Of Children Mark
	.byte	15                              @ Abbrev [15] 0x33fa:0xd DW_TAG_member
	.long	.Linfo_string35                 @ DW_AT_name
	.long	3581                            @ DW_AT_type
	.byte	3                               @ DW_AT_decl_file
	.short	12110                           @ DW_AT_decl_line
	.byte	0                               @ DW_AT_data_member_location
	.byte	0                               @ End Of Children Mark
	.byte	0                               @ End Of Children Mark
	.byte	17                              @ Abbrev [17] 0x3409:0x43 DW_TAG_structure_type
	.long	.Linfo_string428                @ DW_AT_name
	.byte	4                               @ DW_AT_byte_size
	.byte	3                               @ DW_AT_decl_file
	.short	12163                           @ DW_AT_decl_line
	.byte	18                              @ Abbrev [18] 0x3412:0x9 DW_TAG_member
	.long	13339                           @ DW_AT_type
	.byte	3                               @ DW_AT_decl_file
	.short	12166                           @ DW_AT_decl_line
	.byte	0                               @ DW_AT_data_member_location
	.byte	19                              @ Abbrev [19] 0x341b:0x30 DW_TAG_union_type
	.byte	4                               @ DW_AT_byte_size
	.byte	3                               @ DW_AT_decl_file
	.short	12166                           @ DW_AT_decl_line
	.byte	18                              @ Abbrev [18] 0x3420:0x9 DW_TAG_member
	.long	13353                           @ DW_AT_type
	.byte	3                               @ DW_AT_decl_file
	.short	12168                           @ DW_AT_decl_line
	.byte	0                               @ DW_AT_data_member_location
	.byte	20                              @ Abbrev [20] 0x3429:0x14 DW_TAG_structure_type
	.byte	4                               @ DW_AT_byte_size
	.byte	3                               @ DW_AT_decl_file
	.short	12168                           @ DW_AT_decl_line
	.byte	21                              @ Abbrev [21] 0x342e:0xe DW_TAG_member
	.long	.Linfo_string289                @ DW_AT_name
	.long	3581                            @ DW_AT_type
	.byte	3                               @ DW_AT_decl_file
	.short	12170                           @ DW_AT_decl_line
	.byte	32                              @ DW_AT_bit_size
	.byte	0                               @ DW_AT_data_bit_offset
	.byte	0                               @ End Of Children Mark
	.byte	15                              @ Abbrev [15] 0x343d:0xd DW_TAG_member
	.long	.Linfo_string35                 @ DW_AT_name
	.long	3581                            @ DW_AT_type
	.byte	3                               @ DW_AT_decl_file
	.short	12172                           @ DW_AT_decl_line
	.byte	0                               @ DW_AT_data_member_location
	.byte	0                               @ End Of Children Mark
	.byte	0                               @ End Of Children Mark
	.byte	17                              @ Abbrev [17] 0x344c:0x43 DW_TAG_structure_type
	.long	.Linfo_string430                @ DW_AT_name
	.byte	4                               @ DW_AT_byte_size
	.byte	3                               @ DW_AT_decl_file
	.short	12225                           @ DW_AT_decl_line
	.byte	18                              @ Abbrev [18] 0x3455:0x9 DW_TAG_member
	.long	13406                           @ DW_AT_type
	.byte	3                               @ DW_AT_decl_file
	.short	12228                           @ DW_AT_decl_line
	.byte	0                               @ DW_AT_data_member_location
	.byte	19                              @ Abbrev [19] 0x345e:0x30 DW_TAG_union_type
	.byte	4                               @ DW_AT_byte_size
	.byte	3                               @ DW_AT_decl_file
	.short	12228                           @ DW_AT_decl_line
	.byte	18                              @ Abbrev [18] 0x3463:0x9 DW_TAG_member
	.long	13420                           @ DW_AT_type
	.byte	3                               @ DW_AT_decl_file
	.short	12230                           @ DW_AT_decl_line
	.byte	0                               @ DW_AT_data_member_location
	.byte	20                              @ Abbrev [20] 0x346c:0x14 DW_TAG_structure_type
	.byte	4                               @ DW_AT_byte_size
	.byte	3                               @ DW_AT_decl_file
	.short	12230                           @ DW_AT_decl_line
	.byte	21                              @ Abbrev [21] 0x3471:0xe DW_TAG_member
	.long	.Linfo_string289                @ DW_AT_name
	.long	3581                            @ DW_AT_type
	.byte	3                               @ DW_AT_decl_file
	.short	12232                           @ DW_AT_decl_line
	.byte	32                              @ DW_AT_bit_size
	.byte	0                               @ DW_AT_data_bit_offset
	.byte	0                               @ End Of Children Mark
	.byte	15                              @ Abbrev [15] 0x3480:0xd DW_TAG_member
	.long	.Linfo_string35                 @ DW_AT_name
	.long	3581                            @ DW_AT_type
	.byte	3                               @ DW_AT_decl_file
	.short	12234                           @ DW_AT_decl_line
	.byte	0                               @ DW_AT_data_member_location
	.byte	0                               @ End Of Children Mark
	.byte	0                               @ End Of Children Mark
	.byte	17                              @ Abbrev [17] 0x348f:0x43 DW_TAG_structure_type
	.long	.Linfo_string432                @ DW_AT_name
	.byte	4                               @ DW_AT_byte_size
	.byte	3                               @ DW_AT_decl_file
	.short	12287                           @ DW_AT_decl_line
	.byte	18                              @ Abbrev [18] 0x3498:0x9 DW_TAG_member
	.long	13473                           @ DW_AT_type
	.byte	3                               @ DW_AT_decl_file
	.short	12290                           @ DW_AT_decl_line
	.byte	0                               @ DW_AT_data_member_location
	.byte	19                              @ Abbrev [19] 0x34a1:0x30 DW_TAG_union_type
	.byte	4                               @ DW_AT_byte_size
	.byte	3                               @ DW_AT_decl_file
	.short	12290                           @ DW_AT_decl_line
	.byte	18                              @ Abbrev [18] 0x34a6:0x9 DW_TAG_member
	.long	13487                           @ DW_AT_type
	.byte	3                               @ DW_AT_decl_file
	.short	12292                           @ DW_AT_decl_line
	.byte	0                               @ DW_AT_data_member_location
	.byte	20                              @ Abbrev [20] 0x34af:0x14 DW_TAG_structure_type
	.byte	4                               @ DW_AT_byte_size
	.byte	3                               @ DW_AT_decl_file
	.short	12292                           @ DW_AT_decl_line
	.byte	21                              @ Abbrev [21] 0x34b4:0xe DW_TAG_member
	.long	.Linfo_string289                @ DW_AT_name
	.long	3581                            @ DW_AT_type
	.byte	3                               @ DW_AT_decl_file
	.short	12294                           @ DW_AT_decl_line
	.byte	32                              @ DW_AT_bit_size
	.byte	0                               @ DW_AT_data_bit_offset
	.byte	0                               @ End Of Children Mark
	.byte	15                              @ Abbrev [15] 0x34c3:0xd DW_TAG_member
	.long	.Linfo_string35                 @ DW_AT_name
	.long	3581                            @ DW_AT_type
	.byte	3                               @ DW_AT_decl_file
	.short	12296                           @ DW_AT_decl_line
	.byte	0                               @ DW_AT_data_member_location
	.byte	0                               @ End Of Children Mark
	.byte	0                               @ End Of Children Mark
	.byte	17                              @ Abbrev [17] 0x34d2:0x43 DW_TAG_structure_type
	.long	.Linfo_string434                @ DW_AT_name
	.byte	4                               @ DW_AT_byte_size
	.byte	3                               @ DW_AT_decl_file
	.short	12349                           @ DW_AT_decl_line
	.byte	18                              @ Abbrev [18] 0x34db:0x9 DW_TAG_member
	.long	13540                           @ DW_AT_type
	.byte	3                               @ DW_AT_decl_file
	.short	12352                           @ DW_AT_decl_line
	.byte	0                               @ DW_AT_data_member_location
	.byte	19                              @ Abbrev [19] 0x34e4:0x30 DW_TAG_union_type
	.byte	4                               @ DW_AT_byte_size
	.byte	3                               @ DW_AT_decl_file
	.short	12352                           @ DW_AT_decl_line
	.byte	18                              @ Abbrev [18] 0x34e9:0x9 DW_TAG_member
	.long	13554                           @ DW_AT_type
	.byte	3                               @ DW_AT_decl_file
	.short	12354                           @ DW_AT_decl_line
	.byte	0                               @ DW_AT_data_member_location
	.byte	20                              @ Abbrev [20] 0x34f2:0x14 DW_TAG_structure_type
	.byte	4                               @ DW_AT_byte_size
	.byte	3                               @ DW_AT_decl_file
	.short	12354                           @ DW_AT_decl_line
	.byte	21                              @ Abbrev [21] 0x34f7:0xe DW_TAG_member
	.long	.Linfo_string289                @ DW_AT_name
	.long	3581                            @ DW_AT_type
	.byte	3                               @ DW_AT_decl_file
	.short	12356                           @ DW_AT_decl_line
	.byte	32                              @ DW_AT_bit_size
	.byte	0                               @ DW_AT_data_bit_offset
	.byte	0                               @ End Of Children Mark
	.byte	15                              @ Abbrev [15] 0x3506:0xd DW_TAG_member
	.long	.Linfo_string35                 @ DW_AT_name
	.long	3581                            @ DW_AT_type
	.byte	3                               @ DW_AT_decl_file
	.short	12358                           @ DW_AT_decl_line
	.byte	0                               @ DW_AT_data_member_location
	.byte	0                               @ End Of Children Mark
	.byte	0                               @ End Of Children Mark
	.byte	17                              @ Abbrev [17] 0x3515:0x43 DW_TAG_structure_type
	.long	.Linfo_string436                @ DW_AT_name
	.byte	4                               @ DW_AT_byte_size
	.byte	3                               @ DW_AT_decl_file
	.short	12411                           @ DW_AT_decl_line
	.byte	18                              @ Abbrev [18] 0x351e:0x9 DW_TAG_member
	.long	13607                           @ DW_AT_type
	.byte	3                               @ DW_AT_decl_file
	.short	12414                           @ DW_AT_decl_line
	.byte	0                               @ DW_AT_data_member_location
	.byte	19                              @ Abbrev [19] 0x3527:0x30 DW_TAG_union_type
	.byte	4                               @ DW_AT_byte_size
	.byte	3                               @ DW_AT_decl_file
	.short	12414                           @ DW_AT_decl_line
	.byte	18                              @ Abbrev [18] 0x352c:0x9 DW_TAG_member
	.long	13621                           @ DW_AT_type
	.byte	3                               @ DW_AT_decl_file
	.short	12416                           @ DW_AT_decl_line
	.byte	0                               @ DW_AT_data_member_location
	.byte	20                              @ Abbrev [20] 0x3535:0x14 DW_TAG_structure_type
	.byte	4                               @ DW_AT_byte_size
	.byte	3                               @ DW_AT_decl_file
	.short	12416                           @ DW_AT_decl_line
	.byte	21                              @ Abbrev [21] 0x353a:0xe DW_TAG_member
	.long	.Linfo_string289                @ DW_AT_name
	.long	3581                            @ DW_AT_type
	.byte	3                               @ DW_AT_decl_file
	.short	12418                           @ DW_AT_decl_line
	.byte	32                              @ DW_AT_bit_size
	.byte	0                               @ DW_AT_data_bit_offset
	.byte	0                               @ End Of Children Mark
	.byte	15                              @ Abbrev [15] 0x3549:0xd DW_TAG_member
	.long	.Linfo_string35                 @ DW_AT_name
	.long	3581                            @ DW_AT_type
	.byte	3                               @ DW_AT_decl_file
	.short	12420                           @ DW_AT_decl_line
	.byte	0                               @ DW_AT_data_member_location
	.byte	0                               @ End Of Children Mark
	.byte	0                               @ End Of Children Mark
	.byte	17                              @ Abbrev [17] 0x3558:0x43 DW_TAG_structure_type
	.long	.Linfo_string439                @ DW_AT_name
	.byte	4                               @ DW_AT_byte_size
	.byte	3                               @ DW_AT_decl_file
	.short	12473                           @ DW_AT_decl_line
	.byte	18                              @ Abbrev [18] 0x3561:0x9 DW_TAG_member
	.long	13674                           @ DW_AT_type
	.byte	3                               @ DW_AT_decl_file
	.short	12476                           @ DW_AT_decl_line
	.byte	0                               @ DW_AT_data_member_location
	.byte	19                              @ Abbrev [19] 0x356a:0x30 DW_TAG_union_type
	.byte	4                               @ DW_AT_byte_size
	.byte	3                               @ DW_AT_decl_file
	.short	12476                           @ DW_AT_decl_line
	.byte	18                              @ Abbrev [18] 0x356f:0x9 DW_TAG_member
	.long	13688                           @ DW_AT_type
	.byte	3                               @ DW_AT_decl_file
	.short	12478                           @ DW_AT_decl_line
	.byte	0                               @ DW_AT_data_member_location
	.byte	20                              @ Abbrev [20] 0x3578:0x14 DW_TAG_structure_type
	.byte	4                               @ DW_AT_byte_size
	.byte	3                               @ DW_AT_decl_file
	.short	12478                           @ DW_AT_decl_line
	.byte	21                              @ Abbrev [21] 0x357d:0xe DW_TAG_member
	.long	.Linfo_string289                @ DW_AT_name
	.long	3581                            @ DW_AT_type
	.byte	3                               @ DW_AT_decl_file
	.short	12480                           @ DW_AT_decl_line
	.byte	32                              @ DW_AT_bit_size
	.byte	0                               @ DW_AT_data_bit_offset
	.byte	0                               @ End Of Children Mark
	.byte	15                              @ Abbrev [15] 0x358c:0xd DW_TAG_member
	.long	.Linfo_string35                 @ DW_AT_name
	.long	3581                            @ DW_AT_type
	.byte	3                               @ DW_AT_decl_file
	.short	12482                           @ DW_AT_decl_line
	.byte	0                               @ DW_AT_data_member_location
	.byte	0                               @ End Of Children Mark
	.byte	0                               @ End Of Children Mark
	.byte	17                              @ Abbrev [17] 0x359b:0x43 DW_TAG_structure_type
	.long	.Linfo_string442                @ DW_AT_name
	.byte	4                               @ DW_AT_byte_size
	.byte	3                               @ DW_AT_decl_file
	.short	12535                           @ DW_AT_decl_line
	.byte	18                              @ Abbrev [18] 0x35a4:0x9 DW_TAG_member
	.long	13741                           @ DW_AT_type
	.byte	3                               @ DW_AT_decl_file
	.short	12538                           @ DW_AT_decl_line
	.byte	0                               @ DW_AT_data_member_location
	.byte	19                              @ Abbrev [19] 0x35ad:0x30 DW_TAG_union_type
	.byte	4                               @ DW_AT_byte_size
	.byte	3                               @ DW_AT_decl_file
	.short	12538                           @ DW_AT_decl_line
	.byte	18                              @ Abbrev [18] 0x35b2:0x9 DW_TAG_member
	.long	13755                           @ DW_AT_type
	.byte	3                               @ DW_AT_decl_file
	.short	12540                           @ DW_AT_decl_line
	.byte	0                               @ DW_AT_data_member_location
	.byte	20                              @ Abbrev [20] 0x35bb:0x14 DW_TAG_structure_type
	.byte	4                               @ DW_AT_byte_size
	.byte	3                               @ DW_AT_decl_file
	.short	12540                           @ DW_AT_decl_line
	.byte	21                              @ Abbrev [21] 0x35c0:0xe DW_TAG_member
	.long	.Linfo_string289                @ DW_AT_name
	.long	3581                            @ DW_AT_type
	.byte	3                               @ DW_AT_decl_file
	.short	12542                           @ DW_AT_decl_line
	.byte	32                              @ DW_AT_bit_size
	.byte	0                               @ DW_AT_data_bit_offset
	.byte	0                               @ End Of Children Mark
	.byte	15                              @ Abbrev [15] 0x35cf:0xd DW_TAG_member
	.long	.Linfo_string35                 @ DW_AT_name
	.long	3581                            @ DW_AT_type
	.byte	3                               @ DW_AT_decl_file
	.short	12544                           @ DW_AT_decl_line
	.byte	0                               @ DW_AT_data_member_location
	.byte	0                               @ End Of Children Mark
	.byte	0                               @ End Of Children Mark
	.byte	17                              @ Abbrev [17] 0x35de:0x43 DW_TAG_structure_type
	.long	.Linfo_string444                @ DW_AT_name
	.byte	4                               @ DW_AT_byte_size
	.byte	3                               @ DW_AT_decl_file
	.short	12597                           @ DW_AT_decl_line
	.byte	18                              @ Abbrev [18] 0x35e7:0x9 DW_TAG_member
	.long	13808                           @ DW_AT_type
	.byte	3                               @ DW_AT_decl_file
	.short	12600                           @ DW_AT_decl_line
	.byte	0                               @ DW_AT_data_member_location
	.byte	19                              @ Abbrev [19] 0x35f0:0x30 DW_TAG_union_type
	.byte	4                               @ DW_AT_byte_size
	.byte	3                               @ DW_AT_decl_file
	.short	12600                           @ DW_AT_decl_line
	.byte	18                              @ Abbrev [18] 0x35f5:0x9 DW_TAG_member
	.long	13822                           @ DW_AT_type
	.byte	3                               @ DW_AT_decl_file
	.short	12602                           @ DW_AT_decl_line
	.byte	0                               @ DW_AT_data_member_location
	.byte	20                              @ Abbrev [20] 0x35fe:0x14 DW_TAG_structure_type
	.byte	4                               @ DW_AT_byte_size
	.byte	3                               @ DW_AT_decl_file
	.short	12602                           @ DW_AT_decl_line
	.byte	21                              @ Abbrev [21] 0x3603:0xe DW_TAG_member
	.long	.Linfo_string289                @ DW_AT_name
	.long	3581                            @ DW_AT_type
	.byte	3                               @ DW_AT_decl_file
	.short	12604                           @ DW_AT_decl_line
	.byte	32                              @ DW_AT_bit_size
	.byte	0                               @ DW_AT_data_bit_offset
	.byte	0                               @ End Of Children Mark
	.byte	15                              @ Abbrev [15] 0x3612:0xd DW_TAG_member
	.long	.Linfo_string35                 @ DW_AT_name
	.long	3581                            @ DW_AT_type
	.byte	3                               @ DW_AT_decl_file
	.short	12606                           @ DW_AT_decl_line
	.byte	0                               @ DW_AT_data_member_location
	.byte	0                               @ End Of Children Mark
	.byte	0                               @ End Of Children Mark
	.byte	17                              @ Abbrev [17] 0x3621:0x43 DW_TAG_structure_type
	.long	.Linfo_string446                @ DW_AT_name
	.byte	4                               @ DW_AT_byte_size
	.byte	3                               @ DW_AT_decl_file
	.short	12659                           @ DW_AT_decl_line
	.byte	18                              @ Abbrev [18] 0x362a:0x9 DW_TAG_member
	.long	13875                           @ DW_AT_type
	.byte	3                               @ DW_AT_decl_file
	.short	12662                           @ DW_AT_decl_line
	.byte	0                               @ DW_AT_data_member_location
	.byte	19                              @ Abbrev [19] 0x3633:0x30 DW_TAG_union_type
	.byte	4                               @ DW_AT_byte_size
	.byte	3                               @ DW_AT_decl_file
	.short	12662                           @ DW_AT_decl_line
	.byte	18                              @ Abbrev [18] 0x3638:0x9 DW_TAG_member
	.long	13889                           @ DW_AT_type
	.byte	3                               @ DW_AT_decl_file
	.short	12664                           @ DW_AT_decl_line
	.byte	0                               @ DW_AT_data_member_location
	.byte	20                              @ Abbrev [20] 0x3641:0x14 DW_TAG_structure_type
	.byte	4                               @ DW_AT_byte_size
	.byte	3                               @ DW_AT_decl_file
	.short	12664                           @ DW_AT_decl_line
	.byte	21                              @ Abbrev [21] 0x3646:0xe DW_TAG_member
	.long	.Linfo_string289                @ DW_AT_name
	.long	3581                            @ DW_AT_type
	.byte	3                               @ DW_AT_decl_file
	.short	12666                           @ DW_AT_decl_line
	.byte	32                              @ DW_AT_bit_size
	.byte	0                               @ DW_AT_data_bit_offset
	.byte	0                               @ End Of Children Mark
	.byte	15                              @ Abbrev [15] 0x3655:0xd DW_TAG_member
	.long	.Linfo_string35                 @ DW_AT_name
	.long	3581                            @ DW_AT_type
	.byte	3                               @ DW_AT_decl_file
	.short	12668                           @ DW_AT_decl_line
	.byte	0                               @ DW_AT_data_member_location
	.byte	0                               @ End Of Children Mark
	.byte	0                               @ End Of Children Mark
	.byte	17                              @ Abbrev [17] 0x3664:0x43 DW_TAG_structure_type
	.long	.Linfo_string448                @ DW_AT_name
	.byte	4                               @ DW_AT_byte_size
	.byte	3                               @ DW_AT_decl_file
	.short	12721                           @ DW_AT_decl_line
	.byte	18                              @ Abbrev [18] 0x366d:0x9 DW_TAG_member
	.long	13942                           @ DW_AT_type
	.byte	3                               @ DW_AT_decl_file
	.short	12724                           @ DW_AT_decl_line
	.byte	0                               @ DW_AT_data_member_location
	.byte	19                              @ Abbrev [19] 0x3676:0x30 DW_TAG_union_type
	.byte	4                               @ DW_AT_byte_size
	.byte	3                               @ DW_AT_decl_file
	.short	12724                           @ DW_AT_decl_line
	.byte	18                              @ Abbrev [18] 0x367b:0x9 DW_TAG_member
	.long	13956                           @ DW_AT_type
	.byte	3                               @ DW_AT_decl_file
	.short	12726                           @ DW_AT_decl_line
	.byte	0                               @ DW_AT_data_member_location
	.byte	20                              @ Abbrev [20] 0x3684:0x14 DW_TAG_structure_type
	.byte	4                               @ DW_AT_byte_size
	.byte	3                               @ DW_AT_decl_file
	.short	12726                           @ DW_AT_decl_line
	.byte	21                              @ Abbrev [21] 0x3689:0xe DW_TAG_member
	.long	.Linfo_string289                @ DW_AT_name
	.long	3581                            @ DW_AT_type
	.byte	3                               @ DW_AT_decl_file
	.short	12728                           @ DW_AT_decl_line
	.byte	32                              @ DW_AT_bit_size
	.byte	0                               @ DW_AT_data_bit_offset
	.byte	0                               @ End Of Children Mark
	.byte	15                              @ Abbrev [15] 0x3698:0xd DW_TAG_member
	.long	.Linfo_string35                 @ DW_AT_name
	.long	3581                            @ DW_AT_type
	.byte	3                               @ DW_AT_decl_file
	.short	12730                           @ DW_AT_decl_line
	.byte	0                               @ DW_AT_data_member_location
	.byte	0                               @ End Of Children Mark
	.byte	0                               @ End Of Children Mark
	.byte	17                              @ Abbrev [17] 0x36a7:0x43 DW_TAG_structure_type
	.long	.Linfo_string450                @ DW_AT_name
	.byte	4                               @ DW_AT_byte_size
	.byte	3                               @ DW_AT_decl_file
	.short	12783                           @ DW_AT_decl_line
	.byte	18                              @ Abbrev [18] 0x36b0:0x9 DW_TAG_member
	.long	14009                           @ DW_AT_type
	.byte	3                               @ DW_AT_decl_file
	.short	12786                           @ DW_AT_decl_line
	.byte	0                               @ DW_AT_data_member_location
	.byte	19                              @ Abbrev [19] 0x36b9:0x30 DW_TAG_union_type
	.byte	4                               @ DW_AT_byte_size
	.byte	3                               @ DW_AT_decl_file
	.short	12786                           @ DW_AT_decl_line
	.byte	18                              @ Abbrev [18] 0x36be:0x9 DW_TAG_member
	.long	14023                           @ DW_AT_type
	.byte	3                               @ DW_AT_decl_file
	.short	12788                           @ DW_AT_decl_line
	.byte	0                               @ DW_AT_data_member_location
	.byte	20                              @ Abbrev [20] 0x36c7:0x14 DW_TAG_structure_type
	.byte	4                               @ DW_AT_byte_size
	.byte	3                               @ DW_AT_decl_file
	.short	12788                           @ DW_AT_decl_line
	.byte	21                              @ Abbrev [21] 0x36cc:0xe DW_TAG_member
	.long	.Linfo_string289                @ DW_AT_name
	.long	3581                            @ DW_AT_type
	.byte	3                               @ DW_AT_decl_file
	.short	12790                           @ DW_AT_decl_line
	.byte	32                              @ DW_AT_bit_size
	.byte	0                               @ DW_AT_data_bit_offset
	.byte	0                               @ End Of Children Mark
	.byte	15                              @ Abbrev [15] 0x36db:0xd DW_TAG_member
	.long	.Linfo_string35                 @ DW_AT_name
	.long	3581                            @ DW_AT_type
	.byte	3                               @ DW_AT_decl_file
	.short	12792                           @ DW_AT_decl_line
	.byte	0                               @ DW_AT_data_member_location
	.byte	0                               @ End Of Children Mark
	.byte	0                               @ End Of Children Mark
	.byte	17                              @ Abbrev [17] 0x36ea:0x43 DW_TAG_structure_type
	.long	.Linfo_string453                @ DW_AT_name
	.byte	4                               @ DW_AT_byte_size
	.byte	3                               @ DW_AT_decl_file
	.short	12845                           @ DW_AT_decl_line
	.byte	18                              @ Abbrev [18] 0x36f3:0x9 DW_TAG_member
	.long	14076                           @ DW_AT_type
	.byte	3                               @ DW_AT_decl_file
	.short	12848                           @ DW_AT_decl_line
	.byte	0                               @ DW_AT_data_member_location
	.byte	19                              @ Abbrev [19] 0x36fc:0x30 DW_TAG_union_type
	.byte	4                               @ DW_AT_byte_size
	.byte	3                               @ DW_AT_decl_file
	.short	12848                           @ DW_AT_decl_line
	.byte	18                              @ Abbrev [18] 0x3701:0x9 DW_TAG_member
	.long	14090                           @ DW_AT_type
	.byte	3                               @ DW_AT_decl_file
	.short	12850                           @ DW_AT_decl_line
	.byte	0                               @ DW_AT_data_member_location
	.byte	20                              @ Abbrev [20] 0x370a:0x14 DW_TAG_structure_type
	.byte	4                               @ DW_AT_byte_size
	.byte	3                               @ DW_AT_decl_file
	.short	12850                           @ DW_AT_decl_line
	.byte	21                              @ Abbrev [21] 0x370f:0xe DW_TAG_member
	.long	.Linfo_string289                @ DW_AT_name
	.long	3581                            @ DW_AT_type
	.byte	3                               @ DW_AT_decl_file
	.short	12852                           @ DW_AT_decl_line
	.byte	32                              @ DW_AT_bit_size
	.byte	0                               @ DW_AT_data_bit_offset
	.byte	0                               @ End Of Children Mark
	.byte	15                              @ Abbrev [15] 0x371e:0xd DW_TAG_member
	.long	.Linfo_string35                 @ DW_AT_name
	.long	3581                            @ DW_AT_type
	.byte	3                               @ DW_AT_decl_file
	.short	12854                           @ DW_AT_decl_line
	.byte	0                               @ DW_AT_data_member_location
	.byte	0                               @ End Of Children Mark
	.byte	0                               @ End Of Children Mark
	.byte	17                              @ Abbrev [17] 0x372d:0x43 DW_TAG_structure_type
	.long	.Linfo_string455                @ DW_AT_name
	.byte	4                               @ DW_AT_byte_size
	.byte	3                               @ DW_AT_decl_file
	.short	12907                           @ DW_AT_decl_line
	.byte	18                              @ Abbrev [18] 0x3736:0x9 DW_TAG_member
	.long	14143                           @ DW_AT_type
	.byte	3                               @ DW_AT_decl_file
	.short	12910                           @ DW_AT_decl_line
	.byte	0                               @ DW_AT_data_member_location
	.byte	19                              @ Abbrev [19] 0x373f:0x30 DW_TAG_union_type
	.byte	4                               @ DW_AT_byte_size
	.byte	3                               @ DW_AT_decl_file
	.short	12910                           @ DW_AT_decl_line
	.byte	18                              @ Abbrev [18] 0x3744:0x9 DW_TAG_member
	.long	14157                           @ DW_AT_type
	.byte	3                               @ DW_AT_decl_file
	.short	12912                           @ DW_AT_decl_line
	.byte	0                               @ DW_AT_data_member_location
	.byte	20                              @ Abbrev [20] 0x374d:0x14 DW_TAG_structure_type
	.byte	4                               @ DW_AT_byte_size
	.byte	3                               @ DW_AT_decl_file
	.short	12912                           @ DW_AT_decl_line
	.byte	21                              @ Abbrev [21] 0x3752:0xe DW_TAG_member
	.long	.Linfo_string289                @ DW_AT_name
	.long	3581                            @ DW_AT_type
	.byte	3                               @ DW_AT_decl_file
	.short	12914                           @ DW_AT_decl_line
	.byte	32                              @ DW_AT_bit_size
	.byte	0                               @ DW_AT_data_bit_offset
	.byte	0                               @ End Of Children Mark
	.byte	15                              @ Abbrev [15] 0x3761:0xd DW_TAG_member
	.long	.Linfo_string35                 @ DW_AT_name
	.long	3581                            @ DW_AT_type
	.byte	3                               @ DW_AT_decl_file
	.short	12916                           @ DW_AT_decl_line
	.byte	0                               @ DW_AT_data_member_location
	.byte	0                               @ End Of Children Mark
	.byte	0                               @ End Of Children Mark
	.byte	17                              @ Abbrev [17] 0x3770:0x43 DW_TAG_structure_type
	.long	.Linfo_string458                @ DW_AT_name
	.byte	4                               @ DW_AT_byte_size
	.byte	3                               @ DW_AT_decl_file
	.short	12969                           @ DW_AT_decl_line
	.byte	18                              @ Abbrev [18] 0x3779:0x9 DW_TAG_member
	.long	14210                           @ DW_AT_type
	.byte	3                               @ DW_AT_decl_file
	.short	12972                           @ DW_AT_decl_line
	.byte	0                               @ DW_AT_data_member_location
	.byte	19                              @ Abbrev [19] 0x3782:0x30 DW_TAG_union_type
	.byte	4                               @ DW_AT_byte_size
	.byte	3                               @ DW_AT_decl_file
	.short	12972                           @ DW_AT_decl_line
	.byte	18                              @ Abbrev [18] 0x3787:0x9 DW_TAG_member
	.long	14224                           @ DW_AT_type
	.byte	3                               @ DW_AT_decl_file
	.short	12974                           @ DW_AT_decl_line
	.byte	0                               @ DW_AT_data_member_location
	.byte	20                              @ Abbrev [20] 0x3790:0x14 DW_TAG_structure_type
	.byte	4                               @ DW_AT_byte_size
	.byte	3                               @ DW_AT_decl_file
	.short	12974                           @ DW_AT_decl_line
	.byte	21                              @ Abbrev [21] 0x3795:0xe DW_TAG_member
	.long	.Linfo_string289                @ DW_AT_name
	.long	3581                            @ DW_AT_type
	.byte	3                               @ DW_AT_decl_file
	.short	12976                           @ DW_AT_decl_line
	.byte	32                              @ DW_AT_bit_size
	.byte	0                               @ DW_AT_data_bit_offset
	.byte	0                               @ End Of Children Mark
	.byte	15                              @ Abbrev [15] 0x37a4:0xd DW_TAG_member
	.long	.Linfo_string35                 @ DW_AT_name
	.long	3581                            @ DW_AT_type
	.byte	3                               @ DW_AT_decl_file
	.short	12978                           @ DW_AT_decl_line
	.byte	0                               @ DW_AT_data_member_location
	.byte	0                               @ End Of Children Mark
	.byte	0                               @ End Of Children Mark
	.byte	17                              @ Abbrev [17] 0x37b3:0x43 DW_TAG_structure_type
	.long	.Linfo_string461                @ DW_AT_name
	.byte	4                               @ DW_AT_byte_size
	.byte	3                               @ DW_AT_decl_file
	.short	13031                           @ DW_AT_decl_line
	.byte	18                              @ Abbrev [18] 0x37bc:0x9 DW_TAG_member
	.long	14277                           @ DW_AT_type
	.byte	3                               @ DW_AT_decl_file
	.short	13034                           @ DW_AT_decl_line
	.byte	0                               @ DW_AT_data_member_location
	.byte	19                              @ Abbrev [19] 0x37c5:0x30 DW_TAG_union_type
	.byte	4                               @ DW_AT_byte_size
	.byte	3                               @ DW_AT_decl_file
	.short	13034                           @ DW_AT_decl_line
	.byte	18                              @ Abbrev [18] 0x37ca:0x9 DW_TAG_member
	.long	14291                           @ DW_AT_type
	.byte	3                               @ DW_AT_decl_file
	.short	13036                           @ DW_AT_decl_line
	.byte	0                               @ DW_AT_data_member_location
	.byte	20                              @ Abbrev [20] 0x37d3:0x14 DW_TAG_structure_type
	.byte	4                               @ DW_AT_byte_size
	.byte	3                               @ DW_AT_decl_file
	.short	13036                           @ DW_AT_decl_line
	.byte	21                              @ Abbrev [21] 0x37d8:0xe DW_TAG_member
	.long	.Linfo_string289                @ DW_AT_name
	.long	3581                            @ DW_AT_type
	.byte	3                               @ DW_AT_decl_file
	.short	13038                           @ DW_AT_decl_line
	.byte	32                              @ DW_AT_bit_size
	.byte	0                               @ DW_AT_data_bit_offset
	.byte	0                               @ End Of Children Mark
	.byte	15                              @ Abbrev [15] 0x37e7:0xd DW_TAG_member
	.long	.Linfo_string35                 @ DW_AT_name
	.long	3581                            @ DW_AT_type
	.byte	3                               @ DW_AT_decl_file
	.short	13040                           @ DW_AT_decl_line
	.byte	0                               @ DW_AT_data_member_location
	.byte	0                               @ End Of Children Mark
	.byte	0                               @ End Of Children Mark
	.byte	17                              @ Abbrev [17] 0x37f6:0x43 DW_TAG_structure_type
	.long	.Linfo_string463                @ DW_AT_name
	.byte	4                               @ DW_AT_byte_size
	.byte	3                               @ DW_AT_decl_file
	.short	13093                           @ DW_AT_decl_line
	.byte	18                              @ Abbrev [18] 0x37ff:0x9 DW_TAG_member
	.long	14344                           @ DW_AT_type
	.byte	3                               @ DW_AT_decl_file
	.short	13096                           @ DW_AT_decl_line
	.byte	0                               @ DW_AT_data_member_location
	.byte	19                              @ Abbrev [19] 0x3808:0x30 DW_TAG_union_type
	.byte	4                               @ DW_AT_byte_size
	.byte	3                               @ DW_AT_decl_file
	.short	13096                           @ DW_AT_decl_line
	.byte	18                              @ Abbrev [18] 0x380d:0x9 DW_TAG_member
	.long	14358                           @ DW_AT_type
	.byte	3                               @ DW_AT_decl_file
	.short	13098                           @ DW_AT_decl_line
	.byte	0                               @ DW_AT_data_member_location
	.byte	20                              @ Abbrev [20] 0x3816:0x14 DW_TAG_structure_type
	.byte	4                               @ DW_AT_byte_size
	.byte	3                               @ DW_AT_decl_file
	.short	13098                           @ DW_AT_decl_line
	.byte	21                              @ Abbrev [21] 0x381b:0xe DW_TAG_member
	.long	.Linfo_string289                @ DW_AT_name
	.long	3581                            @ DW_AT_type
	.byte	3                               @ DW_AT_decl_file
	.short	13100                           @ DW_AT_decl_line
	.byte	32                              @ DW_AT_bit_size
	.byte	0                               @ DW_AT_data_bit_offset
	.byte	0                               @ End Of Children Mark
	.byte	15                              @ Abbrev [15] 0x382a:0xd DW_TAG_member
	.long	.Linfo_string35                 @ DW_AT_name
	.long	3581                            @ DW_AT_type
	.byte	3                               @ DW_AT_decl_file
	.short	13102                           @ DW_AT_decl_line
	.byte	0                               @ DW_AT_data_member_location
	.byte	0                               @ End Of Children Mark
	.byte	0                               @ End Of Children Mark
	.byte	17                              @ Abbrev [17] 0x3839:0x43 DW_TAG_structure_type
	.long	.Linfo_string465                @ DW_AT_name
	.byte	4                               @ DW_AT_byte_size
	.byte	3                               @ DW_AT_decl_file
	.short	13155                           @ DW_AT_decl_line
	.byte	18                              @ Abbrev [18] 0x3842:0x9 DW_TAG_member
	.long	14411                           @ DW_AT_type
	.byte	3                               @ DW_AT_decl_file
	.short	13158                           @ DW_AT_decl_line
	.byte	0                               @ DW_AT_data_member_location
	.byte	19                              @ Abbrev [19] 0x384b:0x30 DW_TAG_union_type
	.byte	4                               @ DW_AT_byte_size
	.byte	3                               @ DW_AT_decl_file
	.short	13158                           @ DW_AT_decl_line
	.byte	18                              @ Abbrev [18] 0x3850:0x9 DW_TAG_member
	.long	14425                           @ DW_AT_type
	.byte	3                               @ DW_AT_decl_file
	.short	13160                           @ DW_AT_decl_line
	.byte	0                               @ DW_AT_data_member_location
	.byte	20                              @ Abbrev [20] 0x3859:0x14 DW_TAG_structure_type
	.byte	4                               @ DW_AT_byte_size
	.byte	3                               @ DW_AT_decl_file
	.short	13160                           @ DW_AT_decl_line
	.byte	21                              @ Abbrev [21] 0x385e:0xe DW_TAG_member
	.long	.Linfo_string289                @ DW_AT_name
	.long	3581                            @ DW_AT_type
	.byte	3                               @ DW_AT_decl_file
	.short	13162                           @ DW_AT_decl_line
	.byte	32                              @ DW_AT_bit_size
	.byte	0                               @ DW_AT_data_bit_offset
	.byte	0                               @ End Of Children Mark
	.byte	15                              @ Abbrev [15] 0x386d:0xd DW_TAG_member
	.long	.Linfo_string35                 @ DW_AT_name
	.long	3581                            @ DW_AT_type
	.byte	3                               @ DW_AT_decl_file
	.short	13164                           @ DW_AT_decl_line
	.byte	0                               @ DW_AT_data_member_location
	.byte	0                               @ End Of Children Mark
	.byte	0                               @ End Of Children Mark
	.byte	17                              @ Abbrev [17] 0x387c:0x43 DW_TAG_structure_type
	.long	.Linfo_string467                @ DW_AT_name
	.byte	4                               @ DW_AT_byte_size
	.byte	3                               @ DW_AT_decl_file
	.short	13217                           @ DW_AT_decl_line
	.byte	18                              @ Abbrev [18] 0x3885:0x9 DW_TAG_member
	.long	14478                           @ DW_AT_type
	.byte	3                               @ DW_AT_decl_file
	.short	13220                           @ DW_AT_decl_line
	.byte	0                               @ DW_AT_data_member_location
	.byte	19                              @ Abbrev [19] 0x388e:0x30 DW_TAG_union_type
	.byte	4                               @ DW_AT_byte_size
	.byte	3                               @ DW_AT_decl_file
	.short	13220                           @ DW_AT_decl_line
	.byte	18                              @ Abbrev [18] 0x3893:0x9 DW_TAG_member
	.long	14492                           @ DW_AT_type
	.byte	3                               @ DW_AT_decl_file
	.short	13222                           @ DW_AT_decl_line
	.byte	0                               @ DW_AT_data_member_location
	.byte	20                              @ Abbrev [20] 0x389c:0x14 DW_TAG_structure_type
	.byte	4                               @ DW_AT_byte_size
	.byte	3                               @ DW_AT_decl_file
	.short	13222                           @ DW_AT_decl_line
	.byte	21                              @ Abbrev [21] 0x38a1:0xe DW_TAG_member
	.long	.Linfo_string289                @ DW_AT_name
	.long	3581                            @ DW_AT_type
	.byte	3                               @ DW_AT_decl_file
	.short	13224                           @ DW_AT_decl_line
	.byte	32                              @ DW_AT_bit_size
	.byte	0                               @ DW_AT_data_bit_offset
	.byte	0                               @ End Of Children Mark
	.byte	15                              @ Abbrev [15] 0x38b0:0xd DW_TAG_member
	.long	.Linfo_string35                 @ DW_AT_name
	.long	3581                            @ DW_AT_type
	.byte	3                               @ DW_AT_decl_file
	.short	13226                           @ DW_AT_decl_line
	.byte	0                               @ DW_AT_data_member_location
	.byte	0                               @ End Of Children Mark
	.byte	0                               @ End Of Children Mark
	.byte	17                              @ Abbrev [17] 0x38bf:0x43 DW_TAG_structure_type
	.long	.Linfo_string469                @ DW_AT_name
	.byte	4                               @ DW_AT_byte_size
	.byte	3                               @ DW_AT_decl_file
	.short	13279                           @ DW_AT_decl_line
	.byte	18                              @ Abbrev [18] 0x38c8:0x9 DW_TAG_member
	.long	14545                           @ DW_AT_type
	.byte	3                               @ DW_AT_decl_file
	.short	13282                           @ DW_AT_decl_line
	.byte	0                               @ DW_AT_data_member_location
	.byte	19                              @ Abbrev [19] 0x38d1:0x30 DW_TAG_union_type
	.byte	4                               @ DW_AT_byte_size
	.byte	3                               @ DW_AT_decl_file
	.short	13282                           @ DW_AT_decl_line
	.byte	18                              @ Abbrev [18] 0x38d6:0x9 DW_TAG_member
	.long	14559                           @ DW_AT_type
	.byte	3                               @ DW_AT_decl_file
	.short	13284                           @ DW_AT_decl_line
	.byte	0                               @ DW_AT_data_member_location
	.byte	20                              @ Abbrev [20] 0x38df:0x14 DW_TAG_structure_type
	.byte	4                               @ DW_AT_byte_size
	.byte	3                               @ DW_AT_decl_file
	.short	13284                           @ DW_AT_decl_line
	.byte	21                              @ Abbrev [21] 0x38e4:0xe DW_TAG_member
	.long	.Linfo_string289                @ DW_AT_name
	.long	3581                            @ DW_AT_type
	.byte	3                               @ DW_AT_decl_file
	.short	13286                           @ DW_AT_decl_line
	.byte	32                              @ DW_AT_bit_size
	.byte	0                               @ DW_AT_data_bit_offset
	.byte	0                               @ End Of Children Mark
	.byte	15                              @ Abbrev [15] 0x38f3:0xd DW_TAG_member
	.long	.Linfo_string35                 @ DW_AT_name
	.long	3581                            @ DW_AT_type
	.byte	3                               @ DW_AT_decl_file
	.short	13288                           @ DW_AT_decl_line
	.byte	0                               @ DW_AT_data_member_location
	.byte	0                               @ End Of Children Mark
	.byte	0                               @ End Of Children Mark
	.byte	17                              @ Abbrev [17] 0x3902:0x43 DW_TAG_structure_type
	.long	.Linfo_string472                @ DW_AT_name
	.byte	4                               @ DW_AT_byte_size
	.byte	3                               @ DW_AT_decl_file
	.short	13341                           @ DW_AT_decl_line
	.byte	18                              @ Abbrev [18] 0x390b:0x9 DW_TAG_member
	.long	14612                           @ DW_AT_type
	.byte	3                               @ DW_AT_decl_file
	.short	13344                           @ DW_AT_decl_line
	.byte	0                               @ DW_AT_data_member_location
	.byte	19                              @ Abbrev [19] 0x3914:0x30 DW_TAG_union_type
	.byte	4                               @ DW_AT_byte_size
	.byte	3                               @ DW_AT_decl_file
	.short	13344                           @ DW_AT_decl_line
	.byte	18                              @ Abbrev [18] 0x3919:0x9 DW_TAG_member
	.long	14626                           @ DW_AT_type
	.byte	3                               @ DW_AT_decl_file
	.short	13346                           @ DW_AT_decl_line
	.byte	0                               @ DW_AT_data_member_location
	.byte	20                              @ Abbrev [20] 0x3922:0x14 DW_TAG_structure_type
	.byte	4                               @ DW_AT_byte_size
	.byte	3                               @ DW_AT_decl_file
	.short	13346                           @ DW_AT_decl_line
	.byte	21                              @ Abbrev [21] 0x3927:0xe DW_TAG_member
	.long	.Linfo_string289                @ DW_AT_name
	.long	3581                            @ DW_AT_type
	.byte	3                               @ DW_AT_decl_file
	.short	13348                           @ DW_AT_decl_line
	.byte	32                              @ DW_AT_bit_size
	.byte	0                               @ DW_AT_data_bit_offset
	.byte	0                               @ End Of Children Mark
	.byte	15                              @ Abbrev [15] 0x3936:0xd DW_TAG_member
	.long	.Linfo_string35                 @ DW_AT_name
	.long	3581                            @ DW_AT_type
	.byte	3                               @ DW_AT_decl_file
	.short	13350                           @ DW_AT_decl_line
	.byte	0                               @ DW_AT_data_member_location
	.byte	0                               @ End Of Children Mark
	.byte	0                               @ End Of Children Mark
	.byte	3                               @ Abbrev [3] 0x3945:0xc DW_TAG_array_type
	.long	3581                            @ DW_AT_type
	.byte	4                               @ Abbrev [4] 0x394a:0x6 DW_TAG_subrange_type
	.long	70                              @ DW_AT_type
	.byte	48                              @ DW_AT_count
	.byte	0                               @ End Of Children Mark
	.byte	17                              @ Abbrev [17] 0x3951:0x51 DW_TAG_structure_type
	.long	.Linfo_string477                @ DW_AT_name
	.byte	8                               @ DW_AT_byte_size
	.byte	3                               @ DW_AT_decl_file
	.short	13403                           @ DW_AT_decl_line
	.byte	18                              @ Abbrev [18] 0x395a:0x9 DW_TAG_member
	.long	14691                           @ DW_AT_type
	.byte	3                               @ DW_AT_decl_file
	.short	13406                           @ DW_AT_decl_line
	.byte	0                               @ DW_AT_data_member_location
	.byte	19                              @ Abbrev [19] 0x3963:0x3e DW_TAG_union_type
	.byte	8                               @ DW_AT_byte_size
	.byte	3                               @ DW_AT_decl_file
	.short	13406                           @ DW_AT_decl_line
	.byte	18                              @ Abbrev [18] 0x3968:0x9 DW_TAG_member
	.long	14705                           @ DW_AT_type
	.byte	3                               @ DW_AT_decl_file
	.short	13408                           @ DW_AT_decl_line
	.byte	0                               @ DW_AT_data_member_location
	.byte	20                              @ Abbrev [20] 0x3971:0x22 DW_TAG_structure_type
	.byte	8                               @ DW_AT_byte_size
	.byte	3                               @ DW_AT_decl_file
	.short	13408                           @ DW_AT_decl_line
	.byte	21                              @ Abbrev [21] 0x3976:0xe DW_TAG_member
	.long	.Linfo_string475                @ DW_AT_name
	.long	3581                            @ DW_AT_type
	.byte	3                               @ DW_AT_decl_file
	.short	13410                           @ DW_AT_decl_line
	.byte	32                              @ DW_AT_bit_size
	.byte	0                               @ DW_AT_data_bit_offset
	.byte	21                              @ Abbrev [21] 0x3984:0xe DW_TAG_member
	.long	.Linfo_string476                @ DW_AT_name
	.long	3581                            @ DW_AT_type
	.byte	3                               @ DW_AT_decl_file
	.short	13411                           @ DW_AT_decl_line
	.byte	32                              @ DW_AT_bit_size
	.byte	32                              @ DW_AT_data_bit_offset
	.byte	0                               @ End Of Children Mark
	.byte	15                              @ Abbrev [15] 0x3993:0xd DW_TAG_member
	.long	.Linfo_string35                 @ DW_AT_name
	.long	4161                            @ DW_AT_type
	.byte	3                               @ DW_AT_decl_file
	.short	13413                           @ DW_AT_decl_line
	.byte	0                               @ DW_AT_data_member_location
	.byte	0                               @ End Of Children Mark
	.byte	0                               @ End Of Children Mark
	.byte	17                              @ Abbrev [17] 0x39a2:0x51 DW_TAG_structure_type
	.long	.Linfo_string479                @ DW_AT_name
	.byte	8                               @ DW_AT_byte_size
	.byte	3                               @ DW_AT_decl_file
	.short	13453                           @ DW_AT_decl_line
	.byte	18                              @ Abbrev [18] 0x39ab:0x9 DW_TAG_member
	.long	14772                           @ DW_AT_type
	.byte	3                               @ DW_AT_decl_file
	.short	13456                           @ DW_AT_decl_line
	.byte	0                               @ DW_AT_data_member_location
	.byte	19                              @ Abbrev [19] 0x39b4:0x3e DW_TAG_union_type
	.byte	8                               @ DW_AT_byte_size
	.byte	3                               @ DW_AT_decl_file
	.short	13456                           @ DW_AT_decl_line
	.byte	18                              @ Abbrev [18] 0x39b9:0x9 DW_TAG_member
	.long	14786                           @ DW_AT_type
	.byte	3                               @ DW_AT_decl_file
	.short	13458                           @ DW_AT_decl_line
	.byte	0                               @ DW_AT_data_member_location
	.byte	20                              @ Abbrev [20] 0x39c2:0x22 DW_TAG_structure_type
	.byte	8                               @ DW_AT_byte_size
	.byte	3                               @ DW_AT_decl_file
	.short	13458                           @ DW_AT_decl_line
	.byte	21                              @ Abbrev [21] 0x39c7:0xe DW_TAG_member
	.long	.Linfo_string475                @ DW_AT_name
	.long	3581                            @ DW_AT_type
	.byte	3                               @ DW_AT_decl_file
	.short	13460                           @ DW_AT_decl_line
	.byte	32                              @ DW_AT_bit_size
	.byte	0                               @ DW_AT_data_bit_offset
	.byte	21                              @ Abbrev [21] 0x39d5:0xe DW_TAG_member
	.long	.Linfo_string476                @ DW_AT_name
	.long	3581                            @ DW_AT_type
	.byte	3                               @ DW_AT_decl_file
	.short	13461                           @ DW_AT_decl_line
	.byte	32                              @ DW_AT_bit_size
	.byte	32                              @ DW_AT_data_bit_offset
	.byte	0                               @ End Of Children Mark
	.byte	15                              @ Abbrev [15] 0x39e4:0xd DW_TAG_member
	.long	.Linfo_string35                 @ DW_AT_name
	.long	4161                            @ DW_AT_type
	.byte	3                               @ DW_AT_decl_file
	.short	13463                           @ DW_AT_decl_line
	.byte	0                               @ DW_AT_data_member_location
	.byte	0                               @ End Of Children Mark
	.byte	0                               @ End Of Children Mark
	.byte	17                              @ Abbrev [17] 0x39f3:0x51 DW_TAG_structure_type
	.long	.Linfo_string481                @ DW_AT_name
	.byte	8                               @ DW_AT_byte_size
	.byte	3                               @ DW_AT_decl_file
	.short	13503                           @ DW_AT_decl_line
	.byte	18                              @ Abbrev [18] 0x39fc:0x9 DW_TAG_member
	.long	14853                           @ DW_AT_type
	.byte	3                               @ DW_AT_decl_file
	.short	13506                           @ DW_AT_decl_line
	.byte	0                               @ DW_AT_data_member_location
	.byte	19                              @ Abbrev [19] 0x3a05:0x3e DW_TAG_union_type
	.byte	8                               @ DW_AT_byte_size
	.byte	3                               @ DW_AT_decl_file
	.short	13506                           @ DW_AT_decl_line
	.byte	18                              @ Abbrev [18] 0x3a0a:0x9 DW_TAG_member
	.long	14867                           @ DW_AT_type
	.byte	3                               @ DW_AT_decl_file
	.short	13508                           @ DW_AT_decl_line
	.byte	0                               @ DW_AT_data_member_location
	.byte	20                              @ Abbrev [20] 0x3a13:0x22 DW_TAG_structure_type
	.byte	8                               @ DW_AT_byte_size
	.byte	3                               @ DW_AT_decl_file
	.short	13508                           @ DW_AT_decl_line
	.byte	21                              @ Abbrev [21] 0x3a18:0xe DW_TAG_member
	.long	.Linfo_string475                @ DW_AT_name
	.long	3581                            @ DW_AT_type
	.byte	3                               @ DW_AT_decl_file
	.short	13510                           @ DW_AT_decl_line
	.byte	32                              @ DW_AT_bit_size
	.byte	0                               @ DW_AT_data_bit_offset
	.byte	21                              @ Abbrev [21] 0x3a26:0xe DW_TAG_member
	.long	.Linfo_string476                @ DW_AT_name
	.long	3581                            @ DW_AT_type
	.byte	3                               @ DW_AT_decl_file
	.short	13511                           @ DW_AT_decl_line
	.byte	32                              @ DW_AT_bit_size
	.byte	32                              @ DW_AT_data_bit_offset
	.byte	0                               @ End Of Children Mark
	.byte	15                              @ Abbrev [15] 0x3a35:0xd DW_TAG_member
	.long	.Linfo_string35                 @ DW_AT_name
	.long	4161                            @ DW_AT_type
	.byte	3                               @ DW_AT_decl_file
	.short	13513                           @ DW_AT_decl_line
	.byte	0                               @ DW_AT_data_member_location
	.byte	0                               @ End Of Children Mark
	.byte	0                               @ End Of Children Mark
	.byte	17                              @ Abbrev [17] 0x3a44:0x51 DW_TAG_structure_type
	.long	.Linfo_string483                @ DW_AT_name
	.byte	8                               @ DW_AT_byte_size
	.byte	3                               @ DW_AT_decl_file
	.short	13553                           @ DW_AT_decl_line
	.byte	18                              @ Abbrev [18] 0x3a4d:0x9 DW_TAG_member
	.long	14934                           @ DW_AT_type
	.byte	3                               @ DW_AT_decl_file
	.short	13556                           @ DW_AT_decl_line
	.byte	0                               @ DW_AT_data_member_location
	.byte	19                              @ Abbrev [19] 0x3a56:0x3e DW_TAG_union_type
	.byte	8                               @ DW_AT_byte_size
	.byte	3                               @ DW_AT_decl_file
	.short	13556                           @ DW_AT_decl_line
	.byte	18                              @ Abbrev [18] 0x3a5b:0x9 DW_TAG_member
	.long	14948                           @ DW_AT_type
	.byte	3                               @ DW_AT_decl_file
	.short	13558                           @ DW_AT_decl_line
	.byte	0                               @ DW_AT_data_member_location
	.byte	20                              @ Abbrev [20] 0x3a64:0x22 DW_TAG_structure_type
	.byte	8                               @ DW_AT_byte_size
	.byte	3                               @ DW_AT_decl_file
	.short	13558                           @ DW_AT_decl_line
	.byte	21                              @ Abbrev [21] 0x3a69:0xe DW_TAG_member
	.long	.Linfo_string475                @ DW_AT_name
	.long	3581                            @ DW_AT_type
	.byte	3                               @ DW_AT_decl_file
	.short	13560                           @ DW_AT_decl_line
	.byte	32                              @ DW_AT_bit_size
	.byte	0                               @ DW_AT_data_bit_offset
	.byte	21                              @ Abbrev [21] 0x3a77:0xe DW_TAG_member
	.long	.Linfo_string476                @ DW_AT_name
	.long	3581                            @ DW_AT_type
	.byte	3                               @ DW_AT_decl_file
	.short	13561                           @ DW_AT_decl_line
	.byte	32                              @ DW_AT_bit_size
	.byte	32                              @ DW_AT_data_bit_offset
	.byte	0                               @ End Of Children Mark
	.byte	15                              @ Abbrev [15] 0x3a86:0xd DW_TAG_member
	.long	.Linfo_string35                 @ DW_AT_name
	.long	4161                            @ DW_AT_type
	.byte	3                               @ DW_AT_decl_file
	.short	13563                           @ DW_AT_decl_line
	.byte	0                               @ DW_AT_data_member_location
	.byte	0                               @ End Of Children Mark
	.byte	0                               @ End Of Children Mark
	.byte	17                              @ Abbrev [17] 0x3a95:0x51 DW_TAG_structure_type
	.long	.Linfo_string485                @ DW_AT_name
	.byte	8                               @ DW_AT_byte_size
	.byte	3                               @ DW_AT_decl_file
	.short	13603                           @ DW_AT_decl_line
	.byte	18                              @ Abbrev [18] 0x3a9e:0x9 DW_TAG_member
	.long	15015                           @ DW_AT_type
	.byte	3                               @ DW_AT_decl_file
	.short	13606                           @ DW_AT_decl_line
	.byte	0                               @ DW_AT_data_member_location
	.byte	19                              @ Abbrev [19] 0x3aa7:0x3e DW_TAG_union_type
	.byte	8                               @ DW_AT_byte_size
	.byte	3                               @ DW_AT_decl_file
	.short	13606                           @ DW_AT_decl_line
	.byte	18                              @ Abbrev [18] 0x3aac:0x9 DW_TAG_member
	.long	15029                           @ DW_AT_type
	.byte	3                               @ DW_AT_decl_file
	.short	13608                           @ DW_AT_decl_line
	.byte	0                               @ DW_AT_data_member_location
	.byte	20                              @ Abbrev [20] 0x3ab5:0x22 DW_TAG_structure_type
	.byte	8                               @ DW_AT_byte_size
	.byte	3                               @ DW_AT_decl_file
	.short	13608                           @ DW_AT_decl_line
	.byte	21                              @ Abbrev [21] 0x3aba:0xe DW_TAG_member
	.long	.Linfo_string475                @ DW_AT_name
	.long	3581                            @ DW_AT_type
	.byte	3                               @ DW_AT_decl_file
	.short	13610                           @ DW_AT_decl_line
	.byte	32                              @ DW_AT_bit_size
	.byte	0                               @ DW_AT_data_bit_offset
	.byte	21                              @ Abbrev [21] 0x3ac8:0xe DW_TAG_member
	.long	.Linfo_string476                @ DW_AT_name
	.long	3581                            @ DW_AT_type
	.byte	3                               @ DW_AT_decl_file
	.short	13611                           @ DW_AT_decl_line
	.byte	32                              @ DW_AT_bit_size
	.byte	32                              @ DW_AT_data_bit_offset
	.byte	0                               @ End Of Children Mark
	.byte	15                              @ Abbrev [15] 0x3ad7:0xd DW_TAG_member
	.long	.Linfo_string35                 @ DW_AT_name
	.long	4161                            @ DW_AT_type
	.byte	3                               @ DW_AT_decl_file
	.short	13613                           @ DW_AT_decl_line
	.byte	0                               @ DW_AT_data_member_location
	.byte	0                               @ End Of Children Mark
	.byte	0                               @ End Of Children Mark
	.byte	17                              @ Abbrev [17] 0x3ae6:0x51 DW_TAG_structure_type
	.long	.Linfo_string487                @ DW_AT_name
	.byte	8                               @ DW_AT_byte_size
	.byte	3                               @ DW_AT_decl_file
	.short	13653                           @ DW_AT_decl_line
	.byte	18                              @ Abbrev [18] 0x3aef:0x9 DW_TAG_member
	.long	15096                           @ DW_AT_type
	.byte	3                               @ DW_AT_decl_file
	.short	13656                           @ DW_AT_decl_line
	.byte	0                               @ DW_AT_data_member_location
	.byte	19                              @ Abbrev [19] 0x3af8:0x3e DW_TAG_union_type
	.byte	8                               @ DW_AT_byte_size
	.byte	3                               @ DW_AT_decl_file
	.short	13656                           @ DW_AT_decl_line
	.byte	18                              @ Abbrev [18] 0x3afd:0x9 DW_TAG_member
	.long	15110                           @ DW_AT_type
	.byte	3                               @ DW_AT_decl_file
	.short	13658                           @ DW_AT_decl_line
	.byte	0                               @ DW_AT_data_member_location
	.byte	20                              @ Abbrev [20] 0x3b06:0x22 DW_TAG_structure_type
	.byte	8                               @ DW_AT_byte_size
	.byte	3                               @ DW_AT_decl_file
	.short	13658                           @ DW_AT_decl_line
	.byte	21                              @ Abbrev [21] 0x3b0b:0xe DW_TAG_member
	.long	.Linfo_string475                @ DW_AT_name
	.long	3581                            @ DW_AT_type
	.byte	3                               @ DW_AT_decl_file
	.short	13660                           @ DW_AT_decl_line
	.byte	32                              @ DW_AT_bit_size
	.byte	0                               @ DW_AT_data_bit_offset
	.byte	21                              @ Abbrev [21] 0x3b19:0xe DW_TAG_member
	.long	.Linfo_string476                @ DW_AT_name
	.long	3581                            @ DW_AT_type
	.byte	3                               @ DW_AT_decl_file
	.short	13661                           @ DW_AT_decl_line
	.byte	32                              @ DW_AT_bit_size
	.byte	32                              @ DW_AT_data_bit_offset
	.byte	0                               @ End Of Children Mark
	.byte	15                              @ Abbrev [15] 0x3b28:0xd DW_TAG_member
	.long	.Linfo_string35                 @ DW_AT_name
	.long	4161                            @ DW_AT_type
	.byte	3                               @ DW_AT_decl_file
	.short	13663                           @ DW_AT_decl_line
	.byte	0                               @ DW_AT_data_member_location
	.byte	0                               @ End Of Children Mark
	.byte	0                               @ End Of Children Mark
	.byte	17                              @ Abbrev [17] 0x3b37:0x51 DW_TAG_structure_type
	.long	.Linfo_string489                @ DW_AT_name
	.byte	8                               @ DW_AT_byte_size
	.byte	3                               @ DW_AT_decl_file
	.short	13703                           @ DW_AT_decl_line
	.byte	18                              @ Abbrev [18] 0x3b40:0x9 DW_TAG_member
	.long	15177                           @ DW_AT_type
	.byte	3                               @ DW_AT_decl_file
	.short	13706                           @ DW_AT_decl_line
	.byte	0                               @ DW_AT_data_member_location
	.byte	19                              @ Abbrev [19] 0x3b49:0x3e DW_TAG_union_type
	.byte	8                               @ DW_AT_byte_size
	.byte	3                               @ DW_AT_decl_file
	.short	13706                           @ DW_AT_decl_line
	.byte	18                              @ Abbrev [18] 0x3b4e:0x9 DW_TAG_member
	.long	15191                           @ DW_AT_type
	.byte	3                               @ DW_AT_decl_file
	.short	13708                           @ DW_AT_decl_line
	.byte	0                               @ DW_AT_data_member_location
	.byte	20                              @ Abbrev [20] 0x3b57:0x22 DW_TAG_structure_type
	.byte	8                               @ DW_AT_byte_size
	.byte	3                               @ DW_AT_decl_file
	.short	13708                           @ DW_AT_decl_line
	.byte	21                              @ Abbrev [21] 0x3b5c:0xe DW_TAG_member
	.long	.Linfo_string475                @ DW_AT_name
	.long	3581                            @ DW_AT_type
	.byte	3                               @ DW_AT_decl_file
	.short	13710                           @ DW_AT_decl_line
	.byte	32                              @ DW_AT_bit_size
	.byte	0                               @ DW_AT_data_bit_offset
	.byte	21                              @ Abbrev [21] 0x3b6a:0xe DW_TAG_member
	.long	.Linfo_string476                @ DW_AT_name
	.long	3581                            @ DW_AT_type
	.byte	3                               @ DW_AT_decl_file
	.short	13711                           @ DW_AT_decl_line
	.byte	32                              @ DW_AT_bit_size
	.byte	32                              @ DW_AT_data_bit_offset
	.byte	0                               @ End Of Children Mark
	.byte	15                              @ Abbrev [15] 0x3b79:0xd DW_TAG_member
	.long	.Linfo_string35                 @ DW_AT_name
	.long	4161                            @ DW_AT_type
	.byte	3                               @ DW_AT_decl_file
	.short	13713                           @ DW_AT_decl_line
	.byte	0                               @ DW_AT_data_member_location
	.byte	0                               @ End Of Children Mark
	.byte	0                               @ End Of Children Mark
	.byte	17                              @ Abbrev [17] 0x3b88:0x51 DW_TAG_structure_type
	.long	.Linfo_string492                @ DW_AT_name
	.byte	8                               @ DW_AT_byte_size
	.byte	3                               @ DW_AT_decl_file
	.short	13753                           @ DW_AT_decl_line
	.byte	18                              @ Abbrev [18] 0x3b91:0x9 DW_TAG_member
	.long	15258                           @ DW_AT_type
	.byte	3                               @ DW_AT_decl_file
	.short	13756                           @ DW_AT_decl_line
	.byte	0                               @ DW_AT_data_member_location
	.byte	19                              @ Abbrev [19] 0x3b9a:0x3e DW_TAG_union_type
	.byte	8                               @ DW_AT_byte_size
	.byte	3                               @ DW_AT_decl_file
	.short	13756                           @ DW_AT_decl_line
	.byte	18                              @ Abbrev [18] 0x3b9f:0x9 DW_TAG_member
	.long	15272                           @ DW_AT_type
	.byte	3                               @ DW_AT_decl_file
	.short	13758                           @ DW_AT_decl_line
	.byte	0                               @ DW_AT_data_member_location
	.byte	20                              @ Abbrev [20] 0x3ba8:0x22 DW_TAG_structure_type
	.byte	8                               @ DW_AT_byte_size
	.byte	3                               @ DW_AT_decl_file
	.short	13758                           @ DW_AT_decl_line
	.byte	21                              @ Abbrev [21] 0x3bad:0xe DW_TAG_member
	.long	.Linfo_string475                @ DW_AT_name
	.long	3581                            @ DW_AT_type
	.byte	3                               @ DW_AT_decl_file
	.short	13760                           @ DW_AT_decl_line
	.byte	32                              @ DW_AT_bit_size
	.byte	0                               @ DW_AT_data_bit_offset
	.byte	21                              @ Abbrev [21] 0x3bbb:0xe DW_TAG_member
	.long	.Linfo_string476                @ DW_AT_name
	.long	3581                            @ DW_AT_type
	.byte	3                               @ DW_AT_decl_file
	.short	13761                           @ DW_AT_decl_line
	.byte	32                              @ DW_AT_bit_size
	.byte	32                              @ DW_AT_data_bit_offset
	.byte	0                               @ End Of Children Mark
	.byte	15                              @ Abbrev [15] 0x3bca:0xd DW_TAG_member
	.long	.Linfo_string35                 @ DW_AT_name
	.long	4161                            @ DW_AT_type
	.byte	3                               @ DW_AT_decl_file
	.short	13763                           @ DW_AT_decl_line
	.byte	0                               @ DW_AT_data_member_location
	.byte	0                               @ End Of Children Mark
	.byte	0                               @ End Of Children Mark
	.byte	17                              @ Abbrev [17] 0x3bd9:0x51 DW_TAG_structure_type
	.long	.Linfo_string494                @ DW_AT_name
	.byte	8                               @ DW_AT_byte_size
	.byte	3                               @ DW_AT_decl_file
	.short	13803                           @ DW_AT_decl_line
	.byte	18                              @ Abbrev [18] 0x3be2:0x9 DW_TAG_member
	.long	15339                           @ DW_AT_type
	.byte	3                               @ DW_AT_decl_file
	.short	13806                           @ DW_AT_decl_line
	.byte	0                               @ DW_AT_data_member_location
	.byte	19                              @ Abbrev [19] 0x3beb:0x3e DW_TAG_union_type
	.byte	8                               @ DW_AT_byte_size
	.byte	3                               @ DW_AT_decl_file
	.short	13806                           @ DW_AT_decl_line
	.byte	18                              @ Abbrev [18] 0x3bf0:0x9 DW_TAG_member
	.long	15353                           @ DW_AT_type
	.byte	3                               @ DW_AT_decl_file
	.short	13808                           @ DW_AT_decl_line
	.byte	0                               @ DW_AT_data_member_location
	.byte	20                              @ Abbrev [20] 0x3bf9:0x22 DW_TAG_structure_type
	.byte	8                               @ DW_AT_byte_size
	.byte	3                               @ DW_AT_decl_file
	.short	13808                           @ DW_AT_decl_line
	.byte	21                              @ Abbrev [21] 0x3bfe:0xe DW_TAG_member
	.long	.Linfo_string475                @ DW_AT_name
	.long	3581                            @ DW_AT_type
	.byte	3                               @ DW_AT_decl_file
	.short	13810                           @ DW_AT_decl_line
	.byte	32                              @ DW_AT_bit_size
	.byte	0                               @ DW_AT_data_bit_offset
	.byte	21                              @ Abbrev [21] 0x3c0c:0xe DW_TAG_member
	.long	.Linfo_string476                @ DW_AT_name
	.long	3581                            @ DW_AT_type
	.byte	3                               @ DW_AT_decl_file
	.short	13811                           @ DW_AT_decl_line
	.byte	32                              @ DW_AT_bit_size
	.byte	32                              @ DW_AT_data_bit_offset
	.byte	0                               @ End Of Children Mark
	.byte	15                              @ Abbrev [15] 0x3c1b:0xd DW_TAG_member
	.long	.Linfo_string35                 @ DW_AT_name
	.long	4161                            @ DW_AT_type
	.byte	3                               @ DW_AT_decl_file
	.short	13813                           @ DW_AT_decl_line
	.byte	0                               @ DW_AT_data_member_location
	.byte	0                               @ End Of Children Mark
	.byte	0                               @ End Of Children Mark
	.byte	17                              @ Abbrev [17] 0x3c2a:0x51 DW_TAG_structure_type
	.long	.Linfo_string496                @ DW_AT_name
	.byte	8                               @ DW_AT_byte_size
	.byte	3                               @ DW_AT_decl_file
	.short	13853                           @ DW_AT_decl_line
	.byte	18                              @ Abbrev [18] 0x3c33:0x9 DW_TAG_member
	.long	15420                           @ DW_AT_type
	.byte	3                               @ DW_AT_decl_file
	.short	13856                           @ DW_AT_decl_line
	.byte	0                               @ DW_AT_data_member_location
	.byte	19                              @ Abbrev [19] 0x3c3c:0x3e DW_TAG_union_type
	.byte	8                               @ DW_AT_byte_size
	.byte	3                               @ DW_AT_decl_file
	.short	13856                           @ DW_AT_decl_line
	.byte	18                              @ Abbrev [18] 0x3c41:0x9 DW_TAG_member
	.long	15434                           @ DW_AT_type
	.byte	3                               @ DW_AT_decl_file
	.short	13858                           @ DW_AT_decl_line
	.byte	0                               @ DW_AT_data_member_location
	.byte	20                              @ Abbrev [20] 0x3c4a:0x22 DW_TAG_structure_type
	.byte	8                               @ DW_AT_byte_size
	.byte	3                               @ DW_AT_decl_file
	.short	13858                           @ DW_AT_decl_line
	.byte	21                              @ Abbrev [21] 0x3c4f:0xe DW_TAG_member
	.long	.Linfo_string475                @ DW_AT_name
	.long	3581                            @ DW_AT_type
	.byte	3                               @ DW_AT_decl_file
	.short	13860                           @ DW_AT_decl_line
	.byte	32                              @ DW_AT_bit_size
	.byte	0                               @ DW_AT_data_bit_offset
	.byte	21                              @ Abbrev [21] 0x3c5d:0xe DW_TAG_member
	.long	.Linfo_string476                @ DW_AT_name
	.long	3581                            @ DW_AT_type
	.byte	3                               @ DW_AT_decl_file
	.short	13861                           @ DW_AT_decl_line
	.byte	32                              @ DW_AT_bit_size
	.byte	32                              @ DW_AT_data_bit_offset
	.byte	0                               @ End Of Children Mark
	.byte	15                              @ Abbrev [15] 0x3c6c:0xd DW_TAG_member
	.long	.Linfo_string35                 @ DW_AT_name
	.long	4161                            @ DW_AT_type
	.byte	3                               @ DW_AT_decl_file
	.short	13863                           @ DW_AT_decl_line
	.byte	0                               @ DW_AT_data_member_location
	.byte	0                               @ End Of Children Mark
	.byte	0                               @ End Of Children Mark
	.byte	17                              @ Abbrev [17] 0x3c7b:0x51 DW_TAG_structure_type
	.long	.Linfo_string498                @ DW_AT_name
	.byte	8                               @ DW_AT_byte_size
	.byte	3                               @ DW_AT_decl_file
	.short	13903                           @ DW_AT_decl_line
	.byte	18                              @ Abbrev [18] 0x3c84:0x9 DW_TAG_member
	.long	15501                           @ DW_AT_type
	.byte	3                               @ DW_AT_decl_file
	.short	13906                           @ DW_AT_decl_line
	.byte	0                               @ DW_AT_data_member_location
	.byte	19                              @ Abbrev [19] 0x3c8d:0x3e DW_TAG_union_type
	.byte	8                               @ DW_AT_byte_size
	.byte	3                               @ DW_AT_decl_file
	.short	13906                           @ DW_AT_decl_line
	.byte	18                              @ Abbrev [18] 0x3c92:0x9 DW_TAG_member
	.long	15515                           @ DW_AT_type
	.byte	3                               @ DW_AT_decl_file
	.short	13908                           @ DW_AT_decl_line
	.byte	0                               @ DW_AT_data_member_location
	.byte	20                              @ Abbrev [20] 0x3c9b:0x22 DW_TAG_structure_type
	.byte	8                               @ DW_AT_byte_size
	.byte	3                               @ DW_AT_decl_file
	.short	13908                           @ DW_AT_decl_line
	.byte	21                              @ Abbrev [21] 0x3ca0:0xe DW_TAG_member
	.long	.Linfo_string475                @ DW_AT_name
	.long	3581                            @ DW_AT_type
	.byte	3                               @ DW_AT_decl_file
	.short	13910                           @ DW_AT_decl_line
	.byte	32                              @ DW_AT_bit_size
	.byte	0                               @ DW_AT_data_bit_offset
	.byte	21                              @ Abbrev [21] 0x3cae:0xe DW_TAG_member
	.long	.Linfo_string476                @ DW_AT_name
	.long	3581                            @ DW_AT_type
	.byte	3                               @ DW_AT_decl_file
	.short	13911                           @ DW_AT_decl_line
	.byte	32                              @ DW_AT_bit_size
	.byte	32                              @ DW_AT_data_bit_offset
	.byte	0                               @ End Of Children Mark
	.byte	15                              @ Abbrev [15] 0x3cbd:0xd DW_TAG_member
	.long	.Linfo_string35                 @ DW_AT_name
	.long	4161                            @ DW_AT_type
	.byte	3                               @ DW_AT_decl_file
	.short	13913                           @ DW_AT_decl_line
	.byte	0                               @ DW_AT_data_member_location
	.byte	0                               @ End Of Children Mark
	.byte	0                               @ End Of Children Mark
	.byte	17                              @ Abbrev [17] 0x3ccc:0x51 DW_TAG_structure_type
	.long	.Linfo_string500                @ DW_AT_name
	.byte	8                               @ DW_AT_byte_size
	.byte	3                               @ DW_AT_decl_file
	.short	13953                           @ DW_AT_decl_line
	.byte	18                              @ Abbrev [18] 0x3cd5:0x9 DW_TAG_member
	.long	15582                           @ DW_AT_type
	.byte	3                               @ DW_AT_decl_file
	.short	13956                           @ DW_AT_decl_line
	.byte	0                               @ DW_AT_data_member_location
	.byte	19                              @ Abbrev [19] 0x3cde:0x3e DW_TAG_union_type
	.byte	8                               @ DW_AT_byte_size
	.byte	3                               @ DW_AT_decl_file
	.short	13956                           @ DW_AT_decl_line
	.byte	18                              @ Abbrev [18] 0x3ce3:0x9 DW_TAG_member
	.long	15596                           @ DW_AT_type
	.byte	3                               @ DW_AT_decl_file
	.short	13958                           @ DW_AT_decl_line
	.byte	0                               @ DW_AT_data_member_location
	.byte	20                              @ Abbrev [20] 0x3cec:0x22 DW_TAG_structure_type
	.byte	8                               @ DW_AT_byte_size
	.byte	3                               @ DW_AT_decl_file
	.short	13958                           @ DW_AT_decl_line
	.byte	21                              @ Abbrev [21] 0x3cf1:0xe DW_TAG_member
	.long	.Linfo_string475                @ DW_AT_name
	.long	3581                            @ DW_AT_type
	.byte	3                               @ DW_AT_decl_file
	.short	13960                           @ DW_AT_decl_line
	.byte	32                              @ DW_AT_bit_size
	.byte	0                               @ DW_AT_data_bit_offset
	.byte	21                              @ Abbrev [21] 0x3cff:0xe DW_TAG_member
	.long	.Linfo_string476                @ DW_AT_name
	.long	3581                            @ DW_AT_type
	.byte	3                               @ DW_AT_decl_file
	.short	13961                           @ DW_AT_decl_line
	.byte	32                              @ DW_AT_bit_size
	.byte	32                              @ DW_AT_data_bit_offset
	.byte	0                               @ End Of Children Mark
	.byte	15                              @ Abbrev [15] 0x3d0e:0xd DW_TAG_member
	.long	.Linfo_string35                 @ DW_AT_name
	.long	4161                            @ DW_AT_type
	.byte	3                               @ DW_AT_decl_file
	.short	13963                           @ DW_AT_decl_line
	.byte	0                               @ DW_AT_data_member_location
	.byte	0                               @ End Of Children Mark
	.byte	0                               @ End Of Children Mark
	.byte	17                              @ Abbrev [17] 0x3d1d:0x51 DW_TAG_structure_type
	.long	.Linfo_string502                @ DW_AT_name
	.byte	8                               @ DW_AT_byte_size
	.byte	3                               @ DW_AT_decl_file
	.short	14003                           @ DW_AT_decl_line
	.byte	18                              @ Abbrev [18] 0x3d26:0x9 DW_TAG_member
	.long	15663                           @ DW_AT_type
	.byte	3                               @ DW_AT_decl_file
	.short	14006                           @ DW_AT_decl_line
	.byte	0                               @ DW_AT_data_member_location
	.byte	19                              @ Abbrev [19] 0x3d2f:0x3e DW_TAG_union_type
	.byte	8                               @ DW_AT_byte_size
	.byte	3                               @ DW_AT_decl_file
	.short	14006                           @ DW_AT_decl_line
	.byte	18                              @ Abbrev [18] 0x3d34:0x9 DW_TAG_member
	.long	15677                           @ DW_AT_type
	.byte	3                               @ DW_AT_decl_file
	.short	14008                           @ DW_AT_decl_line
	.byte	0                               @ DW_AT_data_member_location
	.byte	20                              @ Abbrev [20] 0x3d3d:0x22 DW_TAG_structure_type
	.byte	8                               @ DW_AT_byte_size
	.byte	3                               @ DW_AT_decl_file
	.short	14008                           @ DW_AT_decl_line
	.byte	21                              @ Abbrev [21] 0x3d42:0xe DW_TAG_member
	.long	.Linfo_string475                @ DW_AT_name
	.long	3581                            @ DW_AT_type
	.byte	3                               @ DW_AT_decl_file
	.short	14010                           @ DW_AT_decl_line
	.byte	32                              @ DW_AT_bit_size
	.byte	0                               @ DW_AT_data_bit_offset
	.byte	21                              @ Abbrev [21] 0x3d50:0xe DW_TAG_member
	.long	.Linfo_string476                @ DW_AT_name
	.long	3581                            @ DW_AT_type
	.byte	3                               @ DW_AT_decl_file
	.short	14011                           @ DW_AT_decl_line
	.byte	32                              @ DW_AT_bit_size
	.byte	32                              @ DW_AT_data_bit_offset
	.byte	0                               @ End Of Children Mark
	.byte	15                              @ Abbrev [15] 0x3d5f:0xd DW_TAG_member
	.long	.Linfo_string35                 @ DW_AT_name
	.long	4161                            @ DW_AT_type
	.byte	3                               @ DW_AT_decl_file
	.short	14013                           @ DW_AT_decl_line
	.byte	0                               @ DW_AT_data_member_location
	.byte	0                               @ End Of Children Mark
	.byte	0                               @ End Of Children Mark
	.byte	17                              @ Abbrev [17] 0x3d6e:0x51 DW_TAG_structure_type
	.long	.Linfo_string504                @ DW_AT_name
	.byte	8                               @ DW_AT_byte_size
	.byte	3                               @ DW_AT_decl_file
	.short	14053                           @ DW_AT_decl_line
	.byte	18                              @ Abbrev [18] 0x3d77:0x9 DW_TAG_member
	.long	15744                           @ DW_AT_type
	.byte	3                               @ DW_AT_decl_file
	.short	14056                           @ DW_AT_decl_line
	.byte	0                               @ DW_AT_data_member_location
	.byte	19                              @ Abbrev [19] 0x3d80:0x3e DW_TAG_union_type
	.byte	8                               @ DW_AT_byte_size
	.byte	3                               @ DW_AT_decl_file
	.short	14056                           @ DW_AT_decl_line
	.byte	18                              @ Abbrev [18] 0x3d85:0x9 DW_TAG_member
	.long	15758                           @ DW_AT_type
	.byte	3                               @ DW_AT_decl_file
	.short	14058                           @ DW_AT_decl_line
	.byte	0                               @ DW_AT_data_member_location
	.byte	20                              @ Abbrev [20] 0x3d8e:0x22 DW_TAG_structure_type
	.byte	8                               @ DW_AT_byte_size
	.byte	3                               @ DW_AT_decl_file
	.short	14058                           @ DW_AT_decl_line
	.byte	21                              @ Abbrev [21] 0x3d93:0xe DW_TAG_member
	.long	.Linfo_string475                @ DW_AT_name
	.long	3581                            @ DW_AT_type
	.byte	3                               @ DW_AT_decl_file
	.short	14060                           @ DW_AT_decl_line
	.byte	32                              @ DW_AT_bit_size
	.byte	0                               @ DW_AT_data_bit_offset
	.byte	21                              @ Abbrev [21] 0x3da1:0xe DW_TAG_member
	.long	.Linfo_string476                @ DW_AT_name
	.long	3581                            @ DW_AT_type
	.byte	3                               @ DW_AT_decl_file
	.short	14061                           @ DW_AT_decl_line
	.byte	32                              @ DW_AT_bit_size
	.byte	32                              @ DW_AT_data_bit_offset
	.byte	0                               @ End Of Children Mark
	.byte	15                              @ Abbrev [15] 0x3db0:0xd DW_TAG_member
	.long	.Linfo_string35                 @ DW_AT_name
	.long	4161                            @ DW_AT_type
	.byte	3                               @ DW_AT_decl_file
	.short	14063                           @ DW_AT_decl_line
	.byte	0                               @ DW_AT_data_member_location
	.byte	0                               @ End Of Children Mark
	.byte	0                               @ End Of Children Mark
	.byte	17                              @ Abbrev [17] 0x3dbf:0x51 DW_TAG_structure_type
	.long	.Linfo_string507                @ DW_AT_name
	.byte	8                               @ DW_AT_byte_size
	.byte	3                               @ DW_AT_decl_file
	.short	14103                           @ DW_AT_decl_line
	.byte	18                              @ Abbrev [18] 0x3dc8:0x9 DW_TAG_member
	.long	15825                           @ DW_AT_type
	.byte	3                               @ DW_AT_decl_file
	.short	14106                           @ DW_AT_decl_line
	.byte	0                               @ DW_AT_data_member_location
	.byte	19                              @ Abbrev [19] 0x3dd1:0x3e DW_TAG_union_type
	.byte	8                               @ DW_AT_byte_size
	.byte	3                               @ DW_AT_decl_file
	.short	14106                           @ DW_AT_decl_line
	.byte	18                              @ Abbrev [18] 0x3dd6:0x9 DW_TAG_member
	.long	15839                           @ DW_AT_type
	.byte	3                               @ DW_AT_decl_file
	.short	14108                           @ DW_AT_decl_line
	.byte	0                               @ DW_AT_data_member_location
	.byte	20                              @ Abbrev [20] 0x3ddf:0x22 DW_TAG_structure_type
	.byte	8                               @ DW_AT_byte_size
	.byte	3                               @ DW_AT_decl_file
	.short	14108                           @ DW_AT_decl_line
	.byte	21                              @ Abbrev [21] 0x3de4:0xe DW_TAG_member
	.long	.Linfo_string475                @ DW_AT_name
	.long	3581                            @ DW_AT_type
	.byte	3                               @ DW_AT_decl_file
	.short	14110                           @ DW_AT_decl_line
	.byte	32                              @ DW_AT_bit_size
	.byte	0                               @ DW_AT_data_bit_offset
	.byte	21                              @ Abbrev [21] 0x3df2:0xe DW_TAG_member
	.long	.Linfo_string476                @ DW_AT_name
	.long	3581                            @ DW_AT_type
	.byte	3                               @ DW_AT_decl_file
	.short	14111                           @ DW_AT_decl_line
	.byte	32                              @ DW_AT_bit_size
	.byte	32                              @ DW_AT_data_bit_offset
	.byte	0                               @ End Of Children Mark
	.byte	15                              @ Abbrev [15] 0x3e01:0xd DW_TAG_member
	.long	.Linfo_string35                 @ DW_AT_name
	.long	4161                            @ DW_AT_type
	.byte	3                               @ DW_AT_decl_file
	.short	14113                           @ DW_AT_decl_line
	.byte	0                               @ DW_AT_data_member_location
	.byte	0                               @ End Of Children Mark
	.byte	0                               @ End Of Children Mark
	.byte	17                              @ Abbrev [17] 0x3e10:0x51 DW_TAG_structure_type
	.long	.Linfo_string509                @ DW_AT_name
	.byte	8                               @ DW_AT_byte_size
	.byte	3                               @ DW_AT_decl_file
	.short	14153                           @ DW_AT_decl_line
	.byte	18                              @ Abbrev [18] 0x3e19:0x9 DW_TAG_member
	.long	15906                           @ DW_AT_type
	.byte	3                               @ DW_AT_decl_file
	.short	14156                           @ DW_AT_decl_line
	.byte	0                               @ DW_AT_data_member_location
	.byte	19                              @ Abbrev [19] 0x3e22:0x3e DW_TAG_union_type
	.byte	8                               @ DW_AT_byte_size
	.byte	3                               @ DW_AT_decl_file
	.short	14156                           @ DW_AT_decl_line
	.byte	18                              @ Abbrev [18] 0x3e27:0x9 DW_TAG_member
	.long	15920                           @ DW_AT_type
	.byte	3                               @ DW_AT_decl_file
	.short	14158                           @ DW_AT_decl_line
	.byte	0                               @ DW_AT_data_member_location
	.byte	20                              @ Abbrev [20] 0x3e30:0x22 DW_TAG_structure_type
	.byte	8                               @ DW_AT_byte_size
	.byte	3                               @ DW_AT_decl_file
	.short	14158                           @ DW_AT_decl_line
	.byte	21                              @ Abbrev [21] 0x3e35:0xe DW_TAG_member
	.long	.Linfo_string475                @ DW_AT_name
	.long	3581                            @ DW_AT_type
	.byte	3                               @ DW_AT_decl_file
	.short	14160                           @ DW_AT_decl_line
	.byte	32                              @ DW_AT_bit_size
	.byte	0                               @ DW_AT_data_bit_offset
	.byte	21                              @ Abbrev [21] 0x3e43:0xe DW_TAG_member
	.long	.Linfo_string476                @ DW_AT_name
	.long	3581                            @ DW_AT_type
	.byte	3                               @ DW_AT_decl_file
	.short	14161                           @ DW_AT_decl_line
	.byte	32                              @ DW_AT_bit_size
	.byte	32                              @ DW_AT_data_bit_offset
	.byte	0                               @ End Of Children Mark
	.byte	15                              @ Abbrev [15] 0x3e52:0xd DW_TAG_member
	.long	.Linfo_string35                 @ DW_AT_name
	.long	4161                            @ DW_AT_type
	.byte	3                               @ DW_AT_decl_file
	.short	14163                           @ DW_AT_decl_line
	.byte	0                               @ DW_AT_data_member_location
	.byte	0                               @ End Of Children Mark
	.byte	0                               @ End Of Children Mark
	.byte	17                              @ Abbrev [17] 0x3e61:0x51 DW_TAG_structure_type
	.long	.Linfo_string511                @ DW_AT_name
	.byte	8                               @ DW_AT_byte_size
	.byte	3                               @ DW_AT_decl_file
	.short	14203                           @ DW_AT_decl_line
	.byte	18                              @ Abbrev [18] 0x3e6a:0x9 DW_TAG_member
	.long	15987                           @ DW_AT_type
	.byte	3                               @ DW_AT_decl_file
	.short	14206                           @ DW_AT_decl_line
	.byte	0                               @ DW_AT_data_member_location
	.byte	19                              @ Abbrev [19] 0x3e73:0x3e DW_TAG_union_type
	.byte	8                               @ DW_AT_byte_size
	.byte	3                               @ DW_AT_decl_file
	.short	14206                           @ DW_AT_decl_line
	.byte	18                              @ Abbrev [18] 0x3e78:0x9 DW_TAG_member
	.long	16001                           @ DW_AT_type
	.byte	3                               @ DW_AT_decl_file
	.short	14208                           @ DW_AT_decl_line
	.byte	0                               @ DW_AT_data_member_location
	.byte	20                              @ Abbrev [20] 0x3e81:0x22 DW_TAG_structure_type
	.byte	8                               @ DW_AT_byte_size
	.byte	3                               @ DW_AT_decl_file
	.short	14208                           @ DW_AT_decl_line
	.byte	21                              @ Abbrev [21] 0x3e86:0xe DW_TAG_member
	.long	.Linfo_string475                @ DW_AT_name
	.long	3581                            @ DW_AT_type
	.byte	3                               @ DW_AT_decl_file
	.short	14210                           @ DW_AT_decl_line
	.byte	32                              @ DW_AT_bit_size
	.byte	0                               @ DW_AT_data_bit_offset
	.byte	21                              @ Abbrev [21] 0x3e94:0xe DW_TAG_member
	.long	.Linfo_string476                @ DW_AT_name
	.long	3581                            @ DW_AT_type
	.byte	3                               @ DW_AT_decl_file
	.short	14211                           @ DW_AT_decl_line
	.byte	32                              @ DW_AT_bit_size
	.byte	32                              @ DW_AT_data_bit_offset
	.byte	0                               @ End Of Children Mark
	.byte	15                              @ Abbrev [15] 0x3ea3:0xd DW_TAG_member
	.long	.Linfo_string35                 @ DW_AT_name
	.long	4161                            @ DW_AT_type
	.byte	3                               @ DW_AT_decl_file
	.short	14213                           @ DW_AT_decl_line
	.byte	0                               @ DW_AT_data_member_location
	.byte	0                               @ End Of Children Mark
	.byte	0                               @ End Of Children Mark
	.byte	17                              @ Abbrev [17] 0x3eb2:0x51 DW_TAG_structure_type
	.long	.Linfo_string513                @ DW_AT_name
	.byte	8                               @ DW_AT_byte_size
	.byte	3                               @ DW_AT_decl_file
	.short	14253                           @ DW_AT_decl_line
	.byte	18                              @ Abbrev [18] 0x3ebb:0x9 DW_TAG_member
	.long	16068                           @ DW_AT_type
	.byte	3                               @ DW_AT_decl_file
	.short	14256                           @ DW_AT_decl_line
	.byte	0                               @ DW_AT_data_member_location
	.byte	19                              @ Abbrev [19] 0x3ec4:0x3e DW_TAG_union_type
	.byte	8                               @ DW_AT_byte_size
	.byte	3                               @ DW_AT_decl_file
	.short	14256                           @ DW_AT_decl_line
	.byte	18                              @ Abbrev [18] 0x3ec9:0x9 DW_TAG_member
	.long	16082                           @ DW_AT_type
	.byte	3                               @ DW_AT_decl_file
	.short	14258                           @ DW_AT_decl_line
	.byte	0                               @ DW_AT_data_member_location
	.byte	20                              @ Abbrev [20] 0x3ed2:0x22 DW_TAG_structure_type
	.byte	8                               @ DW_AT_byte_size
	.byte	3                               @ DW_AT_decl_file
	.short	14258                           @ DW_AT_decl_line
	.byte	21                              @ Abbrev [21] 0x3ed7:0xe DW_TAG_member
	.long	.Linfo_string475                @ DW_AT_name
	.long	3581                            @ DW_AT_type
	.byte	3                               @ DW_AT_decl_file
	.short	14260                           @ DW_AT_decl_line
	.byte	32                              @ DW_AT_bit_size
	.byte	0                               @ DW_AT_data_bit_offset
	.byte	21                              @ Abbrev [21] 0x3ee5:0xe DW_TAG_member
	.long	.Linfo_string476                @ DW_AT_name
	.long	3581                            @ DW_AT_type
	.byte	3                               @ DW_AT_decl_file
	.short	14261                           @ DW_AT_decl_line
	.byte	32                              @ DW_AT_bit_size
	.byte	32                              @ DW_AT_data_bit_offset
	.byte	0                               @ End Of Children Mark
	.byte	15                              @ Abbrev [15] 0x3ef4:0xd DW_TAG_member
	.long	.Linfo_string35                 @ DW_AT_name
	.long	4161                            @ DW_AT_type
	.byte	3                               @ DW_AT_decl_file
	.short	14263                           @ DW_AT_decl_line
	.byte	0                               @ DW_AT_data_member_location
	.byte	0                               @ End Of Children Mark
	.byte	0                               @ End Of Children Mark
	.byte	17                              @ Abbrev [17] 0x3f03:0x43 DW_TAG_structure_type
	.long	.Linfo_string515                @ DW_AT_name
	.byte	4                               @ DW_AT_byte_size
	.byte	3                               @ DW_AT_decl_file
	.short	14303                           @ DW_AT_decl_line
	.byte	18                              @ Abbrev [18] 0x3f0c:0x9 DW_TAG_member
	.long	16149                           @ DW_AT_type
	.byte	3                               @ DW_AT_decl_file
	.short	14306                           @ DW_AT_decl_line
	.byte	0                               @ DW_AT_data_member_location
	.byte	19                              @ Abbrev [19] 0x3f15:0x30 DW_TAG_union_type
	.byte	4                               @ DW_AT_byte_size
	.byte	3                               @ DW_AT_decl_file
	.short	14306                           @ DW_AT_decl_line
	.byte	18                              @ Abbrev [18] 0x3f1a:0x9 DW_TAG_member
	.long	16163                           @ DW_AT_type
	.byte	3                               @ DW_AT_decl_file
	.short	14308                           @ DW_AT_decl_line
	.byte	0                               @ DW_AT_data_member_location
	.byte	20                              @ Abbrev [20] 0x3f23:0x14 DW_TAG_structure_type
	.byte	4                               @ DW_AT_byte_size
	.byte	3                               @ DW_AT_decl_file
	.short	14308                           @ DW_AT_decl_line
	.byte	21                              @ Abbrev [21] 0x3f28:0xe DW_TAG_member
	.long	.Linfo_string289                @ DW_AT_name
	.long	3581                            @ DW_AT_type
	.byte	3                               @ DW_AT_decl_file
	.short	14310                           @ DW_AT_decl_line
	.byte	32                              @ DW_AT_bit_size
	.byte	0                               @ DW_AT_data_bit_offset
	.byte	0                               @ End Of Children Mark
	.byte	15                              @ Abbrev [15] 0x3f37:0xd DW_TAG_member
	.long	.Linfo_string35                 @ DW_AT_name
	.long	3581                            @ DW_AT_type
	.byte	3                               @ DW_AT_decl_file
	.short	14312                           @ DW_AT_decl_line
	.byte	0                               @ DW_AT_data_member_location
	.byte	0                               @ End Of Children Mark
	.byte	0                               @ End Of Children Mark
	.byte	17                              @ Abbrev [17] 0x3f46:0x43 DW_TAG_structure_type
	.long	.Linfo_string517                @ DW_AT_name
	.byte	4                               @ DW_AT_byte_size
	.byte	3                               @ DW_AT_decl_file
	.short	14365                           @ DW_AT_decl_line
	.byte	18                              @ Abbrev [18] 0x3f4f:0x9 DW_TAG_member
	.long	16216                           @ DW_AT_type
	.byte	3                               @ DW_AT_decl_file
	.short	14368                           @ DW_AT_decl_line
	.byte	0                               @ DW_AT_data_member_location
	.byte	19                              @ Abbrev [19] 0x3f58:0x30 DW_TAG_union_type
	.byte	4                               @ DW_AT_byte_size
	.byte	3                               @ DW_AT_decl_file
	.short	14368                           @ DW_AT_decl_line
	.byte	18                              @ Abbrev [18] 0x3f5d:0x9 DW_TAG_member
	.long	16230                           @ DW_AT_type
	.byte	3                               @ DW_AT_decl_file
	.short	14370                           @ DW_AT_decl_line
	.byte	0                               @ DW_AT_data_member_location
	.byte	20                              @ Abbrev [20] 0x3f66:0x14 DW_TAG_structure_type
	.byte	4                               @ DW_AT_byte_size
	.byte	3                               @ DW_AT_decl_file
	.short	14370                           @ DW_AT_decl_line
	.byte	21                              @ Abbrev [21] 0x3f6b:0xe DW_TAG_member
	.long	.Linfo_string289                @ DW_AT_name
	.long	3581                            @ DW_AT_type
	.byte	3                               @ DW_AT_decl_file
	.short	14372                           @ DW_AT_decl_line
	.byte	32                              @ DW_AT_bit_size
	.byte	0                               @ DW_AT_data_bit_offset
	.byte	0                               @ End Of Children Mark
	.byte	15                              @ Abbrev [15] 0x3f7a:0xd DW_TAG_member
	.long	.Linfo_string35                 @ DW_AT_name
	.long	3581                            @ DW_AT_type
	.byte	3                               @ DW_AT_decl_file
	.short	14374                           @ DW_AT_decl_line
	.byte	0                               @ DW_AT_data_member_location
	.byte	0                               @ End Of Children Mark
	.byte	0                               @ End Of Children Mark
	.byte	17                              @ Abbrev [17] 0x3f89:0x43 DW_TAG_structure_type
	.long	.Linfo_string519                @ DW_AT_name
	.byte	4                               @ DW_AT_byte_size
	.byte	3                               @ DW_AT_decl_file
	.short	14427                           @ DW_AT_decl_line
	.byte	18                              @ Abbrev [18] 0x3f92:0x9 DW_TAG_member
	.long	16283                           @ DW_AT_type
	.byte	3                               @ DW_AT_decl_file
	.short	14430                           @ DW_AT_decl_line
	.byte	0                               @ DW_AT_data_member_location
	.byte	19                              @ Abbrev [19] 0x3f9b:0x30 DW_TAG_union_type
	.byte	4                               @ DW_AT_byte_size
	.byte	3                               @ DW_AT_decl_file
	.short	14430                           @ DW_AT_decl_line
	.byte	18                              @ Abbrev [18] 0x3fa0:0x9 DW_TAG_member
	.long	16297                           @ DW_AT_type
	.byte	3                               @ DW_AT_decl_file
	.short	14432                           @ DW_AT_decl_line
	.byte	0                               @ DW_AT_data_member_location
	.byte	20                              @ Abbrev [20] 0x3fa9:0x14 DW_TAG_structure_type
	.byte	4                               @ DW_AT_byte_size
	.byte	3                               @ DW_AT_decl_file
	.short	14432                           @ DW_AT_decl_line
	.byte	21                              @ Abbrev [21] 0x3fae:0xe DW_TAG_member
	.long	.Linfo_string289                @ DW_AT_name
	.long	3581                            @ DW_AT_type
	.byte	3                               @ DW_AT_decl_file
	.short	14434                           @ DW_AT_decl_line
	.byte	32                              @ DW_AT_bit_size
	.byte	0                               @ DW_AT_data_bit_offset
	.byte	0                               @ End Of Children Mark
	.byte	15                              @ Abbrev [15] 0x3fbd:0xd DW_TAG_member
	.long	.Linfo_string35                 @ DW_AT_name
	.long	3581                            @ DW_AT_type
	.byte	3                               @ DW_AT_decl_file
	.short	14436                           @ DW_AT_decl_line
	.byte	0                               @ DW_AT_data_member_location
	.byte	0                               @ End Of Children Mark
	.byte	0                               @ End Of Children Mark
	.byte	17                              @ Abbrev [17] 0x3fcc:0x43 DW_TAG_structure_type
	.long	.Linfo_string521                @ DW_AT_name
	.byte	4                               @ DW_AT_byte_size
	.byte	3                               @ DW_AT_decl_file
	.short	14489                           @ DW_AT_decl_line
	.byte	18                              @ Abbrev [18] 0x3fd5:0x9 DW_TAG_member
	.long	16350                           @ DW_AT_type
	.byte	3                               @ DW_AT_decl_file
	.short	14492                           @ DW_AT_decl_line
	.byte	0                               @ DW_AT_data_member_location
	.byte	19                              @ Abbrev [19] 0x3fde:0x30 DW_TAG_union_type
	.byte	4                               @ DW_AT_byte_size
	.byte	3                               @ DW_AT_decl_file
	.short	14492                           @ DW_AT_decl_line
	.byte	18                              @ Abbrev [18] 0x3fe3:0x9 DW_TAG_member
	.long	16364                           @ DW_AT_type
	.byte	3                               @ DW_AT_decl_file
	.short	14494                           @ DW_AT_decl_line
	.byte	0                               @ DW_AT_data_member_location
	.byte	20                              @ Abbrev [20] 0x3fec:0x14 DW_TAG_structure_type
	.byte	4                               @ DW_AT_byte_size
	.byte	3                               @ DW_AT_decl_file
	.short	14494                           @ DW_AT_decl_line
	.byte	21                              @ Abbrev [21] 0x3ff1:0xe DW_TAG_member
	.long	.Linfo_string289                @ DW_AT_name
	.long	3581                            @ DW_AT_type
	.byte	3                               @ DW_AT_decl_file
	.short	14496                           @ DW_AT_decl_line
	.byte	32                              @ DW_AT_bit_size
	.byte	0                               @ DW_AT_data_bit_offset
	.byte	0                               @ End Of Children Mark
	.byte	15                              @ Abbrev [15] 0x4000:0xd DW_TAG_member
	.long	.Linfo_string35                 @ DW_AT_name
	.long	3581                            @ DW_AT_type
	.byte	3                               @ DW_AT_decl_file
	.short	14498                           @ DW_AT_decl_line
	.byte	0                               @ DW_AT_data_member_location
	.byte	0                               @ End Of Children Mark
	.byte	0                               @ End Of Children Mark
	.byte	17                              @ Abbrev [17] 0x400f:0x43 DW_TAG_structure_type
	.long	.Linfo_string523                @ DW_AT_name
	.byte	4                               @ DW_AT_byte_size
	.byte	3                               @ DW_AT_decl_file
	.short	14551                           @ DW_AT_decl_line
	.byte	18                              @ Abbrev [18] 0x4018:0x9 DW_TAG_member
	.long	16417                           @ DW_AT_type
	.byte	3                               @ DW_AT_decl_file
	.short	14554                           @ DW_AT_decl_line
	.byte	0                               @ DW_AT_data_member_location
	.byte	19                              @ Abbrev [19] 0x4021:0x30 DW_TAG_union_type
	.byte	4                               @ DW_AT_byte_size
	.byte	3                               @ DW_AT_decl_file
	.short	14554                           @ DW_AT_decl_line
	.byte	18                              @ Abbrev [18] 0x4026:0x9 DW_TAG_member
	.long	16431                           @ DW_AT_type
	.byte	3                               @ DW_AT_decl_file
	.short	14556                           @ DW_AT_decl_line
	.byte	0                               @ DW_AT_data_member_location
	.byte	20                              @ Abbrev [20] 0x402f:0x14 DW_TAG_structure_type
	.byte	4                               @ DW_AT_byte_size
	.byte	3                               @ DW_AT_decl_file
	.short	14556                           @ DW_AT_decl_line
	.byte	21                              @ Abbrev [21] 0x4034:0xe DW_TAG_member
	.long	.Linfo_string289                @ DW_AT_name
	.long	3581                            @ DW_AT_type
	.byte	3                               @ DW_AT_decl_file
	.short	14558                           @ DW_AT_decl_line
	.byte	32                              @ DW_AT_bit_size
	.byte	0                               @ DW_AT_data_bit_offset
	.byte	0                               @ End Of Children Mark
	.byte	15                              @ Abbrev [15] 0x4043:0xd DW_TAG_member
	.long	.Linfo_string35                 @ DW_AT_name
	.long	3581                            @ DW_AT_type
	.byte	3                               @ DW_AT_decl_file
	.short	14560                           @ DW_AT_decl_line
	.byte	0                               @ DW_AT_data_member_location
	.byte	0                               @ End Of Children Mark
	.byte	0                               @ End Of Children Mark
	.byte	17                              @ Abbrev [17] 0x4052:0x51 DW_TAG_structure_type
	.long	.Linfo_string526                @ DW_AT_name
	.byte	8                               @ DW_AT_byte_size
	.byte	3                               @ DW_AT_decl_file
	.short	14613                           @ DW_AT_decl_line
	.byte	18                              @ Abbrev [18] 0x405b:0x9 DW_TAG_member
	.long	16484                           @ DW_AT_type
	.byte	3                               @ DW_AT_decl_file
	.short	14616                           @ DW_AT_decl_line
	.byte	0                               @ DW_AT_data_member_location
	.byte	19                              @ Abbrev [19] 0x4064:0x3e DW_TAG_union_type
	.byte	8                               @ DW_AT_byte_size
	.byte	3                               @ DW_AT_decl_file
	.short	14616                           @ DW_AT_decl_line
	.byte	18                              @ Abbrev [18] 0x4069:0x9 DW_TAG_member
	.long	16498                           @ DW_AT_type
	.byte	3                               @ DW_AT_decl_file
	.short	14618                           @ DW_AT_decl_line
	.byte	0                               @ DW_AT_data_member_location
	.byte	20                              @ Abbrev [20] 0x4072:0x22 DW_TAG_structure_type
	.byte	8                               @ DW_AT_byte_size
	.byte	3                               @ DW_AT_decl_file
	.short	14618                           @ DW_AT_decl_line
	.byte	21                              @ Abbrev [21] 0x4077:0xe DW_TAG_member
	.long	.Linfo_string475                @ DW_AT_name
	.long	3581                            @ DW_AT_type
	.byte	3                               @ DW_AT_decl_file
	.short	14620                           @ DW_AT_decl_line
	.byte	32                              @ DW_AT_bit_size
	.byte	0                               @ DW_AT_data_bit_offset
	.byte	21                              @ Abbrev [21] 0x4085:0xe DW_TAG_member
	.long	.Linfo_string476                @ DW_AT_name
	.long	3581                            @ DW_AT_type
	.byte	3                               @ DW_AT_decl_file
	.short	14621                           @ DW_AT_decl_line
	.byte	32                              @ DW_AT_bit_size
	.byte	32                              @ DW_AT_data_bit_offset
	.byte	0                               @ End Of Children Mark
	.byte	15                              @ Abbrev [15] 0x4094:0xd DW_TAG_member
	.long	.Linfo_string35                 @ DW_AT_name
	.long	4161                            @ DW_AT_type
	.byte	3                               @ DW_AT_decl_file
	.short	14623                           @ DW_AT_decl_line
	.byte	0                               @ DW_AT_data_member_location
	.byte	0                               @ End Of Children Mark
	.byte	0                               @ End Of Children Mark
	.byte	17                              @ Abbrev [17] 0x40a3:0x51 DW_TAG_structure_type
	.long	.Linfo_string528                @ DW_AT_name
	.byte	8                               @ DW_AT_byte_size
	.byte	3                               @ DW_AT_decl_file
	.short	14663                           @ DW_AT_decl_line
	.byte	18                              @ Abbrev [18] 0x40ac:0x9 DW_TAG_member
	.long	16565                           @ DW_AT_type
	.byte	3                               @ DW_AT_decl_file
	.short	14666                           @ DW_AT_decl_line
	.byte	0                               @ DW_AT_data_member_location
	.byte	19                              @ Abbrev [19] 0x40b5:0x3e DW_TAG_union_type
	.byte	8                               @ DW_AT_byte_size
	.byte	3                               @ DW_AT_decl_file
	.short	14666                           @ DW_AT_decl_line
	.byte	18                              @ Abbrev [18] 0x40ba:0x9 DW_TAG_member
	.long	16579                           @ DW_AT_type
	.byte	3                               @ DW_AT_decl_file
	.short	14668                           @ DW_AT_decl_line
	.byte	0                               @ DW_AT_data_member_location
	.byte	20                              @ Abbrev [20] 0x40c3:0x22 DW_TAG_structure_type
	.byte	8                               @ DW_AT_byte_size
	.byte	3                               @ DW_AT_decl_file
	.short	14668                           @ DW_AT_decl_line
	.byte	21                              @ Abbrev [21] 0x40c8:0xe DW_TAG_member
	.long	.Linfo_string475                @ DW_AT_name
	.long	3581                            @ DW_AT_type
	.byte	3                               @ DW_AT_decl_file
	.short	14670                           @ DW_AT_decl_line
	.byte	32                              @ DW_AT_bit_size
	.byte	0                               @ DW_AT_data_bit_offset
	.byte	21                              @ Abbrev [21] 0x40d6:0xe DW_TAG_member
	.long	.Linfo_string476                @ DW_AT_name
	.long	3581                            @ DW_AT_type
	.byte	3                               @ DW_AT_decl_file
	.short	14671                           @ DW_AT_decl_line
	.byte	32                              @ DW_AT_bit_size
	.byte	32                              @ DW_AT_data_bit_offset
	.byte	0                               @ End Of Children Mark
	.byte	15                              @ Abbrev [15] 0x40e5:0xd DW_TAG_member
	.long	.Linfo_string35                 @ DW_AT_name
	.long	4161                            @ DW_AT_type
	.byte	3                               @ DW_AT_decl_file
	.short	14673                           @ DW_AT_decl_line
	.byte	0                               @ DW_AT_data_member_location
	.byte	0                               @ End Of Children Mark
	.byte	0                               @ End Of Children Mark
	.byte	17                              @ Abbrev [17] 0x40f4:0x51 DW_TAG_structure_type
	.long	.Linfo_string530                @ DW_AT_name
	.byte	8                               @ DW_AT_byte_size
	.byte	3                               @ DW_AT_decl_file
	.short	14713                           @ DW_AT_decl_line
	.byte	18                              @ Abbrev [18] 0x40fd:0x9 DW_TAG_member
	.long	16646                           @ DW_AT_type
	.byte	3                               @ DW_AT_decl_file
	.short	14716                           @ DW_AT_decl_line
	.byte	0                               @ DW_AT_data_member_location
	.byte	19                              @ Abbrev [19] 0x4106:0x3e DW_TAG_union_type
	.byte	8                               @ DW_AT_byte_size
	.byte	3                               @ DW_AT_decl_file
	.short	14716                           @ DW_AT_decl_line
	.byte	18                              @ Abbrev [18] 0x410b:0x9 DW_TAG_member
	.long	16660                           @ DW_AT_type
	.byte	3                               @ DW_AT_decl_file
	.short	14718                           @ DW_AT_decl_line
	.byte	0                               @ DW_AT_data_member_location
	.byte	20                              @ Abbrev [20] 0x4114:0x22 DW_TAG_structure_type
	.byte	8                               @ DW_AT_byte_size
	.byte	3                               @ DW_AT_decl_file
	.short	14718                           @ DW_AT_decl_line
	.byte	21                              @ Abbrev [21] 0x4119:0xe DW_TAG_member
	.long	.Linfo_string475                @ DW_AT_name
	.long	3581                            @ DW_AT_type
	.byte	3                               @ DW_AT_decl_file
	.short	14720                           @ DW_AT_decl_line
	.byte	32                              @ DW_AT_bit_size
	.byte	0                               @ DW_AT_data_bit_offset
	.byte	21                              @ Abbrev [21] 0x4127:0xe DW_TAG_member
	.long	.Linfo_string476                @ DW_AT_name
	.long	3581                            @ DW_AT_type
	.byte	3                               @ DW_AT_decl_file
	.short	14721                           @ DW_AT_decl_line
	.byte	32                              @ DW_AT_bit_size
	.byte	32                              @ DW_AT_data_bit_offset
	.byte	0                               @ End Of Children Mark
	.byte	15                              @ Abbrev [15] 0x4136:0xd DW_TAG_member
	.long	.Linfo_string35                 @ DW_AT_name
	.long	4161                            @ DW_AT_type
	.byte	3                               @ DW_AT_decl_file
	.short	14723                           @ DW_AT_decl_line
	.byte	0                               @ DW_AT_data_member_location
	.byte	0                               @ End Of Children Mark
	.byte	0                               @ End Of Children Mark
	.byte	17                              @ Abbrev [17] 0x4145:0x51 DW_TAG_structure_type
	.long	.Linfo_string533                @ DW_AT_name
	.byte	8                               @ DW_AT_byte_size
	.byte	3                               @ DW_AT_decl_file
	.short	14763                           @ DW_AT_decl_line
	.byte	18                              @ Abbrev [18] 0x414e:0x9 DW_TAG_member
	.long	16727                           @ DW_AT_type
	.byte	3                               @ DW_AT_decl_file
	.short	14766                           @ DW_AT_decl_line
	.byte	0                               @ DW_AT_data_member_location
	.byte	19                              @ Abbrev [19] 0x4157:0x3e DW_TAG_union_type
	.byte	8                               @ DW_AT_byte_size
	.byte	3                               @ DW_AT_decl_file
	.short	14766                           @ DW_AT_decl_line
	.byte	18                              @ Abbrev [18] 0x415c:0x9 DW_TAG_member
	.long	16741                           @ DW_AT_type
	.byte	3                               @ DW_AT_decl_file
	.short	14768                           @ DW_AT_decl_line
	.byte	0                               @ DW_AT_data_member_location
	.byte	20                              @ Abbrev [20] 0x4165:0x22 DW_TAG_structure_type
	.byte	8                               @ DW_AT_byte_size
	.byte	3                               @ DW_AT_decl_file
	.short	14768                           @ DW_AT_decl_line
	.byte	21                              @ Abbrev [21] 0x416a:0xe DW_TAG_member
	.long	.Linfo_string475                @ DW_AT_name
	.long	3581                            @ DW_AT_type
	.byte	3                               @ DW_AT_decl_file
	.short	14770                           @ DW_AT_decl_line
	.byte	32                              @ DW_AT_bit_size
	.byte	0                               @ DW_AT_data_bit_offset
	.byte	21                              @ Abbrev [21] 0x4178:0xe DW_TAG_member
	.long	.Linfo_string476                @ DW_AT_name
	.long	3581                            @ DW_AT_type
	.byte	3                               @ DW_AT_decl_file
	.short	14771                           @ DW_AT_decl_line
	.byte	32                              @ DW_AT_bit_size
	.byte	32                              @ DW_AT_data_bit_offset
	.byte	0                               @ End Of Children Mark
	.byte	15                              @ Abbrev [15] 0x4187:0xd DW_TAG_member
	.long	.Linfo_string35                 @ DW_AT_name
	.long	4161                            @ DW_AT_type
	.byte	3                               @ DW_AT_decl_file
	.short	14773                           @ DW_AT_decl_line
	.byte	0                               @ DW_AT_data_member_location
	.byte	0                               @ End Of Children Mark
	.byte	0                               @ End Of Children Mark
	.byte	17                              @ Abbrev [17] 0x4196:0x51 DW_TAG_structure_type
	.long	.Linfo_string535                @ DW_AT_name
	.byte	8                               @ DW_AT_byte_size
	.byte	3                               @ DW_AT_decl_file
	.short	14813                           @ DW_AT_decl_line
	.byte	18                              @ Abbrev [18] 0x419f:0x9 DW_TAG_member
	.long	16808                           @ DW_AT_type
	.byte	3                               @ DW_AT_decl_file
	.short	14816                           @ DW_AT_decl_line
	.byte	0                               @ DW_AT_data_member_location
	.byte	19                              @ Abbrev [19] 0x41a8:0x3e DW_TAG_union_type
	.byte	8                               @ DW_AT_byte_size
	.byte	3                               @ DW_AT_decl_file
	.short	14816                           @ DW_AT_decl_line
	.byte	18                              @ Abbrev [18] 0x41ad:0x9 DW_TAG_member
	.long	16822                           @ DW_AT_type
	.byte	3                               @ DW_AT_decl_file
	.short	14818                           @ DW_AT_decl_line
	.byte	0                               @ DW_AT_data_member_location
	.byte	20                              @ Abbrev [20] 0x41b6:0x22 DW_TAG_structure_type
	.byte	8                               @ DW_AT_byte_size
	.byte	3                               @ DW_AT_decl_file
	.short	14818                           @ DW_AT_decl_line
	.byte	21                              @ Abbrev [21] 0x41bb:0xe DW_TAG_member
	.long	.Linfo_string475                @ DW_AT_name
	.long	3581                            @ DW_AT_type
	.byte	3                               @ DW_AT_decl_file
	.short	14820                           @ DW_AT_decl_line
	.byte	32                              @ DW_AT_bit_size
	.byte	0                               @ DW_AT_data_bit_offset
	.byte	21                              @ Abbrev [21] 0x41c9:0xe DW_TAG_member
	.long	.Linfo_string476                @ DW_AT_name
	.long	3581                            @ DW_AT_type
	.byte	3                               @ DW_AT_decl_file
	.short	14821                           @ DW_AT_decl_line
	.byte	32                              @ DW_AT_bit_size
	.byte	32                              @ DW_AT_data_bit_offset
	.byte	0                               @ End Of Children Mark
	.byte	15                              @ Abbrev [15] 0x41d8:0xd DW_TAG_member
	.long	.Linfo_string35                 @ DW_AT_name
	.long	4161                            @ DW_AT_type
	.byte	3                               @ DW_AT_decl_file
	.short	14823                           @ DW_AT_decl_line
	.byte	0                               @ DW_AT_data_member_location
	.byte	0                               @ End Of Children Mark
	.byte	0                               @ End Of Children Mark
	.byte	17                              @ Abbrev [17] 0x41e7:0x51 DW_TAG_structure_type
	.long	.Linfo_string537                @ DW_AT_name
	.byte	8                               @ DW_AT_byte_size
	.byte	3                               @ DW_AT_decl_file
	.short	14863                           @ DW_AT_decl_line
	.byte	18                              @ Abbrev [18] 0x41f0:0x9 DW_TAG_member
	.long	16889                           @ DW_AT_type
	.byte	3                               @ DW_AT_decl_file
	.short	14866                           @ DW_AT_decl_line
	.byte	0                               @ DW_AT_data_member_location
	.byte	19                              @ Abbrev [19] 0x41f9:0x3e DW_TAG_union_type
	.byte	8                               @ DW_AT_byte_size
	.byte	3                               @ DW_AT_decl_file
	.short	14866                           @ DW_AT_decl_line
	.byte	18                              @ Abbrev [18] 0x41fe:0x9 DW_TAG_member
	.long	16903                           @ DW_AT_type
	.byte	3                               @ DW_AT_decl_file
	.short	14868                           @ DW_AT_decl_line
	.byte	0                               @ DW_AT_data_member_location
	.byte	20                              @ Abbrev [20] 0x4207:0x22 DW_TAG_structure_type
	.byte	8                               @ DW_AT_byte_size
	.byte	3                               @ DW_AT_decl_file
	.short	14868                           @ DW_AT_decl_line
	.byte	21                              @ Abbrev [21] 0x420c:0xe DW_TAG_member
	.long	.Linfo_string475                @ DW_AT_name
	.long	3581                            @ DW_AT_type
	.byte	3                               @ DW_AT_decl_file
	.short	14870                           @ DW_AT_decl_line
	.byte	32                              @ DW_AT_bit_size
	.byte	0                               @ DW_AT_data_bit_offset
	.byte	21                              @ Abbrev [21] 0x421a:0xe DW_TAG_member
	.long	.Linfo_string476                @ DW_AT_name
	.long	3581                            @ DW_AT_type
	.byte	3                               @ DW_AT_decl_file
	.short	14871                           @ DW_AT_decl_line
	.byte	32                              @ DW_AT_bit_size
	.byte	32                              @ DW_AT_data_bit_offset
	.byte	0                               @ End Of Children Mark
	.byte	15                              @ Abbrev [15] 0x4229:0xd DW_TAG_member
	.long	.Linfo_string35                 @ DW_AT_name
	.long	4161                            @ DW_AT_type
	.byte	3                               @ DW_AT_decl_file
	.short	14873                           @ DW_AT_decl_line
	.byte	0                               @ DW_AT_data_member_location
	.byte	0                               @ End Of Children Mark
	.byte	0                               @ End Of Children Mark
	.byte	17                              @ Abbrev [17] 0x4238:0x51 DW_TAG_structure_type
	.long	.Linfo_string539                @ DW_AT_name
	.byte	8                               @ DW_AT_byte_size
	.byte	3                               @ DW_AT_decl_file
	.short	14913                           @ DW_AT_decl_line
	.byte	18                              @ Abbrev [18] 0x4241:0x9 DW_TAG_member
	.long	16970                           @ DW_AT_type
	.byte	3                               @ DW_AT_decl_file
	.short	14916                           @ DW_AT_decl_line
	.byte	0                               @ DW_AT_data_member_location
	.byte	19                              @ Abbrev [19] 0x424a:0x3e DW_TAG_union_type
	.byte	8                               @ DW_AT_byte_size
	.byte	3                               @ DW_AT_decl_file
	.short	14916                           @ DW_AT_decl_line
	.byte	18                              @ Abbrev [18] 0x424f:0x9 DW_TAG_member
	.long	16984                           @ DW_AT_type
	.byte	3                               @ DW_AT_decl_file
	.short	14918                           @ DW_AT_decl_line
	.byte	0                               @ DW_AT_data_member_location
	.byte	20                              @ Abbrev [20] 0x4258:0x22 DW_TAG_structure_type
	.byte	8                               @ DW_AT_byte_size
	.byte	3                               @ DW_AT_decl_file
	.short	14918                           @ DW_AT_decl_line
	.byte	21                              @ Abbrev [21] 0x425d:0xe DW_TAG_member
	.long	.Linfo_string475                @ DW_AT_name
	.long	3581                            @ DW_AT_type
	.byte	3                               @ DW_AT_decl_file
	.short	14920                           @ DW_AT_decl_line
	.byte	32                              @ DW_AT_bit_size
	.byte	0                               @ DW_AT_data_bit_offset
	.byte	21                              @ Abbrev [21] 0x426b:0xe DW_TAG_member
	.long	.Linfo_string476                @ DW_AT_name
	.long	3581                            @ DW_AT_type
	.byte	3                               @ DW_AT_decl_file
	.short	14921                           @ DW_AT_decl_line
	.byte	32                              @ DW_AT_bit_size
	.byte	32                              @ DW_AT_data_bit_offset
	.byte	0                               @ End Of Children Mark
	.byte	15                              @ Abbrev [15] 0x427a:0xd DW_TAG_member
	.long	.Linfo_string35                 @ DW_AT_name
	.long	4161                            @ DW_AT_type
	.byte	3                               @ DW_AT_decl_file
	.short	14923                           @ DW_AT_decl_line
	.byte	0                               @ DW_AT_data_member_location
	.byte	0                               @ End Of Children Mark
	.byte	0                               @ End Of Children Mark
	.byte	17                              @ Abbrev [17] 0x4289:0x51 DW_TAG_structure_type
	.long	.Linfo_string541                @ DW_AT_name
	.byte	8                               @ DW_AT_byte_size
	.byte	3                               @ DW_AT_decl_file
	.short	14963                           @ DW_AT_decl_line
	.byte	18                              @ Abbrev [18] 0x4292:0x9 DW_TAG_member
	.long	17051                           @ DW_AT_type
	.byte	3                               @ DW_AT_decl_file
	.short	14966                           @ DW_AT_decl_line
	.byte	0                               @ DW_AT_data_member_location
	.byte	19                              @ Abbrev [19] 0x429b:0x3e DW_TAG_union_type
	.byte	8                               @ DW_AT_byte_size
	.byte	3                               @ DW_AT_decl_file
	.short	14966                           @ DW_AT_decl_line
	.byte	18                              @ Abbrev [18] 0x42a0:0x9 DW_TAG_member
	.long	17065                           @ DW_AT_type
	.byte	3                               @ DW_AT_decl_file
	.short	14968                           @ DW_AT_decl_line
	.byte	0                               @ DW_AT_data_member_location
	.byte	20                              @ Abbrev [20] 0x42a9:0x22 DW_TAG_structure_type
	.byte	8                               @ DW_AT_byte_size
	.byte	3                               @ DW_AT_decl_file
	.short	14968                           @ DW_AT_decl_line
	.byte	21                              @ Abbrev [21] 0x42ae:0xe DW_TAG_member
	.long	.Linfo_string475                @ DW_AT_name
	.long	3581                            @ DW_AT_type
	.byte	3                               @ DW_AT_decl_file
	.short	14970                           @ DW_AT_decl_line
	.byte	32                              @ DW_AT_bit_size
	.byte	0                               @ DW_AT_data_bit_offset
	.byte	21                              @ Abbrev [21] 0x42bc:0xe DW_TAG_member
	.long	.Linfo_string476                @ DW_AT_name
	.long	3581                            @ DW_AT_type
	.byte	3                               @ DW_AT_decl_file
	.short	14971                           @ DW_AT_decl_line
	.byte	32                              @ DW_AT_bit_size
	.byte	32                              @ DW_AT_data_bit_offset
	.byte	0                               @ End Of Children Mark
	.byte	15                              @ Abbrev [15] 0x42cb:0xd DW_TAG_member
	.long	.Linfo_string35                 @ DW_AT_name
	.long	4161                            @ DW_AT_type
	.byte	3                               @ DW_AT_decl_file
	.short	14973                           @ DW_AT_decl_line
	.byte	0                               @ DW_AT_data_member_location
	.byte	0                               @ End Of Children Mark
	.byte	0                               @ End Of Children Mark
	.byte	17                              @ Abbrev [17] 0x42da:0x51 DW_TAG_structure_type
	.long	.Linfo_string543                @ DW_AT_name
	.byte	8                               @ DW_AT_byte_size
	.byte	3                               @ DW_AT_decl_file
	.short	15013                           @ DW_AT_decl_line
	.byte	18                              @ Abbrev [18] 0x42e3:0x9 DW_TAG_member
	.long	17132                           @ DW_AT_type
	.byte	3                               @ DW_AT_decl_file
	.short	15016                           @ DW_AT_decl_line
	.byte	0                               @ DW_AT_data_member_location
	.byte	19                              @ Abbrev [19] 0x42ec:0x3e DW_TAG_union_type
	.byte	8                               @ DW_AT_byte_size
	.byte	3                               @ DW_AT_decl_file
	.short	15016                           @ DW_AT_decl_line
	.byte	18                              @ Abbrev [18] 0x42f1:0x9 DW_TAG_member
	.long	17146                           @ DW_AT_type
	.byte	3                               @ DW_AT_decl_file
	.short	15018                           @ DW_AT_decl_line
	.byte	0                               @ DW_AT_data_member_location
	.byte	20                              @ Abbrev [20] 0x42fa:0x22 DW_TAG_structure_type
	.byte	8                               @ DW_AT_byte_size
	.byte	3                               @ DW_AT_decl_file
	.short	15018                           @ DW_AT_decl_line
	.byte	21                              @ Abbrev [21] 0x42ff:0xe DW_TAG_member
	.long	.Linfo_string475                @ DW_AT_name
	.long	3581                            @ DW_AT_type
	.byte	3                               @ DW_AT_decl_file
	.short	15020                           @ DW_AT_decl_line
	.byte	32                              @ DW_AT_bit_size
	.byte	0                               @ DW_AT_data_bit_offset
	.byte	21                              @ Abbrev [21] 0x430d:0xe DW_TAG_member
	.long	.Linfo_string476                @ DW_AT_name
	.long	3581                            @ DW_AT_type
	.byte	3                               @ DW_AT_decl_file
	.short	15021                           @ DW_AT_decl_line
	.byte	32                              @ DW_AT_bit_size
	.byte	32                              @ DW_AT_data_bit_offset
	.byte	0                               @ End Of Children Mark
	.byte	15                              @ Abbrev [15] 0x431c:0xd DW_TAG_member
	.long	.Linfo_string35                 @ DW_AT_name
	.long	4161                            @ DW_AT_type
	.byte	3                               @ DW_AT_decl_file
	.short	15023                           @ DW_AT_decl_line
	.byte	0                               @ DW_AT_data_member_location
	.byte	0                               @ End Of Children Mark
	.byte	0                               @ End Of Children Mark
	.byte	17                              @ Abbrev [17] 0x432b:0x51 DW_TAG_structure_type
	.long	.Linfo_string545                @ DW_AT_name
	.byte	8                               @ DW_AT_byte_size
	.byte	3                               @ DW_AT_decl_file
	.short	15063                           @ DW_AT_decl_line
	.byte	18                              @ Abbrev [18] 0x4334:0x9 DW_TAG_member
	.long	17213                           @ DW_AT_type
	.byte	3                               @ DW_AT_decl_file
	.short	15066                           @ DW_AT_decl_line
	.byte	0                               @ DW_AT_data_member_location
	.byte	19                              @ Abbrev [19] 0x433d:0x3e DW_TAG_union_type
	.byte	8                               @ DW_AT_byte_size
	.byte	3                               @ DW_AT_decl_file
	.short	15066                           @ DW_AT_decl_line
	.byte	18                              @ Abbrev [18] 0x4342:0x9 DW_TAG_member
	.long	17227                           @ DW_AT_type
	.byte	3                               @ DW_AT_decl_file
	.short	15068                           @ DW_AT_decl_line
	.byte	0                               @ DW_AT_data_member_location
	.byte	20                              @ Abbrev [20] 0x434b:0x22 DW_TAG_structure_type
	.byte	8                               @ DW_AT_byte_size
	.byte	3                               @ DW_AT_decl_file
	.short	15068                           @ DW_AT_decl_line
	.byte	21                              @ Abbrev [21] 0x4350:0xe DW_TAG_member
	.long	.Linfo_string475                @ DW_AT_name
	.long	3581                            @ DW_AT_type
	.byte	3                               @ DW_AT_decl_file
	.short	15070                           @ DW_AT_decl_line
	.byte	32                              @ DW_AT_bit_size
	.byte	0                               @ DW_AT_data_bit_offset
	.byte	21                              @ Abbrev [21] 0x435e:0xe DW_TAG_member
	.long	.Linfo_string476                @ DW_AT_name
	.long	3581                            @ DW_AT_type
	.byte	3                               @ DW_AT_decl_file
	.short	15071                           @ DW_AT_decl_line
	.byte	32                              @ DW_AT_bit_size
	.byte	32                              @ DW_AT_data_bit_offset
	.byte	0                               @ End Of Children Mark
	.byte	15                              @ Abbrev [15] 0x436d:0xd DW_TAG_member
	.long	.Linfo_string35                 @ DW_AT_name
	.long	4161                            @ DW_AT_type
	.byte	3                               @ DW_AT_decl_file
	.short	15073                           @ DW_AT_decl_line
	.byte	0                               @ DW_AT_data_member_location
	.byte	0                               @ End Of Children Mark
	.byte	0                               @ End Of Children Mark
	.byte	3                               @ Abbrev [3] 0x437c:0xc DW_TAG_array_type
	.long	3581                            @ DW_AT_type
	.byte	4                               @ Abbrev [4] 0x4381:0x6 DW_TAG_subrange_type
	.long	70                              @ DW_AT_type
	.byte	18                              @ DW_AT_count
	.byte	0                               @ End Of Children Mark
	.byte	3                               @ Abbrev [3] 0x4388:0xd DW_TAG_array_type
	.long	3581                            @ DW_AT_type
	.byte	23                              @ Abbrev [23] 0x438d:0x7 DW_TAG_subrange_type
	.long	70                              @ DW_AT_type
	.short	256                             @ DW_AT_count
	.byte	0                               @ End Of Children Mark
	.byte	17                              @ Abbrev [17] 0x4395:0x43 DW_TAG_structure_type
	.long	.Linfo_string550                @ DW_AT_name
	.byte	4                               @ DW_AT_byte_size
	.byte	3                               @ DW_AT_decl_file
	.short	15113                           @ DW_AT_decl_line
	.byte	18                              @ Abbrev [18] 0x439e:0x9 DW_TAG_member
	.long	17319                           @ DW_AT_type
	.byte	3                               @ DW_AT_decl_file
	.short	15116                           @ DW_AT_decl_line
	.byte	0                               @ DW_AT_data_member_location
	.byte	19                              @ Abbrev [19] 0x43a7:0x30 DW_TAG_union_type
	.byte	4                               @ DW_AT_byte_size
	.byte	3                               @ DW_AT_decl_file
	.short	15116                           @ DW_AT_decl_line
	.byte	18                              @ Abbrev [18] 0x43ac:0x9 DW_TAG_member
	.long	17333                           @ DW_AT_type
	.byte	3                               @ DW_AT_decl_file
	.short	15118                           @ DW_AT_decl_line
	.byte	0                               @ DW_AT_data_member_location
	.byte	20                              @ Abbrev [20] 0x43b5:0x14 DW_TAG_structure_type
	.byte	4                               @ DW_AT_byte_size
	.byte	3                               @ DW_AT_decl_file
	.short	15118                           @ DW_AT_decl_line
	.byte	21                              @ Abbrev [21] 0x43ba:0xe DW_TAG_member
	.long	.Linfo_string289                @ DW_AT_name
	.long	3581                            @ DW_AT_type
	.byte	3                               @ DW_AT_decl_file
	.short	15120                           @ DW_AT_decl_line
	.byte	32                              @ DW_AT_bit_size
	.byte	0                               @ DW_AT_data_bit_offset
	.byte	0                               @ End Of Children Mark
	.byte	15                              @ Abbrev [15] 0x43c9:0xd DW_TAG_member
	.long	.Linfo_string35                 @ DW_AT_name
	.long	3581                            @ DW_AT_type
	.byte	3                               @ DW_AT_decl_file
	.short	15122                           @ DW_AT_decl_line
	.byte	0                               @ DW_AT_data_member_location
	.byte	0                               @ End Of Children Mark
	.byte	0                               @ End Of Children Mark
	.byte	17                              @ Abbrev [17] 0x43d8:0x43 DW_TAG_structure_type
	.long	.Linfo_string553                @ DW_AT_name
	.byte	4                               @ DW_AT_byte_size
	.byte	3                               @ DW_AT_decl_file
	.short	15175                           @ DW_AT_decl_line
	.byte	18                              @ Abbrev [18] 0x43e1:0x9 DW_TAG_member
	.long	17386                           @ DW_AT_type
	.byte	3                               @ DW_AT_decl_file
	.short	15178                           @ DW_AT_decl_line
	.byte	0                               @ DW_AT_data_member_location
	.byte	19                              @ Abbrev [19] 0x43ea:0x30 DW_TAG_union_type
	.byte	4                               @ DW_AT_byte_size
	.byte	3                               @ DW_AT_decl_file
	.short	15178                           @ DW_AT_decl_line
	.byte	18                              @ Abbrev [18] 0x43ef:0x9 DW_TAG_member
	.long	17400                           @ DW_AT_type
	.byte	3                               @ DW_AT_decl_file
	.short	15180                           @ DW_AT_decl_line
	.byte	0                               @ DW_AT_data_member_location
	.byte	20                              @ Abbrev [20] 0x43f8:0x14 DW_TAG_structure_type
	.byte	4                               @ DW_AT_byte_size
	.byte	3                               @ DW_AT_decl_file
	.short	15180                           @ DW_AT_decl_line
	.byte	21                              @ Abbrev [21] 0x43fd:0xe DW_TAG_member
	.long	.Linfo_string552                @ DW_AT_name
	.long	3581                            @ DW_AT_type
	.byte	3                               @ DW_AT_decl_file
	.short	15182                           @ DW_AT_decl_line
	.byte	32                              @ DW_AT_bit_size
	.byte	0                               @ DW_AT_data_bit_offset
	.byte	0                               @ End Of Children Mark
	.byte	15                              @ Abbrev [15] 0x440c:0xd DW_TAG_member
	.long	.Linfo_string35                 @ DW_AT_name
	.long	3581                            @ DW_AT_type
	.byte	3                               @ DW_AT_decl_file
	.short	15184                           @ DW_AT_decl_line
	.byte	0                               @ DW_AT_data_member_location
	.byte	0                               @ End Of Children Mark
	.byte	0                               @ End Of Children Mark
	.byte	17                              @ Abbrev [17] 0x441b:0x43 DW_TAG_structure_type
	.long	.Linfo_string555                @ DW_AT_name
	.byte	4                               @ DW_AT_byte_size
	.byte	3                               @ DW_AT_decl_file
	.short	15237                           @ DW_AT_decl_line
	.byte	18                              @ Abbrev [18] 0x4424:0x9 DW_TAG_member
	.long	17453                           @ DW_AT_type
	.byte	3                               @ DW_AT_decl_file
	.short	15240                           @ DW_AT_decl_line
	.byte	0                               @ DW_AT_data_member_location
	.byte	19                              @ Abbrev [19] 0x442d:0x30 DW_TAG_union_type
	.byte	4                               @ DW_AT_byte_size
	.byte	3                               @ DW_AT_decl_file
	.short	15240                           @ DW_AT_decl_line
	.byte	18                              @ Abbrev [18] 0x4432:0x9 DW_TAG_member
	.long	17467                           @ DW_AT_type
	.byte	3                               @ DW_AT_decl_file
	.short	15242                           @ DW_AT_decl_line
	.byte	0                               @ DW_AT_data_member_location
	.byte	20                              @ Abbrev [20] 0x443b:0x14 DW_TAG_structure_type
	.byte	4                               @ DW_AT_byte_size
	.byte	3                               @ DW_AT_decl_file
	.short	15242                           @ DW_AT_decl_line
	.byte	21                              @ Abbrev [21] 0x4440:0xe DW_TAG_member
	.long	.Linfo_string554                @ DW_AT_name
	.long	3581                            @ DW_AT_type
	.byte	3                               @ DW_AT_decl_file
	.short	15244                           @ DW_AT_decl_line
	.byte	32                              @ DW_AT_bit_size
	.byte	0                               @ DW_AT_data_bit_offset
	.byte	0                               @ End Of Children Mark
	.byte	15                              @ Abbrev [15] 0x444f:0xd DW_TAG_member
	.long	.Linfo_string35                 @ DW_AT_name
	.long	3581                            @ DW_AT_type
	.byte	3                               @ DW_AT_decl_file
	.short	15246                           @ DW_AT_decl_line
	.byte	0                               @ DW_AT_data_member_location
	.byte	0                               @ End Of Children Mark
	.byte	0                               @ End Of Children Mark
	.byte	17                              @ Abbrev [17] 0x445e:0x43 DW_TAG_structure_type
	.long	.Linfo_string557                @ DW_AT_name
	.byte	4                               @ DW_AT_byte_size
	.byte	3                               @ DW_AT_decl_file
	.short	15299                           @ DW_AT_decl_line
	.byte	18                              @ Abbrev [18] 0x4467:0x9 DW_TAG_member
	.long	17520                           @ DW_AT_type
	.byte	3                               @ DW_AT_decl_file
	.short	15302                           @ DW_AT_decl_line
	.byte	0                               @ DW_AT_data_member_location
	.byte	19                              @ Abbrev [19] 0x4470:0x30 DW_TAG_union_type
	.byte	4                               @ DW_AT_byte_size
	.byte	3                               @ DW_AT_decl_file
	.short	15302                           @ DW_AT_decl_line
	.byte	18                              @ Abbrev [18] 0x4475:0x9 DW_TAG_member
	.long	17534                           @ DW_AT_type
	.byte	3                               @ DW_AT_decl_file
	.short	15304                           @ DW_AT_decl_line
	.byte	0                               @ DW_AT_data_member_location
	.byte	20                              @ Abbrev [20] 0x447e:0x14 DW_TAG_structure_type
	.byte	4                               @ DW_AT_byte_size
	.byte	3                               @ DW_AT_decl_file
	.short	15304                           @ DW_AT_decl_line
	.byte	21                              @ Abbrev [21] 0x4483:0xe DW_TAG_member
	.long	.Linfo_string556                @ DW_AT_name
	.long	3581                            @ DW_AT_type
	.byte	3                               @ DW_AT_decl_file
	.short	15306                           @ DW_AT_decl_line
	.byte	32                              @ DW_AT_bit_size
	.byte	0                               @ DW_AT_data_bit_offset
	.byte	0                               @ End Of Children Mark
	.byte	15                              @ Abbrev [15] 0x4492:0xd DW_TAG_member
	.long	.Linfo_string35                 @ DW_AT_name
	.long	3581                            @ DW_AT_type
	.byte	3                               @ DW_AT_decl_file
	.short	15308                           @ DW_AT_decl_line
	.byte	0                               @ DW_AT_data_member_location
	.byte	0                               @ End Of Children Mark
	.byte	0                               @ End Of Children Mark
	.byte	17                              @ Abbrev [17] 0x44a1:0x43 DW_TAG_structure_type
	.long	.Linfo_string559                @ DW_AT_name
	.byte	4                               @ DW_AT_byte_size
	.byte	3                               @ DW_AT_decl_file
	.short	15361                           @ DW_AT_decl_line
	.byte	18                              @ Abbrev [18] 0x44aa:0x9 DW_TAG_member
	.long	17587                           @ DW_AT_type
	.byte	3                               @ DW_AT_decl_file
	.short	15364                           @ DW_AT_decl_line
	.byte	0                               @ DW_AT_data_member_location
	.byte	19                              @ Abbrev [19] 0x44b3:0x30 DW_TAG_union_type
	.byte	4                               @ DW_AT_byte_size
	.byte	3                               @ DW_AT_decl_file
	.short	15364                           @ DW_AT_decl_line
	.byte	18                              @ Abbrev [18] 0x44b8:0x9 DW_TAG_member
	.long	17601                           @ DW_AT_type
	.byte	3                               @ DW_AT_decl_file
	.short	15366                           @ DW_AT_decl_line
	.byte	0                               @ DW_AT_data_member_location
	.byte	20                              @ Abbrev [20] 0x44c1:0x14 DW_TAG_structure_type
	.byte	4                               @ DW_AT_byte_size
	.byte	3                               @ DW_AT_decl_file
	.short	15366                           @ DW_AT_decl_line
	.byte	21                              @ Abbrev [21] 0x44c6:0xe DW_TAG_member
	.long	.Linfo_string558                @ DW_AT_name
	.long	3581                            @ DW_AT_type
	.byte	3                               @ DW_AT_decl_file
	.short	15368                           @ DW_AT_decl_line
	.byte	32                              @ DW_AT_bit_size
	.byte	0                               @ DW_AT_data_bit_offset
	.byte	0                               @ End Of Children Mark
	.byte	15                              @ Abbrev [15] 0x44d5:0xd DW_TAG_member
	.long	.Linfo_string35                 @ DW_AT_name
	.long	3581                            @ DW_AT_type
	.byte	3                               @ DW_AT_decl_file
	.short	15370                           @ DW_AT_decl_line
	.byte	0                               @ DW_AT_data_member_location
	.byte	0                               @ End Of Children Mark
	.byte	0                               @ End Of Children Mark
	.byte	17                              @ Abbrev [17] 0x44e4:0x43 DW_TAG_structure_type
	.long	.Linfo_string561                @ DW_AT_name
	.byte	4                               @ DW_AT_byte_size
	.byte	3                               @ DW_AT_decl_file
	.short	15423                           @ DW_AT_decl_line
	.byte	18                              @ Abbrev [18] 0x44ed:0x9 DW_TAG_member
	.long	17654                           @ DW_AT_type
	.byte	3                               @ DW_AT_decl_file
	.short	15426                           @ DW_AT_decl_line
	.byte	0                               @ DW_AT_data_member_location
	.byte	19                              @ Abbrev [19] 0x44f6:0x30 DW_TAG_union_type
	.byte	4                               @ DW_AT_byte_size
	.byte	3                               @ DW_AT_decl_file
	.short	15426                           @ DW_AT_decl_line
	.byte	18                              @ Abbrev [18] 0x44fb:0x9 DW_TAG_member
	.long	17668                           @ DW_AT_type
	.byte	3                               @ DW_AT_decl_file
	.short	15428                           @ DW_AT_decl_line
	.byte	0                               @ DW_AT_data_member_location
	.byte	20                              @ Abbrev [20] 0x4504:0x14 DW_TAG_structure_type
	.byte	4                               @ DW_AT_byte_size
	.byte	3                               @ DW_AT_decl_file
	.short	15428                           @ DW_AT_decl_line
	.byte	21                              @ Abbrev [21] 0x4509:0xe DW_TAG_member
	.long	.Linfo_string560                @ DW_AT_name
	.long	3581                            @ DW_AT_type
	.byte	3                               @ DW_AT_decl_file
	.short	15430                           @ DW_AT_decl_line
	.byte	32                              @ DW_AT_bit_size
	.byte	0                               @ DW_AT_data_bit_offset
	.byte	0                               @ End Of Children Mark
	.byte	15                              @ Abbrev [15] 0x4518:0xd DW_TAG_member
	.long	.Linfo_string35                 @ DW_AT_name
	.long	3581                            @ DW_AT_type
	.byte	3                               @ DW_AT_decl_file
	.short	15432                           @ DW_AT_decl_line
	.byte	0                               @ DW_AT_data_member_location
	.byte	0                               @ End Of Children Mark
	.byte	0                               @ End Of Children Mark
	.byte	17                              @ Abbrev [17] 0x4527:0x43 DW_TAG_structure_type
	.long	.Linfo_string563                @ DW_AT_name
	.byte	4                               @ DW_AT_byte_size
	.byte	3                               @ DW_AT_decl_file
	.short	15486                           @ DW_AT_decl_line
	.byte	18                              @ Abbrev [18] 0x4530:0x9 DW_TAG_member
	.long	17721                           @ DW_AT_type
	.byte	3                               @ DW_AT_decl_file
	.short	15489                           @ DW_AT_decl_line
	.byte	0                               @ DW_AT_data_member_location
	.byte	19                              @ Abbrev [19] 0x4539:0x30 DW_TAG_union_type
	.byte	4                               @ DW_AT_byte_size
	.byte	3                               @ DW_AT_decl_file
	.short	15489                           @ DW_AT_decl_line
	.byte	18                              @ Abbrev [18] 0x453e:0x9 DW_TAG_member
	.long	17735                           @ DW_AT_type
	.byte	3                               @ DW_AT_decl_file
	.short	15491                           @ DW_AT_decl_line
	.byte	0                               @ DW_AT_data_member_location
	.byte	20                              @ Abbrev [20] 0x4547:0x14 DW_TAG_structure_type
	.byte	4                               @ DW_AT_byte_size
	.byte	3                               @ DW_AT_decl_file
	.short	15491                           @ DW_AT_decl_line
	.byte	21                              @ Abbrev [21] 0x454c:0xe DW_TAG_member
	.long	.Linfo_string562                @ DW_AT_name
	.long	3581                            @ DW_AT_type
	.byte	3                               @ DW_AT_decl_file
	.short	15493                           @ DW_AT_decl_line
	.byte	32                              @ DW_AT_bit_size
	.byte	0                               @ DW_AT_data_bit_offset
	.byte	0                               @ End Of Children Mark
	.byte	15                              @ Abbrev [15] 0x455b:0xd DW_TAG_member
	.long	.Linfo_string35                 @ DW_AT_name
	.long	3581                            @ DW_AT_type
	.byte	3                               @ DW_AT_decl_file
	.short	15495                           @ DW_AT_decl_line
	.byte	0                               @ DW_AT_data_member_location
	.byte	0                               @ End Of Children Mark
	.byte	0                               @ End Of Children Mark
	.byte	17                              @ Abbrev [17] 0x456a:0x43 DW_TAG_structure_type
	.long	.Linfo_string565                @ DW_AT_name
	.byte	4                               @ DW_AT_byte_size
	.byte	3                               @ DW_AT_decl_file
	.short	15548                           @ DW_AT_decl_line
	.byte	18                              @ Abbrev [18] 0x4573:0x9 DW_TAG_member
	.long	17788                           @ DW_AT_type
	.byte	3                               @ DW_AT_decl_file
	.short	15551                           @ DW_AT_decl_line
	.byte	0                               @ DW_AT_data_member_location
	.byte	19                              @ Abbrev [19] 0x457c:0x30 DW_TAG_union_type
	.byte	4                               @ DW_AT_byte_size
	.byte	3                               @ DW_AT_decl_file
	.short	15551                           @ DW_AT_decl_line
	.byte	18                              @ Abbrev [18] 0x4581:0x9 DW_TAG_member
	.long	17802                           @ DW_AT_type
	.byte	3                               @ DW_AT_decl_file
	.short	15553                           @ DW_AT_decl_line
	.byte	0                               @ DW_AT_data_member_location
	.byte	20                              @ Abbrev [20] 0x458a:0x14 DW_TAG_structure_type
	.byte	4                               @ DW_AT_byte_size
	.byte	3                               @ DW_AT_decl_file
	.short	15553                           @ DW_AT_decl_line
	.byte	21                              @ Abbrev [21] 0x458f:0xe DW_TAG_member
	.long	.Linfo_string564                @ DW_AT_name
	.long	3581                            @ DW_AT_type
	.byte	3                               @ DW_AT_decl_file
	.short	15555                           @ DW_AT_decl_line
	.byte	32                              @ DW_AT_bit_size
	.byte	0                               @ DW_AT_data_bit_offset
	.byte	0                               @ End Of Children Mark
	.byte	15                              @ Abbrev [15] 0x459e:0xd DW_TAG_member
	.long	.Linfo_string35                 @ DW_AT_name
	.long	3581                            @ DW_AT_type
	.byte	3                               @ DW_AT_decl_file
	.short	15557                           @ DW_AT_decl_line
	.byte	0                               @ DW_AT_data_member_location
	.byte	0                               @ End Of Children Mark
	.byte	0                               @ End Of Children Mark
	.byte	17                              @ Abbrev [17] 0x45ad:0x43 DW_TAG_structure_type
	.long	.Linfo_string567                @ DW_AT_name
	.byte	4                               @ DW_AT_byte_size
	.byte	3                               @ DW_AT_decl_file
	.short	15610                           @ DW_AT_decl_line
	.byte	18                              @ Abbrev [18] 0x45b6:0x9 DW_TAG_member
	.long	17855                           @ DW_AT_type
	.byte	3                               @ DW_AT_decl_file
	.short	15613                           @ DW_AT_decl_line
	.byte	0                               @ DW_AT_data_member_location
	.byte	19                              @ Abbrev [19] 0x45bf:0x30 DW_TAG_union_type
	.byte	4                               @ DW_AT_byte_size
	.byte	3                               @ DW_AT_decl_file
	.short	15613                           @ DW_AT_decl_line
	.byte	18                              @ Abbrev [18] 0x45c4:0x9 DW_TAG_member
	.long	17869                           @ DW_AT_type
	.byte	3                               @ DW_AT_decl_file
	.short	15615                           @ DW_AT_decl_line
	.byte	0                               @ DW_AT_data_member_location
	.byte	20                              @ Abbrev [20] 0x45cd:0x14 DW_TAG_structure_type
	.byte	4                               @ DW_AT_byte_size
	.byte	3                               @ DW_AT_decl_file
	.short	15615                           @ DW_AT_decl_line
	.byte	21                              @ Abbrev [21] 0x45d2:0xe DW_TAG_member
	.long	.Linfo_string566                @ DW_AT_name
	.long	3581                            @ DW_AT_type
	.byte	3                               @ DW_AT_decl_file
	.short	15617                           @ DW_AT_decl_line
	.byte	32                              @ DW_AT_bit_size
	.byte	0                               @ DW_AT_data_bit_offset
	.byte	0                               @ End Of Children Mark
	.byte	15                              @ Abbrev [15] 0x45e1:0xd DW_TAG_member
	.long	.Linfo_string35                 @ DW_AT_name
	.long	3581                            @ DW_AT_type
	.byte	3                               @ DW_AT_decl_file
	.short	15619                           @ DW_AT_decl_line
	.byte	0                               @ DW_AT_data_member_location
	.byte	0                               @ End Of Children Mark
	.byte	0                               @ End Of Children Mark
	.byte	17                              @ Abbrev [17] 0x45f0:0x43 DW_TAG_structure_type
	.long	.Linfo_string569                @ DW_AT_name
	.byte	4                               @ DW_AT_byte_size
	.byte	3                               @ DW_AT_decl_file
	.short	15672                           @ DW_AT_decl_line
	.byte	18                              @ Abbrev [18] 0x45f9:0x9 DW_TAG_member
	.long	17922                           @ DW_AT_type
	.byte	3                               @ DW_AT_decl_file
	.short	15675                           @ DW_AT_decl_line
	.byte	0                               @ DW_AT_data_member_location
	.byte	19                              @ Abbrev [19] 0x4602:0x30 DW_TAG_union_type
	.byte	4                               @ DW_AT_byte_size
	.byte	3                               @ DW_AT_decl_file
	.short	15675                           @ DW_AT_decl_line
	.byte	18                              @ Abbrev [18] 0x4607:0x9 DW_TAG_member
	.long	17936                           @ DW_AT_type
	.byte	3                               @ DW_AT_decl_file
	.short	15677                           @ DW_AT_decl_line
	.byte	0                               @ DW_AT_data_member_location
	.byte	20                              @ Abbrev [20] 0x4610:0x14 DW_TAG_structure_type
	.byte	4                               @ DW_AT_byte_size
	.byte	3                               @ DW_AT_decl_file
	.short	15677                           @ DW_AT_decl_line
	.byte	21                              @ Abbrev [21] 0x4615:0xe DW_TAG_member
	.long	.Linfo_string568                @ DW_AT_name
	.long	3581                            @ DW_AT_type
	.byte	3                               @ DW_AT_decl_file
	.short	15679                           @ DW_AT_decl_line
	.byte	32                              @ DW_AT_bit_size
	.byte	0                               @ DW_AT_data_bit_offset
	.byte	0                               @ End Of Children Mark
	.byte	15                              @ Abbrev [15] 0x4624:0xd DW_TAG_member
	.long	.Linfo_string35                 @ DW_AT_name
	.long	3581                            @ DW_AT_type
	.byte	3                               @ DW_AT_decl_file
	.short	15681                           @ DW_AT_decl_line
	.byte	0                               @ DW_AT_data_member_location
	.byte	0                               @ End Of Children Mark
	.byte	0                               @ End Of Children Mark
	.byte	17                              @ Abbrev [17] 0x4633:0x43 DW_TAG_structure_type
	.long	.Linfo_string571                @ DW_AT_name
	.byte	4                               @ DW_AT_byte_size
	.byte	3                               @ DW_AT_decl_file
	.short	15734                           @ DW_AT_decl_line
	.byte	18                              @ Abbrev [18] 0x463c:0x9 DW_TAG_member
	.long	17989                           @ DW_AT_type
	.byte	3                               @ DW_AT_decl_file
	.short	15737                           @ DW_AT_decl_line
	.byte	0                               @ DW_AT_data_member_location
	.byte	19                              @ Abbrev [19] 0x4645:0x30 DW_TAG_union_type
	.byte	4                               @ DW_AT_byte_size
	.byte	3                               @ DW_AT_decl_file
	.short	15737                           @ DW_AT_decl_line
	.byte	18                              @ Abbrev [18] 0x464a:0x9 DW_TAG_member
	.long	18003                           @ DW_AT_type
	.byte	3                               @ DW_AT_decl_file
	.short	15739                           @ DW_AT_decl_line
	.byte	0                               @ DW_AT_data_member_location
	.byte	20                              @ Abbrev [20] 0x4653:0x14 DW_TAG_structure_type
	.byte	4                               @ DW_AT_byte_size
	.byte	3                               @ DW_AT_decl_file
	.short	15739                           @ DW_AT_decl_line
	.byte	21                              @ Abbrev [21] 0x4658:0xe DW_TAG_member
	.long	.Linfo_string570                @ DW_AT_name
	.long	3581                            @ DW_AT_type
	.byte	3                               @ DW_AT_decl_file
	.short	15741                           @ DW_AT_decl_line
	.byte	32                              @ DW_AT_bit_size
	.byte	0                               @ DW_AT_data_bit_offset
	.byte	0                               @ End Of Children Mark
	.byte	15                              @ Abbrev [15] 0x4667:0xd DW_TAG_member
	.long	.Linfo_string35                 @ DW_AT_name
	.long	3581                            @ DW_AT_type
	.byte	3                               @ DW_AT_decl_file
	.short	15743                           @ DW_AT_decl_line
	.byte	0                               @ DW_AT_data_member_location
	.byte	0                               @ End Of Children Mark
	.byte	0                               @ End Of Children Mark
	.byte	17                              @ Abbrev [17] 0x4676:0x43 DW_TAG_structure_type
	.long	.Linfo_string573                @ DW_AT_name
	.byte	4                               @ DW_AT_byte_size
	.byte	3                               @ DW_AT_decl_file
	.short	15796                           @ DW_AT_decl_line
	.byte	18                              @ Abbrev [18] 0x467f:0x9 DW_TAG_member
	.long	18056                           @ DW_AT_type
	.byte	3                               @ DW_AT_decl_file
	.short	15799                           @ DW_AT_decl_line
	.byte	0                               @ DW_AT_data_member_location
	.byte	19                              @ Abbrev [19] 0x4688:0x30 DW_TAG_union_type
	.byte	4                               @ DW_AT_byte_size
	.byte	3                               @ DW_AT_decl_file
	.short	15799                           @ DW_AT_decl_line
	.byte	18                              @ Abbrev [18] 0x468d:0x9 DW_TAG_member
	.long	18070                           @ DW_AT_type
	.byte	3                               @ DW_AT_decl_file
	.short	15801                           @ DW_AT_decl_line
	.byte	0                               @ DW_AT_data_member_location
	.byte	20                              @ Abbrev [20] 0x4696:0x14 DW_TAG_structure_type
	.byte	4                               @ DW_AT_byte_size
	.byte	3                               @ DW_AT_decl_file
	.short	15801                           @ DW_AT_decl_line
	.byte	21                              @ Abbrev [21] 0x469b:0xe DW_TAG_member
	.long	.Linfo_string572                @ DW_AT_name
	.long	3581                            @ DW_AT_type
	.byte	3                               @ DW_AT_decl_file
	.short	15803                           @ DW_AT_decl_line
	.byte	32                              @ DW_AT_bit_size
	.byte	0                               @ DW_AT_data_bit_offset
	.byte	0                               @ End Of Children Mark
	.byte	15                              @ Abbrev [15] 0x46aa:0xd DW_TAG_member
	.long	.Linfo_string35                 @ DW_AT_name
	.long	3581                            @ DW_AT_type
	.byte	3                               @ DW_AT_decl_file
	.short	15805                           @ DW_AT_decl_line
	.byte	0                               @ DW_AT_data_member_location
	.byte	0                               @ End Of Children Mark
	.byte	0                               @ End Of Children Mark
	.byte	17                              @ Abbrev [17] 0x46b9:0x43 DW_TAG_structure_type
	.long	.Linfo_string575                @ DW_AT_name
	.byte	4                               @ DW_AT_byte_size
	.byte	3                               @ DW_AT_decl_file
	.short	15858                           @ DW_AT_decl_line
	.byte	18                              @ Abbrev [18] 0x46c2:0x9 DW_TAG_member
	.long	18123                           @ DW_AT_type
	.byte	3                               @ DW_AT_decl_file
	.short	15861                           @ DW_AT_decl_line
	.byte	0                               @ DW_AT_data_member_location
	.byte	19                              @ Abbrev [19] 0x46cb:0x30 DW_TAG_union_type
	.byte	4                               @ DW_AT_byte_size
	.byte	3                               @ DW_AT_decl_file
	.short	15861                           @ DW_AT_decl_line
	.byte	18                              @ Abbrev [18] 0x46d0:0x9 DW_TAG_member
	.long	18137                           @ DW_AT_type
	.byte	3                               @ DW_AT_decl_file
	.short	15863                           @ DW_AT_decl_line
	.byte	0                               @ DW_AT_data_member_location
	.byte	20                              @ Abbrev [20] 0x46d9:0x14 DW_TAG_structure_type
	.byte	4                               @ DW_AT_byte_size
	.byte	3                               @ DW_AT_decl_file
	.short	15863                           @ DW_AT_decl_line
	.byte	21                              @ Abbrev [21] 0x46de:0xe DW_TAG_member
	.long	.Linfo_string574                @ DW_AT_name
	.long	3581                            @ DW_AT_type
	.byte	3                               @ DW_AT_decl_file
	.short	15865                           @ DW_AT_decl_line
	.byte	32                              @ DW_AT_bit_size
	.byte	0                               @ DW_AT_data_bit_offset
	.byte	0                               @ End Of Children Mark
	.byte	15                              @ Abbrev [15] 0x46ed:0xd DW_TAG_member
	.long	.Linfo_string35                 @ DW_AT_name
	.long	3581                            @ DW_AT_type
	.byte	3                               @ DW_AT_decl_file
	.short	15867                           @ DW_AT_decl_line
	.byte	0                               @ DW_AT_data_member_location
	.byte	0                               @ End Of Children Mark
	.byte	0                               @ End Of Children Mark
	.byte	22                              @ Abbrev [22] 0x46fc:0xb DW_TAG_typedef
	.long	3592                            @ DW_AT_type
	.long	.Linfo_string577                @ DW_AT_name
	.byte	4                               @ DW_AT_decl_file
	.byte	102                             @ DW_AT_decl_line
	.byte	12                              @ Abbrev [12] 0x4707:0x5 DW_TAG_pointer_type
	.long	4483                            @ DW_AT_type
	.byte	12                              @ Abbrev [12] 0x470c:0x5 DW_TAG_pointer_type
	.long	3430                            @ DW_AT_type
	.byte	24                              @ Abbrev [24] 0x4711:0x32 DW_TAG_subprogram
	.long	.Lfunc_begin0                   @ DW_AT_low_pc
	.long	.Lfunc_end0-.Lfunc_begin0       @ DW_AT_high_pc
	.byte	1                               @ DW_AT_frame_base
	.byte	93
                                        @ DW_AT_GNU_all_call_sites
	.long	.Linfo_string592                @ DW_AT_name
	.byte	1                               @ DW_AT_decl_file
	.byte	64                              @ DW_AT_decl_line
                                        @ DW_AT_prototyped
	.long	19378                           @ DW_AT_type
                                        @ DW_AT_external
	.byte	25                              @ Abbrev [25] 0x4726:0xf DW_TAG_formal_parameter
	.long	.Ldebug_loc0                    @ DW_AT_location
	.long	.Linfo_string606                @ DW_AT_name
	.byte	1                               @ DW_AT_decl_file
	.byte	64                              @ DW_AT_decl_line
	.long	19378                           @ DW_AT_type
	.byte	26                              @ Abbrev [26] 0x4735:0xd DW_TAG_formal_parameter
	.byte	1                               @ DW_AT_location
	.byte	82
	.long	.Linfo_string604                @ DW_AT_name
	.byte	1                               @ DW_AT_decl_file
	.byte	64                              @ DW_AT_decl_line
	.long	19396                           @ DW_AT_type
	.byte	0                               @ End Of Children Mark
	.byte	24                              @ Abbrev [24] 0x4743:0x5d DW_TAG_subprogram
	.long	.Lfunc_begin1                   @ DW_AT_low_pc
	.long	.Lfunc_end1-.Lfunc_begin1       @ DW_AT_high_pc
	.byte	1                               @ DW_AT_frame_base
	.byte	93
                                        @ DW_AT_GNU_all_call_sites
	.long	.Linfo_string595                @ DW_AT_name
	.byte	1                               @ DW_AT_decl_file
	.byte	70                              @ DW_AT_decl_line
                                        @ DW_AT_prototyped
	.long	18367                           @ DW_AT_type
                                        @ DW_AT_external
	.byte	25                              @ Abbrev [25] 0x4758:0xf DW_TAG_formal_parameter
	.long	.Ldebug_loc1                    @ DW_AT_location
	.long	.Linfo_string607                @ DW_AT_name
	.byte	1                               @ DW_AT_decl_file
	.byte	70                              @ DW_AT_decl_line
	.long	19403                           @ DW_AT_type
	.byte	25                              @ Abbrev [25] 0x4767:0xf DW_TAG_formal_parameter
	.long	.Ldebug_loc2                    @ DW_AT_location
	.long	.Linfo_string608                @ DW_AT_name
	.byte	1                               @ DW_AT_decl_file
	.byte	70                              @ DW_AT_decl_line
	.long	3581                            @ DW_AT_type
	.byte	25                              @ Abbrev [25] 0x4776:0xf DW_TAG_formal_parameter
	.long	.Ldebug_loc3                    @ DW_AT_location
	.long	.Linfo_string609                @ DW_AT_name
	.byte	1                               @ DW_AT_decl_file
	.byte	70                              @ DW_AT_decl_line
	.long	3581                            @ DW_AT_type
	.byte	27                              @ Abbrev [27] 0x4785:0xf DW_TAG_variable
	.long	.Ldebug_loc4                    @ DW_AT_location
	.long	.Linfo_string580                @ DW_AT_name
	.byte	1                               @ DW_AT_decl_file
	.byte	72                              @ DW_AT_decl_line
	.long	18367                           @ DW_AT_type
	.byte	28                              @ Abbrev [28] 0x4794:0xb DW_TAG_label
	.long	.Linfo_string610                @ DW_AT_name
	.byte	1                               @ DW_AT_decl_file
	.byte	103                             @ DW_AT_decl_line
	.long	.Ltmp18                         @ DW_AT_low_pc
	.byte	0                               @ End Of Children Mark
	.byte	29                              @ Abbrev [29] 0x47a0:0x18 DW_TAG_subprogram
	.long	.Linfo_string578                @ DW_AT_name
	.byte	1                               @ DW_AT_decl_file
	.byte	224                             @ DW_AT_decl_line
                                        @ DW_AT_prototyped
	.long	18360                           @ DW_AT_type
                                        @ DW_AT_external
	.byte	1                               @ DW_AT_inline
	.byte	30                              @ Abbrev [30] 0x47ac:0xb DW_TAG_formal_parameter
	.long	.Linfo_string580                @ DW_AT_name
	.byte	1                               @ DW_AT_decl_file
	.byte	224                             @ DW_AT_decl_line
	.long	18367                           @ DW_AT_type
	.byte	0                               @ End Of Children Mark
	.byte	5                               @ Abbrev [5] 0x47b8:0x7 DW_TAG_base_type
	.long	.Linfo_string579                @ DW_AT_name
	.byte	2                               @ DW_AT_encoding
	.byte	1                               @ DW_AT_byte_size
	.byte	12                              @ Abbrev [12] 0x47bf:0x5 DW_TAG_pointer_type
	.long	18372                           @ DW_AT_type
	.byte	31                              @ Abbrev [31] 0x47c4:0x2d DW_TAG_structure_type
	.long	.Linfo_string584                @ DW_AT_name
	.byte	12                              @ DW_AT_byte_size
	.byte	5                               @ DW_AT_decl_file
	.byte	50                              @ DW_AT_decl_line
	.byte	32                              @ Abbrev [32] 0x47cc:0xc DW_TAG_member
	.long	.Linfo_string581                @ DW_AT_name
	.long	643                             @ DW_AT_type
	.byte	5                               @ DW_AT_decl_file
	.byte	52                              @ DW_AT_decl_line
	.byte	0                               @ DW_AT_data_member_location
	.byte	32                              @ Abbrev [32] 0x47d8:0xc DW_TAG_member
	.long	.Linfo_string582                @ DW_AT_name
	.long	3581                            @ DW_AT_type
	.byte	5                               @ DW_AT_decl_file
	.byte	53                              @ DW_AT_decl_line
	.byte	4                               @ DW_AT_data_member_location
	.byte	32                              @ Abbrev [32] 0x47e4:0xc DW_TAG_member
	.long	.Linfo_string583                @ DW_AT_name
	.long	3581                            @ DW_AT_type
	.byte	5                               @ DW_AT_decl_file
	.byte	54                              @ DW_AT_decl_line
	.byte	8                               @ DW_AT_data_member_location
	.byte	0                               @ End Of Children Mark
	.byte	29                              @ Abbrev [29] 0x47f1:0x4f DW_TAG_subprogram
	.long	.Linfo_string585                @ DW_AT_name
	.byte	1                               @ DW_AT_decl_file
	.byte	113                             @ DW_AT_decl_line
                                        @ DW_AT_prototyped
	.long	484                             @ DW_AT_type
                                        @ DW_AT_external
	.byte	1                               @ DW_AT_inline
	.byte	30                              @ Abbrev [30] 0x47fd:0xb DW_TAG_formal_parameter
	.long	.Linfo_string580                @ DW_AT_name
	.byte	1                               @ DW_AT_decl_file
	.byte	113                             @ DW_AT_decl_line
	.long	18367                           @ DW_AT_type
	.byte	33                              @ Abbrev [33] 0x4808:0xb DW_TAG_variable
	.long	.Linfo_string586                @ DW_AT_name
	.byte	1                               @ DW_AT_decl_file
	.byte	119                             @ DW_AT_decl_line
	.long	5387                            @ DW_AT_type
	.byte	33                              @ Abbrev [33] 0x4813:0xb DW_TAG_variable
	.long	.Linfo_string587                @ DW_AT_name
	.byte	1                               @ DW_AT_decl_file
	.byte	118                             @ DW_AT_decl_line
	.long	5222                            @ DW_AT_type
	.byte	33                              @ Abbrev [33] 0x481e:0xb DW_TAG_variable
	.long	.Linfo_string588                @ DW_AT_name
	.byte	1                               @ DW_AT_decl_file
	.byte	117                             @ DW_AT_decl_line
	.long	5057                            @ DW_AT_type
	.byte	33                              @ Abbrev [33] 0x4829:0xb DW_TAG_variable
	.long	.Linfo_string589                @ DW_AT_name
	.byte	1                               @ DW_AT_decl_file
	.byte	116                             @ DW_AT_decl_line
	.long	4892                            @ DW_AT_type
	.byte	33                              @ Abbrev [33] 0x4834:0xb DW_TAG_variable
	.long	.Linfo_string590                @ DW_AT_name
	.byte	1                               @ DW_AT_decl_file
	.byte	115                             @ DW_AT_decl_line
	.long	4713                            @ DW_AT_type
	.byte	0                               @ End Of Children Mark
	.byte	24                              @ Abbrev [24] 0x4840:0xae DW_TAG_subprogram
	.long	.Lfunc_begin2                   @ DW_AT_low_pc
	.long	.Lfunc_end2-.Lfunc_begin2       @ DW_AT_high_pc
	.byte	1                               @ DW_AT_frame_base
	.byte	93
                                        @ DW_AT_GNU_all_call_sites
	.long	.Linfo_string596                @ DW_AT_name
	.byte	1                               @ DW_AT_decl_file
	.byte	235                             @ DW_AT_decl_line
                                        @ DW_AT_prototyped
	.long	484                             @ DW_AT_type
                                        @ DW_AT_external
	.byte	25                              @ Abbrev [25] 0x4855:0xf DW_TAG_formal_parameter
	.long	.Ldebug_loc5                    @ DW_AT_location
	.long	.Linfo_string580                @ DW_AT_name
	.byte	1                               @ DW_AT_decl_file
	.byte	235                             @ DW_AT_decl_line
	.long	18367                           @ DW_AT_type
	.byte	27                              @ Abbrev [27] 0x4864:0xf DW_TAG_variable
	.long	.Ldebug_loc6                    @ DW_AT_location
	.long	.Linfo_string611                @ DW_AT_name
	.byte	1                               @ DW_AT_decl_file
	.byte	240                             @ DW_AT_decl_line
	.long	3985                            @ DW_AT_type
	.byte	34                              @ Abbrev [34] 0x4873:0x19 DW_TAG_lexical_block
	.long	.Ltmp25                         @ DW_AT_low_pc
	.long	.Ltmp35-.Ltmp25                 @ DW_AT_high_pc
	.byte	27                              @ Abbrev [27] 0x487c:0xf DW_TAG_variable
	.long	.Ldebug_loc7                    @ DW_AT_location
	.long	.Linfo_string612                @ DW_AT_name
	.byte	1                               @ DW_AT_decl_file
	.byte	251                             @ DW_AT_decl_line
	.long	19396                           @ DW_AT_type
	.byte	0                               @ End Of Children Mark
	.byte	35                              @ Abbrev [35] 0x488c:0x19 DW_TAG_inlined_subroutine
	.long	18336                           @ DW_AT_abstract_origin
	.long	.Ltmp37                         @ DW_AT_low_pc
	.long	.Ltmp39-.Ltmp37                 @ DW_AT_high_pc
	.byte	1                               @ DW_AT_call_file
	.short	262                             @ DW_AT_call_line
	.byte	9                               @ DW_AT_call_column
	.byte	36                              @ Abbrev [36] 0x489d:0x7 DW_TAG_formal_parameter
	.byte	1                               @ DW_AT_location
	.byte	80
	.long	18348                           @ DW_AT_abstract_origin
	.byte	0                               @ End Of Children Mark
	.byte	35                              @ Abbrev [35] 0x48a5:0x48 DW_TAG_inlined_subroutine
	.long	18417                           @ DW_AT_abstract_origin
	.long	.Ltmp41                         @ DW_AT_low_pc
	.long	.Ltmp45-.Ltmp41                 @ DW_AT_high_pc
	.byte	1                               @ DW_AT_call_file
	.short	269                             @ DW_AT_call_line
	.byte	5                               @ DW_AT_call_column
	.byte	37                              @ Abbrev [37] 0x48b6:0x9 DW_TAG_formal_parameter
	.long	.Ldebug_loc13                   @ DW_AT_location
	.long	18429                           @ DW_AT_abstract_origin
	.byte	38                              @ Abbrev [38] 0x48bf:0x9 DW_TAG_variable
	.long	.Ldebug_loc8                    @ DW_AT_location
	.long	18440                           @ DW_AT_abstract_origin
	.byte	38                              @ Abbrev [38] 0x48c8:0x9 DW_TAG_variable
	.long	.Ldebug_loc9                    @ DW_AT_location
	.long	18451                           @ DW_AT_abstract_origin
	.byte	38                              @ Abbrev [38] 0x48d1:0x9 DW_TAG_variable
	.long	.Ldebug_loc10                   @ DW_AT_location
	.long	18462                           @ DW_AT_abstract_origin
	.byte	38                              @ Abbrev [38] 0x48da:0x9 DW_TAG_variable
	.long	.Ldebug_loc11                   @ DW_AT_location
	.long	18473                           @ DW_AT_abstract_origin
	.byte	38                              @ Abbrev [38] 0x48e3:0x9 DW_TAG_variable
	.long	.Ldebug_loc12                   @ DW_AT_location
	.long	18484                           @ DW_AT_abstract_origin
	.byte	0                               @ End Of Children Mark
	.byte	0                               @ End Of Children Mark
	.byte	39                              @ Abbrev [39] 0x48ee:0x28 DW_TAG_subprogram
	.long	.Lfunc_begin3                   @ DW_AT_low_pc
	.long	.Lfunc_end3-.Lfunc_begin3       @ DW_AT_high_pc
	.byte	1                               @ DW_AT_frame_base
	.byte	93
                                        @ DW_AT_GNU_all_call_sites
	.long	.Linfo_string597                @ DW_AT_name
	.byte	1                               @ DW_AT_decl_file
	.byte	108                             @ DW_AT_decl_line
                                        @ DW_AT_prototyped
                                        @ DW_AT_external
	.byte	26                              @ Abbrev [26] 0x48ff:0xd DW_TAG_formal_parameter
	.byte	1                               @ DW_AT_location
	.byte	80
	.long	.Linfo_string580                @ DW_AT_name
	.byte	1                               @ DW_AT_decl_file
	.byte	108                             @ DW_AT_decl_line
	.long	18367                           @ DW_AT_type
	.byte	40                              @ Abbrev [40] 0x490c:0x9 DW_TAG_GNU_call_site
	.long	18710                           @ DW_AT_abstract_origin
                                        @ DW_AT_GNU_tail_call
	.long	.Ltmp53                         @ DW_AT_low_pc
	.byte	0                               @ End Of Children Mark
	.byte	41                              @ Abbrev [41] 0x4916:0xe DW_TAG_subprogram
	.long	.Linfo_string591                @ DW_AT_name
	.byte	6                               @ DW_AT_decl_file
	.short	330                             @ DW_AT_decl_line
                                        @ DW_AT_prototyped
                                        @ DW_AT_declaration
                                        @ DW_AT_external
	.byte	42                              @ Abbrev [42] 0x491e:0x5 DW_TAG_formal_parameter
	.long	18724                           @ DW_AT_type
	.byte	0                               @ End Of Children Mark
	.byte	43                              @ Abbrev [43] 0x4924:0x1 DW_TAG_pointer_type
	.byte	44                              @ Abbrev [44] 0x4925:0x46 DW_TAG_subprogram
	.long	.Lfunc_begin4                   @ DW_AT_low_pc
	.long	.Lfunc_end4-.Lfunc_begin4       @ DW_AT_high_pc
	.byte	1                               @ DW_AT_frame_base
	.byte	93
                                        @ DW_AT_GNU_all_call_sites
	.long	18417                           @ DW_AT_abstract_origin
	.byte	37                              @ Abbrev [37] 0x4934:0x9 DW_TAG_formal_parameter
	.long	.Ldebug_loc14                   @ DW_AT_location
	.long	18429                           @ DW_AT_abstract_origin
	.byte	38                              @ Abbrev [38] 0x493d:0x9 DW_TAG_variable
	.long	.Ldebug_loc15                   @ DW_AT_location
	.long	18484                           @ DW_AT_abstract_origin
	.byte	38                              @ Abbrev [38] 0x4946:0x9 DW_TAG_variable
	.long	.Ldebug_loc16                   @ DW_AT_location
	.long	18473                           @ DW_AT_abstract_origin
	.byte	38                              @ Abbrev [38] 0x494f:0x9 DW_TAG_variable
	.long	.Ldebug_loc17                   @ DW_AT_location
	.long	18462                           @ DW_AT_abstract_origin
	.byte	38                              @ Abbrev [38] 0x4958:0x9 DW_TAG_variable
	.long	.Ldebug_loc18                   @ DW_AT_location
	.long	18451                           @ DW_AT_abstract_origin
	.byte	38                              @ Abbrev [38] 0x4961:0x9 DW_TAG_variable
	.long	.Ldebug_loc19                   @ DW_AT_location
	.long	18440                           @ DW_AT_abstract_origin
	.byte	0                               @ End Of Children Mark
	.byte	39                              @ Abbrev [39] 0x496b:0xa4 DW_TAG_subprogram
	.long	.Lfunc_begin5                   @ DW_AT_low_pc
	.long	.Lfunc_end5-.Lfunc_begin5       @ DW_AT_high_pc
	.byte	1                               @ DW_AT_frame_base
	.byte	93
                                        @ DW_AT_GNU_all_call_sites
	.long	.Linfo_string598                @ DW_AT_name
	.byte	1                               @ DW_AT_decl_file
	.byte	161                             @ DW_AT_decl_line
                                        @ DW_AT_prototyped
                                        @ DW_AT_external
	.byte	25                              @ Abbrev [25] 0x497c:0xf DW_TAG_formal_parameter
	.long	.Ldebug_loc20                   @ DW_AT_location
	.long	.Linfo_string580                @ DW_AT_name
	.byte	1                               @ DW_AT_decl_file
	.byte	161                             @ DW_AT_decl_line
	.long	18367                           @ DW_AT_type
	.byte	25                              @ Abbrev [25] 0x498b:0xf DW_TAG_formal_parameter
	.long	.Ldebug_loc21                   @ DW_AT_location
	.long	.Linfo_string613                @ DW_AT_name
	.byte	1                               @ DW_AT_decl_file
	.byte	162                             @ DW_AT_decl_line
	.long	19409                           @ DW_AT_type
	.byte	25                              @ Abbrev [25] 0x499a:0xf DW_TAG_formal_parameter
	.long	.Ldebug_loc22                   @ DW_AT_location
	.long	.Linfo_string615                @ DW_AT_name
	.byte	1                               @ DW_AT_decl_file
	.byte	163                             @ DW_AT_decl_line
	.long	3581                            @ DW_AT_type
	.byte	25                              @ Abbrev [25] 0x49a9:0xf DW_TAG_formal_parameter
	.long	.Ldebug_loc23                   @ DW_AT_location
	.long	.Linfo_string616                @ DW_AT_name
	.byte	1                               @ DW_AT_decl_file
	.byte	164                             @ DW_AT_decl_line
	.long	19430                           @ DW_AT_type
	.byte	26                              @ Abbrev [26] 0x49b8:0xe DW_TAG_formal_parameter
	.byte	2                               @ DW_AT_location
	.byte	145
	.byte	24
	.long	.Linfo_string617                @ DW_AT_name
	.byte	1                               @ DW_AT_decl_file
	.byte	165                             @ DW_AT_decl_line
	.long	19396                           @ DW_AT_type
	.byte	27                              @ Abbrev [27] 0x49c6:0xf DW_TAG_variable
	.long	.Ldebug_loc24                   @ DW_AT_location
	.long	.Linfo_string618                @ DW_AT_name
	.byte	1                               @ DW_AT_decl_file
	.byte	170                             @ DW_AT_decl_line
	.long	19378                           @ DW_AT_type
	.byte	27                              @ Abbrev [27] 0x49d5:0xf DW_TAG_variable
	.long	.Ldebug_loc27                   @ DW_AT_location
	.long	.Linfo_string619                @ DW_AT_name
	.byte	1                               @ DW_AT_decl_file
	.byte	169                             @ DW_AT_decl_line
	.long	3834                            @ DW_AT_type
	.byte	45                              @ Abbrev [45] 0x49e4:0x2a DW_TAG_lexical_block
	.long	.Ldebug_ranges0                 @ DW_AT_ranges
	.byte	27                              @ Abbrev [27] 0x49e9:0xf DW_TAG_variable
	.long	.Ldebug_loc25                   @ DW_AT_location
	.long	.Linfo_string612                @ DW_AT_name
	.byte	1                               @ DW_AT_decl_file
	.byte	180                             @ DW_AT_decl_line
	.long	19396                           @ DW_AT_type
	.byte	45                              @ Abbrev [45] 0x49f8:0x15 DW_TAG_lexical_block
	.long	.Ldebug_ranges1                 @ DW_AT_ranges
	.byte	27                              @ Abbrev [27] 0x49fd:0xf DW_TAG_variable
	.long	.Ldebug_loc26                   @ DW_AT_location
	.long	.Linfo_string229                @ DW_AT_name
	.byte	1                               @ DW_AT_decl_file
	.byte	182                             @ DW_AT_decl_line
	.long	19378                           @ DW_AT_type
	.byte	0                               @ End Of Children Mark
	.byte	0                               @ End Of Children Mark
	.byte	0                               @ End Of Children Mark
	.byte	39                              @ Abbrev [39] 0x4a0f:0x21 DW_TAG_subprogram
	.long	.Lfunc_begin6                   @ DW_AT_low_pc
	.long	.Lfunc_end6-.Lfunc_begin6       @ DW_AT_high_pc
	.byte	1                               @ DW_AT_frame_base
	.byte	93
                                        @ DW_AT_GNU_all_call_sites
	.long	.Linfo_string599                @ DW_AT_name
	.byte	1                               @ DW_AT_decl_file
	.byte	198                             @ DW_AT_decl_line
                                        @ DW_AT_prototyped
                                        @ DW_AT_external
	.byte	25                              @ Abbrev [25] 0x4a20:0xf DW_TAG_formal_parameter
	.long	.Ldebug_loc28                   @ DW_AT_location
	.long	.Linfo_string580                @ DW_AT_name
	.byte	1                               @ DW_AT_decl_file
	.byte	198                             @ DW_AT_decl_line
	.long	18367                           @ DW_AT_type
	.byte	0                               @ End Of Children Mark
	.byte	24                              @ Abbrev [24] 0x4a30:0x34 DW_TAG_subprogram
	.long	.Lfunc_begin7                   @ DW_AT_low_pc
	.long	.Lfunc_end7-.Lfunc_begin7       @ DW_AT_high_pc
	.byte	1                               @ DW_AT_frame_base
	.byte	93
                                        @ DW_AT_GNU_all_call_sites
	.long	.Linfo_string600                @ DW_AT_name
	.byte	1                               @ DW_AT_decl_file
	.byte	205                             @ DW_AT_decl_line
                                        @ DW_AT_prototyped
	.long	18360                           @ DW_AT_type
                                        @ DW_AT_external
	.byte	25                              @ Abbrev [25] 0x4a45:0xf DW_TAG_formal_parameter
	.long	.Ldebug_loc29                   @ DW_AT_location
	.long	.Linfo_string580                @ DW_AT_name
	.byte	1                               @ DW_AT_decl_file
	.byte	205                             @ DW_AT_decl_line
	.long	18367                           @ DW_AT_type
	.byte	27                              @ Abbrev [27] 0x4a54:0xf DW_TAG_variable
	.long	.Ldebug_loc30                   @ DW_AT_location
	.long	.Linfo_string619                @ DW_AT_name
	.byte	1                               @ DW_AT_decl_file
	.byte	207                             @ DW_AT_decl_line
	.long	3834                            @ DW_AT_type
	.byte	0                               @ End Of Children Mark
	.byte	44                              @ Abbrev [44] 0x4a64:0x19 DW_TAG_subprogram
	.long	.Lfunc_begin8                   @ DW_AT_low_pc
	.long	.Lfunc_end8-.Lfunc_begin8       @ DW_AT_high_pc
	.byte	1                               @ DW_AT_frame_base
	.byte	93
                                        @ DW_AT_GNU_all_call_sites
	.long	18336                           @ DW_AT_abstract_origin
	.byte	37                              @ Abbrev [37] 0x4a73:0x9 DW_TAG_formal_parameter
	.long	.Ldebug_loc31                   @ DW_AT_location
	.long	18348                           @ DW_AT_abstract_origin
	.byte	0                               @ End Of Children Mark
	.byte	46                              @ Abbrev [46] 0x4a7d:0x51 DW_TAG_subprogram
	.long	.Lfunc_begin9                   @ DW_AT_low_pc
	.long	.Lfunc_end9-.Lfunc_begin9       @ DW_AT_high_pc
	.byte	1                               @ DW_AT_frame_base
	.byte	93
                                        @ DW_AT_GNU_all_call_sites
	.long	.Linfo_string601                @ DW_AT_name
	.byte	1                               @ DW_AT_decl_file
	.short	274                             @ DW_AT_decl_line
                                        @ DW_AT_prototyped
                                        @ DW_AT_external
	.byte	47                              @ Abbrev [47] 0x4a8f:0x10 DW_TAG_formal_parameter
	.long	.Ldebug_loc32                   @ DW_AT_location
	.long	.Linfo_string580                @ DW_AT_name
	.byte	1                               @ DW_AT_decl_file
	.short	274                             @ DW_AT_decl_line
	.long	18367                           @ DW_AT_type
	.byte	48                              @ Abbrev [48] 0x4a9f:0xe DW_TAG_formal_parameter
	.byte	1                               @ DW_AT_location
	.byte	81
	.long	.Linfo_string620                @ DW_AT_name
	.byte	1                               @ DW_AT_decl_file
	.short	274                             @ DW_AT_decl_line
	.long	19440                           @ DW_AT_type
	.byte	49                              @ Abbrev [49] 0x4aad:0x10 DW_TAG_variable
	.long	.Ldebug_loc33                   @ DW_AT_location
	.long	.Linfo_string623                @ DW_AT_name
	.byte	1                               @ DW_AT_decl_file
	.short	276                             @ DW_AT_decl_line
	.long	4483                            @ DW_AT_type
	.byte	49                              @ Abbrev [49] 0x4abd:0x10 DW_TAG_variable
	.long	.Ldebug_loc34                   @ DW_AT_location
	.long	.Linfo_string626                @ DW_AT_name
	.byte	1                               @ DW_AT_decl_file
	.short	277                             @ DW_AT_decl_line
	.long	3430                            @ DW_AT_type
	.byte	0                               @ End Of Children Mark
	.byte	50                              @ Abbrev [50] 0x4ace:0x55 DW_TAG_subprogram
	.long	.Lfunc_begin10                  @ DW_AT_low_pc
	.long	.Lfunc_end10-.Lfunc_begin10     @ DW_AT_high_pc
	.byte	1                               @ DW_AT_frame_base
	.byte	93
                                        @ DW_AT_GNU_all_call_sites
	.long	.Linfo_string602                @ DW_AT_name
	.byte	1                               @ DW_AT_decl_file
	.short	295                             @ DW_AT_decl_line
                                        @ DW_AT_prototyped
	.long	484                             @ DW_AT_type
                                        @ DW_AT_external
	.byte	47                              @ Abbrev [47] 0x4ae4:0x10 DW_TAG_formal_parameter
	.long	.Ldebug_loc35                   @ DW_AT_location
	.long	.Linfo_string580                @ DW_AT_name
	.byte	1                               @ DW_AT_decl_file
	.short	295                             @ DW_AT_decl_line
	.long	18367                           @ DW_AT_type
	.byte	48                              @ Abbrev [48] 0x4af4:0xe DW_TAG_formal_parameter
	.byte	1                               @ DW_AT_location
	.byte	81
	.long	.Linfo_string627                @ DW_AT_name
	.byte	1                               @ DW_AT_decl_file
	.short	296                             @ DW_AT_decl_line
	.long	581                             @ DW_AT_type
	.byte	47                              @ Abbrev [47] 0x4b02:0x10 DW_TAG_formal_parameter
	.long	.Ldebug_loc36                   @ DW_AT_location
	.long	.Linfo_string628                @ DW_AT_name
	.byte	1                               @ DW_AT_decl_file
	.short	297                             @ DW_AT_decl_line
	.long	612                             @ DW_AT_type
	.byte	49                              @ Abbrev [49] 0x4b12:0x10 DW_TAG_variable
	.long	.Ldebug_loc37                   @ DW_AT_location
	.long	.Linfo_string619                @ DW_AT_name
	.byte	1                               @ DW_AT_decl_file
	.short	299                             @ DW_AT_decl_line
	.long	3834                            @ DW_AT_type
	.byte	0                               @ End Of Children Mark
	.byte	50                              @ Abbrev [50] 0x4b23:0x8f DW_TAG_subprogram
	.long	.Lfunc_begin11                  @ DW_AT_low_pc
	.long	.Lfunc_end11-.Lfunc_begin11     @ DW_AT_high_pc
	.byte	1                               @ DW_AT_frame_base
	.byte	93
                                        @ DW_AT_GNU_all_call_sites
	.long	.Linfo_string603                @ DW_AT_name
	.byte	1                               @ DW_AT_decl_file
	.short	318                             @ DW_AT_decl_line
                                        @ DW_AT_prototyped
	.long	18360                           @ DW_AT_type
                                        @ DW_AT_external
	.byte	47                              @ Abbrev [47] 0x4b39:0x10 DW_TAG_formal_parameter
	.long	.Ldebug_loc38                   @ DW_AT_location
	.long	.Linfo_string580                @ DW_AT_name
	.byte	1                               @ DW_AT_decl_file
	.short	318                             @ DW_AT_decl_line
	.long	18367                           @ DW_AT_type
	.byte	47                              @ Abbrev [47] 0x4b49:0x10 DW_TAG_formal_parameter
	.long	.Ldebug_loc39                   @ DW_AT_location
	.long	.Linfo_string629                @ DW_AT_name
	.byte	1                               @ DW_AT_decl_file
	.short	318                             @ DW_AT_decl_line
	.long	3581                            @ DW_AT_type
	.byte	47                              @ Abbrev [47] 0x4b59:0x10 DW_TAG_formal_parameter
	.long	.Ldebug_loc40                   @ DW_AT_location
	.long	.Linfo_string630                @ DW_AT_name
	.byte	1                               @ DW_AT_decl_file
	.short	318                             @ DW_AT_decl_line
	.long	3581                            @ DW_AT_type
	.byte	49                              @ Abbrev [49] 0x4b69:0x10 DW_TAG_variable
	.long	.Ldebug_loc41                   @ DW_AT_location
	.long	.Linfo_string631                @ DW_AT_name
	.byte	1                               @ DW_AT_decl_file
	.short	324                             @ DW_AT_decl_line
	.long	18360                           @ DW_AT_type
	.byte	49                              @ Abbrev [49] 0x4b79:0x10 DW_TAG_variable
	.long	.Ldebug_loc42                   @ DW_AT_location
	.long	.Linfo_string632                @ DW_AT_name
	.byte	1                               @ DW_AT_decl_file
	.short	321                             @ DW_AT_decl_line
	.long	4483                            @ DW_AT_type
	.byte	49                              @ Abbrev [49] 0x4b89:0x10 DW_TAG_variable
	.long	.Ldebug_loc43                   @ DW_AT_location
	.long	.Linfo_string633                @ DW_AT_name
	.byte	1                               @ DW_AT_decl_file
	.short	323                             @ DW_AT_decl_line
	.long	3430                            @ DW_AT_type
	.byte	51                              @ Abbrev [51] 0x4b99:0xc DW_TAG_variable
	.long	.Linfo_string634                @ DW_AT_name
	.byte	1                               @ DW_AT_decl_file
	.short	320                             @ DW_AT_decl_line
	.long	18183                           @ DW_AT_type
	.byte	51                              @ Abbrev [51] 0x4ba5:0xc DW_TAG_variable
	.long	.Linfo_string635                @ DW_AT_name
	.byte	1                               @ DW_AT_decl_file
	.short	322                             @ DW_AT_decl_line
	.long	18188                           @ DW_AT_type
	.byte	0                               @ End Of Children Mark
	.byte	22                              @ Abbrev [22] 0x4bb2:0xb DW_TAG_typedef
	.long	19389                           @ DW_AT_type
	.long	.Linfo_string594                @ DW_AT_name
	.byte	4                               @ DW_AT_decl_file
	.byte	65                              @ DW_AT_decl_line
	.byte	5                               @ Abbrev [5] 0x4bbd:0x7 DW_TAG_base_type
	.long	.Linfo_string593                @ DW_AT_name
	.byte	7                               @ DW_AT_encoding
	.byte	8                               @ DW_AT_byte_size
	.byte	5                               @ Abbrev [5] 0x4bc4:0x7 DW_TAG_base_type
	.long	.Linfo_string605                @ DW_AT_name
	.byte	5                               @ DW_AT_encoding
	.byte	4                               @ DW_AT_byte_size
	.byte	12                              @ Abbrev [12] 0x4bcb:0x5 DW_TAG_pointer_type
	.long	19408                           @ DW_AT_type
	.byte	52                              @ Abbrev [52] 0x4bd0:0x1 DW_TAG_const_type
	.byte	12                              @ Abbrev [12] 0x4bd1:0x5 DW_TAG_pointer_type
	.long	19414                           @ DW_AT_type
	.byte	53                              @ Abbrev [53] 0x4bd6:0x5 DW_TAG_const_type
	.long	19419                           @ DW_AT_type
	.byte	22                              @ Abbrev [22] 0x4bdb:0xb DW_TAG_typedef
	.long	548                             @ DW_AT_type
	.long	.Linfo_string614                @ DW_AT_name
	.byte	4                               @ DW_AT_decl_file
	.byte	62                              @ DW_AT_decl_line
	.byte	12                              @ Abbrev [12] 0x4be6:0x5 DW_TAG_pointer_type
	.long	19435                           @ DW_AT_type
	.byte	53                              @ Abbrev [53] 0x4beb:0x5 DW_TAG_const_type
	.long	19378                           @ DW_AT_type
	.byte	12                              @ Abbrev [12] 0x4bf0:0x5 DW_TAG_pointer_type
	.long	19445                           @ DW_AT_type
	.byte	31                              @ Abbrev [31] 0x4bf5:0x21 DW_TAG_structure_type
	.long	.Linfo_string625                @ DW_AT_name
	.byte	40                              @ DW_AT_byte_size
	.byte	2                               @ DW_AT_decl_file
	.byte	71                              @ DW_AT_decl_line
	.byte	32                              @ Abbrev [32] 0x4bfd:0xc DW_TAG_member
	.long	.Linfo_string621                @ DW_AT_name
	.long	19478                           @ DW_AT_type
	.byte	2                               @ DW_AT_decl_file
	.byte	73                              @ DW_AT_decl_line
	.byte	0                               @ DW_AT_data_member_location
	.byte	32                              @ Abbrev [32] 0x4c09:0xc DW_TAG_member
	.long	.Linfo_string623                @ DW_AT_name
	.long	19571                           @ DW_AT_type
	.byte	2                               @ DW_AT_decl_file
	.byte	74                              @ DW_AT_decl_line
	.byte	28                              @ DW_AT_data_member_location
	.byte	0                               @ End Of Children Mark
	.byte	31                              @ Abbrev [31] 0x4c16:0x5d DW_TAG_structure_type
	.long	.Linfo_string622                @ DW_AT_name
	.byte	28                              @ DW_AT_byte_size
	.byte	2                               @ DW_AT_decl_file
	.byte	53                              @ DW_AT_decl_line
	.byte	32                              @ Abbrev [32] 0x4c1e:0xc DW_TAG_member
	.long	.Linfo_string26                 @ DW_AT_name
	.long	3581                            @ DW_AT_type
	.byte	2                               @ DW_AT_decl_file
	.byte	55                              @ DW_AT_decl_line
	.byte	0                               @ DW_AT_data_member_location
	.byte	32                              @ Abbrev [32] 0x4c2a:0xc DW_TAG_member
	.long	.Linfo_string29                 @ DW_AT_name
	.long	3581                            @ DW_AT_type
	.byte	2                               @ DW_AT_decl_file
	.byte	56                              @ DW_AT_decl_line
	.byte	4                               @ DW_AT_data_member_location
	.byte	32                              @ Abbrev [32] 0x4c36:0xc DW_TAG_member
	.long	.Linfo_string30                 @ DW_AT_name
	.long	3581                            @ DW_AT_type
	.byte	2                               @ DW_AT_decl_file
	.byte	57                              @ DW_AT_decl_line
	.byte	8                               @ DW_AT_data_member_location
	.byte	32                              @ Abbrev [32] 0x4c42:0xc DW_TAG_member
	.long	.Linfo_string31                 @ DW_AT_name
	.long	3581                            @ DW_AT_type
	.byte	2                               @ DW_AT_decl_file
	.byte	58                              @ DW_AT_decl_line
	.byte	12                              @ DW_AT_data_member_location
	.byte	32                              @ Abbrev [32] 0x4c4e:0xc DW_TAG_member
	.long	.Linfo_string32                 @ DW_AT_name
	.long	3581                            @ DW_AT_type
	.byte	2                               @ DW_AT_decl_file
	.byte	59                              @ DW_AT_decl_line
	.byte	16                              @ DW_AT_data_member_location
	.byte	32                              @ Abbrev [32] 0x4c5a:0xc DW_TAG_member
	.long	.Linfo_string33                 @ DW_AT_name
	.long	3581                            @ DW_AT_type
	.byte	2                               @ DW_AT_decl_file
	.byte	60                              @ DW_AT_decl_line
	.byte	20                              @ DW_AT_data_member_location
	.byte	32                              @ Abbrev [32] 0x4c66:0xc DW_TAG_member
	.long	.Linfo_string34                 @ DW_AT_name
	.long	3581                            @ DW_AT_type
	.byte	2                               @ DW_AT_decl_file
	.byte	61                              @ DW_AT_decl_line
	.byte	24                              @ DW_AT_data_member_location
	.byte	0                               @ End Of Children Mark
	.byte	31                              @ Abbrev [31] 0x4c73:0x2d DW_TAG_structure_type
	.long	.Linfo_string624                @ DW_AT_name
	.byte	12                              @ DW_AT_byte_size
	.byte	2                               @ DW_AT_decl_file
	.byte	64                              @ DW_AT_decl_line
	.byte	32                              @ Abbrev [32] 0x4c7b:0xc DW_TAG_member
	.long	.Linfo_string79                 @ DW_AT_name
	.long	3581                            @ DW_AT_type
	.byte	2                               @ DW_AT_decl_file
	.byte	66                              @ DW_AT_decl_line
	.byte	0                               @ DW_AT_data_member_location
	.byte	32                              @ Abbrev [32] 0x4c87:0xc DW_TAG_member
	.long	.Linfo_string80                 @ DW_AT_name
	.long	3581                            @ DW_AT_type
	.byte	2                               @ DW_AT_decl_file
	.byte	67                              @ DW_AT_decl_line
	.byte	4                               @ DW_AT_data_member_location
	.byte	32                              @ Abbrev [32] 0x4c93:0xc DW_TAG_member
	.long	.Linfo_string83                 @ DW_AT_name
	.long	3581                            @ DW_AT_type
	.byte	2                               @ DW_AT_decl_file
	.byte	68                              @ DW_AT_decl_line
	.byte	8                               @ DW_AT_data_member_location
	.byte	0                               @ End Of Children Mark
	.byte	0                               @ End Of Children Mark
.Ldebug_info_end0:
	.section	.debug_ranges,"",%progbits
.Ldebug_ranges0:
	.long	.Ltmp68
	.long	.Ltmp69
	.long	.Ltmp71
	.long	.Ltmp128
	.long	.Ltmp131
	.long	.Ltmp134
	.long	0
	.long	0
.Ldebug_ranges1:
	.long	.Ltmp72
	.long	.Ltmp76
	.long	.Ltmp77
	.long	.Ltmp78
	.long	.Ltmp79
	.long	.Ltmp84
	.long	.Ltmp85
	.long	.Ltmp86
	.long	.Ltmp87
	.long	.Ltmp92
	.long	.Ltmp93
	.long	.Ltmp94
	.long	.Ltmp95
	.long	.Ltmp99
	.long	.Ltmp100
	.long	.Ltmp101
	.long	.Ltmp102
	.long	.Ltmp106
	.long	.Ltmp107
	.long	.Ltmp108
	.long	.Ltmp109
	.long	.Ltmp113
	.long	.Ltmp114
	.long	.Ltmp115
	.long	.Ltmp116
	.long	.Ltmp120
	.long	.Ltmp121
	.long	.Ltmp122
	.long	.Ltmp123
	.long	.Ltmp128
	.long	.Ltmp131
	.long	.Ltmp134
	.long	0
	.long	0
.Ldebug_ranges2:
	.long	.Lfunc_begin0
	.long	.Lfunc_end0
	.long	.Lfunc_begin1
	.long	.Lfunc_end1
	.long	.Lfunc_begin2
	.long	.Lfunc_end2
	.long	.Lfunc_begin3
	.long	.Lfunc_end3
	.long	.Lfunc_begin4
	.long	.Lfunc_end4
	.long	.Lfunc_begin5
	.long	.Lfunc_end5
	.long	.Lfunc_begin6
	.long	.Lfunc_end6
	.long	.Lfunc_begin7
	.long	.Lfunc_end7
	.long	.Lfunc_begin8
	.long	.Lfunc_end8
	.long	.Lfunc_begin9
	.long	.Lfunc_end9
	.long	.Lfunc_begin10
	.long	.Lfunc_end10
	.long	.Lfunc_begin11
	.long	.Lfunc_end11
	.long	0
	.long	0
	.section	.debug_str,"MS",%progbits,1
.Linfo_string0:
	.asciz	"Component: Arm Compiler for Embedded 6.22 Tool: armclang [5ee92100]" @ string offset=0
.Linfo_string1:
	.asciz	"../../../../Library/StdDriver/src/npu\\ethosu_device_u55_u65.c" @ string offset=68
.Linfo_string2:
	.asciz	"C:\\ML\\ML_M55M1_SampleCode-master 2\\ML_M55M1_SampleCode-master\\M55M1BSP-3.01.003\\SampleCode\\NuEdgeWise\\ObjectDetection_YOLOv8n\\KEIL" @ string offset=130
.Linfo_string3:
	.asciz	"char"                          @ string offset=261
.Linfo_string4:
	.asciz	"__ARRAY_SIZE_TYPE__"           @ string offset=266
.Linfo_string5:
	.asciz	"signed char"                   @ string offset=286
.Linfo_string6:
	.asciz	"ETHOSU_SUCCESS"                @ string offset=298
.Linfo_string7:
	.asciz	"ETHOSU_GENERIC_FAILURE"        @ string offset=313
.Linfo_string8:
	.asciz	"ETHOSU_INVALID_PARAM"          @ string offset=336
.Linfo_string9:
	.asciz	"ethosu_error_codes"            @ string offset=357
.Linfo_string10:
	.asciz	"unsigned char"                 @ string offset=376
.Linfo_string11:
	.asciz	"SECURITY_LEVEL_SECURE"         @ string offset=390
.Linfo_string12:
	.asciz	"SECURITY_LEVEL_NON_SECURE"     @ string offset=412
.Linfo_string13:
	.asciz	"security_level"                @ string offset=438
.Linfo_string14:
	.asciz	"PRIVILEGE_LEVEL_USER"          @ string offset=453
.Linfo_string15:
	.asciz	"PRIVILEGE_LEVEL_PRIVILEGED"    @ string offset=474
.Linfo_string16:
	.asciz	"privilege_level"               @ string offset=501
.Linfo_string17:
	.asciz	"ETHOSU_CLOCK_Q_DISABLE"        @ string offset=517
.Linfo_string18:
	.asciz	"ETHOSU_CLOCK_Q_ENABLE"         @ string offset=540
.Linfo_string19:
	.asciz	"ETHOSU_CLOCK_Q_UNCHANGED"      @ string offset=562
.Linfo_string20:
	.asciz	"ethosu_clock_q_request"        @ string offset=587
.Linfo_string21:
	.asciz	"ETHOSU_POWER_Q_DISABLE"        @ string offset=610
.Linfo_string22:
	.asciz	"ETHOSU_POWER_Q_ENABLE"         @ string offset=633
.Linfo_string23:
	.asciz	"ETHOSU_POWER_Q_UNCHANGED"      @ string offset=655
.Linfo_string24:
	.asciz	"ethosu_power_q_request"        @ string offset=680
.Linfo_string25:
	.asciz	"ID"                            @ string offset=703
.Linfo_string26:
	.asciz	"version_status"                @ string offset=706
.Linfo_string27:
	.asciz	"unsigned int"                  @ string offset=721
.Linfo_string28:
	.asciz	"uint32_t"                      @ string offset=734
.Linfo_string29:
	.asciz	"version_minor"                 @ string offset=743
.Linfo_string30:
	.asciz	"version_major"                 @ string offset=757
.Linfo_string31:
	.asciz	"product_major"                 @ string offset=771
.Linfo_string32:
	.asciz	"arch_patch_rev"                @ string offset=785
.Linfo_string33:
	.asciz	"arch_minor_rev"                @ string offset=800
.Linfo_string34:
	.asciz	"arch_major_rev"                @ string offset=815
.Linfo_string35:
	.asciz	"word"                          @ string offset=830
.Linfo_string36:
	.asciz	"id_r"                          @ string offset=835
.Linfo_string37:
	.asciz	"STATUS"                        @ string offset=840
.Linfo_string38:
	.asciz	"state"                         @ string offset=847
.Linfo_string39:
	.asciz	"irq_raised"                    @ string offset=853
.Linfo_string40:
	.asciz	"bus_status"                    @ string offset=864
.Linfo_string41:
	.asciz	"reset_status"                  @ string offset=875
.Linfo_string42:
	.asciz	"cmd_parse_error"               @ string offset=888
.Linfo_string43:
	.asciz	"cmd_end_reached"               @ string offset=904
.Linfo_string44:
	.asciz	"pmu_irq_raised"                @ string offset=920
.Linfo_string45:
	.asciz	"wd_fault"                      @ string offset=935
.Linfo_string46:
	.asciz	"ecc_fault"                     @ string offset=944
.Linfo_string47:
	.asciz	"reserved0"                     @ string offset=954
.Linfo_string48:
	.asciz	"faulting_interface"            @ string offset=964
.Linfo_string49:
	.asciz	"faulting_channel"              @ string offset=983
.Linfo_string50:
	.asciz	"irq_history_mask"              @ string offset=1000
.Linfo_string51:
	.asciz	"status_r"                      @ string offset=1017
.Linfo_string52:
	.asciz	"CMD"                           @ string offset=1026
.Linfo_string53:
	.asciz	"transition_to_running_state"   @ string offset=1030
.Linfo_string54:
	.asciz	"clear_irq"                     @ string offset=1058
.Linfo_string55:
	.asciz	"clock_q_enable"                @ string offset=1068
.Linfo_string56:
	.asciz	"power_q_enable"                @ string offset=1083
.Linfo_string57:
	.asciz	"stop_request"                  @ string offset=1098
.Linfo_string58:
	.asciz	"clear_irq_history"             @ string offset=1111
.Linfo_string59:
	.asciz	"cmd_r"                         @ string offset=1129
.Linfo_string60:
	.asciz	"RESET"                         @ string offset=1135
.Linfo_string61:
	.asciz	"pending_CPL"                   @ string offset=1141
.Linfo_string62:
	.asciz	"pending_CSL"                   @ string offset=1153
.Linfo_string63:
	.asciz	"reset_r"                       @ string offset=1165
.Linfo_string64:
	.asciz	"QBASE"                         @ string offset=1173
.Linfo_string65:
	.asciz	"offset"                        @ string offset=1179
.Linfo_string66:
	.asciz	"qbase_r"                       @ string offset=1186
.Linfo_string67:
	.asciz	"QREAD"                         @ string offset=1194
.Linfo_string68:
	.asciz	"qread_r"                       @ string offset=1200
.Linfo_string69:
	.asciz	"QCONFIG"                       @ string offset=1208
.Linfo_string70:
	.asciz	"cmd_region0"                   @ string offset=1216
.Linfo_string71:
	.asciz	"qconfig_r"                     @ string offset=1228
.Linfo_string72:
	.asciz	"QSIZE"                         @ string offset=1238
.Linfo_string73:
	.asciz	"qsize_r"                       @ string offset=1244
.Linfo_string74:
	.asciz	"PROT"                          @ string offset=1252
.Linfo_string75:
	.asciz	"active_CPL"                    @ string offset=1257
.Linfo_string76:
	.asciz	"active_CSL"                    @ string offset=1268
.Linfo_string77:
	.asciz	"prot_r"                        @ string offset=1279
.Linfo_string78:
	.asciz	"CONFIG"                        @ string offset=1286
.Linfo_string79:
	.asciz	"macs_per_cc"                   @ string offset=1293
.Linfo_string80:
	.asciz	"cmd_stream_version"            @ string offset=1305
.Linfo_string81:
	.asciz	"shram_size"                    @ string offset=1324
.Linfo_string82:
	.asciz	"functional_safety"             @ string offset=1335
.Linfo_string83:
	.asciz	"custom_dma"                    @ string offset=1353
.Linfo_string84:
	.asciz	"product"                       @ string offset=1364
.Linfo_string85:
	.asciz	"config_r"                      @ string offset=1372
.Linfo_string86:
	.asciz	"LOCK"                          @ string offset=1381
.Linfo_string87:
	.asciz	"lock_r"                        @ string offset=1386
.Linfo_string88:
	.asciz	"unused0"                       @ string offset=1393
.Linfo_string89:
	.asciz	"REGIONCFG"                     @ string offset=1401
.Linfo_string90:
	.asciz	"region0"                       @ string offset=1411
.Linfo_string91:
	.asciz	"region1"                       @ string offset=1419
.Linfo_string92:
	.asciz	"region2"                       @ string offset=1427
.Linfo_string93:
	.asciz	"region3"                       @ string offset=1435
.Linfo_string94:
	.asciz	"region4"                       @ string offset=1443
.Linfo_string95:
	.asciz	"region5"                       @ string offset=1451
.Linfo_string96:
	.asciz	"region6"                       @ string offset=1459
.Linfo_string97:
	.asciz	"region7"                       @ string offset=1467
.Linfo_string98:
	.asciz	"regioncfg_r"                   @ string offset=1475
.Linfo_string99:
	.asciz	"AXI_LIMIT0"                    @ string offset=1487
.Linfo_string100:
	.asciz	"max_beats"                     @ string offset=1498
.Linfo_string101:
	.asciz	"memtype"                       @ string offset=1508
.Linfo_string102:
	.asciz	"reserved1"                     @ string offset=1516
.Linfo_string103:
	.asciz	"max_outstanding_read_m1"       @ string offset=1526
.Linfo_string104:
	.asciz	"reserved2"                     @ string offset=1550
.Linfo_string105:
	.asciz	"max_outstanding_write_m1"      @ string offset=1560
.Linfo_string106:
	.asciz	"reserved3"                     @ string offset=1585
.Linfo_string107:
	.asciz	"axi_limit0_r"                  @ string offset=1595
.Linfo_string108:
	.asciz	"AXI_LIMIT1"                    @ string offset=1608
.Linfo_string109:
	.asciz	"axi_limit1_r"                  @ string offset=1619
.Linfo_string110:
	.asciz	"AXI_LIMIT2"                    @ string offset=1632
.Linfo_string111:
	.asciz	"axi_limit2_r"                  @ string offset=1643
.Linfo_string112:
	.asciz	"AXI_LIMIT3"                    @ string offset=1656
.Linfo_string113:
	.asciz	"axi_limit3_r"                  @ string offset=1667
.Linfo_string114:
	.asciz	"unused1"                       @ string offset=1680
.Linfo_string115:
	.asciz	"BASEP"                         @ string offset=1688
.Linfo_string116:
	.asciz	"basep_r"                       @ string offset=1694
.Linfo_string117:
	.asciz	"unused2"                       @ string offset=1702
.Linfo_string118:
	.asciz	"WD_STATUS"                     @ string offset=1710
.Linfo_string119:
	.asciz	"core_slice_state"              @ string offset=1720
.Linfo_string120:
	.asciz	"core_idle"                     @ string offset=1737
.Linfo_string121:
	.asciz	"ctrl_state"                    @ string offset=1747
.Linfo_string122:
	.asciz	"ctrl_idle"                     @ string offset=1758
.Linfo_string123:
	.asciz	"write_buf_index0"              @ string offset=1768
.Linfo_string124:
	.asciz	"write_buf_valid0"              @ string offset=1785
.Linfo_string125:
	.asciz	"write_buf_idle0"               @ string offset=1802
.Linfo_string126:
	.asciz	"write_buf_index1"              @ string offset=1818
.Linfo_string127:
	.asciz	"write_buf_valid1"              @ string offset=1835
.Linfo_string128:
	.asciz	"write_buf_idle1"               @ string offset=1852
.Linfo_string129:
	.asciz	"events"                        @ string offset=1868
.Linfo_string130:
	.asciz	"wd_status_r"                   @ string offset=1875
.Linfo_string131:
	.asciz	"MAC_STATUS"                    @ string offset=1887
.Linfo_string132:
	.asciz	"block_cfg_valid"               @ string offset=1898
.Linfo_string133:
	.asciz	"trav_en"                       @ string offset=1914
.Linfo_string134:
	.asciz	"wait_for_ib"                   @ string offset=1922
.Linfo_string135:
	.asciz	"wait_for_acc_buf"              @ string offset=1934
.Linfo_string136:
	.asciz	"wait_for_weights"              @ string offset=1951
.Linfo_string137:
	.asciz	"stall_stripe"                  @ string offset=1968
.Linfo_string138:
	.asciz	"dw_sel"                        @ string offset=1981
.Linfo_string139:
	.asciz	"wait_for_dw0_ready"            @ string offset=1988
.Linfo_string140:
	.asciz	"wait_for_dw1_ready"            @ string offset=2007
.Linfo_string141:
	.asciz	"acc_buf_sel_ai"                @ string offset=2026
.Linfo_string142:
	.asciz	"wait_for_acc0_ready"           @ string offset=2041
.Linfo_string143:
	.asciz	"wait_for_acc1_ready"           @ string offset=2061
.Linfo_string144:
	.asciz	"acc_buf_sel_aa"                @ string offset=2081
.Linfo_string145:
	.asciz	"acc0_valid"                    @ string offset=2096
.Linfo_string146:
	.asciz	"acc1_valid"                    @ string offset=2107
.Linfo_string147:
	.asciz	"mac_status_r"                  @ string offset=2118
.Linfo_string148:
	.asciz	"AO_STATUS"                     @ string offset=2131
.Linfo_string149:
	.asciz	"cmd_sbw_valid"                 @ string offset=2141
.Linfo_string150:
	.asciz	"cmd_act_valid"                 @ string offset=2155
.Linfo_string151:
	.asciz	"cmd_ctl_valid"                 @ string offset=2169
.Linfo_string152:
	.asciz	"cmd_scl_valid"                 @ string offset=2183
.Linfo_string153:
	.asciz	"cmd_sbr_valid"                 @ string offset=2197
.Linfo_string154:
	.asciz	"cmd_ofm_valid"                 @ string offset=2211
.Linfo_string155:
	.asciz	"blk_cmd_ready"                 @ string offset=2225
.Linfo_string156:
	.asciz	"blk_cmd_valid"                 @ string offset=2239
.Linfo_string157:
	.asciz	"ao_status_r"                   @ string offset=2253
.Linfo_string158:
	.asciz	"unused3"                       @ string offset=2265
.Linfo_string159:
	.asciz	"DMA_STATUS0"                   @ string offset=2273
.Linfo_string160:
	.asciz	"cmd_idle"                      @ string offset=2285
.Linfo_string161:
	.asciz	"ifm_idle"                      @ string offset=2294
.Linfo_string162:
	.asciz	"wgt_idle_c0"                   @ string offset=2303
.Linfo_string163:
	.asciz	"bas_idle_c0"                   @ string offset=2315
.Linfo_string164:
	.asciz	"m2m_idle"                      @ string offset=2327
.Linfo_string165:
	.asciz	"ofm_idle"                      @ string offset=2336
.Linfo_string166:
	.asciz	"halt_req"                      @ string offset=2345
.Linfo_string167:
	.asciz	"halt_ack"                      @ string offset=2354
.Linfo_string168:
	.asciz	"pause_req"                     @ string offset=2363
.Linfo_string169:
	.asciz	"pause_ack"                     @ string offset=2373
.Linfo_string170:
	.asciz	"ib0_ai_valid_c0"               @ string offset=2383
.Linfo_string171:
	.asciz	"ib0_ai_ready_c0"               @ string offset=2399
.Linfo_string172:
	.asciz	"ib1_ai_valid_c0"               @ string offset=2415
.Linfo_string173:
	.asciz	"ib1_ai_ready_c0"               @ string offset=2431
.Linfo_string174:
	.asciz	"ib0_ao_valid_c0"               @ string offset=2447
.Linfo_string175:
	.asciz	"ib0_ao_ready_c0"               @ string offset=2463
.Linfo_string176:
	.asciz	"ib1_ao_valid_c0"               @ string offset=2479
.Linfo_string177:
	.asciz	"ib1_ao_ready_c0"               @ string offset=2495
.Linfo_string178:
	.asciz	"ob0_valid_c0"                  @ string offset=2511
.Linfo_string179:
	.asciz	"ob0_ready_c0"                  @ string offset=2524
.Linfo_string180:
	.asciz	"ob1_valid_c0"                  @ string offset=2537
.Linfo_string181:
	.asciz	"ob1_ready_c0"                  @ string offset=2550
.Linfo_string182:
	.asciz	"cmd_valid"                     @ string offset=2563
.Linfo_string183:
	.asciz	"cmd_ready"                     @ string offset=2573
.Linfo_string184:
	.asciz	"wd_bitstream_valid_c0"         @ string offset=2583
.Linfo_string185:
	.asciz	"wd_bitstream_ready_c0"         @ string offset=2605
.Linfo_string186:
	.asciz	"bs_bitstream_valid_c0"         @ string offset=2627
.Linfo_string187:
	.asciz	"bs_bitstream_ready_c0"         @ string offset=2649
.Linfo_string188:
	.asciz	"axi0_ar_stalled"               @ string offset=2671
.Linfo_string189:
	.asciz	"axi0_rd_limit_stall"           @ string offset=2687
.Linfo_string190:
	.asciz	"axi0_aw_stalled"               @ string offset=2707
.Linfo_string191:
	.asciz	"axi0_w_stalled"                @ string offset=2723
.Linfo_string192:
	.asciz	"dma_status0_r"                 @ string offset=2738
.Linfo_string193:
	.asciz	"DMA_STATUS1"                   @ string offset=2752
.Linfo_string194:
	.asciz	"axi0_wr_limit_stall"           @ string offset=2764
.Linfo_string195:
	.asciz	"axi1_ar_stalled"               @ string offset=2784
.Linfo_string196:
	.asciz	"axi1_rd_limit_stall"           @ string offset=2800
.Linfo_string197:
	.asciz	"axi1_wr_stalled"               @ string offset=2820
.Linfo_string198:
	.asciz	"axi1_w_stalled"                @ string offset=2836
.Linfo_string199:
	.asciz	"axi1_wr_limit_stall"           @ string offset=2851
.Linfo_string200:
	.asciz	"wgt_idle_c1"                   @ string offset=2871
.Linfo_string201:
	.asciz	"bas_idle_c1"                   @ string offset=2883
.Linfo_string202:
	.asciz	"ib0_ai_valid_c1"               @ string offset=2895
.Linfo_string203:
	.asciz	"ib0_ai_ready_c1"               @ string offset=2911
.Linfo_string204:
	.asciz	"ib1_ai_valid_c1"               @ string offset=2927
.Linfo_string205:
	.asciz	"ib1_ai_ready_c1"               @ string offset=2943
.Linfo_string206:
	.asciz	"ib0_ao_valid_c1"               @ string offset=2959
.Linfo_string207:
	.asciz	"ib0_ao_ready_c1"               @ string offset=2975
.Linfo_string208:
	.asciz	"ib1_ao_valid_c1"               @ string offset=2991
.Linfo_string209:
	.asciz	"ib1_ao_ready_c1"               @ string offset=3007
.Linfo_string210:
	.asciz	"ob0_valid_c1"                  @ string offset=3023
.Linfo_string211:
	.asciz	"ob0_ready_c1"                  @ string offset=3036
.Linfo_string212:
	.asciz	"ob1_valid_c1"                  @ string offset=3049
.Linfo_string213:
	.asciz	"ob1_ready_c1"                  @ string offset=3062
.Linfo_string214:
	.asciz	"wd_bitstream_valid_c1"         @ string offset=3075
.Linfo_string215:
	.asciz	"wd_bitstream_ready_c1"         @ string offset=3097
.Linfo_string216:
	.asciz	"bs_bitstream_valid_c1"         @ string offset=3119
.Linfo_string217:
	.asciz	"bs_bitstream_ready_c1"         @ string offset=3141
.Linfo_string218:
	.asciz	"dma_status1_r"                 @ string offset=3163
.Linfo_string219:
	.asciz	"unused4"                       @ string offset=3177
.Linfo_string220:
	.asciz	"CLKFORCE"                      @ string offset=3185
.Linfo_string221:
	.asciz	"top_level_clk"                 @ string offset=3194
.Linfo_string222:
	.asciz	"cc_clk"                        @ string offset=3208
.Linfo_string223:
	.asciz	"dma_clk"                       @ string offset=3215
.Linfo_string224:
	.asciz	"mac_clk"                       @ string offset=3223
.Linfo_string225:
	.asciz	"ao_clk"                        @ string offset=3231
.Linfo_string226:
	.asciz	"wd_clk"                        @ string offset=3238
.Linfo_string227:
	.asciz	"clkforce_r"                    @ string offset=3245
.Linfo_string228:
	.asciz	"DEBUG_ADDRESS"                 @ string offset=3256
.Linfo_string229:
	.asciz	"addr"                          @ string offset=3270
.Linfo_string230:
	.asciz	"debug_address_r"               @ string offset=3275
.Linfo_string231:
	.asciz	"DEBUG_MISC"                    @ string offset=3291
.Linfo_string232:
	.asciz	"misc"                          @ string offset=3302
.Linfo_string233:
	.asciz	"debug_misc_r"                  @ string offset=3307
.Linfo_string234:
	.asciz	"unused5"                       @ string offset=3320
.Linfo_string235:
	.asciz	"DEBUG_BLOCK"                   @ string offset=3328
.Linfo_string236:
	.asciz	"block"                         @ string offset=3340
.Linfo_string237:
	.asciz	"debug_block_r"                 @ string offset=3346
.Linfo_string238:
	.asciz	"unused6"                       @ string offset=3360
.Linfo_string239:
	.asciz	"PMCR"                          @ string offset=3368
.Linfo_string240:
	.asciz	"cnt_en"                        @ string offset=3373
.Linfo_string241:
	.asciz	"event_cnt_rst"                 @ string offset=3380
.Linfo_string242:
	.asciz	"cycle_cnt_rst"                 @ string offset=3394
.Linfo_string243:
	.asciz	"mask_en"                       @ string offset=3408
.Linfo_string244:
	.asciz	"num_event_cnt"                 @ string offset=3416
.Linfo_string245:
	.asciz	"pmcr_r"                        @ string offset=3430
.Linfo_string246:
	.asciz	"PMCNTENSET"                    @ string offset=3437
.Linfo_string247:
	.asciz	"EVENT_CNT_0"                   @ string offset=3448
.Linfo_string248:
	.asciz	"EVENT_CNT_1"                   @ string offset=3460
.Linfo_string249:
	.asciz	"EVENT_CNT_2"                   @ string offset=3472
.Linfo_string250:
	.asciz	"EVENT_CNT_3"                   @ string offset=3484
.Linfo_string251:
	.asciz	"CYCLE_CNT"                     @ string offset=3496
.Linfo_string252:
	.asciz	"pmcntenset_r"                  @ string offset=3506
.Linfo_string253:
	.asciz	"PMCNTENCLR"                    @ string offset=3519
.Linfo_string254:
	.asciz	"pmcntenclr_r"                  @ string offset=3530
.Linfo_string255:
	.asciz	"PMOVSSET"                      @ string offset=3543
.Linfo_string256:
	.asciz	"EVENT_CNT_0_OVF"               @ string offset=3552
.Linfo_string257:
	.asciz	"EVENT_CNT_1_OVF"               @ string offset=3568
.Linfo_string258:
	.asciz	"EVENT_CNT_2_OVF"               @ string offset=3584
.Linfo_string259:
	.asciz	"EVENT_CNT_3_OVF"               @ string offset=3600
.Linfo_string260:
	.asciz	"CYCLE_CNT_OVF"                 @ string offset=3616
.Linfo_string261:
	.asciz	"pmovsset_r"                    @ string offset=3630
.Linfo_string262:
	.asciz	"PMOVSCLR"                      @ string offset=3641
.Linfo_string263:
	.asciz	"pmovsclr_r"                    @ string offset=3650
.Linfo_string264:
	.asciz	"PMINTSET"                      @ string offset=3661
.Linfo_string265:
	.asciz	"EVENT_CNT_0_INT"               @ string offset=3670
.Linfo_string266:
	.asciz	"EVENT_CNT_1_INT"               @ string offset=3686
.Linfo_string267:
	.asciz	"EVENT_CNT_2_INT"               @ string offset=3702
.Linfo_string268:
	.asciz	"EVENT_CNT_3_INT"               @ string offset=3718
.Linfo_string269:
	.asciz	"CYCLE_CNT_INT"                 @ string offset=3734
.Linfo_string270:
	.asciz	"pmintset_r"                    @ string offset=3748
.Linfo_string271:
	.asciz	"PMINTCLR"                      @ string offset=3759
.Linfo_string272:
	.asciz	"pmintclr_r"                    @ string offset=3768
.Linfo_string273:
	.asciz	"unused7"                       @ string offset=3779
.Linfo_string274:
	.asciz	"PMCCNTR"                       @ string offset=3787
.Linfo_string275:
	.asciz	"CYCLE_CNT_LO"                  @ string offset=3795
.Linfo_string276:
	.asciz	"CYCLE_CNT_HI"                  @ string offset=3808
.Linfo_string277:
	.asciz	"pmccntr_r"                     @ string offset=3821
.Linfo_string278:
	.asciz	"PMCCNTR_CFG"                   @ string offset=3831
.Linfo_string279:
	.asciz	"CYCLE_CNT_CFG_START"           @ string offset=3843
.Linfo_string280:
	.asciz	"CYCLE_CNT_CFG_STOP"            @ string offset=3863
.Linfo_string281:
	.asciz	"pmccntr_cfg_r"                 @ string offset=3882
.Linfo_string282:
	.asciz	"PMCAXI_CHAN"                   @ string offset=3896
.Linfo_string283:
	.asciz	"CH_SEL"                        @ string offset=3908
.Linfo_string284:
	.asciz	"AXI_CNT_SEL"                   @ string offset=3915
.Linfo_string285:
	.asciz	"BW_CH_SEL_EN"                  @ string offset=3927
.Linfo_string286:
	.asciz	"pmcaxi_chan_r"                 @ string offset=3940
.Linfo_string287:
	.asciz	"unused8"                       @ string offset=3954
.Linfo_string288:
	.asciz	"KERNEL_X"                      @ string offset=3962
.Linfo_string289:
	.asciz	"value"                         @ string offset=3971
.Linfo_string290:
	.asciz	"kernel_x_r"                    @ string offset=3977
.Linfo_string291:
	.asciz	"KERNEL_Y"                      @ string offset=3988
.Linfo_string292:
	.asciz	"kernel_y_r"                    @ string offset=3997
.Linfo_string293:
	.asciz	"KERNEL_W_M1"                   @ string offset=4008
.Linfo_string294:
	.asciz	"kernel_w_m1_r"                 @ string offset=4020
.Linfo_string295:
	.asciz	"KERNEL_H_M1"                   @ string offset=4034
.Linfo_string296:
	.asciz	"kernel_h_m1_r"                 @ string offset=4046
.Linfo_string297:
	.asciz	"OFM_CBLK_WIDTH_M1"             @ string offset=4060
.Linfo_string298:
	.asciz	"ofm_cblk_width_m1_r"           @ string offset=4078
.Linfo_string299:
	.asciz	"OFM_CBLK_HEIGHT_M1"            @ string offset=4098
.Linfo_string300:
	.asciz	"ofm_cblk_height_m1_r"          @ string offset=4117
.Linfo_string301:
	.asciz	"OFM_CBLK_DEPTH_M1"             @ string offset=4138
.Linfo_string302:
	.asciz	"ofm_cblk_depth_m1_r"           @ string offset=4156
.Linfo_string303:
	.asciz	"IFM_CBLK_DEPTH_M1"             @ string offset=4176
.Linfo_string304:
	.asciz	"ifm_cblk_depth_m1_r"           @ string offset=4194
.Linfo_string305:
	.asciz	"OFM_X"                         @ string offset=4214
.Linfo_string306:
	.asciz	"ofm_x_r"                       @ string offset=4220
.Linfo_string307:
	.asciz	"OFM_Y"                         @ string offset=4228
.Linfo_string308:
	.asciz	"ofm_y_r"                       @ string offset=4234
.Linfo_string309:
	.asciz	"OFM_Z"                         @ string offset=4242
.Linfo_string310:
	.asciz	"ofm_z_r"                       @ string offset=4248
.Linfo_string311:
	.asciz	"IFM_Z"                         @ string offset=4256
.Linfo_string312:
	.asciz	"ifm_z_r"                       @ string offset=4262
.Linfo_string313:
	.asciz	"PAD_TOP"                       @ string offset=4270
.Linfo_string314:
	.asciz	"pad_top_r"                     @ string offset=4278
.Linfo_string315:
	.asciz	"PAD_LEFT"                      @ string offset=4288
.Linfo_string316:
	.asciz	"pad_left_r"                    @ string offset=4297
.Linfo_string317:
	.asciz	"IFM_CBLK_WIDTH"                @ string offset=4308
.Linfo_string318:
	.asciz	"ifm_cblk_width_r"              @ string offset=4323
.Linfo_string319:
	.asciz	"IFM_CBLK_HEIGHT"               @ string offset=4340
.Linfo_string320:
	.asciz	"ifm_cblk_height_r"             @ string offset=4356
.Linfo_string321:
	.asciz	"DMA_IFM_SRC"                   @ string offset=4374
.Linfo_string322:
	.asciz	"dma_ifm_src_r"                 @ string offset=4386
.Linfo_string323:
	.asciz	"DMA_IFM_DST"                   @ string offset=4400
.Linfo_string324:
	.asciz	"dma_ifm_dst_r"                 @ string offset=4412
.Linfo_string325:
	.asciz	"DMA_OFM_SRC"                   @ string offset=4426
.Linfo_string326:
	.asciz	"dma_ofm_src_r"                 @ string offset=4438
.Linfo_string327:
	.asciz	"DMA_OFM_DST"                   @ string offset=4452
.Linfo_string328:
	.asciz	"dma_ofm_dst_r"                 @ string offset=4464
.Linfo_string329:
	.asciz	"DMA_WEIGHT_SRC"                @ string offset=4478
.Linfo_string330:
	.asciz	"dma_weight_src_r"              @ string offset=4493
.Linfo_string331:
	.asciz	"DMA_CMD_SRC"                   @ string offset=4510
.Linfo_string332:
	.asciz	"dma_cmd_src_r"                 @ string offset=4522
.Linfo_string333:
	.asciz	"DMA_CMD_SIZE"                  @ string offset=4536
.Linfo_string334:
	.asciz	"dma_cmd_size_r"                @ string offset=4549
.Linfo_string335:
	.asciz	"DMA_M2M_SRC"                   @ string offset=4564
.Linfo_string336:
	.asciz	"dma_m2m_src_r"                 @ string offset=4576
.Linfo_string337:
	.asciz	"DMA_M2M_DST"                   @ string offset=4590
.Linfo_string338:
	.asciz	"dma_m2m_dst_r"                 @ string offset=4602
.Linfo_string339:
	.asciz	"CURRENT_QREAD"                 @ string offset=4616
.Linfo_string340:
	.asciz	"current_qread_r"               @ string offset=4630
.Linfo_string341:
	.asciz	"DMA_SCALE_SRC"                 @ string offset=4646
.Linfo_string342:
	.asciz	"dma_scale_src_r"               @ string offset=4660
.Linfo_string343:
	.asciz	"unused9"                       @ string offset=4676
.Linfo_string344:
	.asciz	"CURRENT_BLOCK"                 @ string offset=4684
.Linfo_string345:
	.asciz	"current_block_r"               @ string offset=4698
.Linfo_string346:
	.asciz	"CURRENT_OP"                    @ string offset=4714
.Linfo_string347:
	.asciz	"current_op_r"                  @ string offset=4725
.Linfo_string348:
	.asciz	"CURRENT_CMD"                   @ string offset=4738
.Linfo_string349:
	.asciz	"current_cmd_r"                 @ string offset=4750
.Linfo_string350:
	.asciz	"unused10"                      @ string offset=4764
.Linfo_string351:
	.asciz	"PMEVCNTR"                      @ string offset=4773
.Linfo_string352:
	.asciz	"count"                         @ string offset=4782
.Linfo_string353:
	.asciz	"pmevcntr_r"                    @ string offset=4788
.Linfo_string354:
	.asciz	"unused11"                      @ string offset=4799
.Linfo_string355:
	.asciz	"PMEVTYPER"                     @ string offset=4808
.Linfo_string356:
	.asciz	"EV_TYPE"                       @ string offset=4818
.Linfo_string357:
	.asciz	"pmevtyper_r"                   @ string offset=4826
.Linfo_string358:
	.asciz	"unused12"                      @ string offset=4838
.Linfo_string359:
	.asciz	"SHARED_BUFFER"                 @ string offset=4847
.Linfo_string360:
	.asciz	"mem_word"                      @ string offset=4861
.Linfo_string361:
	.asciz	"shared_buffer_r"               @ string offset=4870
.Linfo_string362:
	.asciz	"IFM_PAD_TOP"                   @ string offset=4886
.Linfo_string363:
	.asciz	"ifm_pad_top_r"                 @ string offset=4898
.Linfo_string364:
	.asciz	"IFM_PAD_LEFT"                  @ string offset=4912
.Linfo_string365:
	.asciz	"ifm_pad_left_r"                @ string offset=4925
.Linfo_string366:
	.asciz	"IFM_PAD_RIGHT"                 @ string offset=4940
.Linfo_string367:
	.asciz	"ifm_pad_right_r"               @ string offset=4954
.Linfo_string368:
	.asciz	"IFM_PAD_BOTTOM"                @ string offset=4970
.Linfo_string369:
	.asciz	"ifm_pad_bottom_r"              @ string offset=4985
.Linfo_string370:
	.asciz	"IFM_DEPTH_M1"                  @ string offset=5002
.Linfo_string371:
	.asciz	"ifm_depth_m1_r"                @ string offset=5015
.Linfo_string372:
	.asciz	"IFM_PRECISION"                 @ string offset=5030
.Linfo_string373:
	.asciz	"ifm_precision_r"               @ string offset=5044
.Linfo_string374:
	.asciz	"unused13"                      @ string offset=5060
.Linfo_string375:
	.asciz	"IFM_UPSCALE"                   @ string offset=5069
.Linfo_string376:
	.asciz	"ifm_upscale_r"                 @ string offset=5081
.Linfo_string377:
	.asciz	"unused14"                      @ string offset=5095
.Linfo_string378:
	.asciz	"IFM_ZERO_POINT"                @ string offset=5104
.Linfo_string379:
	.asciz	"ifm_zero_point_r"              @ string offset=5119
.Linfo_string380:
	.asciz	"IFM_WIDTH0_M1"                 @ string offset=5136
.Linfo_string381:
	.asciz	"ifm_width0_m1_r"               @ string offset=5150
.Linfo_string382:
	.asciz	"IFM_HEIGHT0_M1"                @ string offset=5166
.Linfo_string383:
	.asciz	"ifm_height0_m1_r"              @ string offset=5181
.Linfo_string384:
	.asciz	"IFM_HEIGHT1_M1"                @ string offset=5198
.Linfo_string385:
	.asciz	"ifm_height1_m1_r"              @ string offset=5213
.Linfo_string386:
	.asciz	"IFM_IB_END"                    @ string offset=5230
.Linfo_string387:
	.asciz	"ifm_ib_end_r"                  @ string offset=5241
.Linfo_string388:
	.asciz	"unused15"                      @ string offset=5254
.Linfo_string389:
	.asciz	"IFM_REGION"                    @ string offset=5263
.Linfo_string390:
	.asciz	"ifm_region_r"                  @ string offset=5274
.Linfo_string391:
	.asciz	"unused16"                      @ string offset=5287
.Linfo_string392:
	.asciz	"OFM_WIDTH_M1"                  @ string offset=5296
.Linfo_string393:
	.asciz	"ofm_width_m1_r"                @ string offset=5309
.Linfo_string394:
	.asciz	"OFM_HEIGHT_M1"                 @ string offset=5324
.Linfo_string395:
	.asciz	"ofm_height_m1_r"               @ string offset=5338
.Linfo_string396:
	.asciz	"OFM_DEPTH_M1"                  @ string offset=5354
.Linfo_string397:
	.asciz	"ofm_depth_m1_r"                @ string offset=5367
.Linfo_string398:
	.asciz	"OFM_PRECISION"                 @ string offset=5382
.Linfo_string399:
	.asciz	"ofm_precision_r"               @ string offset=5396
.Linfo_string400:
	.asciz	"OFM_BLK_WIDTH_M1"              @ string offset=5412
.Linfo_string401:
	.asciz	"ofm_blk_width_m1_r"            @ string offset=5429
.Linfo_string402:
	.asciz	"OFM_BLK_HEIGHT_M1"             @ string offset=5448
.Linfo_string403:
	.asciz	"ofm_blk_height_m1_r"           @ string offset=5466
.Linfo_string404:
	.asciz	"OFM_BLK_DEPTH_M1"              @ string offset=5486
.Linfo_string405:
	.asciz	"ofm_blk_depth_m1_r"            @ string offset=5503
.Linfo_string406:
	.asciz	"OFM_ZERO_POINT"                @ string offset=5522
.Linfo_string407:
	.asciz	"ofm_zero_point_r"              @ string offset=5537
.Linfo_string408:
	.asciz	"unused17"                      @ string offset=5554
.Linfo_string409:
	.asciz	"OFM_WIDTH0_M1"                 @ string offset=5563
.Linfo_string410:
	.asciz	"ofm_width0_m1_r"               @ string offset=5577
.Linfo_string411:
	.asciz	"OFM_HEIGHT0_M1"                @ string offset=5593
.Linfo_string412:
	.asciz	"ofm_height0_m1_r"              @ string offset=5608
.Linfo_string413:
	.asciz	"OFM_HEIGHT1_M1"                @ string offset=5625
.Linfo_string414:
	.asciz	"ofm_height1_m1_r"              @ string offset=5640
.Linfo_string415:
	.asciz	"unused18"                      @ string offset=5657
.Linfo_string416:
	.asciz	"OFM_REGION"                    @ string offset=5666
.Linfo_string417:
	.asciz	"ofm_region_r"                  @ string offset=5677
.Linfo_string418:
	.asciz	"KERNEL_WIDTH_M1"               @ string offset=5690
.Linfo_string419:
	.asciz	"kernel_width_m1_r"             @ string offset=5706
.Linfo_string420:
	.asciz	"KERNEL_HEIGHT_M1"              @ string offset=5724
.Linfo_string421:
	.asciz	"kernel_height_m1_r"            @ string offset=5741
.Linfo_string422:
	.asciz	"KERNEL_STRIDE"                 @ string offset=5760
.Linfo_string423:
	.asciz	"kernel_stride_r"               @ string offset=5774
.Linfo_string424:
	.asciz	"unused19"                      @ string offset=5790
.Linfo_string425:
	.asciz	"ACC_FORMAT"                    @ string offset=5799
.Linfo_string426:
	.asciz	"acc_format_r"                  @ string offset=5810
.Linfo_string427:
	.asciz	"ACTIVATION"                    @ string offset=5823
.Linfo_string428:
	.asciz	"activation_r"                  @ string offset=5834
.Linfo_string429:
	.asciz	"ACTIVATION_MIN"                @ string offset=5847
.Linfo_string430:
	.asciz	"activation_min_r"              @ string offset=5862
.Linfo_string431:
	.asciz	"ACTIVATION_MAX"                @ string offset=5879
.Linfo_string432:
	.asciz	"activation_max_r"              @ string offset=5894
.Linfo_string433:
	.asciz	"WEIGHT_REGION"                 @ string offset=5911
.Linfo_string434:
	.asciz	"weight_region_r"               @ string offset=5925
.Linfo_string435:
	.asciz	"SCALE_REGION"                  @ string offset=5941
.Linfo_string436:
	.asciz	"scale_region_r"                @ string offset=5954
.Linfo_string437:
	.asciz	"unused20"                      @ string offset=5969
.Linfo_string438:
	.asciz	"AB_START"                      @ string offset=5978
.Linfo_string439:
	.asciz	"ab_start_r"                    @ string offset=5987
.Linfo_string440:
	.asciz	"unused21"                      @ string offset=5998
.Linfo_string441:
	.asciz	"BLOCKDEP"                      @ string offset=6007
.Linfo_string442:
	.asciz	"blockdep_r"                    @ string offset=6016
.Linfo_string443:
	.asciz	"DMA0_SRC_REGION"               @ string offset=6027
.Linfo_string444:
	.asciz	"dma0_src_region_r"             @ string offset=6043
.Linfo_string445:
	.asciz	"DMA0_DST_REGION"               @ string offset=6061
.Linfo_string446:
	.asciz	"dma0_dst_region_r"             @ string offset=6077
.Linfo_string447:
	.asciz	"DMA0_SIZE0"                    @ string offset=6095
.Linfo_string448:
	.asciz	"dma0_size0_r"                  @ string offset=6106
.Linfo_string449:
	.asciz	"DMA0_SIZE1"                    @ string offset=6119
.Linfo_string450:
	.asciz	"dma0_size1_r"                  @ string offset=6130
.Linfo_string451:
	.asciz	"unused22"                      @ string offset=6143
.Linfo_string452:
	.asciz	"IFM2_BROADCAST"                @ string offset=6152
.Linfo_string453:
	.asciz	"ifm2_broadcast_r"              @ string offset=6167
.Linfo_string454:
	.asciz	"IFM2_SCALAR"                   @ string offset=6184
.Linfo_string455:
	.asciz	"ifm2_scalar_r"                 @ string offset=6196
.Linfo_string456:
	.asciz	"unused23"                      @ string offset=6210
.Linfo_string457:
	.asciz	"IFM2_PRECISION"                @ string offset=6219
.Linfo_string458:
	.asciz	"ifm2_precision_r"              @ string offset=6234
.Linfo_string459:
	.asciz	"unused24"                      @ string offset=6251
.Linfo_string460:
	.asciz	"IFM2_ZERO_POINT"               @ string offset=6260
.Linfo_string461:
	.asciz	"ifm2_zero_point_r"             @ string offset=6276
.Linfo_string462:
	.asciz	"IFM2_WIDTH0_M1"                @ string offset=6294
.Linfo_string463:
	.asciz	"ifm2_width0_m1_r"              @ string offset=6309
.Linfo_string464:
	.asciz	"IFM2_HEIGHT0_M1"               @ string offset=6326
.Linfo_string465:
	.asciz	"ifm2_height0_m1_r"             @ string offset=6342
.Linfo_string466:
	.asciz	"IFM2_HEIGHT1_M1"               @ string offset=6360
.Linfo_string467:
	.asciz	"ifm2_height1_m1_r"             @ string offset=6376
.Linfo_string468:
	.asciz	"IFM2_IB_START"                 @ string offset=6394
.Linfo_string469:
	.asciz	"ifm2_ib_start_r"               @ string offset=6408
.Linfo_string470:
	.asciz	"unused25"                      @ string offset=6424
.Linfo_string471:
	.asciz	"IFM2_REGION"                   @ string offset=6433
.Linfo_string472:
	.asciz	"ifm2_region_r"                 @ string offset=6445
.Linfo_string473:
	.asciz	"unused26"                      @ string offset=6459
.Linfo_string474:
	.asciz	"IFM_BASE0"                     @ string offset=6468
.Linfo_string475:
	.asciz	"value_LO"                      @ string offset=6478
.Linfo_string476:
	.asciz	"value_HI"                      @ string offset=6487
.Linfo_string477:
	.asciz	"ifm_base0_r"                   @ string offset=6496
.Linfo_string478:
	.asciz	"IFM_BASE1"                     @ string offset=6508
.Linfo_string479:
	.asciz	"ifm_base1_r"                   @ string offset=6518
.Linfo_string480:
	.asciz	"IFM_BASE2"                     @ string offset=6530
.Linfo_string481:
	.asciz	"ifm_base2_r"                   @ string offset=6540
.Linfo_string482:
	.asciz	"IFM_BASE3"                     @ string offset=6552
.Linfo_string483:
	.asciz	"ifm_base3_r"                   @ string offset=6562
.Linfo_string484:
	.asciz	"IFM_STRIDE_X"                  @ string offset=6574
.Linfo_string485:
	.asciz	"ifm_stride_x_r"                @ string offset=6587
.Linfo_string486:
	.asciz	"IFM_STRIDE_Y"                  @ string offset=6602
.Linfo_string487:
	.asciz	"ifm_stride_y_r"                @ string offset=6615
.Linfo_string488:
	.asciz	"IFM_STRIDE_C"                  @ string offset=6630
.Linfo_string489:
	.asciz	"ifm_stride_c_r"                @ string offset=6643
.Linfo_string490:
	.asciz	"unused27"                      @ string offset=6658
.Linfo_string491:
	.asciz	"OFM_BASE0"                     @ string offset=6667
.Linfo_string492:
	.asciz	"ofm_base0_r"                   @ string offset=6677
.Linfo_string493:
	.asciz	"OFM_BASE1"                     @ string offset=6689
.Linfo_string494:
	.asciz	"ofm_base1_r"                   @ string offset=6699
.Linfo_string495:
	.asciz	"OFM_BASE2"                     @ string offset=6711
.Linfo_string496:
	.asciz	"ofm_base2_r"                   @ string offset=6721
.Linfo_string497:
	.asciz	"OFM_BASE3"                     @ string offset=6733
.Linfo_string498:
	.asciz	"ofm_base3_r"                   @ string offset=6743
.Linfo_string499:
	.asciz	"OFM_STRIDE_X"                  @ string offset=6755
.Linfo_string500:
	.asciz	"ofm_stride_x_r"                @ string offset=6768
.Linfo_string501:
	.asciz	"OFM_STRIDE_Y"                  @ string offset=6783
.Linfo_string502:
	.asciz	"ofm_stride_y_r"                @ string offset=6796
.Linfo_string503:
	.asciz	"OFM_STRIDE_C"                  @ string offset=6811
.Linfo_string504:
	.asciz	"ofm_stride_c_r"                @ string offset=6824
.Linfo_string505:
	.asciz	"unused28"                      @ string offset=6839
.Linfo_string506:
	.asciz	"WEIGHT_BASE"                   @ string offset=6848
.Linfo_string507:
	.asciz	"weight_base_r"                 @ string offset=6860
.Linfo_string508:
	.asciz	"WEIGHT_LENGTH"                 @ string offset=6874
.Linfo_string509:
	.asciz	"weight_length_r"               @ string offset=6888
.Linfo_string510:
	.asciz	"SCALE_BASE"                    @ string offset=6904
.Linfo_string511:
	.asciz	"scale_base_r"                  @ string offset=6915
.Linfo_string512:
	.asciz	"SCALE_LENGTH"                  @ string offset=6928
.Linfo_string513:
	.asciz	"scale_length_r"                @ string offset=6941
.Linfo_string514:
	.asciz	"OFM_SCALE"                     @ string offset=6956
.Linfo_string515:
	.asciz	"ofm_scale_r"                   @ string offset=6966
.Linfo_string516:
	.asciz	"OFM_SCALE_SHIFT"               @ string offset=6978
.Linfo_string517:
	.asciz	"ofm_scale_shift_r"             @ string offset=6994
.Linfo_string518:
	.asciz	"OPA_SCALE"                     @ string offset=7012
.Linfo_string519:
	.asciz	"opa_scale_r"                   @ string offset=7022
.Linfo_string520:
	.asciz	"OPA_SCALE_SHIFT"               @ string offset=7034
.Linfo_string521:
	.asciz	"opa_scale_shift_r"             @ string offset=7050
.Linfo_string522:
	.asciz	"OPB_SCALE"                     @ string offset=7068
.Linfo_string523:
	.asciz	"opb_scale_r"                   @ string offset=7078
.Linfo_string524:
	.asciz	"unused29"                      @ string offset=7090
.Linfo_string525:
	.asciz	"DMA0_SRC"                      @ string offset=7099
.Linfo_string526:
	.asciz	"dma0_src_r"                    @ string offset=7108
.Linfo_string527:
	.asciz	"DMA0_DST"                      @ string offset=7119
.Linfo_string528:
	.asciz	"dma0_dst_r"                    @ string offset=7128
.Linfo_string529:
	.asciz	"DMA0_LEN"                      @ string offset=7139
.Linfo_string530:
	.asciz	"dma0_len_r"                    @ string offset=7148
.Linfo_string531:
	.asciz	"unused30"                      @ string offset=7159
.Linfo_string532:
	.asciz	"IFM2_BASE0"                    @ string offset=7168
.Linfo_string533:
	.asciz	"ifm2_base0_r"                  @ string offset=7179
.Linfo_string534:
	.asciz	"IFM2_BASE1"                    @ string offset=7192
.Linfo_string535:
	.asciz	"ifm2_base1_r"                  @ string offset=7203
.Linfo_string536:
	.asciz	"IFM2_BASE2"                    @ string offset=7216
.Linfo_string537:
	.asciz	"ifm2_base2_r"                  @ string offset=7227
.Linfo_string538:
	.asciz	"IFM2_BASE3"                    @ string offset=7240
.Linfo_string539:
	.asciz	"ifm2_base3_r"                  @ string offset=7251
.Linfo_string540:
	.asciz	"IFM2_STRIDE_X"                 @ string offset=7264
.Linfo_string541:
	.asciz	"ifm2_stride_x_r"               @ string offset=7278
.Linfo_string542:
	.asciz	"IFM2_STRIDE_Y"                 @ string offset=7294
.Linfo_string543:
	.asciz	"ifm2_stride_y_r"               @ string offset=7308
.Linfo_string544:
	.asciz	"IFM2_STRIDE_C"                 @ string offset=7324
.Linfo_string545:
	.asciz	"ifm2_stride_c_r"               @ string offset=7338
.Linfo_string546:
	.asciz	"unused31"                      @ string offset=7354
.Linfo_string547:
	.asciz	"USER_DEFINED"                  @ string offset=7363
.Linfo_string548:
	.asciz	"unused32"                      @ string offset=7376
.Linfo_string549:
	.asciz	"REVISION"                      @ string offset=7385
.Linfo_string550:
	.asciz	"revision_r"                    @ string offset=7394
.Linfo_string551:
	.asciz	"unused33"                      @ string offset=7405
.Linfo_string552:
	.asciz	"PID4"                          @ string offset=7414
.Linfo_string553:
	.asciz	"pid4_r"                        @ string offset=7419
.Linfo_string554:
	.asciz	"PID5"                          @ string offset=7426
.Linfo_string555:
	.asciz	"pid5_r"                        @ string offset=7431
.Linfo_string556:
	.asciz	"PID6"                          @ string offset=7438
.Linfo_string557:
	.asciz	"pid6_r"                        @ string offset=7443
.Linfo_string558:
	.asciz	"PID7"                          @ string offset=7450
.Linfo_string559:
	.asciz	"pid7_r"                        @ string offset=7455
.Linfo_string560:
	.asciz	"PID0"                          @ string offset=7462
.Linfo_string561:
	.asciz	"pid0_r"                        @ string offset=7467
.Linfo_string562:
	.asciz	"PID1"                          @ string offset=7474
.Linfo_string563:
	.asciz	"pid1_r"                        @ string offset=7479
.Linfo_string564:
	.asciz	"PID2"                          @ string offset=7486
.Linfo_string565:
	.asciz	"pid2_r"                        @ string offset=7491
.Linfo_string566:
	.asciz	"PID3"                          @ string offset=7498
.Linfo_string567:
	.asciz	"pid3_r"                        @ string offset=7503
.Linfo_string568:
	.asciz	"CID0"                          @ string offset=7510
.Linfo_string569:
	.asciz	"cid0_r"                        @ string offset=7515
.Linfo_string570:
	.asciz	"CID1"                          @ string offset=7522
.Linfo_string571:
	.asciz	"cid1_r"                        @ string offset=7527
.Linfo_string572:
	.asciz	"CID2"                          @ string offset=7534
.Linfo_string573:
	.asciz	"cid2_r"                        @ string offset=7539
.Linfo_string574:
	.asciz	"CID3"                          @ string offset=7546
.Linfo_string575:
	.asciz	"cid3_r"                        @ string offset=7551
.Linfo_string576:
	.asciz	"NPU_REG"                       @ string offset=7558
.Linfo_string577:
	.asciz	"uintptr_t"                     @ string offset=7566
.Linfo_string578:
	.asciz	"ethosu_dev_verify_access_state" @ string offset=7576
.Linfo_string579:
	.asciz	"_Bool"                         @ string offset=7607
.Linfo_string580:
	.asciz	"dev"                           @ string offset=7613
.Linfo_string581:
	.asciz	"reg"                           @ string offset=7617
.Linfo_string582:
	.asciz	"secure"                        @ string offset=7621
.Linfo_string583:
	.asciz	"privileged"                    @ string offset=7628
.Linfo_string584:
	.asciz	"ethosu_device"                 @ string offset=7639
.Linfo_string585:
	.asciz	"ethosu_dev_axi_init"           @ string offset=7653
.Linfo_string586:
	.asciz	"l3"                            @ string offset=7673
.Linfo_string587:
	.asciz	"l2"                            @ string offset=7676
.Linfo_string588:
	.asciz	"l1"                            @ string offset=7679
.Linfo_string589:
	.asciz	"l0"                            @ string offset=7682
.Linfo_string590:
	.asciz	"rcfg"                          @ string offset=7685
.Linfo_string591:
	.asciz	"free"                          @ string offset=7690
.Linfo_string592:
	.asciz	"ethosu_address_remap"          @ string offset=7695
.Linfo_string593:
	.asciz	"unsigned long long"            @ string offset=7716
.Linfo_string594:
	.asciz	"uint64_t"                      @ string offset=7735
.Linfo_string595:
	.asciz	"ethosu_dev_init"               @ string offset=7744
.Linfo_string596:
	.asciz	"ethosu_dev_soft_reset"         @ string offset=7760
.Linfo_string597:
	.asciz	"ethosu_dev_deinit"             @ string offset=7782
.Linfo_string598:
	.asciz	"ethosu_dev_run_command_stream" @ string offset=7800
.Linfo_string599:
	.asciz	"ethosu_dev_print_err_status"   @ string offset=7830
.Linfo_string600:
	.asciz	"ethosu_dev_handle_interrupt"   @ string offset=7858
.Linfo_string601:
	.asciz	"ethosu_dev_get_hw_info"        @ string offset=7886
.Linfo_string602:
	.asciz	"ethosu_dev_set_clock_and_power" @ string offset=7909
.Linfo_string603:
	.asciz	"ethosu_dev_verify_optimizer_config" @ string offset=7940
.Linfo_string604:
	.asciz	"index"                         @ string offset=7975
.Linfo_string605:
	.asciz	"int"                           @ string offset=7981
.Linfo_string606:
	.asciz	"address"                       @ string offset=7985
.Linfo_string607:
	.asciz	"base_address"                  @ string offset=7993
.Linfo_string608:
	.asciz	"secure_enable"                 @ string offset=8006
.Linfo_string609:
	.asciz	"privilege_enable"              @ string offset=8020
.Linfo_string610:
	.asciz	"err"                           @ string offset=8037
.Linfo_string611:
	.asciz	"reset"                         @ string offset=8041
.Linfo_string612:
	.asciz	"i"                             @ string offset=8047
.Linfo_string613:
	.asciz	"cmd_stream_ptr"                @ string offset=8049
.Linfo_string614:
	.asciz	"uint8_t"                       @ string offset=8064
.Linfo_string615:
	.asciz	"cms_length"                    @ string offset=8072
.Linfo_string616:
	.asciz	"base_addr"                     @ string offset=8083
.Linfo_string617:
	.asciz	"num_base_addr"                 @ string offset=8093
.Linfo_string618:
	.asciz	"qbase"                         @ string offset=8107
.Linfo_string619:
	.asciz	"cmd"                           @ string offset=8113
.Linfo_string620:
	.asciz	"hwinfo"                        @ string offset=8117
.Linfo_string621:
	.asciz	"version"                       @ string offset=8124
.Linfo_string622:
	.asciz	"ethosu_id"                     @ string offset=8132
.Linfo_string623:
	.asciz	"cfg"                           @ string offset=8142
.Linfo_string624:
	.asciz	"ethosu_config"                 @ string offset=8146
.Linfo_string625:
	.asciz	"ethosu_hw_info"                @ string offset=8160
.Linfo_string626:
	.asciz	"id"                            @ string offset=8175
.Linfo_string627:
	.asciz	"clock_q"                       @ string offset=8178
.Linfo_string628:
	.asciz	"power_q"                       @ string offset=8186
.Linfo_string629:
	.asciz	"cfg_in"                        @ string offset=8194
.Linfo_string630:
	.asciz	"id_in"                         @ string offset=8201
.Linfo_string631:
	.asciz	"ret"                           @ string offset=8207
.Linfo_string632:
	.asciz	"hw_cfg"                        @ string offset=8211
.Linfo_string633:
	.asciz	"hw_id"                         @ string offset=8218
.Linfo_string634:
	.asciz	"opt_cfg"                       @ string offset=8224
.Linfo_string635:
	.asciz	"opt_id"                        @ string offset=8232
	.ident	"Component: Arm Compiler for Embedded 6.22 Tool: armclang [5ee92100]"
	.section	".note.GNU-stack","",%progbits
	.eabi_attribute	30, 1	@ Tag_ABI_optimization_goals
	.ARM_attribute	16, 1	@ Tag_AV_eba
	.section	.debug_line,"",%progbits
.Lline_table_start0:
