	.text
	.syntax unified
	.eabi_attribute	67, "2.09"	@ Tag_conformance
	.cpu	cortex-m55
	.eabi_attribute	6, 21	@ Tag_CPU_arch
	.eabi_attribute	7, 77	@ Tag_CPU_arch_profile
	.eabi_attribute	8, 0	@ Tag_ARM_ISA_use
	.eabi_attribute	9, 3	@ Tag_THUMB_ISA_use
	.fpu	fpv5-d16
	.arch_extension	mve.fp
	.eabi_attribute	36, 1	@ Tag_FP_HP_extension
	.eabi_attribute	48, 2	@ Tag_MVE_arch
	.eabi_attribute	46, 1	@ Tag_DSP_extension
	.eabi_attribute	34, 1	@ Tag_CPU_unaligned_access
	.eabi_attribute	17, 1	@ Tag_ABI_PCS_GOT_use
	.eabi_attribute	20, 2	@ Tag_ABI_FP_denormal
	.eabi_attribute	21, 0	@ Tag_ABI_FP_exceptions
	.eabi_attribute	23, 1	@ Tag_ABI_FP_number_model
	.eabi_attribute	24, 1	@ Tag_ABI_align_needed
	.eabi_attribute	25, 1	@ Tag_ABI_align_preserved
	.eabi_attribute	28, 1	@ Tag_ABI_VFP_args
	.eabi_attribute	38, 1	@ Tag_ABI_FP_16bit_format
	.eabi_attribute	18, 2	@ Tag_ABI_PCS_wchar_t
	.eabi_attribute	26, 1	@ Tag_ABI_enum_size
	.eabi_attribute	14, 0	@ Tag_ABI_PCS_R9_use
	.file	"ethosu_pmu.c"
	.file	1 "C:\\ML\\ML_M55M1_SampleCode-master 2\\ML_M55M1_SampleCode-master\\M55M1BSP-3.01.003\\SampleCode\\NuEdgeWise\\ObjectDetection_YOLOv8n\\KEIL" "../../../../Library/StdDriver/src/npu/ethosu_pmu.c"
	.file	2 "C:\\ML\\ML_M55M1_SampleCode-master 2\\ML_M55M1_SampleCode-master\\M55M1BSP-3.01.003\\SampleCode\\NuEdgeWise\\ObjectDetection_YOLOv8n\\KEIL" "../../../../Library/StdDriver/src/npu\\ethosu55_interface.h"
	.file	3 "C:\\ML\\ML_M55M1_SampleCode-master 2\\ML_M55M1_SampleCode-master\\M55M1BSP-3.01.003\\SampleCode\\NuEdgeWise\\ObjectDetection_YOLOv8n\\KEIL" "../../../../Library/StdDriver/inc/npu\\ethosu_driver.h"
	.file	4 "C:\\ML\\ML_M55M1_SampleCode-master 2\\ML_M55M1_SampleCode-master\\M55M1BSP-3.01.003\\SampleCode\\NuEdgeWise\\ObjectDetection_YOLOv8n\\KEIL" "../../../../Library/StdDriver/inc/npu\\pmu_ethosu.h"
	.file	5 "C:\\Users\\yuxia\\AppData\\Local\\Keil_v5\\ARM\\ARMCLANG\\bin\\..\\include" "stdint.h"
	.section	.text.ETHOSU_PMU_Enable,"ax",%progbits
	.hidden	ETHOSU_PMU_Enable               @ -- Begin function ETHOSU_PMU_Enable
	.globl	ETHOSU_PMU_Enable
	.p2align	2
	.type	ETHOSU_PMU_Enable,%function
	.code	16                              @ @ETHOSU_PMU_Enable
	.thumb_func
ETHOSU_PMU_Enable:
.Lfunc_begin0:
	.loc	1 91 0                          @ ../../../../Library/StdDriver/src/npu/ethosu_pmu.c:91:0
	.fnstart
	.cfi_sections .debug_frame
	.cfi_startproc
@ %bb.0:
	@DEBUG_VALUE: ETHOSU_PMU_Enable:drv <- $r0
	.save	{r4, lr}
	push	{r4, lr}
	.cfi_def_cfa_offset 8
	.cfi_offset lr, -4
	.cfi_offset r4, -8
	mov	r4, r0
.Ltmp0:
	@DEBUG_VALUE: ETHOSU_PMU_Enable:pmcr <- [DW_OP_LLVM_fragment 0 16] 1
	@DEBUG_VALUE: ETHOSU_PMU_Enable:pmcr <- [DW_OP_LLVM_fragment 16 16] 0
	@DEBUG_VALUE: ETHOSU_PMU_Enable:drv <- $r4
	.loc	1 95 5 prologue_end             @ ../../../../Library/StdDriver/src/npu/ethosu_pmu.c:95:5
	bl	ethosu_request_power
.Ltmp1:
	.loc	1 96 10                         @ ../../../../Library/StdDriver/src/npu/ethosu_pmu.c:96:10
	ldr	r0, [r4]
	movs	r1, #1
	.loc	1 96 15 is_stmt 0               @ ../../../../Library/StdDriver/src/npu/ethosu_pmu.c:96:15
	ldr	r0, [r0]
	.loc	1 96 30                         @ ../../../../Library/StdDriver/src/npu/ethosu_pmu.c:96:30
	str.w	r1, [r0, #384]
	.loc	1 97 1 epilogue_begin is_stmt 1 @ ../../../../Library/StdDriver/src/npu/ethosu_pmu.c:97:1
	pop	{r4, pc}
.Ltmp2:
.Lfunc_end0:
	.size	ETHOSU_PMU_Enable, .Lfunc_end0-ETHOSU_PMU_Enable
	.cfi_endproc
	.cantunwind
	.fnend
                                        @ -- End function
	.section	.text.ETHOSU_PMU_Disable,"ax",%progbits
	.hidden	ETHOSU_PMU_Disable              @ -- Begin function ETHOSU_PMU_Disable
	.globl	ETHOSU_PMU_Disable
	.p2align	2
	.type	ETHOSU_PMU_Disable,%function
	.code	16                              @ @ETHOSU_PMU_Disable
	.thumb_func
ETHOSU_PMU_Disable:
.Lfunc_begin1:
	.fnstart
	.cfi_startproc
@ %bb.0:
	@DEBUG_VALUE: ETHOSU_PMU_Disable:drv <- $r0
	.loc	1 102 10 prologue_end           @ ../../../../Library/StdDriver/src/npu/ethosu_pmu.c:102:10
	ldr	r1, [r0]
	movs	r2, #0
	.loc	1 102 15 is_stmt 0              @ ../../../../Library/StdDriver/src/npu/ethosu_pmu.c:102:15
	ldr	r1, [r1]
	.loc	1 102 30                        @ ../../../../Library/StdDriver/src/npu/ethosu_pmu.c:102:30
	str.w	r2, [r1, #384]
.Ltmp3:
	.loc	1 103 5 is_stmt 1               @ ../../../../Library/StdDriver/src/npu/ethosu_pmu.c:103:5
	b	ethosu_release_power
.Ltmp4:
.Lfunc_end1:
	.size	ETHOSU_PMU_Disable, .Lfunc_end1-ETHOSU_PMU_Disable
	.cfi_endproc
	.file	6 "C:\\ML\\ML_M55M1_SampleCode-master 2\\ML_M55M1_SampleCode-master\\M55M1BSP-3.01.003\\SampleCode\\NuEdgeWise\\ObjectDetection_YOLOv8n\\KEIL" "../../../../Library/StdDriver/src/npu\\ethosu_device.h"
	.file	7 "C:\\Users\\yuxia\\AppData\\Local\\Keil_v5\\ARM\\ARMCLANG\\bin\\..\\include" "stddef.h"
	.cantunwind
	.fnend
                                        @ -- End function
	.section	.text.ETHOSU_PMU_Get_NumEventCounters,"ax",%progbits
	.hidden	ETHOSU_PMU_Get_NumEventCounters @ -- Begin function ETHOSU_PMU_Get_NumEventCounters
	.globl	ETHOSU_PMU_Get_NumEventCounters
	.p2align	2
	.type	ETHOSU_PMU_Get_NumEventCounters,%function
	.code	16                              @ @ETHOSU_PMU_Get_NumEventCounters
	.thumb_func
ETHOSU_PMU_Get_NumEventCounters:
.Lfunc_begin2:
	.fnstart
	.cfi_startproc
@ %bb.0:
	.loc	1 108 5 prologue_end            @ ../../../../Library/StdDriver/src/npu/ethosu_pmu.c:108:5
	movs	r0, #4
	bx	lr
.Ltmp5:
.Lfunc_end2:
	.size	ETHOSU_PMU_Get_NumEventCounters, .Lfunc_end2-ETHOSU_PMU_Get_NumEventCounters
	.cfi_endproc
	.cantunwind
	.fnend
                                        @ -- End function
	.section	.text.ETHOSU_PMU_Set_EVTYPER,"ax",%progbits
	.hidden	ETHOSU_PMU_Set_EVTYPER          @ -- Begin function ETHOSU_PMU_Set_EVTYPER
	.globl	ETHOSU_PMU_Set_EVTYPER
	.p2align	2
	.type	ETHOSU_PMU_Set_EVTYPER,%function
	.code	16                              @ @ETHOSU_PMU_Set_EVTYPER
	.thumb_func
ETHOSU_PMU_Set_EVTYPER:
.Lfunc_begin3:
	.fnstart
	.cfi_startproc
@ %bb.0:
	@DEBUG_VALUE: ETHOSU_PMU_Set_EVTYPER:drv <- $r0
	@DEBUG_VALUE: ETHOSU_PMU_Set_EVTYPER:num <- $r1
	@DEBUG_VALUE: ETHOSU_PMU_Set_EVTYPER:type <- $r2
	.loc	1 113 5 prologue_end            @ ../../../../Library/StdDriver/src/npu/ethosu_pmu.c:113:5
	cmp	r1, #4
	bhs	.LBB3_2
.Ltmp6:
@ %bb.1:
	@DEBUG_VALUE: ETHOSU_PMU_Set_EVTYPER:type <- $r2
	@DEBUG_VALUE: ETHOSU_PMU_Set_EVTYPER:num <- $r1
	@DEBUG_VALUE: ETHOSU_PMU_Set_EVTYPER:drv <- $r0
	@DEBUG_VALUE: ETHOSU_PMU_Set_EVTYPER:type <- $r2
	@DEBUG_VALUE: pmu_event_value:event <- $r2
	@DEBUG_VALUE: pmu_event_value:a <- [DW_OP_LLVM_convert 8 7, DW_OP_LLVM_convert 32 7, DW_OP_stack_value] $r2
	.loc	1 76 35                         @ ../../../../Library/StdDriver/src/npu/ethosu_pmu.c:76:35
	cmp	r2, #73
	iteee	hi
	movhi.w	r2, #-1
.Ltmp7:
	.loc	1 78 16                         @ ../../../../Library/StdDriver/src/npu/ethosu_pmu.c:78:16
	movwls	r3, :lower16:eventbyid
	movtls	r3, :upper16:eventbyid
	ldrhls.w	r2, [r3, r2, lsl #1]
.Ltmp8:
	@DEBUG_VALUE: ETHOSU_PMU_Set_EVTYPER:val <- $r2
	.loc	1 116 10                        @ ../../../../Library/StdDriver/src/npu/ethosu_pmu.c:116:10
	ldr	r0, [r0]
.Ltmp9:
	@DEBUG_VALUE: ETHOSU_PMU_Set_EVTYPER:drv <- [DW_OP_LLVM_entry_value 1] $r0
	.loc	1 116 15 is_stmt 0              @ ../../../../Library/StdDriver/src/npu/ethosu_pmu.c:116:15
	ldr	r0, [r0]
	.loc	1 116 20                        @ ../../../../Library/StdDriver/src/npu/ethosu_pmu.c:116:20
	add.w	r0, r0, r1, lsl #2
	.loc	1 116 40                        @ ../../../../Library/StdDriver/src/npu/ethosu_pmu.c:116:40
	str.w	r2, [r0, #896]
	.loc	1 117 1 is_stmt 1               @ ../../../../Library/StdDriver/src/npu/ethosu_pmu.c:117:1
	bx	lr
.Ltmp10:
.LBB3_2:
	@DEBUG_VALUE: ETHOSU_PMU_Set_EVTYPER:type <- $r2
	@DEBUG_VALUE: ETHOSU_PMU_Set_EVTYPER:num <- $r1
	@DEBUG_VALUE: ETHOSU_PMU_Set_EVTYPER:drv <- $r0
	.loc	1 113 5                         @ ../../../../Library/StdDriver/src/npu/ethosu_pmu.c:113:5
	movw	r0, :lower16:.L.str
.Ltmp11:
	@DEBUG_VALUE: ETHOSU_PMU_Set_EVTYPER:drv <- [DW_OP_LLVM_entry_value 1] $r0
	movw	r1, :lower16:.L.str.1
.Ltmp12:
	@DEBUG_VALUE: ETHOSU_PMU_Set_EVTYPER:num <- [DW_OP_LLVM_entry_value 1] $r1
	movt	r0, :upper16:.L.str
	movs	r2, #113
.Ltmp13:
	@DEBUG_VALUE: ETHOSU_PMU_Set_EVTYPER:type <- [DW_OP_LLVM_entry_value 1] $r2
	movt	r1, :upper16:.L.str.1
	bl	__aeabi_assert
.Ltmp14:
.Lfunc_end3:
	.size	ETHOSU_PMU_Set_EVTYPER, .Lfunc_end3-ETHOSU_PMU_Set_EVTYPER
	.cfi_endproc
	.cantunwind
	.fnend
                                        @ -- End function
	.section	.text.ETHOSU_PMU_Get_EVTYPER,"ax",%progbits
	.hidden	ETHOSU_PMU_Get_EVTYPER          @ -- Begin function ETHOSU_PMU_Get_EVTYPER
	.globl	ETHOSU_PMU_Get_EVTYPER
	.p2align	2
	.type	ETHOSU_PMU_Get_EVTYPER,%function
	.code	16                              @ @ETHOSU_PMU_Get_EVTYPER
	.thumb_func
ETHOSU_PMU_Get_EVTYPER:
.Lfunc_begin4:
	.loc	1 120 0                         @ ../../../../Library/StdDriver/src/npu/ethosu_pmu.c:120:0
	.fnstart
	.cfi_startproc
@ %bb.0:
	@DEBUG_VALUE: ETHOSU_PMU_Get_EVTYPER:drv <- $r0
	@DEBUG_VALUE: ETHOSU_PMU_Get_EVTYPER:num <- $r1
	.save	{r7, lr}
	push	{r7, lr}
	.cfi_def_cfa_offset 8
	.cfi_offset lr, -4
	.cfi_offset r7, -8
	.pad	#8
	sub	sp, #8
	.cfi_def_cfa_offset 16
.Ltmp15:
	.loc	1 121 5 prologue_end            @ ../../../../Library/StdDriver/src/npu/ethosu_pmu.c:121:5
	cmp	r1, #4
	bhs.w	.LBB4_79
.Ltmp16:
@ %bb.1:
	@DEBUG_VALUE: ETHOSU_PMU_Get_EVTYPER:num <- $r1
	@DEBUG_VALUE: ETHOSU_PMU_Get_EVTYPER:drv <- $r0
	.loc	1 122 44                        @ ../../../../Library/StdDriver/src/npu/ethosu_pmu.c:122:44
	ldr	r0, [r0]
.Ltmp17:
	@DEBUG_VALUE: ETHOSU_PMU_Get_EVTYPER:drv <- [DW_OP_LLVM_entry_value 1] $r0
	.loc	1 122 49 is_stmt 0              @ ../../../../Library/StdDriver/src/npu/ethosu_pmu.c:122:49
	ldr	r0, [r0]
	.loc	1 122 54                        @ ../../../../Library/StdDriver/src/npu/ethosu_pmu.c:122:54
	add.w	r0, r0, r1, lsl #2
	.loc	1 122 69                        @ ../../../../Library/StdDriver/src/npu/ethosu_pmu.c:122:69
	ldr.w	r2, [r0, #896]
.Ltmp18:
	@DEBUG_VALUE: pmu_event_type:id <- $r2
	@DEBUG_VALUE: ETHOSU_PMU_Get_EVTYPER:val <- $r2
	.loc	1 61 5 is_stmt 1                @ ../../../../Library/StdDriver/src/npu/ethosu_pmu.c:61:5
	lsrs	r0, r2, #1
	cmp	r0, #216
	bhi.w	.LBB4_77
.Ltmp19:
@ %bb.2:
	@DEBUG_VALUE: ETHOSU_PMU_Get_EVTYPER:val <- $r2
	@DEBUG_VALUE: pmu_event_type:id <- $r2
	@DEBUG_VALUE: ETHOSU_PMU_Get_EVTYPER:drv <- [DW_OP_LLVM_entry_value 1] $r0
	@DEBUG_VALUE: ETHOSU_PMU_Get_EVTYPER:num <- $r1
	add.w	r1, r0, r2, lsl #2
.Ltmp20:
	@DEBUG_VALUE: ETHOSU_PMU_Get_EVTYPER:num <- [DW_OP_LLVM_entry_value 1] $r1
	.loc	1 0 5 is_stmt 0                 @ ../../../../Library/StdDriver/src/npu/ethosu_pmu.c:0:5
	movs	r0, #0
	.loc	1 61 5                          @ ../../../../Library/StdDriver/src/npu/ethosu_pmu.c:61:5
.LCPI4_2:
	tbh	[pc, r2, lsl #1]
.Ltmp21:
@ %bb.3:
	.loc	1 0 5                           @ ../../../../Library/StdDriver/src/npu/ethosu_pmu.c:0:5
.LJTI4_0:
	.short	(.LBB4_78-(.LCPI4_2+4))/2
	.short	(.LBB4_77-(.LCPI4_2+4))/2
	.short	(.LBB4_77-(.LCPI4_2+4))/2
	.short	(.LBB4_77-(.LCPI4_2+4))/2
	.short	(.LBB4_77-(.LCPI4_2+4))/2
	.short	(.LBB4_77-(.LCPI4_2+4))/2
	.short	(.LBB4_77-(.LCPI4_2+4))/2
	.short	(.LBB4_77-(.LCPI4_2+4))/2
	.short	(.LBB4_77-(.LCPI4_2+4))/2
	.short	(.LBB4_77-(.LCPI4_2+4))/2
	.short	(.LBB4_77-(.LCPI4_2+4))/2
	.short	(.LBB4_77-(.LCPI4_2+4))/2
	.short	(.LBB4_77-(.LCPI4_2+4))/2
	.short	(.LBB4_77-(.LCPI4_2+4))/2
	.short	(.LBB4_77-(.LCPI4_2+4))/2
	.short	(.LBB4_77-(.LCPI4_2+4))/2
	.short	(.LBB4_77-(.LCPI4_2+4))/2
	.short	(.LBB4_4-(.LCPI4_2+4))/2
	.short	(.LBB4_77-(.LCPI4_2+4))/2
	.short	(.LBB4_77-(.LCPI4_2+4))/2
	.short	(.LBB4_77-(.LCPI4_2+4))/2
	.short	(.LBB4_77-(.LCPI4_2+4))/2
	.short	(.LBB4_77-(.LCPI4_2+4))/2
	.short	(.LBB4_77-(.LCPI4_2+4))/2
	.short	(.LBB4_77-(.LCPI4_2+4))/2
	.short	(.LBB4_77-(.LCPI4_2+4))/2
	.short	(.LBB4_77-(.LCPI4_2+4))/2
	.short	(.LBB4_77-(.LCPI4_2+4))/2
	.short	(.LBB4_77-(.LCPI4_2+4))/2
	.short	(.LBB4_77-(.LCPI4_2+4))/2
	.short	(.LBB4_77-(.LCPI4_2+4))/2
	.short	(.LBB4_77-(.LCPI4_2+4))/2
	.short	(.LBB4_27-(.LCPI4_2+4))/2
	.short	(.LBB4_36-(.LCPI4_2+4))/2
	.short	(.LBB4_30-(.LCPI4_2+4))/2
	.short	(.LBB4_45-(.LCPI4_2+4))/2
	.short	(.LBB4_77-(.LCPI4_2+4))/2
	.short	(.LBB4_77-(.LCPI4_2+4))/2
	.short	(.LBB4_77-(.LCPI4_2+4))/2
	.short	(.LBB4_77-(.LCPI4_2+4))/2
	.short	(.LBB4_77-(.LCPI4_2+4))/2
	.short	(.LBB4_77-(.LCPI4_2+4))/2
	.short	(.LBB4_77-(.LCPI4_2+4))/2
	.short	(.LBB4_77-(.LCPI4_2+4))/2
	.short	(.LBB4_77-(.LCPI4_2+4))/2
	.short	(.LBB4_77-(.LCPI4_2+4))/2
	.short	(.LBB4_77-(.LCPI4_2+4))/2
	.short	(.LBB4_77-(.LCPI4_2+4))/2
	.short	(.LBB4_47-(.LCPI4_2+4))/2
	.short	(.LBB4_39-(.LCPI4_2+4))/2
	.short	(.LBB4_43-(.LCPI4_2+4))/2
	.short	(.LBB4_33-(.LCPI4_2+4))/2
	.short	(.LBB4_40-(.LCPI4_2+4))/2
	.short	(.LBB4_55-(.LCPI4_2+4))/2
	.short	(.LBB4_51-(.LCPI4_2+4))/2
	.short	(.LBB4_35-(.LCPI4_2+4))/2
	.short	(.LBB4_57-(.LCPI4_2+4))/2
	.short	(.LBB4_58-(.LCPI4_2+4))/2
	.short	(.LBB4_22-(.LCPI4_2+4))/2
	.short	(.LBB4_77-(.LCPI4_2+4))/2
	.short	(.LBB4_77-(.LCPI4_2+4))/2
	.short	(.LBB4_77-(.LCPI4_2+4))/2
	.short	(.LBB4_77-(.LCPI4_2+4))/2
	.short	(.LBB4_77-(.LCPI4_2+4))/2
	.short	(.LBB4_61-(.LCPI4_2+4))/2
	.short	(.LBB4_25-(.LCPI4_2+4))/2
	.short	(.LBB4_48-(.LCPI4_2+4))/2
	.short	(.LBB4_19-(.LCPI4_2+4))/2
	.short	(.LBB4_26-(.LCPI4_2+4))/2
	.short	(.LBB4_42-(.LCPI4_2+4))/2
	.short	(.LBB4_32-(.LCPI4_2+4))/2
	.short	(.LBB4_53-(.LCPI4_2+4))/2
	.short	(.LBB4_29-(.LCPI4_2+4))/2
	.short	(.LBB4_77-(.LCPI4_2+4))/2
	.short	(.LBB4_77-(.LCPI4_2+4))/2
	.short	(.LBB4_77-(.LCPI4_2+4))/2
	.short	(.LBB4_77-(.LCPI4_2+4))/2
	.short	(.LBB4_77-(.LCPI4_2+4))/2
	.short	(.LBB4_77-(.LCPI4_2+4))/2
	.short	(.LBB4_77-(.LCPI4_2+4))/2
	.short	(.LBB4_18-(.LCPI4_2+4))/2
	.short	(.LBB4_15-(.LCPI4_2+4))/2
	.short	(.LBB4_31-(.LCPI4_2+4))/2
	.short	(.LBB4_37-(.LCPI4_2+4))/2
	.short	(.LBB4_54-(.LCPI4_2+4))/2
	.short	(.LBB4_38-(.LCPI4_2+4))/2
	.short	(.LBB4_13-(.LCPI4_2+4))/2
	.short	(.LBB4_24-(.LCPI4_2+4))/2
	.short	(.LBB4_56-(.LCPI4_2+4))/2
	.short	(.LBB4_69-(.LCPI4_2+4))/2
	.short	(.LBB4_17-(.LCPI4_2+4))/2
	.short	(.LBB4_50-(.LCPI4_2+4))/2
	.short	(.LBB4_77-(.LCPI4_2+4))/2
	.short	(.LBB4_77-(.LCPI4_2+4))/2
	.short	(.LBB4_77-(.LCPI4_2+4))/2
	.short	(.LBB4_77-(.LCPI4_2+4))/2
	.short	(.LBB4_77-(.LCPI4_2+4))/2
	.short	(.LBB4_77-(.LCPI4_2+4))/2
	.short	(.LBB4_77-(.LCPI4_2+4))/2
	.short	(.LBB4_77-(.LCPI4_2+4))/2
	.short	(.LBB4_77-(.LCPI4_2+4))/2
	.short	(.LBB4_77-(.LCPI4_2+4))/2
	.short	(.LBB4_77-(.LCPI4_2+4))/2
	.short	(.LBB4_77-(.LCPI4_2+4))/2
	.short	(.LBB4_77-(.LCPI4_2+4))/2
	.short	(.LBB4_77-(.LCPI4_2+4))/2
	.short	(.LBB4_77-(.LCPI4_2+4))/2
	.short	(.LBB4_77-(.LCPI4_2+4))/2
	.short	(.LBB4_77-(.LCPI4_2+4))/2
	.short	(.LBB4_77-(.LCPI4_2+4))/2
	.short	(.LBB4_77-(.LCPI4_2+4))/2
	.short	(.LBB4_77-(.LCPI4_2+4))/2
	.short	(.LBB4_77-(.LCPI4_2+4))/2
	.short	(.LBB4_77-(.LCPI4_2+4))/2
	.short	(.LBB4_77-(.LCPI4_2+4))/2
	.short	(.LBB4_77-(.LCPI4_2+4))/2
	.short	(.LBB4_77-(.LCPI4_2+4))/2
	.short	(.LBB4_77-(.LCPI4_2+4))/2
	.short	(.LBB4_77-(.LCPI4_2+4))/2
	.short	(.LBB4_77-(.LCPI4_2+4))/2
	.short	(.LBB4_77-(.LCPI4_2+4))/2
	.short	(.LBB4_77-(.LCPI4_2+4))/2
	.short	(.LBB4_77-(.LCPI4_2+4))/2
	.short	(.LBB4_77-(.LCPI4_2+4))/2
	.short	(.LBB4_77-(.LCPI4_2+4))/2
	.short	(.LBB4_77-(.LCPI4_2+4))/2
	.short	(.LBB4_77-(.LCPI4_2+4))/2
	.short	(.LBB4_77-(.LCPI4_2+4))/2
	.short	(.LBB4_16-(.LCPI4_2+4))/2
	.short	(.LBB4_14-(.LCPI4_2+4))/2
	.short	(.LBB4_28-(.LCPI4_2+4))/2
	.short	(.LBB4_41-(.LCPI4_2+4))/2
	.short	(.LBB4_60-(.LCPI4_2+4))/2
	.short	(.LBB4_8-(.LCPI4_2+4))/2
	.short	(.LBB4_21-(.LCPI4_2+4))/2
	.short	(.LBB4_44-(.LCPI4_2+4))/2
	.short	(.LBB4_49-(.LCPI4_2+4))/2
	.short	(.LBB4_71-(.LCPI4_2+4))/2
	.short	(.LBB4_77-(.LCPI4_2+4))/2
	.short	(.LBB4_77-(.LCPI4_2+4))/2
	.short	(.LBB4_46-(.LCPI4_2+4))/2
	.short	(.LBB4_77-(.LCPI4_2+4))/2
	.short	(.LBB4_12-(.LCPI4_2+4))/2
	.short	(.LBB4_9-(.LCPI4_2+4))/2
	.short	(.LBB4_77-(.LCPI4_2+4))/2
	.short	(.LBB4_77-(.LCPI4_2+4))/2
	.short	(.LBB4_77-(.LCPI4_2+4))/2
	.short	(.LBB4_77-(.LCPI4_2+4))/2
	.short	(.LBB4_77-(.LCPI4_2+4))/2
	.short	(.LBB4_77-(.LCPI4_2+4))/2
	.short	(.LBB4_77-(.LCPI4_2+4))/2
	.short	(.LBB4_77-(.LCPI4_2+4))/2
	.short	(.LBB4_77-(.LCPI4_2+4))/2
	.short	(.LBB4_77-(.LCPI4_2+4))/2
	.short	(.LBB4_77-(.LCPI4_2+4))/2
	.short	(.LBB4_77-(.LCPI4_2+4))/2
	.short	(.LBB4_77-(.LCPI4_2+4))/2
	.short	(.LBB4_77-(.LCPI4_2+4))/2
	.short	(.LBB4_77-(.LCPI4_2+4))/2
	.short	(.LBB4_77-(.LCPI4_2+4))/2
	.short	(.LBB4_74-(.LCPI4_2+4))/2
	.short	(.LBB4_68-(.LCPI4_2+4))/2
	.short	(.LBB4_11-(.LCPI4_2+4))/2
	.short	(.LBB4_52-(.LCPI4_2+4))/2
	.short	(.LBB4_59-(.LCPI4_2+4))/2
	.short	(.LBB4_10-(.LCPI4_2+4))/2
	.short	(.LBB4_66-(.LCPI4_2+4))/2
	.short	(.LBB4_77-(.LCPI4_2+4))/2
	.short	(.LBB4_77-(.LCPI4_2+4))/2
	.short	(.LBB4_77-(.LCPI4_2+4))/2
	.short	(.LBB4_77-(.LCPI4_2+4))/2
	.short	(.LBB4_77-(.LCPI4_2+4))/2
	.short	(.LBB4_77-(.LCPI4_2+4))/2
	.short	(.LBB4_77-(.LCPI4_2+4))/2
	.short	(.LBB4_77-(.LCPI4_2+4))/2
	.short	(.LBB4_77-(.LCPI4_2+4))/2
	.short	(.LBB4_64-(.LCPI4_2+4))/2
	.short	(.LBB4_5-(.LCPI4_2+4))/2
	.short	(.LBB4_77-(.LCPI4_2+4))/2
	.short	(.LBB4_77-(.LCPI4_2+4))/2
	.short	(.LBB4_77-(.LCPI4_2+4))/2
	.short	(.LBB4_77-(.LCPI4_2+4))/2
	.short	(.LBB4_77-(.LCPI4_2+4))/2
	.short	(.LBB4_77-(.LCPI4_2+4))/2
	.short	(.LBB4_77-(.LCPI4_2+4))/2
	.short	(.LBB4_77-(.LCPI4_2+4))/2
	.short	(.LBB4_77-(.LCPI4_2+4))/2
	.short	(.LBB4_77-(.LCPI4_2+4))/2
	.short	(.LBB4_77-(.LCPI4_2+4))/2
	.short	(.LBB4_77-(.LCPI4_2+4))/2
	.short	(.LBB4_77-(.LCPI4_2+4))/2
	.short	(.LBB4_77-(.LCPI4_2+4))/2
	.short	(.LBB4_77-(.LCPI4_2+4))/2
	.short	(.LBB4_77-(.LCPI4_2+4))/2
	.short	(.LBB4_77-(.LCPI4_2+4))/2
	.short	(.LBB4_77-(.LCPI4_2+4))/2
	.short	(.LBB4_77-(.LCPI4_2+4))/2
	.short	(.LBB4_77-(.LCPI4_2+4))/2
	.short	(.LBB4_77-(.LCPI4_2+4))/2
	.short	(.LBB4_77-(.LCPI4_2+4))/2
	.short	(.LBB4_77-(.LCPI4_2+4))/2
	.short	(.LBB4_77-(.LCPI4_2+4))/2
	.short	(.LBB4_77-(.LCPI4_2+4))/2
	.short	(.LBB4_77-(.LCPI4_2+4))/2
	.short	(.LBB4_77-(.LCPI4_2+4))/2
	.short	(.LBB4_77-(.LCPI4_2+4))/2
	.short	(.LBB4_77-(.LCPI4_2+4))/2
	.short	(.LBB4_77-(.LCPI4_2+4))/2
	.short	(.LBB4_77-(.LCPI4_2+4))/2
	.short	(.LBB4_77-(.LCPI4_2+4))/2
	.short	(.LBB4_77-(.LCPI4_2+4))/2
	.short	(.LBB4_77-(.LCPI4_2+4))/2
	.short	(.LBB4_77-(.LCPI4_2+4))/2
	.short	(.LBB4_77-(.LCPI4_2+4))/2
	.short	(.LBB4_77-(.LCPI4_2+4))/2
	.short	(.LBB4_77-(.LCPI4_2+4))/2
	.short	(.LBB4_77-(.LCPI4_2+4))/2
	.short	(.LBB4_77-(.LCPI4_2+4))/2
	.short	(.LBB4_77-(.LCPI4_2+4))/2
	.short	(.LBB4_77-(.LCPI4_2+4))/2
	.short	(.LBB4_77-(.LCPI4_2+4))/2
	.short	(.LBB4_77-(.LCPI4_2+4))/2
	.short	(.LBB4_77-(.LCPI4_2+4))/2
	.short	(.LBB4_77-(.LCPI4_2+4))/2
	.short	(.LBB4_77-(.LCPI4_2+4))/2
	.short	(.LBB4_77-(.LCPI4_2+4))/2
	.short	(.LBB4_77-(.LCPI4_2+4))/2
	.short	(.LBB4_77-(.LCPI4_2+4))/2
	.short	(.LBB4_77-(.LCPI4_2+4))/2
	.short	(.LBB4_77-(.LCPI4_2+4))/2
	.short	(.LBB4_77-(.LCPI4_2+4))/2
	.short	(.LBB4_77-(.LCPI4_2+4))/2
	.short	(.LBB4_77-(.LCPI4_2+4))/2
	.short	(.LBB4_77-(.LCPI4_2+4))/2
	.short	(.LBB4_77-(.LCPI4_2+4))/2
	.short	(.LBB4_77-(.LCPI4_2+4))/2
	.short	(.LBB4_77-(.LCPI4_2+4))/2
	.short	(.LBB4_77-(.LCPI4_2+4))/2
	.short	(.LBB4_77-(.LCPI4_2+4))/2
	.short	(.LBB4_77-(.LCPI4_2+4))/2
	.short	(.LBB4_77-(.LCPI4_2+4))/2
	.short	(.LBB4_77-(.LCPI4_2+4))/2
	.short	(.LBB4_77-(.LCPI4_2+4))/2
	.short	(.LBB4_77-(.LCPI4_2+4))/2
	.short	(.LBB4_77-(.LCPI4_2+4))/2
	.short	(.LBB4_77-(.LCPI4_2+4))/2
	.short	(.LBB4_77-(.LCPI4_2+4))/2
	.short	(.LBB4_77-(.LCPI4_2+4))/2
	.short	(.LBB4_77-(.LCPI4_2+4))/2
	.short	(.LBB4_77-(.LCPI4_2+4))/2
	.short	(.LBB4_77-(.LCPI4_2+4))/2
	.short	(.LBB4_77-(.LCPI4_2+4))/2
	.short	(.LBB4_77-(.LCPI4_2+4))/2
	.short	(.LBB4_77-(.LCPI4_2+4))/2
	.short	(.LBB4_77-(.LCPI4_2+4))/2
	.short	(.LBB4_77-(.LCPI4_2+4))/2
	.short	(.LBB4_77-(.LCPI4_2+4))/2
	.short	(.LBB4_77-(.LCPI4_2+4))/2
	.short	(.LBB4_77-(.LCPI4_2+4))/2
	.short	(.LBB4_77-(.LCPI4_2+4))/2
	.short	(.LBB4_77-(.LCPI4_2+4))/2
	.short	(.LBB4_77-(.LCPI4_2+4))/2
	.short	(.LBB4_77-(.LCPI4_2+4))/2
	.short	(.LBB4_77-(.LCPI4_2+4))/2
	.short	(.LBB4_77-(.LCPI4_2+4))/2
	.short	(.LBB4_77-(.LCPI4_2+4))/2
	.short	(.LBB4_77-(.LCPI4_2+4))/2
	.short	(.LBB4_77-(.LCPI4_2+4))/2
	.short	(.LBB4_77-(.LCPI4_2+4))/2
	.short	(.LBB4_77-(.LCPI4_2+4))/2
	.short	(.LBB4_77-(.LCPI4_2+4))/2
	.short	(.LBB4_77-(.LCPI4_2+4))/2
	.short	(.LBB4_77-(.LCPI4_2+4))/2
	.short	(.LBB4_77-(.LCPI4_2+4))/2
	.short	(.LBB4_77-(.LCPI4_2+4))/2
	.short	(.LBB4_77-(.LCPI4_2+4))/2
	.short	(.LBB4_77-(.LCPI4_2+4))/2
	.short	(.LBB4_77-(.LCPI4_2+4))/2
	.short	(.LBB4_77-(.LCPI4_2+4))/2
	.short	(.LBB4_77-(.LCPI4_2+4))/2
	.short	(.LBB4_77-(.LCPI4_2+4))/2
	.short	(.LBB4_77-(.LCPI4_2+4))/2
	.short	(.LBB4_77-(.LCPI4_2+4))/2
	.short	(.LBB4_77-(.LCPI4_2+4))/2
	.short	(.LBB4_77-(.LCPI4_2+4))/2
	.short	(.LBB4_77-(.LCPI4_2+4))/2
	.short	(.LBB4_77-(.LCPI4_2+4))/2
	.short	(.LBB4_77-(.LCPI4_2+4))/2
	.short	(.LBB4_77-(.LCPI4_2+4))/2
	.short	(.LBB4_77-(.LCPI4_2+4))/2
	.short	(.LBB4_77-(.LCPI4_2+4))/2
	.short	(.LBB4_77-(.LCPI4_2+4))/2
	.short	(.LBB4_77-(.LCPI4_2+4))/2
	.short	(.LBB4_77-(.LCPI4_2+4))/2
	.short	(.LBB4_77-(.LCPI4_2+4))/2
	.short	(.LBB4_77-(.LCPI4_2+4))/2
	.short	(.LBB4_77-(.LCPI4_2+4))/2
	.short	(.LBB4_77-(.LCPI4_2+4))/2
	.short	(.LBB4_77-(.LCPI4_2+4))/2
	.short	(.LBB4_77-(.LCPI4_2+4))/2
	.short	(.LBB4_77-(.LCPI4_2+4))/2
	.short	(.LBB4_77-(.LCPI4_2+4))/2
	.short	(.LBB4_77-(.LCPI4_2+4))/2
	.short	(.LBB4_77-(.LCPI4_2+4))/2
	.short	(.LBB4_77-(.LCPI4_2+4))/2
	.short	(.LBB4_77-(.LCPI4_2+4))/2
	.short	(.LBB4_77-(.LCPI4_2+4))/2
	.short	(.LBB4_77-(.LCPI4_2+4))/2
	.short	(.LBB4_77-(.LCPI4_2+4))/2
	.short	(.LBB4_77-(.LCPI4_2+4))/2
	.short	(.LBB4_77-(.LCPI4_2+4))/2
	.short	(.LBB4_77-(.LCPI4_2+4))/2
	.short	(.LBB4_77-(.LCPI4_2+4))/2
	.short	(.LBB4_77-(.LCPI4_2+4))/2
	.short	(.LBB4_77-(.LCPI4_2+4))/2
	.short	(.LBB4_77-(.LCPI4_2+4))/2
	.short	(.LBB4_77-(.LCPI4_2+4))/2
	.short	(.LBB4_77-(.LCPI4_2+4))/2
	.short	(.LBB4_77-(.LCPI4_2+4))/2
	.short	(.LBB4_77-(.LCPI4_2+4))/2
	.short	(.LBB4_77-(.LCPI4_2+4))/2
	.short	(.LBB4_77-(.LCPI4_2+4))/2
	.short	(.LBB4_77-(.LCPI4_2+4))/2
	.short	(.LBB4_77-(.LCPI4_2+4))/2
	.short	(.LBB4_77-(.LCPI4_2+4))/2
	.short	(.LBB4_77-(.LCPI4_2+4))/2
	.short	(.LBB4_77-(.LCPI4_2+4))/2
	.short	(.LBB4_77-(.LCPI4_2+4))/2
	.short	(.LBB4_77-(.LCPI4_2+4))/2
	.short	(.LBB4_77-(.LCPI4_2+4))/2
	.short	(.LBB4_77-(.LCPI4_2+4))/2
	.short	(.LBB4_77-(.LCPI4_2+4))/2
	.short	(.LBB4_77-(.LCPI4_2+4))/2
	.short	(.LBB4_77-(.LCPI4_2+4))/2
	.short	(.LBB4_77-(.LCPI4_2+4))/2
	.short	(.LBB4_77-(.LCPI4_2+4))/2
	.short	(.LBB4_77-(.LCPI4_2+4))/2
	.short	(.LBB4_77-(.LCPI4_2+4))/2
	.short	(.LBB4_77-(.LCPI4_2+4))/2
	.short	(.LBB4_77-(.LCPI4_2+4))/2
	.short	(.LBB4_77-(.LCPI4_2+4))/2
	.short	(.LBB4_77-(.LCPI4_2+4))/2
	.short	(.LBB4_77-(.LCPI4_2+4))/2
	.short	(.LBB4_77-(.LCPI4_2+4))/2
	.short	(.LBB4_77-(.LCPI4_2+4))/2
	.short	(.LBB4_77-(.LCPI4_2+4))/2
	.short	(.LBB4_77-(.LCPI4_2+4))/2
	.short	(.LBB4_77-(.LCPI4_2+4))/2
	.short	(.LBB4_77-(.LCPI4_2+4))/2
	.short	(.LBB4_77-(.LCPI4_2+4))/2
	.short	(.LBB4_77-(.LCPI4_2+4))/2
	.short	(.LBB4_77-(.LCPI4_2+4))/2
	.short	(.LBB4_77-(.LCPI4_2+4))/2
	.short	(.LBB4_77-(.LCPI4_2+4))/2
	.short	(.LBB4_77-(.LCPI4_2+4))/2
	.short	(.LBB4_77-(.LCPI4_2+4))/2
	.short	(.LBB4_77-(.LCPI4_2+4))/2
	.short	(.LBB4_77-(.LCPI4_2+4))/2
	.short	(.LBB4_77-(.LCPI4_2+4))/2
	.short	(.LBB4_77-(.LCPI4_2+4))/2
	.short	(.LBB4_77-(.LCPI4_2+4))/2
	.short	(.LBB4_77-(.LCPI4_2+4))/2
	.short	(.LBB4_77-(.LCPI4_2+4))/2
	.short	(.LBB4_77-(.LCPI4_2+4))/2
	.short	(.LBB4_77-(.LCPI4_2+4))/2
	.short	(.LBB4_77-(.LCPI4_2+4))/2
	.short	(.LBB4_77-(.LCPI4_2+4))/2
	.short	(.LBB4_77-(.LCPI4_2+4))/2
	.short	(.LBB4_77-(.LCPI4_2+4))/2
	.short	(.LBB4_77-(.LCPI4_2+4))/2
	.short	(.LBB4_77-(.LCPI4_2+4))/2
	.short	(.LBB4_77-(.LCPI4_2+4))/2
	.short	(.LBB4_77-(.LCPI4_2+4))/2
	.short	(.LBB4_77-(.LCPI4_2+4))/2
	.short	(.LBB4_77-(.LCPI4_2+4))/2
	.short	(.LBB4_77-(.LCPI4_2+4))/2
	.short	(.LBB4_77-(.LCPI4_2+4))/2
	.short	(.LBB4_77-(.LCPI4_2+4))/2
	.short	(.LBB4_77-(.LCPI4_2+4))/2
	.short	(.LBB4_77-(.LCPI4_2+4))/2
	.short	(.LBB4_77-(.LCPI4_2+4))/2
	.short	(.LBB4_77-(.LCPI4_2+4))/2
	.short	(.LBB4_77-(.LCPI4_2+4))/2
	.short	(.LBB4_77-(.LCPI4_2+4))/2
	.short	(.LBB4_72-(.LCPI4_2+4))/2
	.short	(.LBB4_75-(.LCPI4_2+4))/2
	.short	(.LBB4_62-(.LCPI4_2+4))/2
	.short	(.LBB4_63-(.LCPI4_2+4))/2
	.short	(.LBB4_23-(.LCPI4_2+4))/2
	.short	(.LBB4_67-(.LCPI4_2+4))/2
	.short	(.LBB4_6-(.LCPI4_2+4))/2
	.short	(.LBB4_70-(.LCPI4_2+4))/2
	.short	(.LBB4_73-(.LCPI4_2+4))/2
	.short	(.LBB4_34-(.LCPI4_2+4))/2
	.short	(.LBB4_77-(.LCPI4_2+4))/2
	.short	(.LBB4_77-(.LCPI4_2+4))/2
	.short	(.LBB4_76-(.LCPI4_2+4))/2
	.short	(.LBB4_77-(.LCPI4_2+4))/2
	.short	(.LBB4_65-(.LCPI4_2+4))/2
	.short	(.LBB4_7-(.LCPI4_2+4))/2
	.short	(.LBB4_77-(.LCPI4_2+4))/2
	.short	(.LBB4_77-(.LCPI4_2+4))/2
	.short	(.LBB4_77-(.LCPI4_2+4))/2
	.short	(.LBB4_77-(.LCPI4_2+4))/2
	.short	(.LBB4_77-(.LCPI4_2+4))/2
	.short	(.LBB4_77-(.LCPI4_2+4))/2
	.short	(.LBB4_77-(.LCPI4_2+4))/2
	.short	(.LBB4_77-(.LCPI4_2+4))/2
	.short	(.LBB4_77-(.LCPI4_2+4))/2
	.short	(.LBB4_77-(.LCPI4_2+4))/2
	.short	(.LBB4_77-(.LCPI4_2+4))/2
	.short	(.LBB4_77-(.LCPI4_2+4))/2
	.short	(.LBB4_77-(.LCPI4_2+4))/2
	.short	(.LBB4_77-(.LCPI4_2+4))/2
	.short	(.LBB4_77-(.LCPI4_2+4))/2
	.short	(.LBB4_77-(.LCPI4_2+4))/2
	.short	(.LBB4_77-(.LCPI4_2+4))/2
	.short	(.LBB4_77-(.LCPI4_2+4))/2
	.short	(.LBB4_77-(.LCPI4_2+4))/2
	.short	(.LBB4_77-(.LCPI4_2+4))/2
	.short	(.LBB4_77-(.LCPI4_2+4))/2
	.short	(.LBB4_77-(.LCPI4_2+4))/2
	.short	(.LBB4_77-(.LCPI4_2+4))/2
	.short	(.LBB4_77-(.LCPI4_2+4))/2
	.short	(.LBB4_77-(.LCPI4_2+4))/2
	.short	(.LBB4_77-(.LCPI4_2+4))/2
	.short	(.LBB4_77-(.LCPI4_2+4))/2
	.short	(.LBB4_77-(.LCPI4_2+4))/2
	.short	(.LBB4_77-(.LCPI4_2+4))/2
	.short	(.LBB4_77-(.LCPI4_2+4))/2
	.short	(.LBB4_77-(.LCPI4_2+4))/2
	.short	(.LBB4_77-(.LCPI4_2+4))/2
	.short	(.LBB4_77-(.LCPI4_2+4))/2
	.short	(.LBB4_20-(.LCPI4_2+4))/2
	.p2align	1
.LBB4_4:
.Ltmp22:
	@DEBUG_VALUE: ETHOSU_PMU_Get_EVTYPER:val <- $r2
	@DEBUG_VALUE: ETHOSU_PMU_Get_EVTYPER:num <- [DW_OP_LLVM_entry_value 1] $r1
	@DEBUG_VALUE: ETHOSU_PMU_Get_EVTYPER:drv <- [DW_OP_LLVM_entry_value 1] $r0
	movs	r0, #1
.Ltmp23:
	@DEBUG_VALUE: ETHOSU_PMU_Get_EVTYPER:type <- $r0
	.loc	1 125 5 epilogue_begin is_stmt 1 @ ../../../../Library/StdDriver/src/npu/ethosu_pmu.c:125:5
	add	sp, #8
	pop	{r7, pc}
.Ltmp24:
.LBB4_5:
	@DEBUG_VALUE: ETHOSU_PMU_Get_EVTYPER:val <- $r2
	@DEBUG_VALUE: ETHOSU_PMU_Get_EVTYPER:num <- [DW_OP_LLVM_entry_value 1] $r1
	@DEBUG_VALUE: ETHOSU_PMU_Get_EVTYPER:drv <- [DW_OP_LLVM_entry_value 1] $r0
	.loc	1 0 5 is_stmt 0                 @ ../../../../Library/StdDriver/src/npu/ethosu_pmu.c:0:5
	movs	r0, #59
.Ltmp25:
	@DEBUG_VALUE: ETHOSU_PMU_Get_EVTYPER:type <- $r0
	.loc	1 125 5 epilogue_begin          @ ../../../../Library/StdDriver/src/npu/ethosu_pmu.c:125:5
	add	sp, #8
	pop	{r7, pc}
.Ltmp26:
.LBB4_6:
	@DEBUG_VALUE: ETHOSU_PMU_Get_EVTYPER:val <- $r2
	@DEBUG_VALUE: ETHOSU_PMU_Get_EVTYPER:num <- [DW_OP_LLVM_entry_value 1] $r1
	@DEBUG_VALUE: ETHOSU_PMU_Get_EVTYPER:drv <- [DW_OP_LLVM_entry_value 1] $r0
	.loc	1 0 5                           @ ../../../../Library/StdDriver/src/npu/ethosu_pmu.c:0:5
	movs	r0, #66
.Ltmp27:
	@DEBUG_VALUE: ETHOSU_PMU_Get_EVTYPER:type <- $r0
	.loc	1 125 5 epilogue_begin          @ ../../../../Library/StdDriver/src/npu/ethosu_pmu.c:125:5
	add	sp, #8
	pop	{r7, pc}
.Ltmp28:
.LBB4_7:
	@DEBUG_VALUE: ETHOSU_PMU_Get_EVTYPER:val <- $r2
	@DEBUG_VALUE: ETHOSU_PMU_Get_EVTYPER:num <- [DW_OP_LLVM_entry_value 1] $r1
	@DEBUG_VALUE: ETHOSU_PMU_Get_EVTYPER:drv <- [DW_OP_LLVM_entry_value 1] $r0
	.loc	1 0 5                           @ ../../../../Library/StdDriver/src/npu/ethosu_pmu.c:0:5
	movs	r0, #72
.Ltmp29:
	@DEBUG_VALUE: ETHOSU_PMU_Get_EVTYPER:type <- $r0
	.loc	1 125 5 epilogue_begin          @ ../../../../Library/StdDriver/src/npu/ethosu_pmu.c:125:5
	add	sp, #8
	pop	{r7, pc}
.Ltmp30:
.LBB4_8:
	@DEBUG_VALUE: ETHOSU_PMU_Get_EVTYPER:val <- $r2
	@DEBUG_VALUE: ETHOSU_PMU_Get_EVTYPER:num <- [DW_OP_LLVM_entry_value 1] $r1
	@DEBUG_VALUE: ETHOSU_PMU_Get_EVTYPER:drv <- [DW_OP_LLVM_entry_value 1] $r0
	.loc	1 0 5                           @ ../../../../Library/StdDriver/src/npu/ethosu_pmu.c:0:5
	movs	r0, #43
.Ltmp31:
	@DEBUG_VALUE: ETHOSU_PMU_Get_EVTYPER:type <- $r0
	.loc	1 125 5 epilogue_begin          @ ../../../../Library/StdDriver/src/npu/ethosu_pmu.c:125:5
	add	sp, #8
	pop	{r7, pc}
.Ltmp32:
.LBB4_9:
	@DEBUG_VALUE: ETHOSU_PMU_Get_EVTYPER:val <- $r2
	@DEBUG_VALUE: ETHOSU_PMU_Get_EVTYPER:num <- [DW_OP_LLVM_entry_value 1] $r1
	@DEBUG_VALUE: ETHOSU_PMU_Get_EVTYPER:drv <- [DW_OP_LLVM_entry_value 1] $r0
	.loc	1 0 5                           @ ../../../../Library/StdDriver/src/npu/ethosu_pmu.c:0:5
	movs	r0, #50
.Ltmp33:
	@DEBUG_VALUE: ETHOSU_PMU_Get_EVTYPER:type <- $r0
	.loc	1 125 5 epilogue_begin          @ ../../../../Library/StdDriver/src/npu/ethosu_pmu.c:125:5
	add	sp, #8
	pop	{r7, pc}
.Ltmp34:
.LBB4_10:
	@DEBUG_VALUE: ETHOSU_PMU_Get_EVTYPER:val <- $r2
	@DEBUG_VALUE: ETHOSU_PMU_Get_EVTYPER:num <- [DW_OP_LLVM_entry_value 1] $r1
	@DEBUG_VALUE: ETHOSU_PMU_Get_EVTYPER:drv <- [DW_OP_LLVM_entry_value 1] $r0
	.loc	1 0 5                           @ ../../../../Library/StdDriver/src/npu/ethosu_pmu.c:0:5
	movs	r0, #56
.Ltmp35:
	@DEBUG_VALUE: ETHOSU_PMU_Get_EVTYPER:type <- $r0
	.loc	1 125 5 epilogue_begin          @ ../../../../Library/StdDriver/src/npu/ethosu_pmu.c:125:5
	add	sp, #8
	pop	{r7, pc}
.Ltmp36:
.LBB4_11:
	@DEBUG_VALUE: ETHOSU_PMU_Get_EVTYPER:val <- $r2
	@DEBUG_VALUE: ETHOSU_PMU_Get_EVTYPER:num <- [DW_OP_LLVM_entry_value 1] $r1
	@DEBUG_VALUE: ETHOSU_PMU_Get_EVTYPER:drv <- [DW_OP_LLVM_entry_value 1] $r0
	.loc	1 0 5                           @ ../../../../Library/StdDriver/src/npu/ethosu_pmu.c:0:5
	movs	r0, #53
.Ltmp37:
	@DEBUG_VALUE: ETHOSU_PMU_Get_EVTYPER:type <- $r0
	.loc	1 125 5 epilogue_begin          @ ../../../../Library/StdDriver/src/npu/ethosu_pmu.c:125:5
	add	sp, #8
	pop	{r7, pc}
.Ltmp38:
.LBB4_12:
	@DEBUG_VALUE: ETHOSU_PMU_Get_EVTYPER:val <- $r2
	@DEBUG_VALUE: ETHOSU_PMU_Get_EVTYPER:num <- [DW_OP_LLVM_entry_value 1] $r1
	@DEBUG_VALUE: ETHOSU_PMU_Get_EVTYPER:drv <- [DW_OP_LLVM_entry_value 1] $r0
	.loc	1 0 5                           @ ../../../../Library/StdDriver/src/npu/ethosu_pmu.c:0:5
	movs	r0, #49
.Ltmp39:
	@DEBUG_VALUE: ETHOSU_PMU_Get_EVTYPER:type <- $r0
	.loc	1 125 5 epilogue_begin          @ ../../../../Library/StdDriver/src/npu/ethosu_pmu.c:125:5
	add	sp, #8
	pop	{r7, pc}
.Ltmp40:
.LBB4_13:
	@DEBUG_VALUE: ETHOSU_PMU_Get_EVTYPER:val <- $r2
	@DEBUG_VALUE: ETHOSU_PMU_Get_EVTYPER:num <- [DW_OP_LLVM_entry_value 1] $r1
	@DEBUG_VALUE: ETHOSU_PMU_Get_EVTYPER:drv <- [DW_OP_LLVM_entry_value 1] $r0
	.loc	1 0 5                           @ ../../../../Library/StdDriver/src/npu/ethosu_pmu.c:0:5
	movs	r0, #32
.Ltmp41:
	@DEBUG_VALUE: ETHOSU_PMU_Get_EVTYPER:type <- $r0
	.loc	1 125 5 epilogue_begin          @ ../../../../Library/StdDriver/src/npu/ethosu_pmu.c:125:5
	add	sp, #8
	pop	{r7, pc}
.Ltmp42:
.LBB4_14:
	@DEBUG_VALUE: ETHOSU_PMU_Get_EVTYPER:val <- $r2
	@DEBUG_VALUE: ETHOSU_PMU_Get_EVTYPER:num <- [DW_OP_LLVM_entry_value 1] $r1
	@DEBUG_VALUE: ETHOSU_PMU_Get_EVTYPER:drv <- [DW_OP_LLVM_entry_value 1] $r0
	.loc	1 0 5                           @ ../../../../Library/StdDriver/src/npu/ethosu_pmu.c:0:5
	movs	r0, #39
.Ltmp43:
	@DEBUG_VALUE: ETHOSU_PMU_Get_EVTYPER:type <- $r0
	.loc	1 125 5 epilogue_begin          @ ../../../../Library/StdDriver/src/npu/ethosu_pmu.c:125:5
	add	sp, #8
	pop	{r7, pc}
.Ltmp44:
.LBB4_15:
	@DEBUG_VALUE: ETHOSU_PMU_Get_EVTYPER:val <- $r2
	@DEBUG_VALUE: ETHOSU_PMU_Get_EVTYPER:num <- [DW_OP_LLVM_entry_value 1] $r1
	@DEBUG_VALUE: ETHOSU_PMU_Get_EVTYPER:drv <- [DW_OP_LLVM_entry_value 1] $r0
	.loc	1 0 5                           @ ../../../../Library/StdDriver/src/npu/ethosu_pmu.c:0:5
	movs	r0, #27
.Ltmp45:
	@DEBUG_VALUE: ETHOSU_PMU_Get_EVTYPER:type <- $r0
	.loc	1 125 5 epilogue_begin          @ ../../../../Library/StdDriver/src/npu/ethosu_pmu.c:125:5
	add	sp, #8
	pop	{r7, pc}
.Ltmp46:
.LBB4_16:
	@DEBUG_VALUE: ETHOSU_PMU_Get_EVTYPER:val <- $r2
	@DEBUG_VALUE: ETHOSU_PMU_Get_EVTYPER:num <- [DW_OP_LLVM_entry_value 1] $r1
	@DEBUG_VALUE: ETHOSU_PMU_Get_EVTYPER:drv <- [DW_OP_LLVM_entry_value 1] $r0
	.loc	1 0 5                           @ ../../../../Library/StdDriver/src/npu/ethosu_pmu.c:0:5
	movs	r0, #38
.Ltmp47:
	@DEBUG_VALUE: ETHOSU_PMU_Get_EVTYPER:type <- $r0
	.loc	1 125 5 epilogue_begin          @ ../../../../Library/StdDriver/src/npu/ethosu_pmu.c:125:5
	add	sp, #8
	pop	{r7, pc}
.Ltmp48:
.LBB4_17:
	@DEBUG_VALUE: ETHOSU_PMU_Get_EVTYPER:val <- $r2
	@DEBUG_VALUE: ETHOSU_PMU_Get_EVTYPER:num <- [DW_OP_LLVM_entry_value 1] $r1
	@DEBUG_VALUE: ETHOSU_PMU_Get_EVTYPER:drv <- [DW_OP_LLVM_entry_value 1] $r0
	.loc	1 0 5                           @ ../../../../Library/StdDriver/src/npu/ethosu_pmu.c:0:5
	movs	r0, #36
.Ltmp49:
	@DEBUG_VALUE: ETHOSU_PMU_Get_EVTYPER:type <- $r0
	.loc	1 125 5 epilogue_begin          @ ../../../../Library/StdDriver/src/npu/ethosu_pmu.c:125:5
	add	sp, #8
	pop	{r7, pc}
.Ltmp50:
.LBB4_18:
	@DEBUG_VALUE: ETHOSU_PMU_Get_EVTYPER:val <- $r2
	@DEBUG_VALUE: ETHOSU_PMU_Get_EVTYPER:num <- [DW_OP_LLVM_entry_value 1] $r1
	@DEBUG_VALUE: ETHOSU_PMU_Get_EVTYPER:drv <- [DW_OP_LLVM_entry_value 1] $r0
	.loc	1 0 5                           @ ../../../../Library/StdDriver/src/npu/ethosu_pmu.c:0:5
	movs	r0, #26
.Ltmp51:
	@DEBUG_VALUE: ETHOSU_PMU_Get_EVTYPER:type <- $r0
	.loc	1 125 5 epilogue_begin          @ ../../../../Library/StdDriver/src/npu/ethosu_pmu.c:125:5
	add	sp, #8
	pop	{r7, pc}
.Ltmp52:
.LBB4_19:
	@DEBUG_VALUE: ETHOSU_PMU_Get_EVTYPER:val <- $r2
	@DEBUG_VALUE: ETHOSU_PMU_Get_EVTYPER:num <- [DW_OP_LLVM_entry_value 1] $r1
	@DEBUG_VALUE: ETHOSU_PMU_Get_EVTYPER:drv <- [DW_OP_LLVM_entry_value 1] $r0
	.loc	1 0 5                           @ ../../../../Library/StdDriver/src/npu/ethosu_pmu.c:0:5
	movs	r0, #20
.Ltmp53:
	@DEBUG_VALUE: ETHOSU_PMU_Get_EVTYPER:type <- $r0
	.loc	1 125 5 epilogue_begin          @ ../../../../Library/StdDriver/src/npu/ethosu_pmu.c:125:5
	add	sp, #8
	pop	{r7, pc}
.Ltmp54:
.LBB4_20:
	@DEBUG_VALUE: ETHOSU_PMU_Get_EVTYPER:val <- $r2
	@DEBUG_VALUE: ETHOSU_PMU_Get_EVTYPER:num <- [DW_OP_LLVM_entry_value 1] $r1
	@DEBUG_VALUE: ETHOSU_PMU_Get_EVTYPER:drv <- [DW_OP_LLVM_entry_value 1] $r0
	.loc	1 0 5                           @ ../../../../Library/StdDriver/src/npu/ethosu_pmu.c:0:5
	movs	r0, #73
.Ltmp55:
	@DEBUG_VALUE: ETHOSU_PMU_Get_EVTYPER:type <- $r0
	.loc	1 125 5 epilogue_begin          @ ../../../../Library/StdDriver/src/npu/ethosu_pmu.c:125:5
	add	sp, #8
	pop	{r7, pc}
.Ltmp56:
.LBB4_21:
	@DEBUG_VALUE: ETHOSU_PMU_Get_EVTYPER:val <- $r2
	@DEBUG_VALUE: ETHOSU_PMU_Get_EVTYPER:num <- [DW_OP_LLVM_entry_value 1] $r1
	@DEBUG_VALUE: ETHOSU_PMU_Get_EVTYPER:drv <- [DW_OP_LLVM_entry_value 1] $r0
	.loc	1 0 5                           @ ../../../../Library/StdDriver/src/npu/ethosu_pmu.c:0:5
	movs	r0, #44
.Ltmp57:
	@DEBUG_VALUE: ETHOSU_PMU_Get_EVTYPER:type <- $r0
	.loc	1 125 5 epilogue_begin          @ ../../../../Library/StdDriver/src/npu/ethosu_pmu.c:125:5
	add	sp, #8
	pop	{r7, pc}
.Ltmp58:
.LBB4_22:
	@DEBUG_VALUE: ETHOSU_PMU_Get_EVTYPER:val <- $r2
	@DEBUG_VALUE: ETHOSU_PMU_Get_EVTYPER:num <- [DW_OP_LLVM_entry_value 1] $r1
	@DEBUG_VALUE: ETHOSU_PMU_Get_EVTYPER:drv <- [DW_OP_LLVM_entry_value 1] $r0
	.loc	1 0 5                           @ ../../../../Library/StdDriver/src/npu/ethosu_pmu.c:0:5
	movs	r0, #16
.Ltmp59:
	@DEBUG_VALUE: ETHOSU_PMU_Get_EVTYPER:type <- $r0
	.loc	1 125 5 epilogue_begin          @ ../../../../Library/StdDriver/src/npu/ethosu_pmu.c:125:5
	add	sp, #8
	pop	{r7, pc}
.Ltmp60:
.LBB4_23:
	@DEBUG_VALUE: ETHOSU_PMU_Get_EVTYPER:val <- $r2
	@DEBUG_VALUE: ETHOSU_PMU_Get_EVTYPER:num <- [DW_OP_LLVM_entry_value 1] $r1
	@DEBUG_VALUE: ETHOSU_PMU_Get_EVTYPER:drv <- [DW_OP_LLVM_entry_value 1] $r0
	.loc	1 0 5                           @ ../../../../Library/StdDriver/src/npu/ethosu_pmu.c:0:5
	movs	r0, #64
.Ltmp61:
	@DEBUG_VALUE: ETHOSU_PMU_Get_EVTYPER:type <- $r0
	.loc	1 125 5 epilogue_begin          @ ../../../../Library/StdDriver/src/npu/ethosu_pmu.c:125:5
	add	sp, #8
	pop	{r7, pc}
.Ltmp62:
.LBB4_24:
	@DEBUG_VALUE: ETHOSU_PMU_Get_EVTYPER:val <- $r2
	@DEBUG_VALUE: ETHOSU_PMU_Get_EVTYPER:num <- [DW_OP_LLVM_entry_value 1] $r1
	@DEBUG_VALUE: ETHOSU_PMU_Get_EVTYPER:drv <- [DW_OP_LLVM_entry_value 1] $r0
	.loc	1 0 5                           @ ../../../../Library/StdDriver/src/npu/ethosu_pmu.c:0:5
	movs	r0, #33
.Ltmp63:
	@DEBUG_VALUE: ETHOSU_PMU_Get_EVTYPER:type <- $r0
	.loc	1 125 5 epilogue_begin          @ ../../../../Library/StdDriver/src/npu/ethosu_pmu.c:125:5
	add	sp, #8
	pop	{r7, pc}
.Ltmp64:
.LBB4_25:
	@DEBUG_VALUE: ETHOSU_PMU_Get_EVTYPER:val <- $r2
	@DEBUG_VALUE: ETHOSU_PMU_Get_EVTYPER:num <- [DW_OP_LLVM_entry_value 1] $r1
	@DEBUG_VALUE: ETHOSU_PMU_Get_EVTYPER:drv <- [DW_OP_LLVM_entry_value 1] $r0
	.loc	1 0 5                           @ ../../../../Library/StdDriver/src/npu/ethosu_pmu.c:0:5
	movs	r0, #18
.Ltmp65:
	@DEBUG_VALUE: ETHOSU_PMU_Get_EVTYPER:type <- $r0
	.loc	1 125 5 epilogue_begin          @ ../../../../Library/StdDriver/src/npu/ethosu_pmu.c:125:5
	add	sp, #8
	pop	{r7, pc}
.Ltmp66:
.LBB4_26:
	@DEBUG_VALUE: ETHOSU_PMU_Get_EVTYPER:val <- $r2
	@DEBUG_VALUE: ETHOSU_PMU_Get_EVTYPER:num <- [DW_OP_LLVM_entry_value 1] $r1
	@DEBUG_VALUE: ETHOSU_PMU_Get_EVTYPER:drv <- [DW_OP_LLVM_entry_value 1] $r0
	.loc	1 0 5                           @ ../../../../Library/StdDriver/src/npu/ethosu_pmu.c:0:5
	movs	r0, #21
.Ltmp67:
	@DEBUG_VALUE: ETHOSU_PMU_Get_EVTYPER:type <- $r0
	.loc	1 125 5 epilogue_begin          @ ../../../../Library/StdDriver/src/npu/ethosu_pmu.c:125:5
	add	sp, #8
	pop	{r7, pc}
.Ltmp68:
.LBB4_27:
	@DEBUG_VALUE: ETHOSU_PMU_Get_EVTYPER:val <- $r2
	@DEBUG_VALUE: ETHOSU_PMU_Get_EVTYPER:num <- [DW_OP_LLVM_entry_value 1] $r1
	@DEBUG_VALUE: ETHOSU_PMU_Get_EVTYPER:drv <- [DW_OP_LLVM_entry_value 1] $r0
	.loc	1 0 5                           @ ../../../../Library/StdDriver/src/npu/ethosu_pmu.c:0:5
	movs	r0, #2
.Ltmp69:
	@DEBUG_VALUE: ETHOSU_PMU_Get_EVTYPER:type <- $r0
	.loc	1 125 5 epilogue_begin          @ ../../../../Library/StdDriver/src/npu/ethosu_pmu.c:125:5
	add	sp, #8
	pop	{r7, pc}
.Ltmp70:
.LBB4_28:
	@DEBUG_VALUE: ETHOSU_PMU_Get_EVTYPER:val <- $r2
	@DEBUG_VALUE: ETHOSU_PMU_Get_EVTYPER:num <- [DW_OP_LLVM_entry_value 1] $r1
	@DEBUG_VALUE: ETHOSU_PMU_Get_EVTYPER:drv <- [DW_OP_LLVM_entry_value 1] $r0
	.loc	1 0 5                           @ ../../../../Library/StdDriver/src/npu/ethosu_pmu.c:0:5
	movs	r0, #40
.Ltmp71:
	@DEBUG_VALUE: ETHOSU_PMU_Get_EVTYPER:type <- $r0
	.loc	1 125 5 epilogue_begin          @ ../../../../Library/StdDriver/src/npu/ethosu_pmu.c:125:5
	add	sp, #8
	pop	{r7, pc}
.Ltmp72:
.LBB4_29:
	@DEBUG_VALUE: ETHOSU_PMU_Get_EVTYPER:val <- $r2
	@DEBUG_VALUE: ETHOSU_PMU_Get_EVTYPER:num <- [DW_OP_LLVM_entry_value 1] $r1
	@DEBUG_VALUE: ETHOSU_PMU_Get_EVTYPER:drv <- [DW_OP_LLVM_entry_value 1] $r0
	.loc	1 0 5                           @ ../../../../Library/StdDriver/src/npu/ethosu_pmu.c:0:5
	movs	r0, #25
.Ltmp73:
	@DEBUG_VALUE: ETHOSU_PMU_Get_EVTYPER:type <- $r0
	.loc	1 125 5 epilogue_begin          @ ../../../../Library/StdDriver/src/npu/ethosu_pmu.c:125:5
	add	sp, #8
	pop	{r7, pc}
.Ltmp74:
.LBB4_30:
	@DEBUG_VALUE: ETHOSU_PMU_Get_EVTYPER:val <- $r2
	@DEBUG_VALUE: ETHOSU_PMU_Get_EVTYPER:num <- [DW_OP_LLVM_entry_value 1] $r1
	@DEBUG_VALUE: ETHOSU_PMU_Get_EVTYPER:drv <- [DW_OP_LLVM_entry_value 1] $r0
	.loc	1 0 5                           @ ../../../../Library/StdDriver/src/npu/ethosu_pmu.c:0:5
	movs	r0, #4
.Ltmp75:
	@DEBUG_VALUE: ETHOSU_PMU_Get_EVTYPER:type <- $r0
	.loc	1 125 5 epilogue_begin          @ ../../../../Library/StdDriver/src/npu/ethosu_pmu.c:125:5
	add	sp, #8
	pop	{r7, pc}
.Ltmp76:
.LBB4_31:
	@DEBUG_VALUE: ETHOSU_PMU_Get_EVTYPER:val <- $r2
	@DEBUG_VALUE: ETHOSU_PMU_Get_EVTYPER:num <- [DW_OP_LLVM_entry_value 1] $r1
	@DEBUG_VALUE: ETHOSU_PMU_Get_EVTYPER:drv <- [DW_OP_LLVM_entry_value 1] $r0
	.loc	1 0 5                           @ ../../../../Library/StdDriver/src/npu/ethosu_pmu.c:0:5
	movs	r0, #28
.Ltmp77:
	@DEBUG_VALUE: ETHOSU_PMU_Get_EVTYPER:type <- $r0
	.loc	1 125 5 epilogue_begin          @ ../../../../Library/StdDriver/src/npu/ethosu_pmu.c:125:5
	add	sp, #8
	pop	{r7, pc}
.Ltmp78:
.LBB4_32:
	@DEBUG_VALUE: ETHOSU_PMU_Get_EVTYPER:val <- $r2
	@DEBUG_VALUE: ETHOSU_PMU_Get_EVTYPER:num <- [DW_OP_LLVM_entry_value 1] $r1
	@DEBUG_VALUE: ETHOSU_PMU_Get_EVTYPER:drv <- [DW_OP_LLVM_entry_value 1] $r0
	.loc	1 0 5                           @ ../../../../Library/StdDriver/src/npu/ethosu_pmu.c:0:5
	movs	r0, #23
.Ltmp79:
	@DEBUG_VALUE: ETHOSU_PMU_Get_EVTYPER:type <- $r0
	.loc	1 125 5 epilogue_begin          @ ../../../../Library/StdDriver/src/npu/ethosu_pmu.c:125:5
	add	sp, #8
	pop	{r7, pc}
.Ltmp80:
.LBB4_33:
	@DEBUG_VALUE: ETHOSU_PMU_Get_EVTYPER:val <- $r2
	@DEBUG_VALUE: ETHOSU_PMU_Get_EVTYPER:num <- [DW_OP_LLVM_entry_value 1] $r1
	@DEBUG_VALUE: ETHOSU_PMU_Get_EVTYPER:drv <- [DW_OP_LLVM_entry_value 1] $r0
	.loc	1 0 5                           @ ../../../../Library/StdDriver/src/npu/ethosu_pmu.c:0:5
	movs	r0, #9
.Ltmp81:
	@DEBUG_VALUE: ETHOSU_PMU_Get_EVTYPER:type <- $r0
	.loc	1 125 5 epilogue_begin          @ ../../../../Library/StdDriver/src/npu/ethosu_pmu.c:125:5
	add	sp, #8
	pop	{r7, pc}
.Ltmp82:
.LBB4_34:
	@DEBUG_VALUE: ETHOSU_PMU_Get_EVTYPER:val <- $r2
	@DEBUG_VALUE: ETHOSU_PMU_Get_EVTYPER:num <- [DW_OP_LLVM_entry_value 1] $r1
	@DEBUG_VALUE: ETHOSU_PMU_Get_EVTYPER:drv <- [DW_OP_LLVM_entry_value 1] $r0
	.loc	1 0 5                           @ ../../../../Library/StdDriver/src/npu/ethosu_pmu.c:0:5
	movs	r0, #69
.Ltmp83:
	@DEBUG_VALUE: ETHOSU_PMU_Get_EVTYPER:type <- $r0
	.loc	1 125 5 epilogue_begin          @ ../../../../Library/StdDriver/src/npu/ethosu_pmu.c:125:5
	add	sp, #8
	pop	{r7, pc}
.Ltmp84:
.LBB4_35:
	@DEBUG_VALUE: ETHOSU_PMU_Get_EVTYPER:val <- $r2
	@DEBUG_VALUE: ETHOSU_PMU_Get_EVTYPER:num <- [DW_OP_LLVM_entry_value 1] $r1
	@DEBUG_VALUE: ETHOSU_PMU_Get_EVTYPER:drv <- [DW_OP_LLVM_entry_value 1] $r0
	.loc	1 0 5                           @ ../../../../Library/StdDriver/src/npu/ethosu_pmu.c:0:5
	movs	r0, #13
.Ltmp85:
	@DEBUG_VALUE: ETHOSU_PMU_Get_EVTYPER:type <- $r0
	.loc	1 125 5 epilogue_begin          @ ../../../../Library/StdDriver/src/npu/ethosu_pmu.c:125:5
	add	sp, #8
	pop	{r7, pc}
.Ltmp86:
.LBB4_36:
	@DEBUG_VALUE: ETHOSU_PMU_Get_EVTYPER:val <- $r2
	@DEBUG_VALUE: ETHOSU_PMU_Get_EVTYPER:num <- [DW_OP_LLVM_entry_value 1] $r1
	@DEBUG_VALUE: ETHOSU_PMU_Get_EVTYPER:drv <- [DW_OP_LLVM_entry_value 1] $r0
	.loc	1 0 5                           @ ../../../../Library/StdDriver/src/npu/ethosu_pmu.c:0:5
	movs	r0, #3
.Ltmp87:
	@DEBUG_VALUE: ETHOSU_PMU_Get_EVTYPER:type <- $r0
	.loc	1 125 5 epilogue_begin          @ ../../../../Library/StdDriver/src/npu/ethosu_pmu.c:125:5
	add	sp, #8
	pop	{r7, pc}
.Ltmp88:
.LBB4_37:
	@DEBUG_VALUE: ETHOSU_PMU_Get_EVTYPER:val <- $r2
	@DEBUG_VALUE: ETHOSU_PMU_Get_EVTYPER:num <- [DW_OP_LLVM_entry_value 1] $r1
	@DEBUG_VALUE: ETHOSU_PMU_Get_EVTYPER:drv <- [DW_OP_LLVM_entry_value 1] $r0
	.loc	1 0 5                           @ ../../../../Library/StdDriver/src/npu/ethosu_pmu.c:0:5
	movs	r0, #29
.Ltmp89:
	@DEBUG_VALUE: ETHOSU_PMU_Get_EVTYPER:type <- $r0
	.loc	1 125 5 epilogue_begin          @ ../../../../Library/StdDriver/src/npu/ethosu_pmu.c:125:5
	add	sp, #8
	pop	{r7, pc}
.Ltmp90:
.LBB4_38:
	@DEBUG_VALUE: ETHOSU_PMU_Get_EVTYPER:val <- $r2
	@DEBUG_VALUE: ETHOSU_PMU_Get_EVTYPER:num <- [DW_OP_LLVM_entry_value 1] $r1
	@DEBUG_VALUE: ETHOSU_PMU_Get_EVTYPER:drv <- [DW_OP_LLVM_entry_value 1] $r0
	.loc	1 0 5                           @ ../../../../Library/StdDriver/src/npu/ethosu_pmu.c:0:5
	movs	r0, #31
.Ltmp91:
	@DEBUG_VALUE: ETHOSU_PMU_Get_EVTYPER:type <- $r0
	.loc	1 125 5 epilogue_begin          @ ../../../../Library/StdDriver/src/npu/ethosu_pmu.c:125:5
	add	sp, #8
	pop	{r7, pc}
.Ltmp92:
.LBB4_39:
	@DEBUG_VALUE: ETHOSU_PMU_Get_EVTYPER:val <- $r2
	@DEBUG_VALUE: ETHOSU_PMU_Get_EVTYPER:num <- [DW_OP_LLVM_entry_value 1] $r1
	@DEBUG_VALUE: ETHOSU_PMU_Get_EVTYPER:drv <- [DW_OP_LLVM_entry_value 1] $r0
	.loc	1 0 5                           @ ../../../../Library/StdDriver/src/npu/ethosu_pmu.c:0:5
	movs	r0, #7
.Ltmp93:
	@DEBUG_VALUE: ETHOSU_PMU_Get_EVTYPER:type <- $r0
	.loc	1 125 5 epilogue_begin          @ ../../../../Library/StdDriver/src/npu/ethosu_pmu.c:125:5
	add	sp, #8
	pop	{r7, pc}
.Ltmp94:
.LBB4_40:
	@DEBUG_VALUE: ETHOSU_PMU_Get_EVTYPER:val <- $r2
	@DEBUG_VALUE: ETHOSU_PMU_Get_EVTYPER:num <- [DW_OP_LLVM_entry_value 1] $r1
	@DEBUG_VALUE: ETHOSU_PMU_Get_EVTYPER:drv <- [DW_OP_LLVM_entry_value 1] $r0
	.loc	1 0 5                           @ ../../../../Library/StdDriver/src/npu/ethosu_pmu.c:0:5
	movs	r0, #10
.Ltmp95:
	@DEBUG_VALUE: ETHOSU_PMU_Get_EVTYPER:type <- $r0
	.loc	1 125 5 epilogue_begin          @ ../../../../Library/StdDriver/src/npu/ethosu_pmu.c:125:5
	add	sp, #8
	pop	{r7, pc}
.Ltmp96:
.LBB4_41:
	@DEBUG_VALUE: ETHOSU_PMU_Get_EVTYPER:val <- $r2
	@DEBUG_VALUE: ETHOSU_PMU_Get_EVTYPER:num <- [DW_OP_LLVM_entry_value 1] $r1
	@DEBUG_VALUE: ETHOSU_PMU_Get_EVTYPER:drv <- [DW_OP_LLVM_entry_value 1] $r0
	.loc	1 0 5                           @ ../../../../Library/StdDriver/src/npu/ethosu_pmu.c:0:5
	movs	r0, #41
.Ltmp97:
	@DEBUG_VALUE: ETHOSU_PMU_Get_EVTYPER:type <- $r0
	.loc	1 125 5 epilogue_begin          @ ../../../../Library/StdDriver/src/npu/ethosu_pmu.c:125:5
	add	sp, #8
	pop	{r7, pc}
.Ltmp98:
.LBB4_42:
	@DEBUG_VALUE: ETHOSU_PMU_Get_EVTYPER:val <- $r2
	@DEBUG_VALUE: ETHOSU_PMU_Get_EVTYPER:num <- [DW_OP_LLVM_entry_value 1] $r1
	@DEBUG_VALUE: ETHOSU_PMU_Get_EVTYPER:drv <- [DW_OP_LLVM_entry_value 1] $r0
	.loc	1 0 5                           @ ../../../../Library/StdDriver/src/npu/ethosu_pmu.c:0:5
	movs	r0, #22
.Ltmp99:
	@DEBUG_VALUE: ETHOSU_PMU_Get_EVTYPER:type <- $r0
	.loc	1 125 5 epilogue_begin          @ ../../../../Library/StdDriver/src/npu/ethosu_pmu.c:125:5
	add	sp, #8
	pop	{r7, pc}
.Ltmp100:
.LBB4_43:
	@DEBUG_VALUE: ETHOSU_PMU_Get_EVTYPER:val <- $r2
	@DEBUG_VALUE: ETHOSU_PMU_Get_EVTYPER:num <- [DW_OP_LLVM_entry_value 1] $r1
	@DEBUG_VALUE: ETHOSU_PMU_Get_EVTYPER:drv <- [DW_OP_LLVM_entry_value 1] $r0
	.loc	1 0 5                           @ ../../../../Library/StdDriver/src/npu/ethosu_pmu.c:0:5
	movs	r0, #8
.Ltmp101:
	@DEBUG_VALUE: ETHOSU_PMU_Get_EVTYPER:type <- $r0
	.loc	1 125 5 epilogue_begin          @ ../../../../Library/StdDriver/src/npu/ethosu_pmu.c:125:5
	add	sp, #8
	pop	{r7, pc}
.Ltmp102:
.LBB4_44:
	@DEBUG_VALUE: ETHOSU_PMU_Get_EVTYPER:val <- $r2
	@DEBUG_VALUE: ETHOSU_PMU_Get_EVTYPER:num <- [DW_OP_LLVM_entry_value 1] $r1
	@DEBUG_VALUE: ETHOSU_PMU_Get_EVTYPER:drv <- [DW_OP_LLVM_entry_value 1] $r0
	.loc	1 0 5                           @ ../../../../Library/StdDriver/src/npu/ethosu_pmu.c:0:5
	movs	r0, #45
.Ltmp103:
	@DEBUG_VALUE: ETHOSU_PMU_Get_EVTYPER:type <- $r0
	.loc	1 125 5 epilogue_begin          @ ../../../../Library/StdDriver/src/npu/ethosu_pmu.c:125:5
	add	sp, #8
	pop	{r7, pc}
.Ltmp104:
.LBB4_45:
	@DEBUG_VALUE: ETHOSU_PMU_Get_EVTYPER:val <- $r2
	@DEBUG_VALUE: ETHOSU_PMU_Get_EVTYPER:num <- [DW_OP_LLVM_entry_value 1] $r1
	@DEBUG_VALUE: ETHOSU_PMU_Get_EVTYPER:drv <- [DW_OP_LLVM_entry_value 1] $r0
	.loc	1 0 5                           @ ../../../../Library/StdDriver/src/npu/ethosu_pmu.c:0:5
	movs	r0, #5
.Ltmp105:
	@DEBUG_VALUE: ETHOSU_PMU_Get_EVTYPER:type <- $r0
	.loc	1 125 5 epilogue_begin          @ ../../../../Library/StdDriver/src/npu/ethosu_pmu.c:125:5
	add	sp, #8
	pop	{r7, pc}
.Ltmp106:
.LBB4_46:
	@DEBUG_VALUE: ETHOSU_PMU_Get_EVTYPER:val <- $r2
	@DEBUG_VALUE: ETHOSU_PMU_Get_EVTYPER:num <- [DW_OP_LLVM_entry_value 1] $r1
	@DEBUG_VALUE: ETHOSU_PMU_Get_EVTYPER:drv <- [DW_OP_LLVM_entry_value 1] $r0
	.loc	1 0 5                           @ ../../../../Library/StdDriver/src/npu/ethosu_pmu.c:0:5
	movs	r0, #48
.Ltmp107:
	@DEBUG_VALUE: ETHOSU_PMU_Get_EVTYPER:type <- $r0
	.loc	1 125 5 epilogue_begin          @ ../../../../Library/StdDriver/src/npu/ethosu_pmu.c:125:5
	add	sp, #8
	pop	{r7, pc}
.Ltmp108:
.LBB4_47:
	@DEBUG_VALUE: ETHOSU_PMU_Get_EVTYPER:val <- $r2
	@DEBUG_VALUE: ETHOSU_PMU_Get_EVTYPER:num <- [DW_OP_LLVM_entry_value 1] $r1
	@DEBUG_VALUE: ETHOSU_PMU_Get_EVTYPER:drv <- [DW_OP_LLVM_entry_value 1] $r0
	.loc	1 0 5                           @ ../../../../Library/StdDriver/src/npu/ethosu_pmu.c:0:5
	movs	r0, #6
.Ltmp109:
	@DEBUG_VALUE: ETHOSU_PMU_Get_EVTYPER:type <- $r0
	.loc	1 125 5 epilogue_begin          @ ../../../../Library/StdDriver/src/npu/ethosu_pmu.c:125:5
	add	sp, #8
	pop	{r7, pc}
.Ltmp110:
.LBB4_48:
	@DEBUG_VALUE: ETHOSU_PMU_Get_EVTYPER:val <- $r2
	@DEBUG_VALUE: ETHOSU_PMU_Get_EVTYPER:num <- [DW_OP_LLVM_entry_value 1] $r1
	@DEBUG_VALUE: ETHOSU_PMU_Get_EVTYPER:drv <- [DW_OP_LLVM_entry_value 1] $r0
	.loc	1 0 5                           @ ../../../../Library/StdDriver/src/npu/ethosu_pmu.c:0:5
	movs	r0, #19
.Ltmp111:
	@DEBUG_VALUE: ETHOSU_PMU_Get_EVTYPER:type <- $r0
	.loc	1 125 5 epilogue_begin          @ ../../../../Library/StdDriver/src/npu/ethosu_pmu.c:125:5
	add	sp, #8
	pop	{r7, pc}
.Ltmp112:
.LBB4_49:
	@DEBUG_VALUE: ETHOSU_PMU_Get_EVTYPER:val <- $r2
	@DEBUG_VALUE: ETHOSU_PMU_Get_EVTYPER:num <- [DW_OP_LLVM_entry_value 1] $r1
	@DEBUG_VALUE: ETHOSU_PMU_Get_EVTYPER:drv <- [DW_OP_LLVM_entry_value 1] $r0
	.loc	1 0 5                           @ ../../../../Library/StdDriver/src/npu/ethosu_pmu.c:0:5
	movs	r0, #46
.Ltmp113:
	@DEBUG_VALUE: ETHOSU_PMU_Get_EVTYPER:type <- $r0
	.loc	1 125 5 epilogue_begin          @ ../../../../Library/StdDriver/src/npu/ethosu_pmu.c:125:5
	add	sp, #8
	pop	{r7, pc}
.Ltmp114:
.LBB4_50:
	@DEBUG_VALUE: ETHOSU_PMU_Get_EVTYPER:val <- $r2
	@DEBUG_VALUE: ETHOSU_PMU_Get_EVTYPER:num <- [DW_OP_LLVM_entry_value 1] $r1
	@DEBUG_VALUE: ETHOSU_PMU_Get_EVTYPER:drv <- [DW_OP_LLVM_entry_value 1] $r0
	.loc	1 0 5                           @ ../../../../Library/StdDriver/src/npu/ethosu_pmu.c:0:5
	movs	r0, #37
.Ltmp115:
	@DEBUG_VALUE: ETHOSU_PMU_Get_EVTYPER:type <- $r0
	.loc	1 125 5 epilogue_begin          @ ../../../../Library/StdDriver/src/npu/ethosu_pmu.c:125:5
	add	sp, #8
	pop	{r7, pc}
.Ltmp116:
.LBB4_51:
	@DEBUG_VALUE: ETHOSU_PMU_Get_EVTYPER:val <- $r2
	@DEBUG_VALUE: ETHOSU_PMU_Get_EVTYPER:num <- [DW_OP_LLVM_entry_value 1] $r1
	@DEBUG_VALUE: ETHOSU_PMU_Get_EVTYPER:drv <- [DW_OP_LLVM_entry_value 1] $r0
	.loc	1 0 5                           @ ../../../../Library/StdDriver/src/npu/ethosu_pmu.c:0:5
	movs	r0, #12
.Ltmp117:
	@DEBUG_VALUE: ETHOSU_PMU_Get_EVTYPER:type <- $r0
	.loc	1 125 5 epilogue_begin          @ ../../../../Library/StdDriver/src/npu/ethosu_pmu.c:125:5
	add	sp, #8
	pop	{r7, pc}
.Ltmp118:
.LBB4_52:
	@DEBUG_VALUE: ETHOSU_PMU_Get_EVTYPER:val <- $r2
	@DEBUG_VALUE: ETHOSU_PMU_Get_EVTYPER:num <- [DW_OP_LLVM_entry_value 1] $r1
	@DEBUG_VALUE: ETHOSU_PMU_Get_EVTYPER:drv <- [DW_OP_LLVM_entry_value 1] $r0
	.loc	1 0 5                           @ ../../../../Library/StdDriver/src/npu/ethosu_pmu.c:0:5
	movs	r0, #54
.Ltmp119:
	@DEBUG_VALUE: ETHOSU_PMU_Get_EVTYPER:type <- $r0
	.loc	1 125 5 epilogue_begin          @ ../../../../Library/StdDriver/src/npu/ethosu_pmu.c:125:5
	add	sp, #8
	pop	{r7, pc}
.Ltmp120:
.LBB4_53:
	@DEBUG_VALUE: ETHOSU_PMU_Get_EVTYPER:val <- $r2
	@DEBUG_VALUE: ETHOSU_PMU_Get_EVTYPER:num <- [DW_OP_LLVM_entry_value 1] $r1
	@DEBUG_VALUE: ETHOSU_PMU_Get_EVTYPER:drv <- [DW_OP_LLVM_entry_value 1] $r0
	.loc	1 0 5                           @ ../../../../Library/StdDriver/src/npu/ethosu_pmu.c:0:5
	movs	r0, #24
.Ltmp121:
	@DEBUG_VALUE: ETHOSU_PMU_Get_EVTYPER:type <- $r0
	.loc	1 125 5 epilogue_begin          @ ../../../../Library/StdDriver/src/npu/ethosu_pmu.c:125:5
	add	sp, #8
	pop	{r7, pc}
.Ltmp122:
.LBB4_54:
	@DEBUG_VALUE: ETHOSU_PMU_Get_EVTYPER:val <- $r2
	@DEBUG_VALUE: ETHOSU_PMU_Get_EVTYPER:num <- [DW_OP_LLVM_entry_value 1] $r1
	@DEBUG_VALUE: ETHOSU_PMU_Get_EVTYPER:drv <- [DW_OP_LLVM_entry_value 1] $r0
	.loc	1 0 5                           @ ../../../../Library/StdDriver/src/npu/ethosu_pmu.c:0:5
	movs	r0, #30
.Ltmp123:
	@DEBUG_VALUE: ETHOSU_PMU_Get_EVTYPER:type <- $r0
	.loc	1 125 5 epilogue_begin          @ ../../../../Library/StdDriver/src/npu/ethosu_pmu.c:125:5
	add	sp, #8
	pop	{r7, pc}
.Ltmp124:
.LBB4_55:
	@DEBUG_VALUE: ETHOSU_PMU_Get_EVTYPER:val <- $r2
	@DEBUG_VALUE: ETHOSU_PMU_Get_EVTYPER:num <- [DW_OP_LLVM_entry_value 1] $r1
	@DEBUG_VALUE: ETHOSU_PMU_Get_EVTYPER:drv <- [DW_OP_LLVM_entry_value 1] $r0
	.loc	1 0 5                           @ ../../../../Library/StdDriver/src/npu/ethosu_pmu.c:0:5
	movs	r0, #11
.Ltmp125:
	@DEBUG_VALUE: ETHOSU_PMU_Get_EVTYPER:type <- $r0
	.loc	1 125 5 epilogue_begin          @ ../../../../Library/StdDriver/src/npu/ethosu_pmu.c:125:5
	add	sp, #8
	pop	{r7, pc}
.Ltmp126:
.LBB4_56:
	@DEBUG_VALUE: ETHOSU_PMU_Get_EVTYPER:val <- $r2
	@DEBUG_VALUE: ETHOSU_PMU_Get_EVTYPER:num <- [DW_OP_LLVM_entry_value 1] $r1
	@DEBUG_VALUE: ETHOSU_PMU_Get_EVTYPER:drv <- [DW_OP_LLVM_entry_value 1] $r0
	.loc	1 0 5                           @ ../../../../Library/StdDriver/src/npu/ethosu_pmu.c:0:5
	movs	r0, #34
.Ltmp127:
	@DEBUG_VALUE: ETHOSU_PMU_Get_EVTYPER:type <- $r0
	.loc	1 125 5 epilogue_begin          @ ../../../../Library/StdDriver/src/npu/ethosu_pmu.c:125:5
	add	sp, #8
	pop	{r7, pc}
.Ltmp128:
.LBB4_57:
	@DEBUG_VALUE: ETHOSU_PMU_Get_EVTYPER:val <- $r2
	@DEBUG_VALUE: ETHOSU_PMU_Get_EVTYPER:num <- [DW_OP_LLVM_entry_value 1] $r1
	@DEBUG_VALUE: ETHOSU_PMU_Get_EVTYPER:drv <- [DW_OP_LLVM_entry_value 1] $r0
	.loc	1 0 5                           @ ../../../../Library/StdDriver/src/npu/ethosu_pmu.c:0:5
	movs	r0, #14
.Ltmp129:
	@DEBUG_VALUE: ETHOSU_PMU_Get_EVTYPER:type <- $r0
	.loc	1 125 5 epilogue_begin          @ ../../../../Library/StdDriver/src/npu/ethosu_pmu.c:125:5
	add	sp, #8
	pop	{r7, pc}
.Ltmp130:
.LBB4_58:
	@DEBUG_VALUE: ETHOSU_PMU_Get_EVTYPER:val <- $r2
	@DEBUG_VALUE: ETHOSU_PMU_Get_EVTYPER:num <- [DW_OP_LLVM_entry_value 1] $r1
	@DEBUG_VALUE: ETHOSU_PMU_Get_EVTYPER:drv <- [DW_OP_LLVM_entry_value 1] $r0
	.loc	1 0 5                           @ ../../../../Library/StdDriver/src/npu/ethosu_pmu.c:0:5
	movs	r0, #15
.Ltmp131:
	@DEBUG_VALUE: ETHOSU_PMU_Get_EVTYPER:type <- $r0
	.loc	1 125 5 epilogue_begin          @ ../../../../Library/StdDriver/src/npu/ethosu_pmu.c:125:5
	add	sp, #8
	pop	{r7, pc}
.Ltmp132:
.LBB4_59:
	@DEBUG_VALUE: ETHOSU_PMU_Get_EVTYPER:val <- $r2
	@DEBUG_VALUE: ETHOSU_PMU_Get_EVTYPER:num <- [DW_OP_LLVM_entry_value 1] $r1
	@DEBUG_VALUE: ETHOSU_PMU_Get_EVTYPER:drv <- [DW_OP_LLVM_entry_value 1] $r0
	.loc	1 0 5                           @ ../../../../Library/StdDriver/src/npu/ethosu_pmu.c:0:5
	movs	r0, #55
.Ltmp133:
	@DEBUG_VALUE: ETHOSU_PMU_Get_EVTYPER:type <- $r0
	.loc	1 125 5 epilogue_begin          @ ../../../../Library/StdDriver/src/npu/ethosu_pmu.c:125:5
	add	sp, #8
	pop	{r7, pc}
.Ltmp134:
.LBB4_60:
	@DEBUG_VALUE: ETHOSU_PMU_Get_EVTYPER:val <- $r2
	@DEBUG_VALUE: ETHOSU_PMU_Get_EVTYPER:num <- [DW_OP_LLVM_entry_value 1] $r1
	@DEBUG_VALUE: ETHOSU_PMU_Get_EVTYPER:drv <- [DW_OP_LLVM_entry_value 1] $r0
	.loc	1 0 5                           @ ../../../../Library/StdDriver/src/npu/ethosu_pmu.c:0:5
	movs	r0, #42
.Ltmp135:
	@DEBUG_VALUE: ETHOSU_PMU_Get_EVTYPER:type <- $r0
	.loc	1 125 5 epilogue_begin          @ ../../../../Library/StdDriver/src/npu/ethosu_pmu.c:125:5
	add	sp, #8
	pop	{r7, pc}
.Ltmp136:
.LBB4_61:
	@DEBUG_VALUE: ETHOSU_PMU_Get_EVTYPER:val <- $r2
	@DEBUG_VALUE: ETHOSU_PMU_Get_EVTYPER:num <- [DW_OP_LLVM_entry_value 1] $r1
	@DEBUG_VALUE: ETHOSU_PMU_Get_EVTYPER:drv <- [DW_OP_LLVM_entry_value 1] $r0
	.loc	1 0 5                           @ ../../../../Library/StdDriver/src/npu/ethosu_pmu.c:0:5
	movs	r0, #17
.Ltmp137:
	@DEBUG_VALUE: ETHOSU_PMU_Get_EVTYPER:type <- $r0
	.loc	1 125 5 epilogue_begin          @ ../../../../Library/StdDriver/src/npu/ethosu_pmu.c:125:5
	add	sp, #8
	pop	{r7, pc}
.Ltmp138:
.LBB4_62:
	@DEBUG_VALUE: ETHOSU_PMU_Get_EVTYPER:val <- $r2
	@DEBUG_VALUE: ETHOSU_PMU_Get_EVTYPER:num <- [DW_OP_LLVM_entry_value 1] $r1
	@DEBUG_VALUE: ETHOSU_PMU_Get_EVTYPER:drv <- [DW_OP_LLVM_entry_value 1] $r0
	.loc	1 0 5                           @ ../../../../Library/StdDriver/src/npu/ethosu_pmu.c:0:5
	movs	r0, #62
.Ltmp139:
	@DEBUG_VALUE: ETHOSU_PMU_Get_EVTYPER:type <- $r0
	.loc	1 125 5 epilogue_begin          @ ../../../../Library/StdDriver/src/npu/ethosu_pmu.c:125:5
	add	sp, #8
	pop	{r7, pc}
.Ltmp140:
.LBB4_63:
	@DEBUG_VALUE: ETHOSU_PMU_Get_EVTYPER:val <- $r2
	@DEBUG_VALUE: ETHOSU_PMU_Get_EVTYPER:num <- [DW_OP_LLVM_entry_value 1] $r1
	@DEBUG_VALUE: ETHOSU_PMU_Get_EVTYPER:drv <- [DW_OP_LLVM_entry_value 1] $r0
	.loc	1 0 5                           @ ../../../../Library/StdDriver/src/npu/ethosu_pmu.c:0:5
	movs	r0, #63
.Ltmp141:
	@DEBUG_VALUE: ETHOSU_PMU_Get_EVTYPER:type <- $r0
	.loc	1 125 5 epilogue_begin          @ ../../../../Library/StdDriver/src/npu/ethosu_pmu.c:125:5
	add	sp, #8
	pop	{r7, pc}
.Ltmp142:
.LBB4_64:
	@DEBUG_VALUE: ETHOSU_PMU_Get_EVTYPER:val <- $r2
	@DEBUG_VALUE: ETHOSU_PMU_Get_EVTYPER:num <- [DW_OP_LLVM_entry_value 1] $r1
	@DEBUG_VALUE: ETHOSU_PMU_Get_EVTYPER:drv <- [DW_OP_LLVM_entry_value 1] $r0
	.loc	1 0 5                           @ ../../../../Library/StdDriver/src/npu/ethosu_pmu.c:0:5
	movs	r0, #58
.Ltmp143:
	@DEBUG_VALUE: ETHOSU_PMU_Get_EVTYPER:type <- $r0
	.loc	1 125 5 epilogue_begin          @ ../../../../Library/StdDriver/src/npu/ethosu_pmu.c:125:5
	add	sp, #8
	pop	{r7, pc}
.Ltmp144:
.LBB4_65:
	@DEBUG_VALUE: ETHOSU_PMU_Get_EVTYPER:val <- $r2
	@DEBUG_VALUE: ETHOSU_PMU_Get_EVTYPER:num <- [DW_OP_LLVM_entry_value 1] $r1
	@DEBUG_VALUE: ETHOSU_PMU_Get_EVTYPER:drv <- [DW_OP_LLVM_entry_value 1] $r0
	.loc	1 0 5                           @ ../../../../Library/StdDriver/src/npu/ethosu_pmu.c:0:5
	movs	r0, #71
.Ltmp145:
	@DEBUG_VALUE: ETHOSU_PMU_Get_EVTYPER:type <- $r0
	.loc	1 125 5 epilogue_begin          @ ../../../../Library/StdDriver/src/npu/ethosu_pmu.c:125:5
	add	sp, #8
	pop	{r7, pc}
.Ltmp146:
.LBB4_66:
	@DEBUG_VALUE: ETHOSU_PMU_Get_EVTYPER:val <- $r2
	@DEBUG_VALUE: ETHOSU_PMU_Get_EVTYPER:num <- [DW_OP_LLVM_entry_value 1] $r1
	@DEBUG_VALUE: ETHOSU_PMU_Get_EVTYPER:drv <- [DW_OP_LLVM_entry_value 1] $r0
	.loc	1 0 5                           @ ../../../../Library/StdDriver/src/npu/ethosu_pmu.c:0:5
	movs	r0, #57
.Ltmp147:
	@DEBUG_VALUE: ETHOSU_PMU_Get_EVTYPER:type <- $r0
	.loc	1 125 5 epilogue_begin          @ ../../../../Library/StdDriver/src/npu/ethosu_pmu.c:125:5
	add	sp, #8
	pop	{r7, pc}
.Ltmp148:
.LBB4_67:
	@DEBUG_VALUE: ETHOSU_PMU_Get_EVTYPER:val <- $r2
	@DEBUG_VALUE: ETHOSU_PMU_Get_EVTYPER:num <- [DW_OP_LLVM_entry_value 1] $r1
	@DEBUG_VALUE: ETHOSU_PMU_Get_EVTYPER:drv <- [DW_OP_LLVM_entry_value 1] $r0
	.loc	1 0 5                           @ ../../../../Library/StdDriver/src/npu/ethosu_pmu.c:0:5
	movs	r0, #65
.Ltmp149:
	@DEBUG_VALUE: ETHOSU_PMU_Get_EVTYPER:type <- $r0
	.loc	1 125 5 epilogue_begin          @ ../../../../Library/StdDriver/src/npu/ethosu_pmu.c:125:5
	add	sp, #8
	pop	{r7, pc}
.Ltmp150:
.LBB4_68:
	@DEBUG_VALUE: ETHOSU_PMU_Get_EVTYPER:val <- $r2
	@DEBUG_VALUE: ETHOSU_PMU_Get_EVTYPER:num <- [DW_OP_LLVM_entry_value 1] $r1
	@DEBUG_VALUE: ETHOSU_PMU_Get_EVTYPER:drv <- [DW_OP_LLVM_entry_value 1] $r0
	.loc	1 0 5                           @ ../../../../Library/StdDriver/src/npu/ethosu_pmu.c:0:5
	movs	r0, #52
.Ltmp151:
	@DEBUG_VALUE: ETHOSU_PMU_Get_EVTYPER:type <- $r0
	.loc	1 125 5 epilogue_begin          @ ../../../../Library/StdDriver/src/npu/ethosu_pmu.c:125:5
	add	sp, #8
	pop	{r7, pc}
.Ltmp152:
.LBB4_69:
	@DEBUG_VALUE: ETHOSU_PMU_Get_EVTYPER:val <- $r2
	@DEBUG_VALUE: ETHOSU_PMU_Get_EVTYPER:num <- [DW_OP_LLVM_entry_value 1] $r1
	@DEBUG_VALUE: ETHOSU_PMU_Get_EVTYPER:drv <- [DW_OP_LLVM_entry_value 1] $r0
	.loc	1 0 5                           @ ../../../../Library/StdDriver/src/npu/ethosu_pmu.c:0:5
	movs	r0, #35
.Ltmp153:
	@DEBUG_VALUE: ETHOSU_PMU_Get_EVTYPER:type <- $r0
	.loc	1 125 5 epilogue_begin          @ ../../../../Library/StdDriver/src/npu/ethosu_pmu.c:125:5
	add	sp, #8
	pop	{r7, pc}
.Ltmp154:
.LBB4_70:
	@DEBUG_VALUE: ETHOSU_PMU_Get_EVTYPER:val <- $r2
	@DEBUG_VALUE: ETHOSU_PMU_Get_EVTYPER:num <- [DW_OP_LLVM_entry_value 1] $r1
	@DEBUG_VALUE: ETHOSU_PMU_Get_EVTYPER:drv <- [DW_OP_LLVM_entry_value 1] $r0
	.loc	1 0 5                           @ ../../../../Library/StdDriver/src/npu/ethosu_pmu.c:0:5
	movs	r0, #67
.Ltmp155:
	@DEBUG_VALUE: ETHOSU_PMU_Get_EVTYPER:type <- $r0
	.loc	1 125 5 epilogue_begin          @ ../../../../Library/StdDriver/src/npu/ethosu_pmu.c:125:5
	add	sp, #8
	pop	{r7, pc}
.Ltmp156:
.LBB4_71:
	@DEBUG_VALUE: ETHOSU_PMU_Get_EVTYPER:val <- $r2
	@DEBUG_VALUE: ETHOSU_PMU_Get_EVTYPER:num <- [DW_OP_LLVM_entry_value 1] $r1
	@DEBUG_VALUE: ETHOSU_PMU_Get_EVTYPER:drv <- [DW_OP_LLVM_entry_value 1] $r0
	.loc	1 0 5                           @ ../../../../Library/StdDriver/src/npu/ethosu_pmu.c:0:5
	movs	r0, #47
.Ltmp157:
	@DEBUG_VALUE: ETHOSU_PMU_Get_EVTYPER:type <- $r0
	.loc	1 125 5 epilogue_begin          @ ../../../../Library/StdDriver/src/npu/ethosu_pmu.c:125:5
	add	sp, #8
	pop	{r7, pc}
.Ltmp158:
.LBB4_72:
	@DEBUG_VALUE: ETHOSU_PMU_Get_EVTYPER:val <- $r2
	@DEBUG_VALUE: ETHOSU_PMU_Get_EVTYPER:num <- [DW_OP_LLVM_entry_value 1] $r1
	@DEBUG_VALUE: ETHOSU_PMU_Get_EVTYPER:drv <- [DW_OP_LLVM_entry_value 1] $r0
	.loc	1 0 5                           @ ../../../../Library/StdDriver/src/npu/ethosu_pmu.c:0:5
	movs	r0, #60
.Ltmp159:
	@DEBUG_VALUE: ETHOSU_PMU_Get_EVTYPER:type <- $r0
	.loc	1 125 5 epilogue_begin          @ ../../../../Library/StdDriver/src/npu/ethosu_pmu.c:125:5
	add	sp, #8
	pop	{r7, pc}
.Ltmp160:
.LBB4_73:
	@DEBUG_VALUE: ETHOSU_PMU_Get_EVTYPER:val <- $r2
	@DEBUG_VALUE: ETHOSU_PMU_Get_EVTYPER:num <- [DW_OP_LLVM_entry_value 1] $r1
	@DEBUG_VALUE: ETHOSU_PMU_Get_EVTYPER:drv <- [DW_OP_LLVM_entry_value 1] $r0
	.loc	1 0 5                           @ ../../../../Library/StdDriver/src/npu/ethosu_pmu.c:0:5
	movs	r0, #68
.Ltmp161:
	@DEBUG_VALUE: ETHOSU_PMU_Get_EVTYPER:type <- $r0
	.loc	1 125 5 epilogue_begin          @ ../../../../Library/StdDriver/src/npu/ethosu_pmu.c:125:5
	add	sp, #8
	pop	{r7, pc}
.Ltmp162:
.LBB4_74:
	@DEBUG_VALUE: ETHOSU_PMU_Get_EVTYPER:val <- $r2
	@DEBUG_VALUE: ETHOSU_PMU_Get_EVTYPER:num <- [DW_OP_LLVM_entry_value 1] $r1
	@DEBUG_VALUE: ETHOSU_PMU_Get_EVTYPER:drv <- [DW_OP_LLVM_entry_value 1] $r0
	.loc	1 0 5                           @ ../../../../Library/StdDriver/src/npu/ethosu_pmu.c:0:5
	movs	r0, #51
.Ltmp163:
	@DEBUG_VALUE: ETHOSU_PMU_Get_EVTYPER:type <- $r0
	.loc	1 125 5 epilogue_begin          @ ../../../../Library/StdDriver/src/npu/ethosu_pmu.c:125:5
	add	sp, #8
	pop	{r7, pc}
.Ltmp164:
.LBB4_75:
	@DEBUG_VALUE: ETHOSU_PMU_Get_EVTYPER:val <- $r2
	@DEBUG_VALUE: ETHOSU_PMU_Get_EVTYPER:num <- [DW_OP_LLVM_entry_value 1] $r1
	@DEBUG_VALUE: ETHOSU_PMU_Get_EVTYPER:drv <- [DW_OP_LLVM_entry_value 1] $r0
	.loc	1 0 5                           @ ../../../../Library/StdDriver/src/npu/ethosu_pmu.c:0:5
	movs	r0, #61
.Ltmp165:
	@DEBUG_VALUE: ETHOSU_PMU_Get_EVTYPER:type <- $r0
	.loc	1 125 5 epilogue_begin          @ ../../../../Library/StdDriver/src/npu/ethosu_pmu.c:125:5
	add	sp, #8
	pop	{r7, pc}
.Ltmp166:
.LBB4_76:
	@DEBUG_VALUE: ETHOSU_PMU_Get_EVTYPER:val <- $r2
	@DEBUG_VALUE: ETHOSU_PMU_Get_EVTYPER:num <- [DW_OP_LLVM_entry_value 1] $r1
	@DEBUG_VALUE: ETHOSU_PMU_Get_EVTYPER:drv <- [DW_OP_LLVM_entry_value 1] $r0
	.loc	1 0 5                           @ ../../../../Library/StdDriver/src/npu/ethosu_pmu.c:0:5
	movs	r0, #70
.Ltmp167:
	@DEBUG_VALUE: ETHOSU_PMU_Get_EVTYPER:type <- $r0
	.loc	1 125 5 epilogue_begin          @ ../../../../Library/StdDriver/src/npu/ethosu_pmu.c:125:5
	add	sp, #8
	pop	{r7, pc}
.Ltmp168:
.LBB4_77:
	@DEBUG_VALUE: ETHOSU_PMU_Get_EVTYPER:val <- $r2
	@DEBUG_VALUE: pmu_event_type:id <- $r2
	@DEBUG_VALUE: ETHOSU_PMU_Get_EVTYPER:drv <- [DW_OP_LLVM_entry_value 1] $r0
	.loc	1 66 13 is_stmt 1               @ ../../../../Library/StdDriver/src/npu/ethosu_pmu.c:66:13
	adr	r0, .LCPI4_0
	mov.w	r12, #66
	add.w	r3, r0, #39
	movw	r0, :lower16:__stderr
	movt	r0, :upper16:__stderr
	adr	r1, .LCPI4_1
	str.w	r12, [sp]
	bl	__2fprintf
.Ltmp169:
	.loc	1 0 13 is_stmt 0                @ ../../../../Library/StdDriver/src/npu/ethosu_pmu.c:0:13
	movs	r0, #74
.Ltmp170:
.LBB4_78:
	@DEBUG_VALUE: ETHOSU_PMU_Get_EVTYPER:drv <- [DW_OP_LLVM_entry_value 1] $r0
	@DEBUG_VALUE: ETHOSU_PMU_Get_EVTYPER:type <- $r0
	.loc	1 125 5 epilogue_begin is_stmt 1 @ ../../../../Library/StdDriver/src/npu/ethosu_pmu.c:125:5
	add	sp, #8
	pop	{r7, pc}
.Ltmp171:
.LBB4_79:
	@DEBUG_VALUE: ETHOSU_PMU_Get_EVTYPER:num <- $r1
	@DEBUG_VALUE: ETHOSU_PMU_Get_EVTYPER:drv <- $r0
	.loc	1 121 5                         @ ../../../../Library/StdDriver/src/npu/ethosu_pmu.c:121:5
	movw	r0, :lower16:.L.str
.Ltmp172:
	@DEBUG_VALUE: ETHOSU_PMU_Get_EVTYPER:drv <- [DW_OP_LLVM_entry_value 1] $r0
	movw	r1, :lower16:.L.str.1
.Ltmp173:
	@DEBUG_VALUE: ETHOSU_PMU_Get_EVTYPER:num <- [DW_OP_LLVM_entry_value 1] $r1
	movt	r0, :upper16:.L.str
	movs	r2, #121
	movt	r1, :upper16:.L.str.1
	bl	__aeabi_assert
.Ltmp174:
	.p2align	2
@ %bb.80:
	.loc	1 0 5 is_stmt 0                 @ ../../../../Library/StdDriver/src/npu/ethosu_pmu.c:0:5
.LCPI4_0:
.L.str.3:
	.asciz	"/../../../../Library/StdDriver/src/npu/ethosu_pmu.c"
.LCPI4_1:
.L.str.2:
	.asciz	"E: Unknown PMU event id: 0x%x (%s:%d)\n\000"
.Lfunc_end4:
	.size	ETHOSU_PMU_Get_EVTYPER, .Lfunc_end4-ETHOSU_PMU_Get_EVTYPER
	.cfi_endproc
	.cantunwind
	.fnend
                                        @ -- End function
	.section	.text.ETHOSU_PMU_CYCCNT_Reset,"ax",%progbits
	.hidden	ETHOSU_PMU_CYCCNT_Reset         @ -- Begin function ETHOSU_PMU_CYCCNT_Reset
	.globl	ETHOSU_PMU_CYCCNT_Reset
	.p2align	2
	.type	ETHOSU_PMU_CYCCNT_Reset,%function
	.code	16                              @ @ETHOSU_PMU_CYCCNT_Reset
	.thumb_func
ETHOSU_PMU_CYCCNT_Reset:
.Lfunc_begin5:
	.fnstart
	.cfi_startproc
@ %bb.0:
	@DEBUG_VALUE: ETHOSU_PMU_CYCCNT_Reset:drv <- $r0
	.loc	1 132 37 prologue_end is_stmt 1 @ ../../../../Library/StdDriver/src/npu/ethosu_pmu.c:132:37
	ldr	r0, [r0]
.Ltmp175:
	@DEBUG_VALUE: ETHOSU_PMU_CYCCNT_Reset:drv <- [DW_OP_LLVM_entry_value 1] $r0
	.loc	1 132 42 is_stmt 0              @ ../../../../Library/StdDriver/src/npu/ethosu_pmu.c:132:42
	ldr	r0, [r0]
	.loc	1 132 52                        @ ../../../../Library/StdDriver/src/npu/ethosu_pmu.c:132:52
	ldr.w	r1, [r0, #384]
.Ltmp176:
	@DEBUG_VALUE: ETHOSU_PMU_CYCCNT_Reset:pmcr <- [DW_OP_constu 4, DW_OP_or, DW_OP_stack_value, DW_OP_LLVM_fragment 0 16] $r1
	@DEBUG_VALUE: ETHOSU_PMU_CYCCNT_Reset:pmcr <- [DW_OP_constu 16, DW_OP_shr, DW_OP_LLVM_convert 32 7, DW_OP_LLVM_convert 16 7, DW_OP_stack_value, DW_OP_LLVM_fragment 16 16] $r1
	.loc	1 134 5 is_stmt 1               @ ../../../../Library/StdDriver/src/npu/ethosu_pmu.c:134:5
	orr	r1, r1, #4
.Ltmp177:
	.loc	1 134 30 is_stmt 0              @ ../../../../Library/StdDriver/src/npu/ethosu_pmu.c:134:30
	str.w	r1, [r0, #384]
	.loc	1 135 1 is_stmt 1               @ ../../../../Library/StdDriver/src/npu/ethosu_pmu.c:135:1
	bx	lr
.Ltmp178:
.Lfunc_end5:
	.size	ETHOSU_PMU_CYCCNT_Reset, .Lfunc_end5-ETHOSU_PMU_CYCCNT_Reset
	.cfi_endproc
	.cantunwind
	.fnend
                                        @ -- End function
	.section	.text.ETHOSU_PMU_EVCNTR_ALL_Reset,"ax",%progbits
	.hidden	ETHOSU_PMU_EVCNTR_ALL_Reset     @ -- Begin function ETHOSU_PMU_EVCNTR_ALL_Reset
	.globl	ETHOSU_PMU_EVCNTR_ALL_Reset
	.p2align	2
	.type	ETHOSU_PMU_EVCNTR_ALL_Reset,%function
	.code	16                              @ @ETHOSU_PMU_EVCNTR_ALL_Reset
	.thumb_func
ETHOSU_PMU_EVCNTR_ALL_Reset:
.Lfunc_begin6:
	.fnstart
	.cfi_startproc
@ %bb.0:
	@DEBUG_VALUE: ETHOSU_PMU_EVCNTR_ALL_Reset:drv <- $r0
	.loc	1 141 37 prologue_end           @ ../../../../Library/StdDriver/src/npu/ethosu_pmu.c:141:37
	ldr	r0, [r0]
.Ltmp179:
	@DEBUG_VALUE: ETHOSU_PMU_EVCNTR_ALL_Reset:drv <- [DW_OP_LLVM_entry_value 1] $r0
	.loc	1 141 42 is_stmt 0              @ ../../../../Library/StdDriver/src/npu/ethosu_pmu.c:141:42
	ldr	r0, [r0]
	.loc	1 141 52                        @ ../../../../Library/StdDriver/src/npu/ethosu_pmu.c:141:52
	ldr.w	r1, [r0, #384]
.Ltmp180:
	@DEBUG_VALUE: ETHOSU_PMU_EVCNTR_ALL_Reset:pmcr <- [DW_OP_constu 2, DW_OP_or, DW_OP_stack_value, DW_OP_LLVM_fragment 0 16] $r1
	@DEBUG_VALUE: ETHOSU_PMU_EVCNTR_ALL_Reset:pmcr <- [DW_OP_constu 16, DW_OP_shr, DW_OP_LLVM_convert 32 7, DW_OP_LLVM_convert 16 7, DW_OP_stack_value, DW_OP_LLVM_fragment 16 16] $r1
	.loc	1 143 5 is_stmt 1               @ ../../../../Library/StdDriver/src/npu/ethosu_pmu.c:143:5
	orr	r1, r1, #2
.Ltmp181:
	.loc	1 143 30 is_stmt 0              @ ../../../../Library/StdDriver/src/npu/ethosu_pmu.c:143:30
	str.w	r1, [r0, #384]
	.loc	1 144 1 is_stmt 1               @ ../../../../Library/StdDriver/src/npu/ethosu_pmu.c:144:1
	bx	lr
.Ltmp182:
.Lfunc_end6:
	.size	ETHOSU_PMU_EVCNTR_ALL_Reset, .Lfunc_end6-ETHOSU_PMU_EVCNTR_ALL_Reset
	.cfi_endproc
	.cantunwind
	.fnend
                                        @ -- End function
	.section	.text.ETHOSU_PMU_CNTR_Enable,"ax",%progbits
	.hidden	ETHOSU_PMU_CNTR_Enable          @ -- Begin function ETHOSU_PMU_CNTR_Enable
	.globl	ETHOSU_PMU_CNTR_Enable
	.p2align	2
	.type	ETHOSU_PMU_CNTR_Enable,%function
	.code	16                              @ @ETHOSU_PMU_CNTR_Enable
	.thumb_func
ETHOSU_PMU_CNTR_Enable:
.Lfunc_begin7:
	.fnstart
	.cfi_startproc
@ %bb.0:
	@DEBUG_VALUE: ETHOSU_PMU_CNTR_Enable:drv <- $r0
	@DEBUG_VALUE: ETHOSU_PMU_CNTR_Enable:mask <- $r1
	.loc	1 149 10 prologue_end           @ ../../../../Library/StdDriver/src/npu/ethosu_pmu.c:149:10
	ldr	r0, [r0]
.Ltmp183:
	@DEBUG_VALUE: ETHOSU_PMU_CNTR_Enable:drv <- [DW_OP_LLVM_entry_value 1] $r0
	.loc	1 149 15 is_stmt 0              @ ../../../../Library/StdDriver/src/npu/ethosu_pmu.c:149:15
	ldr	r0, [r0]
	.loc	1 149 36                        @ ../../../../Library/StdDriver/src/npu/ethosu_pmu.c:149:36
	str.w	r1, [r0, #388]
	.loc	1 150 1 is_stmt 1               @ ../../../../Library/StdDriver/src/npu/ethosu_pmu.c:150:1
	bx	lr
.Ltmp184:
.Lfunc_end7:
	.size	ETHOSU_PMU_CNTR_Enable, .Lfunc_end7-ETHOSU_PMU_CNTR_Enable
	.cfi_endproc
	.cantunwind
	.fnend
                                        @ -- End function
	.section	.text.ETHOSU_PMU_CNTR_Disable,"ax",%progbits
	.hidden	ETHOSU_PMU_CNTR_Disable         @ -- Begin function ETHOSU_PMU_CNTR_Disable
	.globl	ETHOSU_PMU_CNTR_Disable
	.p2align	2
	.type	ETHOSU_PMU_CNTR_Disable,%function
	.code	16                              @ @ETHOSU_PMU_CNTR_Disable
	.thumb_func
ETHOSU_PMU_CNTR_Disable:
.Lfunc_begin8:
	.fnstart
	.cfi_startproc
@ %bb.0:
	@DEBUG_VALUE: ETHOSU_PMU_CNTR_Disable:drv <- $r0
	@DEBUG_VALUE: ETHOSU_PMU_CNTR_Disable:mask <- $r1
	.loc	1 155 10 prologue_end           @ ../../../../Library/StdDriver/src/npu/ethosu_pmu.c:155:10
	ldr	r0, [r0]
.Ltmp185:
	@DEBUG_VALUE: ETHOSU_PMU_CNTR_Disable:drv <- [DW_OP_LLVM_entry_value 1] $r0
	.loc	1 155 15 is_stmt 0              @ ../../../../Library/StdDriver/src/npu/ethosu_pmu.c:155:15
	ldr	r0, [r0]
	.loc	1 155 36                        @ ../../../../Library/StdDriver/src/npu/ethosu_pmu.c:155:36
	str.w	r1, [r0, #392]
	.loc	1 156 1 is_stmt 1               @ ../../../../Library/StdDriver/src/npu/ethosu_pmu.c:156:1
	bx	lr
.Ltmp186:
.Lfunc_end8:
	.size	ETHOSU_PMU_CNTR_Disable, .Lfunc_end8-ETHOSU_PMU_CNTR_Disable
	.cfi_endproc
	.cantunwind
	.fnend
                                        @ -- End function
	.section	.text.ETHOSU_PMU_CNTR_Status,"ax",%progbits
	.hidden	ETHOSU_PMU_CNTR_Status          @ -- Begin function ETHOSU_PMU_CNTR_Status
	.globl	ETHOSU_PMU_CNTR_Status
	.p2align	2
	.type	ETHOSU_PMU_CNTR_Status,%function
	.code	16                              @ @ETHOSU_PMU_CNTR_Status
	.thumb_func
ETHOSU_PMU_CNTR_Status:
.Lfunc_begin9:
	.fnstart
	.cfi_startproc
@ %bb.0:
	@DEBUG_VALUE: ETHOSU_PMU_CNTR_Status:drv <- $r0
	.loc	1 160 32 prologue_end           @ ../../../../Library/StdDriver/src/npu/ethosu_pmu.c:160:32
	ldr	r0, [r0]
.Ltmp187:
	@DEBUG_VALUE: ETHOSU_PMU_CNTR_Status:drv <- [DW_OP_LLVM_entry_value 1] $r0
	.loc	1 160 37 is_stmt 0              @ ../../../../Library/StdDriver/src/npu/ethosu_pmu.c:160:37
	ldr	r0, [r0]
	.loc	1 160 53                        @ ../../../../Library/StdDriver/src/npu/ethosu_pmu.c:160:53
	ldr.w	r0, [r0, #388]
.Ltmp188:
	@DEBUG_VALUE: ETHOSU_PMU_CNTR_Status:pmcntenset <- $r0
	.loc	1 162 5 is_stmt 1               @ ../../../../Library/StdDriver/src/npu/ethosu_pmu.c:162:5
	bx	lr
.Ltmp189:
.Lfunc_end9:
	.size	ETHOSU_PMU_CNTR_Status, .Lfunc_end9-ETHOSU_PMU_CNTR_Status
	.cfi_endproc
	.cantunwind
	.fnend
                                        @ -- End function
	.section	.text.ETHOSU_PMU_Get_CCNTR,"ax",%progbits
	.hidden	ETHOSU_PMU_Get_CCNTR            @ -- Begin function ETHOSU_PMU_Get_CCNTR
	.globl	ETHOSU_PMU_Get_CCNTR
	.p2align	2
	.type	ETHOSU_PMU_Get_CCNTR,%function
	.code	16                              @ @ETHOSU_PMU_Get_CCNTR
	.thumb_func
ETHOSU_PMU_Get_CCNTR:
.Lfunc_begin10:
	.fnstart
	.cfi_startproc
@ %bb.0:
	@DEBUG_VALUE: ETHOSU_PMU_Get_CCNTR:drv <- $r0
	.loc	1 167 28 prologue_end           @ ../../../../Library/StdDriver/src/npu/ethosu_pmu.c:167:28
	ldr	r0, [r0]
.Ltmp190:
	@DEBUG_VALUE: ETHOSU_PMU_Get_CCNTR:drv <- [DW_OP_LLVM_entry_value 1] $r0
	.loc	1 167 33 is_stmt 0              @ ../../../../Library/StdDriver/src/npu/ethosu_pmu.c:167:33
	ldr	r1, [r0]
	.loc	1 167 46                        @ ../../../../Library/StdDriver/src/npu/ethosu_pmu.c:167:46
	ldr.w	r0, [r1, #416]
.Ltmp191:
	@DEBUG_VALUE: ETHOSU_PMU_Get_CCNTR:val_lo <- undef
	.loc	1 168 46 is_stmt 1              @ ../../../../Library/StdDriver/src/npu/ethosu_pmu.c:168:46
	ldr.w	r1, [r1, #420]
	uxth	r1, r1
.Ltmp192:
	@DEBUG_VALUE: ETHOSU_PMU_Get_CCNTR:val <- [DW_OP_LLVM_fragment 32 32] $r1
	@DEBUG_VALUE: ETHOSU_PMU_Get_CCNTR:val <- [DW_OP_LLVM_fragment 0 32] $r0
	@DEBUG_VALUE: ETHOSU_PMU_Get_CCNTR:val_hi <- $r1
	.loc	1 172 5                         @ ../../../../Library/StdDriver/src/npu/ethosu_pmu.c:172:5
	bx	lr
.Ltmp193:
.Lfunc_end10:
	.size	ETHOSU_PMU_Get_CCNTR, .Lfunc_end10-ETHOSU_PMU_Get_CCNTR
	.cfi_endproc
	.cantunwind
	.fnend
                                        @ -- End function
	.section	.text.ETHOSU_PMU_Set_CCNTR,"ax",%progbits
	.hidden	ETHOSU_PMU_Set_CCNTR            @ -- Begin function ETHOSU_PMU_Set_CCNTR
	.globl	ETHOSU_PMU_Set_CCNTR
	.p2align	2
	.type	ETHOSU_PMU_Set_CCNTR,%function
	.code	16                              @ @ETHOSU_PMU_Set_CCNTR
	.thumb_func
ETHOSU_PMU_Set_CCNTR:
.Lfunc_begin11:
	.loc	1 176 0                         @ ../../../../Library/StdDriver/src/npu/ethosu_pmu.c:176:0
	.fnstart
	.cfi_startproc
@ %bb.0:
	@DEBUG_VALUE: ETHOSU_PMU_Set_CCNTR:drv <- $r0
	@DEBUG_VALUE: ETHOSU_PMU_CNTR_Status:drv <- $r0
	@DEBUG_VALUE: ETHOSU_PMU_Set_CCNTR:val <- [DW_OP_LLVM_fragment 32 32] undef
	@DEBUG_VALUE: ETHOSU_PMU_Set_CCNTR:val <- [DW_OP_LLVM_fragment 0 32] undef
	.save	{r7, lr}
	push	{r7, lr}
	.cfi_def_cfa_offset 8
	.cfi_offset lr, -4
	.cfi_offset r7, -8
.Ltmp194:
	.loc	1 160 32 prologue_end           @ ../../../../Library/StdDriver/src/npu/ethosu_pmu.c:160:32
	ldr	r1, [r0]
	.loc	1 160 37 is_stmt 0              @ ../../../../Library/StdDriver/src/npu/ethosu_pmu.c:160:37
	ldr.w	lr, [r1]
	.loc	1 160 53                        @ ../../../../Library/StdDriver/src/npu/ethosu_pmu.c:160:53
	ldr.w	r12, [lr, #388]
.Ltmp195:
	@DEBUG_VALUE: ETHOSU_PMU_Set_CCNTR:active <- [DW_OP_constu 18446744071562067968, DW_OP_and, DW_OP_stack_value] $r12
	@DEBUG_VALUE: ETHOSU_PMU_CNTR_Status:pmcntenset <- $r12
	.loc	1 181 9 is_stmt 1               @ ../../../../Library/StdDriver/src/npu/ethosu_pmu.c:181:9
	cmp.w	r12, #-1
	bgt	.LBB11_2
.Ltmp196:
@ %bb.1:
	@DEBUG_VALUE: ETHOSU_PMU_Set_CCNTR:active <- [DW_OP_constu 18446744071562067968, DW_OP_and, DW_OP_stack_value] $r12
	@DEBUG_VALUE: ETHOSU_PMU_Set_CCNTR:drv <- $r0
	.loc	1 0 9 is_stmt 0                 @ ../../../../Library/StdDriver/src/npu/ethosu_pmu.c:0:9
	mov.w	r1, #-2147483648
.Ltmp197:
	@DEBUG_VALUE: ETHOSU_PMU_CNTR_Disable:mask <- -2147483648
	@DEBUG_VALUE: ETHOSU_PMU_CNTR_Disable:drv <- $r0
	.loc	1 155 36 is_stmt 1              @ ../../../../Library/StdDriver/src/npu/ethosu_pmu.c:155:36
	str.w	r1, [lr, #392]
.Ltmp198:
	.loc	1 186 10                        @ ../../../../Library/StdDriver/src/npu/ethosu_pmu.c:186:10
	ldr	r1, [r0]
	.loc	1 186 15 is_stmt 0              @ ../../../../Library/StdDriver/src/npu/ethosu_pmu.c:186:15
	ldr.w	lr, [r1]
.Ltmp199:
.LBB11_2:
	@DEBUG_VALUE: ETHOSU_PMU_Set_CCNTR:active <- [DW_OP_constu 18446744071562067968, DW_OP_and, DW_OP_stack_value] $r12
	@DEBUG_VALUE: ETHOSU_PMU_Set_CCNTR:drv <- $r0
	.loc	1 186 41                        @ ../../../../Library/StdDriver/src/npu/ethosu_pmu.c:186:41
	ldr.w	r1, [lr, #416]
	str.w	r2, [lr, #416]
	.loc	1 187 10 is_stmt 1              @ ../../../../Library/StdDriver/src/npu/ethosu_pmu.c:187:10
	ldr	r1, [r0]
	.loc	1 189 9                         @ ../../../../Library/StdDriver/src/npu/ethosu_pmu.c:189:9
	cmp.w	r12, #-1
	.loc	1 187 15                        @ ../../../../Library/StdDriver/src/npu/ethosu_pmu.c:187:15
	ldr	r1, [r1]
	.loc	1 187 41 is_stmt 0              @ ../../../../Library/StdDriver/src/npu/ethosu_pmu.c:187:41
	ldr.w	r2, [r1, #420]
	pkhbt	r2, r3, r2
	str.w	r2, [r1, #420]
	.loc	1 193 1 is_stmt 1               @ ../../../../Library/StdDriver/src/npu/ethosu_pmu.c:193:1
	it	gt
	.loc	1 193 1 epilogue_begin is_stmt 0 @ ../../../../Library/StdDriver/src/npu/ethosu_pmu.c:193:1
	popgt	{r7, pc}
.Ltmp200:
.LBB11_3:
	@DEBUG_VALUE: ETHOSU_PMU_Set_CCNTR:active <- [DW_OP_constu 18446744071562067968, DW_OP_and, DW_OP_stack_value] $r12
	@DEBUG_VALUE: ETHOSU_PMU_Set_CCNTR:drv <- $r0
	@DEBUG_VALUE: ETHOSU_PMU_CNTR_Enable:drv <- $r0
	@DEBUG_VALUE: ETHOSU_PMU_CNTR_Enable:mask <- -2147483648
	.loc	1 149 10 is_stmt 1              @ ../../../../Library/StdDriver/src/npu/ethosu_pmu.c:149:10
	ldr	r0, [r0]
.Ltmp201:
	@DEBUG_VALUE: ETHOSU_PMU_Set_CCNTR:drv <- [DW_OP_LLVM_entry_value 1] $r0
	.loc	1 0 10 is_stmt 0                @ ../../../../Library/StdDriver/src/npu/ethosu_pmu.c:0:10
	mov.w	r1, #-2147483648
	.loc	1 149 15                        @ ../../../../Library/StdDriver/src/npu/ethosu_pmu.c:149:15
	ldr	r0, [r0]
	.loc	1 149 36                        @ ../../../../Library/StdDriver/src/npu/ethosu_pmu.c:149:36
	str.w	r1, [r0, #388]
.Ltmp202:
	.loc	1 193 1 epilogue_begin is_stmt 1 @ ../../../../Library/StdDriver/src/npu/ethosu_pmu.c:193:1
	pop	{r7, pc}
.Ltmp203:
.Lfunc_end11:
	.size	ETHOSU_PMU_Set_CCNTR, .Lfunc_end11-ETHOSU_PMU_Set_CCNTR
	.cfi_endproc
	.cantunwind
	.fnend
                                        @ -- End function
	.section	.text.ETHOSU_PMU_Get_EVCNTR,"ax",%progbits
	.hidden	ETHOSU_PMU_Get_EVCNTR           @ -- Begin function ETHOSU_PMU_Get_EVCNTR
	.globl	ETHOSU_PMU_Get_EVCNTR
	.p2align	2
	.type	ETHOSU_PMU_Get_EVCNTR,%function
	.code	16                              @ @ETHOSU_PMU_Get_EVCNTR
	.thumb_func
ETHOSU_PMU_Get_EVCNTR:
.Lfunc_begin12:
	.fnstart
	.cfi_startproc
@ %bb.0:
	@DEBUG_VALUE: ETHOSU_PMU_Get_EVCNTR:drv <- $r0
	@DEBUG_VALUE: ETHOSU_PMU_Get_EVCNTR:num <- $r1
	.loc	1 197 5 prologue_end            @ ../../../../Library/StdDriver/src/npu/ethosu_pmu.c:197:5
	cmp	r1, #4
	bhs	.LBB12_2
.Ltmp204:
@ %bb.1:
	@DEBUG_VALUE: ETHOSU_PMU_Get_EVCNTR:num <- $r1
	@DEBUG_VALUE: ETHOSU_PMU_Get_EVCNTR:drv <- $r0
	.loc	1 198 25                        @ ../../../../Library/StdDriver/src/npu/ethosu_pmu.c:198:25
	ldr	r0, [r0]
.Ltmp205:
	@DEBUG_VALUE: ETHOSU_PMU_Get_EVCNTR:drv <- [DW_OP_LLVM_entry_value 1] $r0
	.loc	1 198 30 is_stmt 0              @ ../../../../Library/StdDriver/src/npu/ethosu_pmu.c:198:30
	ldr	r0, [r0]
	.loc	1 198 35                        @ ../../../../Library/StdDriver/src/npu/ethosu_pmu.c:198:35
	add.w	r0, r0, r1, lsl #2
	.loc	1 198 49                        @ ../../../../Library/StdDriver/src/npu/ethosu_pmu.c:198:49
	ldr.w	r0, [r0, #768]
.Ltmp206:
	@DEBUG_VALUE: ETHOSU_PMU_Get_EVCNTR:val <- $r0
	.loc	1 201 5 is_stmt 1               @ ../../../../Library/StdDriver/src/npu/ethosu_pmu.c:201:5
	bx	lr
.Ltmp207:
.LBB12_2:
	@DEBUG_VALUE: ETHOSU_PMU_Get_EVCNTR:num <- $r1
	@DEBUG_VALUE: ETHOSU_PMU_Get_EVCNTR:drv <- $r0
	.loc	1 197 5                         @ ../../../../Library/StdDriver/src/npu/ethosu_pmu.c:197:5
	movw	r0, :lower16:.L.str
.Ltmp208:
	@DEBUG_VALUE: ETHOSU_PMU_Get_EVCNTR:drv <- [DW_OP_LLVM_entry_value 1] $r0
	movw	r1, :lower16:.L.str.1
.Ltmp209:
	@DEBUG_VALUE: ETHOSU_PMU_Get_EVCNTR:num <- [DW_OP_LLVM_entry_value 1] $r1
	movt	r0, :upper16:.L.str
	movs	r2, #197
	movt	r1, :upper16:.L.str.1
	bl	__aeabi_assert
.Ltmp210:
.Lfunc_end12:
	.size	ETHOSU_PMU_Get_EVCNTR, .Lfunc_end12-ETHOSU_PMU_Get_EVCNTR
	.cfi_endproc
	.cantunwind
	.fnend
                                        @ -- End function
	.section	.text.ETHOSU_PMU_Set_EVCNTR,"ax",%progbits
	.hidden	ETHOSU_PMU_Set_EVCNTR           @ -- Begin function ETHOSU_PMU_Set_EVCNTR
	.globl	ETHOSU_PMU_Set_EVCNTR
	.p2align	2
	.type	ETHOSU_PMU_Set_EVCNTR,%function
	.code	16                              @ @ETHOSU_PMU_Set_EVCNTR
	.thumb_func
ETHOSU_PMU_Set_EVCNTR:
.Lfunc_begin13:
	.fnstart
	.cfi_startproc
@ %bb.0:
	@DEBUG_VALUE: ETHOSU_PMU_Set_EVCNTR:drv <- $r0
	@DEBUG_VALUE: ETHOSU_PMU_Set_EVCNTR:num <- $r1
	@DEBUG_VALUE: ETHOSU_PMU_Set_EVCNTR:val <- $r2
	.loc	1 206 5 prologue_end            @ ../../../../Library/StdDriver/src/npu/ethosu_pmu.c:206:5
	cmp	r1, #4
	bhs	.LBB13_2
.Ltmp211:
@ %bb.1:
	@DEBUG_VALUE: ETHOSU_PMU_Set_EVCNTR:val <- $r2
	@DEBUG_VALUE: ETHOSU_PMU_Set_EVCNTR:num <- $r1
	@DEBUG_VALUE: ETHOSU_PMU_Set_EVCNTR:drv <- $r0
	.loc	1 208 10                        @ ../../../../Library/StdDriver/src/npu/ethosu_pmu.c:208:10
	ldr	r0, [r0]
.Ltmp212:
	@DEBUG_VALUE: ETHOSU_PMU_Set_EVCNTR:drv <- [DW_OP_LLVM_entry_value 1] $r0
	.loc	1 208 15 is_stmt 0              @ ../../../../Library/StdDriver/src/npu/ethosu_pmu.c:208:15
	ldr	r0, [r0]
	.loc	1 208 20                        @ ../../../../Library/StdDriver/src/npu/ethosu_pmu.c:208:20
	add.w	r0, r0, r1, lsl #2
	.loc	1 208 39                        @ ../../../../Library/StdDriver/src/npu/ethosu_pmu.c:208:39
	str.w	r2, [r0, #768]
	.loc	1 209 1 is_stmt 1               @ ../../../../Library/StdDriver/src/npu/ethosu_pmu.c:209:1
	bx	lr
.Ltmp213:
.LBB13_2:
	@DEBUG_VALUE: ETHOSU_PMU_Set_EVCNTR:val <- $r2
	@DEBUG_VALUE: ETHOSU_PMU_Set_EVCNTR:num <- $r1
	@DEBUG_VALUE: ETHOSU_PMU_Set_EVCNTR:drv <- $r0
	.loc	1 206 5                         @ ../../../../Library/StdDriver/src/npu/ethosu_pmu.c:206:5
	movw	r0, :lower16:.L.str
.Ltmp214:
	@DEBUG_VALUE: ETHOSU_PMU_Set_EVCNTR:drv <- [DW_OP_LLVM_entry_value 1] $r0
	movw	r1, :lower16:.L.str.1
.Ltmp215:
	@DEBUG_VALUE: ETHOSU_PMU_Set_EVCNTR:num <- [DW_OP_LLVM_entry_value 1] $r1
	movt	r0, :upper16:.L.str
	movs	r2, #206
.Ltmp216:
	@DEBUG_VALUE: ETHOSU_PMU_Set_EVCNTR:val <- [DW_OP_LLVM_entry_value 1] $r2
	movt	r1, :upper16:.L.str.1
	bl	__aeabi_assert
.Ltmp217:
.Lfunc_end13:
	.size	ETHOSU_PMU_Set_EVCNTR, .Lfunc_end13-ETHOSU_PMU_Set_EVCNTR
	.cfi_endproc
	.cantunwind
	.fnend
                                        @ -- End function
	.section	.text.ETHOSU_PMU_Get_CNTR_OVS,"ax",%progbits
	.hidden	ETHOSU_PMU_Get_CNTR_OVS         @ -- Begin function ETHOSU_PMU_Get_CNTR_OVS
	.globl	ETHOSU_PMU_Get_CNTR_OVS
	.p2align	2
	.type	ETHOSU_PMU_Get_CNTR_OVS,%function
	.code	16                              @ @ETHOSU_PMU_Get_CNTR_OVS
	.thumb_func
ETHOSU_PMU_Get_CNTR_OVS:
.Lfunc_begin14:
	.fnstart
	.cfi_startproc
@ %bb.0:
	@DEBUG_VALUE: ETHOSU_PMU_Get_CNTR_OVS:drv <- $r0
	.loc	1 214 17 prologue_end           @ ../../../../Library/StdDriver/src/npu/ethosu_pmu.c:214:17
	ldr	r0, [r0]
.Ltmp218:
	@DEBUG_VALUE: ETHOSU_PMU_Get_CNTR_OVS:drv <- [DW_OP_LLVM_entry_value 1] $r0
	.loc	1 214 22 is_stmt 0              @ ../../../../Library/StdDriver/src/npu/ethosu_pmu.c:214:22
	ldr	r0, [r0]
	.loc	1 214 36                        @ ../../../../Library/StdDriver/src/npu/ethosu_pmu.c:214:36
	ldr.w	r0, [r0, #396]
	.loc	1 214 5                         @ ../../../../Library/StdDriver/src/npu/ethosu_pmu.c:214:5
	bx	lr
.Ltmp219:
.Lfunc_end14:
	.size	ETHOSU_PMU_Get_CNTR_OVS, .Lfunc_end14-ETHOSU_PMU_Get_CNTR_OVS
	.cfi_endproc
	.cantunwind
	.fnend
                                        @ -- End function
	.section	.text.ETHOSU_PMU_Set_CNTR_OVS,"ax",%progbits
	.hidden	ETHOSU_PMU_Set_CNTR_OVS         @ -- Begin function ETHOSU_PMU_Set_CNTR_OVS
	.globl	ETHOSU_PMU_Set_CNTR_OVS
	.p2align	2
	.type	ETHOSU_PMU_Set_CNTR_OVS,%function
	.code	16                              @ @ETHOSU_PMU_Set_CNTR_OVS
	.thumb_func
ETHOSU_PMU_Set_CNTR_OVS:
.Lfunc_begin15:
	.fnstart
	.cfi_startproc
@ %bb.0:
	@DEBUG_VALUE: ETHOSU_PMU_Set_CNTR_OVS:drv <- $r0
	@DEBUG_VALUE: ETHOSU_PMU_Set_CNTR_OVS:mask <- $r1
	.loc	1 220 10 prologue_end is_stmt 1 @ ../../../../Library/StdDriver/src/npu/ethosu_pmu.c:220:10
	ldr	r0, [r0]
.Ltmp220:
	@DEBUG_VALUE: ETHOSU_PMU_Set_CNTR_OVS:drv <- [DW_OP_LLVM_entry_value 1] $r0
	.loc	1 220 15 is_stmt 0              @ ../../../../Library/StdDriver/src/npu/ethosu_pmu.c:220:15
	ldr	r0, [r0]
	.loc	1 220 34                        @ ../../../../Library/StdDriver/src/npu/ethosu_pmu.c:220:34
	str.w	r1, [r0, #400]
	.loc	1 221 1 is_stmt 1               @ ../../../../Library/StdDriver/src/npu/ethosu_pmu.c:221:1
	bx	lr
.Ltmp221:
.Lfunc_end15:
	.size	ETHOSU_PMU_Set_CNTR_OVS, .Lfunc_end15-ETHOSU_PMU_Set_CNTR_OVS
	.cfi_endproc
	.cantunwind
	.fnend
                                        @ -- End function
	.section	.text.ETHOSU_PMU_Set_CNTR_IRQ_Enable,"ax",%progbits
	.hidden	ETHOSU_PMU_Set_CNTR_IRQ_Enable  @ -- Begin function ETHOSU_PMU_Set_CNTR_IRQ_Enable
	.globl	ETHOSU_PMU_Set_CNTR_IRQ_Enable
	.p2align	2
	.type	ETHOSU_PMU_Set_CNTR_IRQ_Enable,%function
	.code	16                              @ @ETHOSU_PMU_Set_CNTR_IRQ_Enable
	.thumb_func
ETHOSU_PMU_Set_CNTR_IRQ_Enable:
.Lfunc_begin16:
	.fnstart
	.cfi_startproc
@ %bb.0:
	@DEBUG_VALUE: ETHOSU_PMU_Set_CNTR_IRQ_Enable:drv <- $r0
	@DEBUG_VALUE: ETHOSU_PMU_Set_CNTR_IRQ_Enable:mask <- $r1
	.loc	1 226 10 prologue_end           @ ../../../../Library/StdDriver/src/npu/ethosu_pmu.c:226:10
	ldr	r0, [r0]
.Ltmp222:
	@DEBUG_VALUE: ETHOSU_PMU_Set_CNTR_IRQ_Enable:drv <- [DW_OP_LLVM_entry_value 1] $r0
	.loc	1 226 15 is_stmt 0              @ ../../../../Library/StdDriver/src/npu/ethosu_pmu.c:226:15
	ldr	r0, [r0]
	.loc	1 226 34                        @ ../../../../Library/StdDriver/src/npu/ethosu_pmu.c:226:34
	str.w	r1, [r0, #404]
	.loc	1 227 1 is_stmt 1               @ ../../../../Library/StdDriver/src/npu/ethosu_pmu.c:227:1
	bx	lr
.Ltmp223:
.Lfunc_end16:
	.size	ETHOSU_PMU_Set_CNTR_IRQ_Enable, .Lfunc_end16-ETHOSU_PMU_Set_CNTR_IRQ_Enable
	.cfi_endproc
	.cantunwind
	.fnend
                                        @ -- End function
	.section	.text.ETHOSU_PMU_Set_CNTR_IRQ_Disable,"ax",%progbits
	.hidden	ETHOSU_PMU_Set_CNTR_IRQ_Disable @ -- Begin function ETHOSU_PMU_Set_CNTR_IRQ_Disable
	.globl	ETHOSU_PMU_Set_CNTR_IRQ_Disable
	.p2align	2
	.type	ETHOSU_PMU_Set_CNTR_IRQ_Disable,%function
	.code	16                              @ @ETHOSU_PMU_Set_CNTR_IRQ_Disable
	.thumb_func
ETHOSU_PMU_Set_CNTR_IRQ_Disable:
.Lfunc_begin17:
	.fnstart
	.cfi_startproc
@ %bb.0:
	@DEBUG_VALUE: ETHOSU_PMU_Set_CNTR_IRQ_Disable:drv <- $r0
	@DEBUG_VALUE: ETHOSU_PMU_Set_CNTR_IRQ_Disable:mask <- $r1
	.loc	1 232 10 prologue_end           @ ../../../../Library/StdDriver/src/npu/ethosu_pmu.c:232:10
	ldr	r0, [r0]
.Ltmp224:
	@DEBUG_VALUE: ETHOSU_PMU_Set_CNTR_IRQ_Disable:drv <- [DW_OP_LLVM_entry_value 1] $r0
	.loc	1 232 15 is_stmt 0              @ ../../../../Library/StdDriver/src/npu/ethosu_pmu.c:232:15
	ldr	r0, [r0]
	.loc	1 232 34                        @ ../../../../Library/StdDriver/src/npu/ethosu_pmu.c:232:34
	str.w	r1, [r0, #408]
	.loc	1 233 1 is_stmt 1               @ ../../../../Library/StdDriver/src/npu/ethosu_pmu.c:233:1
	bx	lr
.Ltmp225:
.Lfunc_end17:
	.size	ETHOSU_PMU_Set_CNTR_IRQ_Disable, .Lfunc_end17-ETHOSU_PMU_Set_CNTR_IRQ_Disable
	.cfi_endproc
	.cantunwind
	.fnend
                                        @ -- End function
	.section	.text.ETHOSU_PMU_Get_IRQ_Enable,"ax",%progbits
	.hidden	ETHOSU_PMU_Get_IRQ_Enable       @ -- Begin function ETHOSU_PMU_Get_IRQ_Enable
	.globl	ETHOSU_PMU_Get_IRQ_Enable
	.p2align	2
	.type	ETHOSU_PMU_Get_IRQ_Enable,%function
	.code	16                              @ @ETHOSU_PMU_Get_IRQ_Enable
	.thumb_func
ETHOSU_PMU_Get_IRQ_Enable:
.Lfunc_begin18:
	.fnstart
	.cfi_startproc
@ %bb.0:
	@DEBUG_VALUE: ETHOSU_PMU_Get_IRQ_Enable:drv <- $r0
	.loc	1 237 27 prologue_end           @ ../../../../Library/StdDriver/src/npu/ethosu_pmu.c:237:27
	ldr	r0, [r0]
.Ltmp226:
	@DEBUG_VALUE: ETHOSU_PMU_Get_IRQ_Enable:drv <- [DW_OP_LLVM_entry_value 1] $r0
	.loc	1 237 32 is_stmt 0              @ ../../../../Library/StdDriver/src/npu/ethosu_pmu.c:237:32
	ldr	r0, [r0]
	.loc	1 237 46                        @ ../../../../Library/StdDriver/src/npu/ethosu_pmu.c:237:46
	ldr.w	r0, [r0, #404]
.Ltmp227:
	@DEBUG_VALUE: ETHOSU_PMU_Get_IRQ_Enable:pmint <- $r0
	.loc	1 239 5 is_stmt 1               @ ../../../../Library/StdDriver/src/npu/ethosu_pmu.c:239:5
	bx	lr
.Ltmp228:
.Lfunc_end18:
	.size	ETHOSU_PMU_Get_IRQ_Enable, .Lfunc_end18-ETHOSU_PMU_Get_IRQ_Enable
	.cfi_endproc
	.cantunwind
	.fnend
                                        @ -- End function
	.section	.text.ETHOSU_PMU_CNTR_Increment,"ax",%progbits
	.hidden	ETHOSU_PMU_CNTR_Increment       @ -- Begin function ETHOSU_PMU_CNTR_Increment
	.globl	ETHOSU_PMU_CNTR_Increment
	.p2align	2
	.type	ETHOSU_PMU_CNTR_Increment,%function
	.code	16                              @ @ETHOSU_PMU_CNTR_Increment
	.thumb_func
ETHOSU_PMU_CNTR_Increment:
.Lfunc_begin19:
	.loc	1 243 0                         @ ../../../../Library/StdDriver/src/npu/ethosu_pmu.c:243:0
	.fnstart
	.cfi_startproc
@ %bb.0:
	@DEBUG_VALUE: ETHOSU_PMU_CNTR_Increment:drv <- $r0
	@DEBUG_VALUE: ETHOSU_PMU_CNTR_Increment:mask <- $r1
	@DEBUG_VALUE: ETHOSU_PMU_CNTR_Status:drv <- $r0
	.save	{r4, lr}
	push	{r4, lr}
	.cfi_def_cfa_offset 8
	.cfi_offset lr, -4
	.cfi_offset r4, -8
.Ltmp229:
	.loc	1 160 32 prologue_end           @ ../../../../Library/StdDriver/src/npu/ethosu_pmu.c:160:32
	ldr	r2, [r0]
.Ltmp230:
	.loc	1 251 9                         @ ../../../../Library/StdDriver/src/npu/ethosu_pmu.c:251:9
	cmp.w	r1, #-1
.Ltmp231:
	@DEBUG_VALUE: ETHOSU_PMU_CNTR_Disable:mask <- $r1
	@DEBUG_VALUE: ETHOSU_PMU_CNTR_Disable:drv <- $r0
	.loc	1 160 37                        @ ../../../../Library/StdDriver/src/npu/ethosu_pmu.c:160:37
	ldr	r3, [r2]
	.loc	1 160 53 is_stmt 0              @ ../../../../Library/StdDriver/src/npu/ethosu_pmu.c:160:53
	ldr.w	r12, [r3, #388]
.Ltmp232:
	@DEBUG_VALUE: ETHOSU_PMU_CNTR_Increment:cntrs_active <- $r12
	@DEBUG_VALUE: ETHOSU_PMU_CNTR_Status:pmcntenset <- $r12
	.loc	1 155 36 is_stmt 1              @ ../../../../Library/StdDriver/src/npu/ethosu_pmu.c:155:36
	str.w	r1, [r3, #392]
.Ltmp233:
	.loc	1 251 9                         @ ../../../../Library/StdDriver/src/npu/ethosu_pmu.c:251:9
	ble	.LBB19_7
.Ltmp234:
@ %bb.1:
	@DEBUG_VALUE: ETHOSU_PMU_CNTR_Increment:cntrs_active <- $r12
	@DEBUG_VALUE: ETHOSU_PMU_CNTR_Increment:mask <- $r1
	@DEBUG_VALUE: ETHOSU_PMU_CNTR_Increment:drv <- $r0
	@DEBUG_VALUE: i <- 0
	.loc	1 260 13                        @ ../../../../Library/StdDriver/src/npu/ethosu_pmu.c:260:13
	lsls	r2, r1, #31
	bne	.LBB19_8
.Ltmp235:
.LBB19_2:
	@DEBUG_VALUE: i <- 0
	@DEBUG_VALUE: ETHOSU_PMU_CNTR_Increment:cntrs_active <- $r12
	@DEBUG_VALUE: ETHOSU_PMU_CNTR_Increment:mask <- $r1
	@DEBUG_VALUE: ETHOSU_PMU_CNTR_Increment:drv <- $r0
	@DEBUG_VALUE: i <- 1
	lsls	r2, r1, #30
	bmi	.LBB19_9
.Ltmp236:
.LBB19_3:
	@DEBUG_VALUE: i <- 1
	@DEBUG_VALUE: ETHOSU_PMU_CNTR_Increment:cntrs_active <- $r12
	@DEBUG_VALUE: ETHOSU_PMU_CNTR_Increment:mask <- $r1
	@DEBUG_VALUE: ETHOSU_PMU_CNTR_Increment:drv <- $r0
	@DEBUG_VALUE: i <- 2
	lsls	r2, r1, #29
	bmi	.LBB19_10
.Ltmp237:
.LBB19_4:
	@DEBUG_VALUE: i <- 2
	@DEBUG_VALUE: ETHOSU_PMU_CNTR_Increment:cntrs_active <- $r12
	@DEBUG_VALUE: ETHOSU_PMU_CNTR_Increment:mask <- $r1
	@DEBUG_VALUE: ETHOSU_PMU_CNTR_Increment:drv <- $r0
	@DEBUG_VALUE: i <- 3
	lsls	r1, r1, #28
.Ltmp238:
	@DEBUG_VALUE: ETHOSU_PMU_CNTR_Increment:mask <- [DW_OP_LLVM_entry_value 1] $r1
	bpl	.LBB19_6
.Ltmp239:
.LBB19_5:
	@DEBUG_VALUE: ETHOSU_PMU_CNTR_Increment:mask <- [DW_OP_LLVM_entry_value 1] $r1
	@DEBUG_VALUE: i <- 3
	@DEBUG_VALUE: ETHOSU_PMU_CNTR_Increment:cntrs_active <- $r12
	@DEBUG_VALUE: ETHOSU_PMU_CNTR_Increment:drv <- $r0
	@DEBUG_VALUE: ETHOSU_PMU_Get_EVCNTR:drv <- $r0
	@DEBUG_VALUE: ETHOSU_PMU_Get_EVCNTR:num <- 3
	.loc	1 198 25                        @ ../../../../Library/StdDriver/src/npu/ethosu_pmu.c:198:25
	ldr	r1, [r0]
	.loc	1 198 30 is_stmt 0              @ ../../../../Library/StdDriver/src/npu/ethosu_pmu.c:198:30
	ldr	r1, [r1]
	.loc	1 198 49                        @ ../../../../Library/StdDriver/src/npu/ethosu_pmu.c:198:49
	ldr.w	r2, [r1, #780]
.Ltmp240:
	@DEBUG_VALUE: val <- $r2
	@DEBUG_VALUE: ETHOSU_PMU_Get_EVCNTR:val <- $r2
	.loc	1 263 51 is_stmt 1              @ ../../../../Library/StdDriver/src/npu/ethosu_pmu.c:263:51
	adds	r2, #1
.Ltmp241:
	.loc	1 263 45 is_stmt 0              @ ../../../../Library/StdDriver/src/npu/ethosu_pmu.c:263:45
	str.w	r2, [r1, #780]
.Ltmp242:
.LBB19_6:
	@DEBUG_VALUE: ETHOSU_PMU_CNTR_Increment:mask <- [DW_OP_LLVM_entry_value 1] $r1
	@DEBUG_VALUE: ETHOSU_PMU_CNTR_Increment:cntrs_active <- $r12
	@DEBUG_VALUE: ETHOSU_PMU_CNTR_Increment:drv <- $r0
	@DEBUG_VALUE: i <- 4
	@DEBUG_VALUE: ETHOSU_PMU_CNTR_Enable:drv <- $r0
	@DEBUG_VALUE: ETHOSU_PMU_CNTR_Enable:mask <- $r12
	.loc	1 149 10 is_stmt 1              @ ../../../../Library/StdDriver/src/npu/ethosu_pmu.c:149:10
	ldr	r0, [r0]
.Ltmp243:
	@DEBUG_VALUE: ETHOSU_PMU_CNTR_Increment:drv <- [DW_OP_LLVM_entry_value 1] $r0
	.loc	1 149 15 is_stmt 0              @ ../../../../Library/StdDriver/src/npu/ethosu_pmu.c:149:15
	ldr	r0, [r0]
	.loc	1 149 36                        @ ../../../../Library/StdDriver/src/npu/ethosu_pmu.c:149:36
	str.w	r12, [r0, #388]
.Ltmp244:
	.loc	1 269 1 epilogue_begin is_stmt 1 @ ../../../../Library/StdDriver/src/npu/ethosu_pmu.c:269:1
	pop	{r4, pc}
.Ltmp245:
.LBB19_7:
	@DEBUG_VALUE: ETHOSU_PMU_CNTR_Increment:cntrs_active <- $r12
	@DEBUG_VALUE: ETHOSU_PMU_CNTR_Increment:mask <- $r1
	@DEBUG_VALUE: ETHOSU_PMU_CNTR_Increment:drv <- $r0
	@DEBUG_VALUE: ETHOSU_PMU_Get_CCNTR:drv <- $r0
	.loc	1 167 28                        @ ../../../../Library/StdDriver/src/npu/ethosu_pmu.c:167:28
	ldr	r3, [r0]
	.loc	1 167 33 is_stmt 0              @ ../../../../Library/StdDriver/src/npu/ethosu_pmu.c:167:33
	ldr	r3, [r3]
	.loc	1 167 46                        @ ../../../../Library/StdDriver/src/npu/ethosu_pmu.c:167:46
	ldr.w	r2, [r3, #416]
.Ltmp246:
	@DEBUG_VALUE: ETHOSU_PMU_Get_CCNTR:val_lo <- undef
	.loc	1 168 46 is_stmt 1              @ ../../../../Library/StdDriver/src/npu/ethosu_pmu.c:168:46
	ldr.w	lr, [r3, #420]
.Ltmp247:
	@DEBUG_VALUE: ETHOSU_PMU_Get_CCNTR:val <- undef
	@DEBUG_VALUE: ETHOSU_PMU_Get_CCNTR:val_hi <- [DW_OP_constu 65535, DW_OP_and, DW_OP_stack_value] $lr
	.loc	1 169 48                        @ ../../../../Library/StdDriver/src/npu/ethosu_pmu.c:169:48
	adds	r2, #1
.Ltmp248:
	@DEBUG_VALUE: val <- undef
	.loc	1 254 45                        @ ../../../../Library/StdDriver/src/npu/ethosu_pmu.c:254:45
	ldr.w	r4, [r3, #416]
	str.w	r2, [r3, #416]
	.loc	1 255 14                        @ ../../../../Library/StdDriver/src/npu/ethosu_pmu.c:255:14
	ldr	r2, [r0]
	.loc	1 255 47 is_stmt 0              @ ../../../../Library/StdDriver/src/npu/ethosu_pmu.c:255:47
	adc	r4, lr, #0
	.loc	1 255 19                        @ ../../../../Library/StdDriver/src/npu/ethosu_pmu.c:255:19
	ldr	r2, [r2]
	.loc	1 255 45                        @ ../../../../Library/StdDriver/src/npu/ethosu_pmu.c:255:45
	ldr.w	r3, [r2, #420]
	pkhbt	r3, r4, r3
	str.w	r3, [r2, #420]
.Ltmp249:
	@DEBUG_VALUE: i <- 0
	.loc	1 260 13 is_stmt 1              @ ../../../../Library/StdDriver/src/npu/ethosu_pmu.c:260:13
	lsls	r2, r1, #31
	beq	.LBB19_2
.Ltmp250:
.LBB19_8:
	@DEBUG_VALUE: i <- 0
	@DEBUG_VALUE: ETHOSU_PMU_CNTR_Increment:cntrs_active <- $r12
	@DEBUG_VALUE: ETHOSU_PMU_CNTR_Increment:mask <- $r1
	@DEBUG_VALUE: ETHOSU_PMU_CNTR_Increment:drv <- $r0
	@DEBUG_VALUE: ETHOSU_PMU_Get_EVCNTR:drv <- $r0
	@DEBUG_VALUE: ETHOSU_PMU_Get_EVCNTR:num <- 0
	.loc	1 198 25                        @ ../../../../Library/StdDriver/src/npu/ethosu_pmu.c:198:25
	ldr	r2, [r0]
	.loc	1 198 30 is_stmt 0              @ ../../../../Library/StdDriver/src/npu/ethosu_pmu.c:198:30
	ldr	r2, [r2]
	.loc	1 198 49                        @ ../../../../Library/StdDriver/src/npu/ethosu_pmu.c:198:49
	ldr.w	r3, [r2, #768]
.Ltmp251:
	@DEBUG_VALUE: val <- $r3
	@DEBUG_VALUE: ETHOSU_PMU_Get_EVCNTR:val <- $r3
	.loc	1 263 51 is_stmt 1              @ ../../../../Library/StdDriver/src/npu/ethosu_pmu.c:263:51
	adds	r3, #1
.Ltmp252:
	.loc	1 263 45 is_stmt 0              @ ../../../../Library/StdDriver/src/npu/ethosu_pmu.c:263:45
	str.w	r3, [r2, #768]
.Ltmp253:
	@DEBUG_VALUE: i <- 1
	.loc	1 260 13 is_stmt 1              @ ../../../../Library/StdDriver/src/npu/ethosu_pmu.c:260:13
	lsls	r2, r1, #30
	bpl	.LBB19_3
.Ltmp254:
.LBB19_9:
	@DEBUG_VALUE: i <- 1
	@DEBUG_VALUE: ETHOSU_PMU_CNTR_Increment:cntrs_active <- $r12
	@DEBUG_VALUE: ETHOSU_PMU_CNTR_Increment:mask <- $r1
	@DEBUG_VALUE: ETHOSU_PMU_CNTR_Increment:drv <- $r0
	@DEBUG_VALUE: ETHOSU_PMU_Get_EVCNTR:drv <- $r0
	@DEBUG_VALUE: ETHOSU_PMU_Get_EVCNTR:num <- 1
	.loc	1 198 25                        @ ../../../../Library/StdDriver/src/npu/ethosu_pmu.c:198:25
	ldr	r2, [r0]
	.loc	1 198 30 is_stmt 0              @ ../../../../Library/StdDriver/src/npu/ethosu_pmu.c:198:30
	ldr	r2, [r2]
	.loc	1 198 49                        @ ../../../../Library/StdDriver/src/npu/ethosu_pmu.c:198:49
	ldr.w	r3, [r2, #772]
.Ltmp255:
	@DEBUG_VALUE: val <- $r3
	@DEBUG_VALUE: ETHOSU_PMU_Get_EVCNTR:val <- $r3
	.loc	1 263 51 is_stmt 1              @ ../../../../Library/StdDriver/src/npu/ethosu_pmu.c:263:51
	adds	r3, #1
.Ltmp256:
	.loc	1 263 45 is_stmt 0              @ ../../../../Library/StdDriver/src/npu/ethosu_pmu.c:263:45
	str.w	r3, [r2, #772]
.Ltmp257:
	@DEBUG_VALUE: i <- 2
	.loc	1 260 13 is_stmt 1              @ ../../../../Library/StdDriver/src/npu/ethosu_pmu.c:260:13
	lsls	r2, r1, #29
	bpl	.LBB19_4
.Ltmp258:
.LBB19_10:
	@DEBUG_VALUE: i <- 2
	@DEBUG_VALUE: ETHOSU_PMU_CNTR_Increment:cntrs_active <- $r12
	@DEBUG_VALUE: ETHOSU_PMU_CNTR_Increment:mask <- $r1
	@DEBUG_VALUE: ETHOSU_PMU_CNTR_Increment:drv <- $r0
	@DEBUG_VALUE: ETHOSU_PMU_Get_EVCNTR:drv <- $r0
	@DEBUG_VALUE: ETHOSU_PMU_Get_EVCNTR:num <- 2
	.loc	1 198 25                        @ ../../../../Library/StdDriver/src/npu/ethosu_pmu.c:198:25
	ldr	r2, [r0]
	.loc	1 198 30 is_stmt 0              @ ../../../../Library/StdDriver/src/npu/ethosu_pmu.c:198:30
	ldr	r2, [r2]
	.loc	1 198 49                        @ ../../../../Library/StdDriver/src/npu/ethosu_pmu.c:198:49
	ldr.w	r3, [r2, #776]
.Ltmp259:
	@DEBUG_VALUE: val <- $r3
	@DEBUG_VALUE: ETHOSU_PMU_Get_EVCNTR:val <- $r3
	.loc	1 263 51 is_stmt 1              @ ../../../../Library/StdDriver/src/npu/ethosu_pmu.c:263:51
	adds	r3, #1
.Ltmp260:
	.loc	1 263 45 is_stmt 0              @ ../../../../Library/StdDriver/src/npu/ethosu_pmu.c:263:45
	str.w	r3, [r2, #776]
.Ltmp261:
	@DEBUG_VALUE: i <- 3
	.loc	1 260 13 is_stmt 1              @ ../../../../Library/StdDriver/src/npu/ethosu_pmu.c:260:13
	lsls	r1, r1, #28
.Ltmp262:
	@DEBUG_VALUE: ETHOSU_PMU_CNTR_Increment:mask <- [DW_OP_LLVM_entry_value 1] $r1
	bmi	.LBB19_5
	b	.LBB19_6
.Ltmp263:
.Lfunc_end19:
	.size	ETHOSU_PMU_CNTR_Increment, .Lfunc_end19-ETHOSU_PMU_CNTR_Increment
	.cfi_endproc
	.cantunwind
	.fnend
                                        @ -- End function
	.section	.text.ETHOSU_PMU_PMCCNTR_CFG_Set_Start_Event,"ax",%progbits
	.hidden	ETHOSU_PMU_PMCCNTR_CFG_Set_Start_Event @ -- Begin function ETHOSU_PMU_PMCCNTR_CFG_Set_Start_Event
	.globl	ETHOSU_PMU_PMCCNTR_CFG_Set_Start_Event
	.p2align	2
	.type	ETHOSU_PMU_PMCCNTR_CFG_Set_Start_Event,%function
	.code	16                              @ @ETHOSU_PMU_PMCCNTR_CFG_Set_Start_Event
	.thumb_func
ETHOSU_PMU_PMCCNTR_CFG_Set_Start_Event:
.Lfunc_begin20:
	.fnstart
	.cfi_startproc
@ %bb.0:
	@DEBUG_VALUE: ETHOSU_PMU_PMCCNTR_CFG_Set_Start_Event:drv <- $r0
	@DEBUG_VALUE: ETHOSU_PMU_PMCCNTR_CFG_Set_Start_Event:start_event <- $r1
	@DEBUG_VALUE: pmu_event_value:event <- $r1
	@DEBUG_VALUE: pmu_event_value:a <- [DW_OP_LLVM_convert 8 7, DW_OP_LLVM_convert 32 7, DW_OP_stack_value] $r1
	.loc	1 76 35 prologue_end            @ ../../../../Library/StdDriver/src/npu/ethosu_pmu.c:76:35
	cmp	r1, #73
	movw	r2, #1023
	movw	r3, #1023
	bhi	.LBB20_2
.Ltmp264:
@ %bb.1:
	@DEBUG_VALUE: pmu_event_value:a <- [DW_OP_LLVM_convert 8 7, DW_OP_LLVM_convert 32 7, DW_OP_stack_value] $r1
	@DEBUG_VALUE: pmu_event_value:event <- $r1
	@DEBUG_VALUE: ETHOSU_PMU_PMCCNTR_CFG_Set_Start_Event:start_event <- $r1
	@DEBUG_VALUE: ETHOSU_PMU_PMCCNTR_CFG_Set_Start_Event:drv <- $r0
	@DEBUG_VALUE: pmu_event_value:a <- $r1
	.loc	1 78 16                         @ ../../../../Library/StdDriver/src/npu/ethosu_pmu.c:78:16
	movw	r3, :lower16:eventbyid
	movt	r3, :upper16:eventbyid
	ldrh.w	r3, [r3, r1, lsl #1]
.Ltmp265:
	.loc	1 277 37                        @ ../../../../Library/StdDriver/src/npu/ethosu_pmu.c:277:37
	bfc	r3, #10, #22
.Ltmp266:
.LBB20_2:
	@DEBUG_VALUE: ETHOSU_PMU_PMCCNTR_CFG_Set_Start_Event:start_event <- $r1
	@DEBUG_VALUE: ETHOSU_PMU_PMCCNTR_CFG_Set_Start_Event:drv <- $r0
	@DEBUG_VALUE: ETHOSU_PMU_PMCCNTR_CFG_Set_Start_Event:val <- $r3
	.loc	1 276 44                        @ ../../../../Library/StdDriver/src/npu/ethosu_pmu.c:276:44
	ldr	r0, [r0]
.Ltmp267:
	@DEBUG_VALUE: ETHOSU_PMU_PMCCNTR_CFG_Set_Start_Event:drv <- [DW_OP_LLVM_entry_value 1] $r0
	.loc	1 276 49 is_stmt 0              @ ../../../../Library/StdDriver/src/npu/ethosu_pmu.c:276:49
	ldr	r0, [r0]
	.loc	1 276 66                        @ ../../../../Library/StdDriver/src/npu/ethosu_pmu.c:276:66
	ldr.w	r1, [r0, #424]
.Ltmp268:
	@DEBUG_VALUE: ETHOSU_PMU_PMCCNTR_CFG_Set_Start_Event:start_event <- [DW_OP_LLVM_entry_value 1] $r1
	@DEBUG_VALUE: ETHOSU_PMU_PMCCNTR_CFG_Set_Start_Event:cfg <- [DW_OP_LLVM_arg 0, DW_OP_constu 64512, DW_OP_and, DW_OP_LLVM_arg 1, DW_OP_or, DW_OP_stack_value, DW_OP_LLVM_fragment 0 16] $r1, $r3
	@DEBUG_VALUE: ETHOSU_PMU_PMCCNTR_CFG_Set_Start_Event:cfg <- [DW_OP_constu 16, DW_OP_shr, DW_OP_LLVM_convert 32 7, DW_OP_LLVM_convert 16 7, DW_OP_stack_value, DW_OP_LLVM_fragment 16 16] $r1
	.loc	1 278 5 is_stmt 1               @ ../../../../Library/StdDriver/src/npu/ethosu_pmu.c:278:5
	bics	r1, r2
.Ltmp269:
	add	r1, r3
	.loc	1 278 37 is_stmt 0              @ ../../../../Library/StdDriver/src/npu/ethosu_pmu.c:278:37
	str.w	r1, [r0, #424]
	.loc	1 279 1 is_stmt 1               @ ../../../../Library/StdDriver/src/npu/ethosu_pmu.c:279:1
	bx	lr
.Ltmp270:
.Lfunc_end20:
	.size	ETHOSU_PMU_PMCCNTR_CFG_Set_Start_Event, .Lfunc_end20-ETHOSU_PMU_PMCCNTR_CFG_Set_Start_Event
	.cfi_endproc
	.cantunwind
	.fnend
                                        @ -- End function
	.section	.text.ETHOSU_PMU_PMCCNTR_CFG_Set_Stop_Event,"ax",%progbits
	.hidden	ETHOSU_PMU_PMCCNTR_CFG_Set_Stop_Event @ -- Begin function ETHOSU_PMU_PMCCNTR_CFG_Set_Stop_Event
	.globl	ETHOSU_PMU_PMCCNTR_CFG_Set_Stop_Event
	.p2align	2
	.type	ETHOSU_PMU_PMCCNTR_CFG_Set_Stop_Event,%function
	.code	16                              @ @ETHOSU_PMU_PMCCNTR_CFG_Set_Stop_Event
	.thumb_func
ETHOSU_PMU_PMCCNTR_CFG_Set_Stop_Event:
.Lfunc_begin21:
	.loc	1 282 0                         @ ../../../../Library/StdDriver/src/npu/ethosu_pmu.c:282:0
	.fnstart
	.cfi_startproc
@ %bb.0:
	@DEBUG_VALUE: ETHOSU_PMU_PMCCNTR_CFG_Set_Stop_Event:drv <- $r0
	@DEBUG_VALUE: ETHOSU_PMU_PMCCNTR_CFG_Set_Stop_Event:stop_event <- $r1
	movs	r2, #0
.Ltmp271:
	.loc	1 76 35 prologue_end            @ ../../../../Library/StdDriver/src/npu/ethosu_pmu.c:76:35
	cmp	r1, #73
	movt	r2, #1023
.Ltmp272:
	@DEBUG_VALUE: pmu_event_value:a <- [DW_OP_LLVM_convert 8 7, DW_OP_LLVM_convert 32 7, DW_OP_stack_value] $r1
	@DEBUG_VALUE: pmu_event_value:event <- $r1
	bhi	.LBB21_2
.Ltmp273:
@ %bb.1:
	@DEBUG_VALUE: pmu_event_value:event <- $r1
	@DEBUG_VALUE: pmu_event_value:a <- [DW_OP_LLVM_convert 8 7, DW_OP_LLVM_convert 32 7, DW_OP_stack_value] $r1
	@DEBUG_VALUE: ETHOSU_PMU_PMCCNTR_CFG_Set_Stop_Event:stop_event <- $r1
	@DEBUG_VALUE: ETHOSU_PMU_PMCCNTR_CFG_Set_Stop_Event:drv <- $r0
	@DEBUG_VALUE: pmu_event_value:a <- $r1
	.loc	1 78 16                         @ ../../../../Library/StdDriver/src/npu/ethosu_pmu.c:78:16
	movw	r3, :lower16:eventbyid
	movt	r3, :upper16:eventbyid
	ldrh.w	r1, [r3, r1, lsl #1]
.Ltmp274:
	@DEBUG_VALUE: ETHOSU_PMU_PMCCNTR_CFG_Set_Stop_Event:stop_event <- [DW_OP_LLVM_entry_value 1] $r1
	.loc	1 288 5                         @ ../../../../Library/StdDriver/src/npu/ethosu_pmu.c:288:5
	and.w	r2, r2, r1, lsl #16
.Ltmp275:
.LBB21_2:
	@DEBUG_VALUE: ETHOSU_PMU_PMCCNTR_CFG_Set_Stop_Event:drv <- $r0
	@DEBUG_VALUE: ETHOSU_PMU_PMCCNTR_CFG_Set_Stop_Event:val <- $r2
	.loc	1 286 44                        @ ../../../../Library/StdDriver/src/npu/ethosu_pmu.c:286:44
	ldr	r0, [r0]
.Ltmp276:
	@DEBUG_VALUE: ETHOSU_PMU_PMCCNTR_CFG_Set_Stop_Event:drv <- [DW_OP_LLVM_entry_value 1] $r0
	.loc	1 286 49 is_stmt 0              @ ../../../../Library/StdDriver/src/npu/ethosu_pmu.c:286:49
	ldr	r0, [r0]
	.loc	1 286 66                        @ ../../../../Library/StdDriver/src/npu/ethosu_pmu.c:286:66
	ldr.w	r1, [r0, #424]
.Ltmp277:
	@DEBUG_VALUE: ETHOSU_PMU_PMCCNTR_CFG_Set_Stop_Event:cfg <- [DW_OP_LLVM_arg 0, DW_OP_constu 16, DW_OP_shr, DW_OP_constu 64512, DW_OP_and, DW_OP_LLVM_arg 1, DW_OP_constu 1023, DW_OP_and, DW_OP_or, DW_OP_stack_value, DW_OP_LLVM_fragment 16 16] $r1, $r2
	@DEBUG_VALUE: ETHOSU_PMU_PMCCNTR_CFG_Set_Stop_Event:cfg <- [DW_OP_LLVM_convert 32 7, DW_OP_LLVM_convert 16 7, DW_OP_stack_value, DW_OP_LLVM_fragment 0 16] $r1
	.loc	1 288 5 is_stmt 1               @ ../../../../Library/StdDriver/src/npu/ethosu_pmu.c:288:5
	bfc	r1, #16, #10
.Ltmp278:
	orrs	r1, r2
	.loc	1 288 37 is_stmt 0              @ ../../../../Library/StdDriver/src/npu/ethosu_pmu.c:288:37
	str.w	r1, [r0, #424]
	.loc	1 289 1 is_stmt 1               @ ../../../../Library/StdDriver/src/npu/ethosu_pmu.c:289:1
	bx	lr
.Ltmp279:
.Lfunc_end21:
	.size	ETHOSU_PMU_PMCCNTR_CFG_Set_Stop_Event, .Lfunc_end21-ETHOSU_PMU_PMCCNTR_CFG_Set_Stop_Event
	.cfi_endproc
	.cantunwind
	.fnend
                                        @ -- End function
	.section	.text.ETHOSU_PMU_Get_QREAD,"ax",%progbits
	.hidden	ETHOSU_PMU_Get_QREAD            @ -- Begin function ETHOSU_PMU_Get_QREAD
	.globl	ETHOSU_PMU_Get_QREAD
	.p2align	2
	.type	ETHOSU_PMU_Get_QREAD,%function
	.code	16                              @ @ETHOSU_PMU_Get_QREAD
	.thumb_func
ETHOSU_PMU_Get_QREAD:
.Lfunc_begin22:
	.fnstart
	.cfi_startproc
@ %bb.0:
	@DEBUG_VALUE: ETHOSU_PMU_Get_QREAD:drv <- $r0
	.loc	1 293 25 prologue_end           @ ../../../../Library/StdDriver/src/npu/ethosu_pmu.c:293:25
	ldr	r0, [r0]
.Ltmp280:
	@DEBUG_VALUE: ETHOSU_PMU_Get_QREAD:drv <- [DW_OP_LLVM_entry_value 1] $r0
	.loc	1 293 30 is_stmt 0              @ ../../../../Library/StdDriver/src/npu/ethosu_pmu.c:293:30
	ldr	r0, [r0]
	.loc	1 293 41                        @ ../../../../Library/StdDriver/src/npu/ethosu_pmu.c:293:41
	ldr	r0, [r0, #24]
.Ltmp281:
	@DEBUG_VALUE: ETHOSU_PMU_Get_QREAD:val <- $r0
	.loc	1 295 5 is_stmt 1               @ ../../../../Library/StdDriver/src/npu/ethosu_pmu.c:295:5
	bx	lr
.Ltmp282:
.Lfunc_end22:
	.size	ETHOSU_PMU_Get_QREAD, .Lfunc_end22-ETHOSU_PMU_Get_QREAD
	.cfi_endproc
	.cantunwind
	.fnend
                                        @ -- End function
	.section	.text.ETHOSU_PMU_Get_STATUS,"ax",%progbits
	.hidden	ETHOSU_PMU_Get_STATUS           @ -- Begin function ETHOSU_PMU_Get_STATUS
	.globl	ETHOSU_PMU_Get_STATUS
	.p2align	2
	.type	ETHOSU_PMU_Get_STATUS,%function
	.code	16                              @ @ETHOSU_PMU_Get_STATUS
	.thumb_func
ETHOSU_PMU_Get_STATUS:
.Lfunc_begin23:
	.fnstart
	.cfi_startproc
@ %bb.0:
	@DEBUG_VALUE: ETHOSU_PMU_Get_STATUS:drv <- $r0
	.loc	1 300 25 prologue_end           @ ../../../../Library/StdDriver/src/npu/ethosu_pmu.c:300:25
	ldr	r0, [r0]
.Ltmp283:
	@DEBUG_VALUE: ETHOSU_PMU_Get_STATUS:drv <- [DW_OP_LLVM_entry_value 1] $r0
	.loc	1 300 30 is_stmt 0              @ ../../../../Library/StdDriver/src/npu/ethosu_pmu.c:300:30
	ldr	r0, [r0]
	.loc	1 300 42                        @ ../../../../Library/StdDriver/src/npu/ethosu_pmu.c:300:42
	ldr	r0, [r0, #4]
.Ltmp284:
	@DEBUG_VALUE: ETHOSU_PMU_Get_STATUS:val <- $r0
	.loc	1 302 5 is_stmt 1               @ ../../../../Library/StdDriver/src/npu/ethosu_pmu.c:302:5
	bx	lr
.Ltmp285:
.Lfunc_end23:
	.size	ETHOSU_PMU_Get_STATUS, .Lfunc_end23-ETHOSU_PMU_Get_STATUS
	.cfi_endproc
	.cantunwind
	.fnend
                                        @ -- End function
	.type	.L.str,%object                  @ @.str
	.section	.rodata.str1.1,"aMS",%progbits,1
.L.str:
	.asciz	"num < ETHOSU_PMU_NCOUNTERS"
	.size	.L.str, 27

	.type	.L.str.1,%object                @ @.str.1
.L.str.1:
	.asciz	"../../../../Library/StdDriver/src/npu/ethosu_pmu.c"
	.size	.L.str.1, 51

	.type	eventbyid,%object               @ @eventbyid
	.section	.rodata.eventbyid,"a",%progbits
	.p2align	1, 0x0
eventbyid:
	.short	0                               @ 0x0
	.short	17                              @ 0x11
	.short	32                              @ 0x20
	.short	33                              @ 0x21
	.short	34                              @ 0x22
	.short	35                              @ 0x23
	.short	48                              @ 0x30
	.short	49                              @ 0x31
	.short	50                              @ 0x32
	.short	51                              @ 0x33
	.short	52                              @ 0x34
	.short	53                              @ 0x35
	.short	54                              @ 0x36
	.short	55                              @ 0x37
	.short	56                              @ 0x38
	.short	57                              @ 0x39
	.short	58                              @ 0x3a
	.short	64                              @ 0x40
	.short	65                              @ 0x41
	.short	66                              @ 0x42
	.short	67                              @ 0x43
	.short	68                              @ 0x44
	.short	69                              @ 0x45
	.short	70                              @ 0x46
	.short	71                              @ 0x47
	.short	72                              @ 0x48
	.short	80                              @ 0x50
	.short	81                              @ 0x51
	.short	82                              @ 0x52
	.short	83                              @ 0x53
	.short	84                              @ 0x54
	.short	85                              @ 0x55
	.short	86                              @ 0x56
	.short	87                              @ 0x57
	.short	88                              @ 0x58
	.short	89                              @ 0x59
	.short	90                              @ 0x5a
	.short	91                              @ 0x5b
	.short	128                             @ 0x80
	.short	129                             @ 0x81
	.short	130                             @ 0x82
	.short	131                             @ 0x83
	.short	132                             @ 0x84
	.short	133                             @ 0x85
	.short	134                             @ 0x86
	.short	135                             @ 0x87
	.short	136                             @ 0x88
	.short	137                             @ 0x89
	.short	140                             @ 0x8c
	.short	142                             @ 0x8e
	.short	143                             @ 0x8f
	.short	160                             @ 0xa0
	.short	161                             @ 0xa1
	.short	162                             @ 0xa2
	.short	163                             @ 0xa3
	.short	164                             @ 0xa4
	.short	165                             @ 0xa5
	.short	166                             @ 0xa6
	.short	176                             @ 0xb0
	.short	177                             @ 0xb1
	.short	384                             @ 0x180
	.short	385                             @ 0x181
	.short	386                             @ 0x182
	.short	387                             @ 0x183
	.short	388                             @ 0x184
	.short	389                             @ 0x185
	.short	390                             @ 0x186
	.short	391                             @ 0x187
	.short	392                             @ 0x188
	.short	393                             @ 0x189
	.short	396                             @ 0x18c
	.short	398                             @ 0x18e
	.short	399                             @ 0x18f
	.short	433                             @ 0x1b1
	.size	eventbyid, 148

	.hidden	_printf_percent
	.hidden	_printf_s
	.hidden	_printf_x
	.hidden	_printf_d
	.hidden	_printf_int_dec
	.hidden	_printf_longlong_hex
	.hidden	_printf_str
	.section	.debug_loc,"",%progbits
.Ldebug_loc0:
	.long	-1
	.long	.Lfunc_begin0                   @   base address
	.long	.Lfunc_begin0-.Lfunc_begin0
	.long	.Ltmp0-.Lfunc_begin0
	.short	1                               @ Loc expr size
	.byte	80                              @ DW_OP_reg0
	.long	.Ltmp0-.Lfunc_begin0
	.long	.Ltmp2-.Lfunc_begin0
	.short	1                               @ Loc expr size
	.byte	84                              @ DW_OP_reg4
	.long	0
	.long	0
.Ldebug_loc1:
	.long	-1
	.long	.Lfunc_begin0                   @   base address
	.long	.Ltmp0-.Lfunc_begin0
	.long	.Lfunc_end0-.Lfunc_begin0
	.short	8                               @ Loc expr size
	.byte	49                              @ DW_OP_lit1
	.byte	159                             @ DW_OP_stack_value
	.byte	147                             @ DW_OP_piece
	.byte	2                               @ 2
	.byte	48                              @ DW_OP_lit0
	.byte	159                             @ DW_OP_stack_value
	.byte	147                             @ DW_OP_piece
	.byte	2                               @ 2
	.long	0
	.long	0
.Ldebug_loc2:
	.long	-1
	.long	.Lfunc_begin3                   @   base address
	.long	.Lfunc_begin3-.Lfunc_begin3
	.long	.Ltmp9-.Lfunc_begin3
	.short	1                               @ Loc expr size
	.byte	80                              @ DW_OP_reg0
	.long	.Ltmp9-.Lfunc_begin3
	.long	.Ltmp10-.Lfunc_begin3
	.short	4                               @ Loc expr size
	.byte	243                             @ DW_OP_GNU_entry_value
	.byte	1                               @ 1
	.byte	80                              @ DW_OP_reg0
	.byte	159                             @ DW_OP_stack_value
	.long	.Ltmp10-.Lfunc_begin3
	.long	.Ltmp11-.Lfunc_begin3
	.short	1                               @ Loc expr size
	.byte	80                              @ DW_OP_reg0
	.long	.Ltmp11-.Lfunc_begin3
	.long	.Lfunc_end3-.Lfunc_begin3
	.short	4                               @ Loc expr size
	.byte	243                             @ DW_OP_GNU_entry_value
	.byte	1                               @ 1
	.byte	80                              @ DW_OP_reg0
	.byte	159                             @ DW_OP_stack_value
	.long	0
	.long	0
.Ldebug_loc3:
	.long	-1
	.long	.Lfunc_begin3                   @   base address
	.long	.Lfunc_begin3-.Lfunc_begin3
	.long	.Ltmp12-.Lfunc_begin3
	.short	1                               @ Loc expr size
	.byte	81                              @ DW_OP_reg1
	.long	.Ltmp12-.Lfunc_begin3
	.long	.Lfunc_end3-.Lfunc_begin3
	.short	4                               @ Loc expr size
	.byte	243                             @ DW_OP_GNU_entry_value
	.byte	1                               @ 1
	.byte	81                              @ DW_OP_reg1
	.byte	159                             @ DW_OP_stack_value
	.long	0
	.long	0
.Ldebug_loc4:
	.long	-1
	.long	.Lfunc_begin3                   @   base address
	.long	.Lfunc_begin3-.Lfunc_begin3
	.long	.Ltmp7-.Lfunc_begin3
	.short	1                               @ Loc expr size
	.byte	82                              @ DW_OP_reg2
	.long	.Ltmp10-.Lfunc_begin3
	.long	.Ltmp13-.Lfunc_begin3
	.short	1                               @ Loc expr size
	.byte	82                              @ DW_OP_reg2
	.long	.Ltmp13-.Lfunc_begin3
	.long	.Lfunc_end3-.Lfunc_begin3
	.short	4                               @ Loc expr size
	.byte	243                             @ DW_OP_GNU_entry_value
	.byte	1                               @ 1
	.byte	82                              @ DW_OP_reg2
	.byte	159                             @ DW_OP_stack_value
	.long	0
	.long	0
.Ldebug_loc5:
	.long	-1
	.long	.Lfunc_begin3                   @   base address
	.long	.Ltmp6-.Lfunc_begin3
	.long	.Ltmp7-.Lfunc_begin3
	.short	1                               @ Loc expr size
	.byte	82                              @ DW_OP_reg2
	.long	0
	.long	0
.Ldebug_loc6:
	.long	-1
	.long	.Lfunc_begin3                   @   base address
	.long	.Ltmp6-.Lfunc_begin3
	.long	.Ltmp7-.Lfunc_begin3
	.short	7                               @ Loc expr size
	.byte	114                             @ DW_OP_breg2
	.byte	0                               @ 0
	.byte	16                              @ DW_OP_constu
	.byte	255                             @ 255
	.byte	1                               @ 
	.byte	26                              @ DW_OP_and
	.byte	159                             @ DW_OP_stack_value
	.long	0
	.long	0
.Ldebug_loc7:
	.long	-1
	.long	.Lfunc_begin3                   @   base address
	.long	.Ltmp8-.Lfunc_begin3
	.long	.Ltmp10-.Lfunc_begin3
	.short	1                               @ Loc expr size
	.byte	82                              @ DW_OP_reg2
	.long	0
	.long	0
.Ldebug_loc8:
	.long	-1
	.long	.Lfunc_begin4                   @   base address
	.long	.Lfunc_begin4-.Lfunc_begin4
	.long	.Ltmp17-.Lfunc_begin4
	.short	1                               @ Loc expr size
	.byte	80                              @ DW_OP_reg0
	.long	.Ltmp17-.Lfunc_begin4
	.long	.Ltmp21-.Lfunc_begin4
	.short	4                               @ Loc expr size
	.byte	243                             @ DW_OP_GNU_entry_value
	.byte	1                               @ 1
	.byte	80                              @ DW_OP_reg0
	.byte	159                             @ DW_OP_stack_value
	.long	.Ltmp22-.Lfunc_begin4
	.long	.Ltmp171-.Lfunc_begin4
	.short	4                               @ Loc expr size
	.byte	243                             @ DW_OP_GNU_entry_value
	.byte	1                               @ 1
	.byte	80                              @ DW_OP_reg0
	.byte	159                             @ DW_OP_stack_value
	.long	.Ltmp171-.Lfunc_begin4
	.long	.Ltmp172-.Lfunc_begin4
	.short	1                               @ Loc expr size
	.byte	80                              @ DW_OP_reg0
	.long	.Ltmp172-.Lfunc_begin4
	.long	.Ltmp174-.Lfunc_begin4
	.short	4                               @ Loc expr size
	.byte	243                             @ DW_OP_GNU_entry_value
	.byte	1                               @ 1
	.byte	80                              @ DW_OP_reg0
	.byte	159                             @ DW_OP_stack_value
	.long	0
	.long	0
.Ldebug_loc9:
	.long	-1
	.long	.Lfunc_begin4                   @   base address
	.long	.Lfunc_begin4-.Lfunc_begin4
	.long	.Ltmp20-.Lfunc_begin4
	.short	1                               @ Loc expr size
	.byte	81                              @ DW_OP_reg1
	.long	.Ltmp20-.Lfunc_begin4
	.long	.Ltmp21-.Lfunc_begin4
	.short	4                               @ Loc expr size
	.byte	243                             @ DW_OP_GNU_entry_value
	.byte	1                               @ 1
	.byte	81                              @ DW_OP_reg1
	.byte	159                             @ DW_OP_stack_value
	.long	.Ltmp22-.Lfunc_begin4
	.long	.Ltmp168-.Lfunc_begin4
	.short	4                               @ Loc expr size
	.byte	243                             @ DW_OP_GNU_entry_value
	.byte	1                               @ 1
	.byte	81                              @ DW_OP_reg1
	.byte	159                             @ DW_OP_stack_value
	.long	.Ltmp171-.Lfunc_begin4
	.long	.Ltmp173-.Lfunc_begin4
	.short	1                               @ Loc expr size
	.byte	81                              @ DW_OP_reg1
	.long	.Ltmp173-.Lfunc_begin4
	.long	.Ltmp174-.Lfunc_begin4
	.short	4                               @ Loc expr size
	.byte	243                             @ DW_OP_GNU_entry_value
	.byte	1                               @ 1
	.byte	81                              @ DW_OP_reg1
	.byte	159                             @ DW_OP_stack_value
	.long	0
	.long	0
.Ldebug_loc10:
	.long	-1
	.long	.Lfunc_begin4                   @   base address
	.long	.Ltmp18-.Lfunc_begin4
	.long	.Ltmp21-.Lfunc_begin4
	.short	1                               @ Loc expr size
	.byte	82                              @ DW_OP_reg2
	.long	.Ltmp168-.Lfunc_begin4
	.long	.Ltmp169-.Lfunc_begin4
	.short	1                               @ Loc expr size
	.byte	82                              @ DW_OP_reg2
	.long	0
	.long	0
.Ldebug_loc11:
	.long	-1
	.long	.Lfunc_begin4                   @   base address
	.long	.Ltmp18-.Lfunc_begin4
	.long	.Ltmp21-.Lfunc_begin4
	.short	1                               @ Loc expr size
	.byte	82                              @ DW_OP_reg2
	.long	.Ltmp22-.Lfunc_begin4
	.long	.Ltmp169-.Lfunc_begin4
	.short	1                               @ Loc expr size
	.byte	82                              @ DW_OP_reg2
	.long	0
	.long	0
.Ldebug_loc12:
	.long	-1
	.long	.Lfunc_begin4                   @   base address
	.long	.Ltmp23-.Lfunc_begin4
	.long	.Ltmp24-.Lfunc_begin4
	.short	1                               @ Loc expr size
	.byte	80                              @ DW_OP_reg0
	.long	.Ltmp25-.Lfunc_begin4
	.long	.Ltmp26-.Lfunc_begin4
	.short	1                               @ Loc expr size
	.byte	80                              @ DW_OP_reg0
	.long	.Ltmp27-.Lfunc_begin4
	.long	.Ltmp28-.Lfunc_begin4
	.short	1                               @ Loc expr size
	.byte	80                              @ DW_OP_reg0
	.long	.Ltmp29-.Lfunc_begin4
	.long	.Ltmp30-.Lfunc_begin4
	.short	1                               @ Loc expr size
	.byte	80                              @ DW_OP_reg0
	.long	.Ltmp31-.Lfunc_begin4
	.long	.Ltmp32-.Lfunc_begin4
	.short	1                               @ Loc expr size
	.byte	80                              @ DW_OP_reg0
	.long	.Ltmp33-.Lfunc_begin4
	.long	.Ltmp34-.Lfunc_begin4
	.short	1                               @ Loc expr size
	.byte	80                              @ DW_OP_reg0
	.long	.Ltmp35-.Lfunc_begin4
	.long	.Ltmp36-.Lfunc_begin4
	.short	1                               @ Loc expr size
	.byte	80                              @ DW_OP_reg0
	.long	.Ltmp37-.Lfunc_begin4
	.long	.Ltmp38-.Lfunc_begin4
	.short	1                               @ Loc expr size
	.byte	80                              @ DW_OP_reg0
	.long	.Ltmp39-.Lfunc_begin4
	.long	.Ltmp40-.Lfunc_begin4
	.short	1                               @ Loc expr size
	.byte	80                              @ DW_OP_reg0
	.long	.Ltmp41-.Lfunc_begin4
	.long	.Ltmp42-.Lfunc_begin4
	.short	1                               @ Loc expr size
	.byte	80                              @ DW_OP_reg0
	.long	.Ltmp43-.Lfunc_begin4
	.long	.Ltmp44-.Lfunc_begin4
	.short	1                               @ Loc expr size
	.byte	80                              @ DW_OP_reg0
	.long	.Ltmp45-.Lfunc_begin4
	.long	.Ltmp46-.Lfunc_begin4
	.short	1                               @ Loc expr size
	.byte	80                              @ DW_OP_reg0
	.long	.Ltmp47-.Lfunc_begin4
	.long	.Ltmp48-.Lfunc_begin4
	.short	1                               @ Loc expr size
	.byte	80                              @ DW_OP_reg0
	.long	.Ltmp49-.Lfunc_begin4
	.long	.Ltmp50-.Lfunc_begin4
	.short	1                               @ Loc expr size
	.byte	80                              @ DW_OP_reg0
	.long	.Ltmp51-.Lfunc_begin4
	.long	.Ltmp52-.Lfunc_begin4
	.short	1                               @ Loc expr size
	.byte	80                              @ DW_OP_reg0
	.long	.Ltmp53-.Lfunc_begin4
	.long	.Ltmp54-.Lfunc_begin4
	.short	1                               @ Loc expr size
	.byte	80                              @ DW_OP_reg0
	.long	.Ltmp55-.Lfunc_begin4
	.long	.Ltmp56-.Lfunc_begin4
	.short	1                               @ Loc expr size
	.byte	80                              @ DW_OP_reg0
	.long	.Ltmp57-.Lfunc_begin4
	.long	.Ltmp58-.Lfunc_begin4
	.short	1                               @ Loc expr size
	.byte	80                              @ DW_OP_reg0
	.long	.Ltmp59-.Lfunc_begin4
	.long	.Ltmp60-.Lfunc_begin4
	.short	1                               @ Loc expr size
	.byte	80                              @ DW_OP_reg0
	.long	.Ltmp61-.Lfunc_begin4
	.long	.Ltmp62-.Lfunc_begin4
	.short	1                               @ Loc expr size
	.byte	80                              @ DW_OP_reg0
	.long	.Ltmp63-.Lfunc_begin4
	.long	.Ltmp64-.Lfunc_begin4
	.short	1                               @ Loc expr size
	.byte	80                              @ DW_OP_reg0
	.long	.Ltmp65-.Lfunc_begin4
	.long	.Ltmp66-.Lfunc_begin4
	.short	1                               @ Loc expr size
	.byte	80                              @ DW_OP_reg0
	.long	.Ltmp67-.Lfunc_begin4
	.long	.Ltmp68-.Lfunc_begin4
	.short	1                               @ Loc expr size
	.byte	80                              @ DW_OP_reg0
	.long	.Ltmp69-.Lfunc_begin4
	.long	.Ltmp70-.Lfunc_begin4
	.short	1                               @ Loc expr size
	.byte	80                              @ DW_OP_reg0
	.long	.Ltmp71-.Lfunc_begin4
	.long	.Ltmp72-.Lfunc_begin4
	.short	1                               @ Loc expr size
	.byte	80                              @ DW_OP_reg0
	.long	.Ltmp73-.Lfunc_begin4
	.long	.Ltmp74-.Lfunc_begin4
	.short	1                               @ Loc expr size
	.byte	80                              @ DW_OP_reg0
	.long	.Ltmp75-.Lfunc_begin4
	.long	.Ltmp76-.Lfunc_begin4
	.short	1                               @ Loc expr size
	.byte	80                              @ DW_OP_reg0
	.long	.Ltmp77-.Lfunc_begin4
	.long	.Ltmp78-.Lfunc_begin4
	.short	1                               @ Loc expr size
	.byte	80                              @ DW_OP_reg0
	.long	.Ltmp79-.Lfunc_begin4
	.long	.Ltmp80-.Lfunc_begin4
	.short	1                               @ Loc expr size
	.byte	80                              @ DW_OP_reg0
	.long	.Ltmp81-.Lfunc_begin4
	.long	.Ltmp82-.Lfunc_begin4
	.short	1                               @ Loc expr size
	.byte	80                              @ DW_OP_reg0
	.long	.Ltmp83-.Lfunc_begin4
	.long	.Ltmp84-.Lfunc_begin4
	.short	1                               @ Loc expr size
	.byte	80                              @ DW_OP_reg0
	.long	.Ltmp85-.Lfunc_begin4
	.long	.Ltmp86-.Lfunc_begin4
	.short	1                               @ Loc expr size
	.byte	80                              @ DW_OP_reg0
	.long	.Ltmp87-.Lfunc_begin4
	.long	.Ltmp88-.Lfunc_begin4
	.short	1                               @ Loc expr size
	.byte	80                              @ DW_OP_reg0
	.long	.Ltmp89-.Lfunc_begin4
	.long	.Ltmp90-.Lfunc_begin4
	.short	1                               @ Loc expr size
	.byte	80                              @ DW_OP_reg0
	.long	.Ltmp91-.Lfunc_begin4
	.long	.Ltmp92-.Lfunc_begin4
	.short	1                               @ Loc expr size
	.byte	80                              @ DW_OP_reg0
	.long	.Ltmp93-.Lfunc_begin4
	.long	.Ltmp94-.Lfunc_begin4
	.short	1                               @ Loc expr size
	.byte	80                              @ DW_OP_reg0
	.long	.Ltmp95-.Lfunc_begin4
	.long	.Ltmp96-.Lfunc_begin4
	.short	1                               @ Loc expr size
	.byte	80                              @ DW_OP_reg0
	.long	.Ltmp97-.Lfunc_begin4
	.long	.Ltmp98-.Lfunc_begin4
	.short	1                               @ Loc expr size
	.byte	80                              @ DW_OP_reg0
	.long	.Ltmp99-.Lfunc_begin4
	.long	.Ltmp100-.Lfunc_begin4
	.short	1                               @ Loc expr size
	.byte	80                              @ DW_OP_reg0
	.long	.Ltmp101-.Lfunc_begin4
	.long	.Ltmp102-.Lfunc_begin4
	.short	1                               @ Loc expr size
	.byte	80                              @ DW_OP_reg0
	.long	.Ltmp103-.Lfunc_begin4
	.long	.Ltmp104-.Lfunc_begin4
	.short	1                               @ Loc expr size
	.byte	80                              @ DW_OP_reg0
	.long	.Ltmp105-.Lfunc_begin4
	.long	.Ltmp106-.Lfunc_begin4
	.short	1                               @ Loc expr size
	.byte	80                              @ DW_OP_reg0
	.long	.Ltmp107-.Lfunc_begin4
	.long	.Ltmp108-.Lfunc_begin4
	.short	1                               @ Loc expr size
	.byte	80                              @ DW_OP_reg0
	.long	.Ltmp109-.Lfunc_begin4
	.long	.Ltmp110-.Lfunc_begin4
	.short	1                               @ Loc expr size
	.byte	80                              @ DW_OP_reg0
	.long	.Ltmp111-.Lfunc_begin4
	.long	.Ltmp112-.Lfunc_begin4
	.short	1                               @ Loc expr size
	.byte	80                              @ DW_OP_reg0
	.long	.Ltmp113-.Lfunc_begin4
	.long	.Ltmp114-.Lfunc_begin4
	.short	1                               @ Loc expr size
	.byte	80                              @ DW_OP_reg0
	.long	.Ltmp115-.Lfunc_begin4
	.long	.Ltmp116-.Lfunc_begin4
	.short	1                               @ Loc expr size
	.byte	80                              @ DW_OP_reg0
	.long	.Ltmp117-.Lfunc_begin4
	.long	.Ltmp118-.Lfunc_begin4
	.short	1                               @ Loc expr size
	.byte	80                              @ DW_OP_reg0
	.long	.Ltmp119-.Lfunc_begin4
	.long	.Ltmp120-.Lfunc_begin4
	.short	1                               @ Loc expr size
	.byte	80                              @ DW_OP_reg0
	.long	.Ltmp121-.Lfunc_begin4
	.long	.Ltmp122-.Lfunc_begin4
	.short	1                               @ Loc expr size
	.byte	80                              @ DW_OP_reg0
	.long	.Ltmp123-.Lfunc_begin4
	.long	.Ltmp124-.Lfunc_begin4
	.short	1                               @ Loc expr size
	.byte	80                              @ DW_OP_reg0
	.long	.Ltmp125-.Lfunc_begin4
	.long	.Ltmp126-.Lfunc_begin4
	.short	1                               @ Loc expr size
	.byte	80                              @ DW_OP_reg0
	.long	.Ltmp127-.Lfunc_begin4
	.long	.Ltmp128-.Lfunc_begin4
	.short	1                               @ Loc expr size
	.byte	80                              @ DW_OP_reg0
	.long	.Ltmp129-.Lfunc_begin4
	.long	.Ltmp130-.Lfunc_begin4
	.short	1                               @ Loc expr size
	.byte	80                              @ DW_OP_reg0
	.long	.Ltmp131-.Lfunc_begin4
	.long	.Ltmp132-.Lfunc_begin4
	.short	1                               @ Loc expr size
	.byte	80                              @ DW_OP_reg0
	.long	.Ltmp133-.Lfunc_begin4
	.long	.Ltmp134-.Lfunc_begin4
	.short	1                               @ Loc expr size
	.byte	80                              @ DW_OP_reg0
	.long	.Ltmp135-.Lfunc_begin4
	.long	.Ltmp136-.Lfunc_begin4
	.short	1                               @ Loc expr size
	.byte	80                              @ DW_OP_reg0
	.long	.Ltmp137-.Lfunc_begin4
	.long	.Ltmp138-.Lfunc_begin4
	.short	1                               @ Loc expr size
	.byte	80                              @ DW_OP_reg0
	.long	.Ltmp139-.Lfunc_begin4
	.long	.Ltmp140-.Lfunc_begin4
	.short	1                               @ Loc expr size
	.byte	80                              @ DW_OP_reg0
	.long	.Ltmp141-.Lfunc_begin4
	.long	.Ltmp142-.Lfunc_begin4
	.short	1                               @ Loc expr size
	.byte	80                              @ DW_OP_reg0
	.long	.Ltmp143-.Lfunc_begin4
	.long	.Ltmp144-.Lfunc_begin4
	.short	1                               @ Loc expr size
	.byte	80                              @ DW_OP_reg0
	.long	.Ltmp145-.Lfunc_begin4
	.long	.Ltmp146-.Lfunc_begin4
	.short	1                               @ Loc expr size
	.byte	80                              @ DW_OP_reg0
	.long	.Ltmp147-.Lfunc_begin4
	.long	.Ltmp148-.Lfunc_begin4
	.short	1                               @ Loc expr size
	.byte	80                              @ DW_OP_reg0
	.long	.Ltmp149-.Lfunc_begin4
	.long	.Ltmp150-.Lfunc_begin4
	.short	1                               @ Loc expr size
	.byte	80                              @ DW_OP_reg0
	.long	.Ltmp151-.Lfunc_begin4
	.long	.Ltmp152-.Lfunc_begin4
	.short	1                               @ Loc expr size
	.byte	80                              @ DW_OP_reg0
	.long	.Ltmp153-.Lfunc_begin4
	.long	.Ltmp154-.Lfunc_begin4
	.short	1                               @ Loc expr size
	.byte	80                              @ DW_OP_reg0
	.long	.Ltmp155-.Lfunc_begin4
	.long	.Ltmp156-.Lfunc_begin4
	.short	1                               @ Loc expr size
	.byte	80                              @ DW_OP_reg0
	.long	.Ltmp157-.Lfunc_begin4
	.long	.Ltmp158-.Lfunc_begin4
	.short	1                               @ Loc expr size
	.byte	80                              @ DW_OP_reg0
	.long	.Ltmp159-.Lfunc_begin4
	.long	.Ltmp160-.Lfunc_begin4
	.short	1                               @ Loc expr size
	.byte	80                              @ DW_OP_reg0
	.long	.Ltmp161-.Lfunc_begin4
	.long	.Ltmp162-.Lfunc_begin4
	.short	1                               @ Loc expr size
	.byte	80                              @ DW_OP_reg0
	.long	.Ltmp163-.Lfunc_begin4
	.long	.Ltmp164-.Lfunc_begin4
	.short	1                               @ Loc expr size
	.byte	80                              @ DW_OP_reg0
	.long	.Ltmp165-.Lfunc_begin4
	.long	.Ltmp166-.Lfunc_begin4
	.short	1                               @ Loc expr size
	.byte	80                              @ DW_OP_reg0
	.long	.Ltmp167-.Lfunc_begin4
	.long	.Ltmp168-.Lfunc_begin4
	.short	1                               @ Loc expr size
	.byte	80                              @ DW_OP_reg0
	.long	.Ltmp170-.Lfunc_begin4
	.long	.Ltmp171-.Lfunc_begin4
	.short	1                               @ Loc expr size
	.byte	80                              @ DW_OP_reg0
	.long	0
	.long	0
.Ldebug_loc13:
	.long	-1
	.long	.Lfunc_begin5                   @   base address
	.long	.Lfunc_begin5-.Lfunc_begin5
	.long	.Ltmp175-.Lfunc_begin5
	.short	1                               @ Loc expr size
	.byte	80                              @ DW_OP_reg0
	.long	.Ltmp175-.Lfunc_begin5
	.long	.Lfunc_end5-.Lfunc_begin5
	.short	4                               @ Loc expr size
	.byte	243                             @ DW_OP_GNU_entry_value
	.byte	1                               @ 1
	.byte	80                              @ DW_OP_reg0
	.byte	159                             @ DW_OP_stack_value
	.long	0
	.long	0
.Ldebug_loc14:
	.long	-1
	.long	.Lfunc_begin5                   @   base address
	.long	.Ltmp176-.Lfunc_begin5
	.long	.Ltmp177-.Lfunc_begin5
	.short	14                              @ Loc expr size
	.byte	113                             @ DW_OP_breg1
	.byte	0                               @ 0
	.byte	52                              @ DW_OP_lit4
	.byte	33                              @ DW_OP_or
	.byte	159                             @ DW_OP_stack_value
	.byte	147                             @ DW_OP_piece
	.byte	2                               @ 2
	.byte	113                             @ DW_OP_breg1
	.byte	0                               @ 0
	.byte	64                              @ DW_OP_lit16
	.byte	37                              @ DW_OP_shr
	.byte	159                             @ DW_OP_stack_value
	.byte	147                             @ DW_OP_piece
	.byte	2                               @ 2
	.long	0
	.long	0
.Ldebug_loc15:
	.long	-1
	.long	.Lfunc_begin6                   @   base address
	.long	.Lfunc_begin6-.Lfunc_begin6
	.long	.Ltmp179-.Lfunc_begin6
	.short	1                               @ Loc expr size
	.byte	80                              @ DW_OP_reg0
	.long	.Ltmp179-.Lfunc_begin6
	.long	.Lfunc_end6-.Lfunc_begin6
	.short	4                               @ Loc expr size
	.byte	243                             @ DW_OP_GNU_entry_value
	.byte	1                               @ 1
	.byte	80                              @ DW_OP_reg0
	.byte	159                             @ DW_OP_stack_value
	.long	0
	.long	0
.Ldebug_loc16:
	.long	-1
	.long	.Lfunc_begin6                   @   base address
	.long	.Ltmp180-.Lfunc_begin6
	.long	.Ltmp181-.Lfunc_begin6
	.short	14                              @ Loc expr size
	.byte	113                             @ DW_OP_breg1
	.byte	0                               @ 0
	.byte	50                              @ DW_OP_lit2
	.byte	33                              @ DW_OP_or
	.byte	159                             @ DW_OP_stack_value
	.byte	147                             @ DW_OP_piece
	.byte	2                               @ 2
	.byte	113                             @ DW_OP_breg1
	.byte	0                               @ 0
	.byte	64                              @ DW_OP_lit16
	.byte	37                              @ DW_OP_shr
	.byte	159                             @ DW_OP_stack_value
	.byte	147                             @ DW_OP_piece
	.byte	2                               @ 2
	.long	0
	.long	0
.Ldebug_loc17:
	.long	-1
	.long	.Lfunc_begin7                   @   base address
	.long	.Lfunc_begin7-.Lfunc_begin7
	.long	.Ltmp183-.Lfunc_begin7
	.short	1                               @ Loc expr size
	.byte	80                              @ DW_OP_reg0
	.long	.Ltmp183-.Lfunc_begin7
	.long	.Lfunc_end7-.Lfunc_begin7
	.short	4                               @ Loc expr size
	.byte	243                             @ DW_OP_GNU_entry_value
	.byte	1                               @ 1
	.byte	80                              @ DW_OP_reg0
	.byte	159                             @ DW_OP_stack_value
	.long	0
	.long	0
.Ldebug_loc18:
	.long	-1
	.long	.Lfunc_begin8                   @   base address
	.long	.Lfunc_begin8-.Lfunc_begin8
	.long	.Ltmp185-.Lfunc_begin8
	.short	1                               @ Loc expr size
	.byte	80                              @ DW_OP_reg0
	.long	.Ltmp185-.Lfunc_begin8
	.long	.Lfunc_end8-.Lfunc_begin8
	.short	4                               @ Loc expr size
	.byte	243                             @ DW_OP_GNU_entry_value
	.byte	1                               @ 1
	.byte	80                              @ DW_OP_reg0
	.byte	159                             @ DW_OP_stack_value
	.long	0
	.long	0
.Ldebug_loc19:
	.long	-1
	.long	.Lfunc_begin9                   @   base address
	.long	.Lfunc_begin9-.Lfunc_begin9
	.long	.Ltmp187-.Lfunc_begin9
	.short	1                               @ Loc expr size
	.byte	80                              @ DW_OP_reg0
	.long	.Ltmp187-.Lfunc_begin9
	.long	.Lfunc_end9-.Lfunc_begin9
	.short	4                               @ Loc expr size
	.byte	243                             @ DW_OP_GNU_entry_value
	.byte	1                               @ 1
	.byte	80                              @ DW_OP_reg0
	.byte	159                             @ DW_OP_stack_value
	.long	0
	.long	0
.Ldebug_loc20:
	.long	-1
	.long	.Lfunc_begin9                   @   base address
	.long	.Ltmp188-.Lfunc_begin9
	.long	.Lfunc_end9-.Lfunc_begin9
	.short	1                               @ Loc expr size
	.byte	80                              @ DW_OP_reg0
	.long	0
	.long	0
.Ldebug_loc21:
	.long	-1
	.long	.Lfunc_begin10                  @   base address
	.long	.Lfunc_begin10-.Lfunc_begin10
	.long	.Ltmp190-.Lfunc_begin10
	.short	1                               @ Loc expr size
	.byte	80                              @ DW_OP_reg0
	.long	.Ltmp190-.Lfunc_begin10
	.long	.Lfunc_end10-.Lfunc_begin10
	.short	4                               @ Loc expr size
	.byte	243                             @ DW_OP_GNU_entry_value
	.byte	1                               @ 1
	.byte	80                              @ DW_OP_reg0
	.byte	159                             @ DW_OP_stack_value
	.long	0
	.long	0
.Ldebug_loc22:
	.long	-1
	.long	.Lfunc_begin10                  @   base address
	.long	.Ltmp192-.Lfunc_begin10
	.long	.Lfunc_end10-.Lfunc_begin10
	.short	6                               @ Loc expr size
	.byte	80                              @ DW_OP_reg0
	.byte	147                             @ DW_OP_piece
	.byte	4                               @ 4
	.byte	81                              @ DW_OP_reg1
	.byte	147                             @ DW_OP_piece
	.byte	4                               @ 4
	.long	0
	.long	0
.Ldebug_loc23:
	.long	-1
	.long	.Lfunc_begin10                  @   base address
	.long	.Ltmp192-.Lfunc_begin10
	.long	.Lfunc_end10-.Lfunc_begin10
	.short	1                               @ Loc expr size
	.byte	81                              @ DW_OP_reg1
	.long	0
	.long	0
.Ldebug_loc24:
	.long	-1
	.long	.Lfunc_begin11                  @   base address
	.long	.Lfunc_begin11-.Lfunc_begin11
	.long	.Ltmp201-.Lfunc_begin11
	.short	1                               @ Loc expr size
	.byte	80                              @ DW_OP_reg0
	.long	.Ltmp201-.Lfunc_begin11
	.long	.Lfunc_end11-.Lfunc_begin11
	.short	4                               @ Loc expr size
	.byte	243                             @ DW_OP_GNU_entry_value
	.byte	1                               @ 1
	.byte	80                              @ DW_OP_reg0
	.byte	159                             @ DW_OP_stack_value
	.long	0
	.long	0
.Ldebug_loc25:
	.long	-1
	.long	.Lfunc_begin11                  @   base address
	.long	.Ltmp195-.Lfunc_begin11
	.long	.Lfunc_end11-.Lfunc_begin11
	.short	15                              @ Loc expr size
	.byte	124                             @ DW_OP_breg12
	.byte	0                               @ 0
	.byte	16                              @ DW_OP_constu
	.byte	128                             @ 18446744071562067968
	.byte	128                             @ 
	.byte	128                             @ 
	.byte	128                             @ 
	.byte	248                             @ 
	.byte	255                             @ 
	.byte	255                             @ 
	.byte	255                             @ 
	.byte	255                             @ 
	.byte	1                               @ 
	.byte	26                              @ DW_OP_and
	.byte	159                             @ DW_OP_stack_value
	.long	0
	.long	0
.Ldebug_loc26:
	.long	-1
	.long	.Lfunc_begin11                  @   base address
	.long	.Ltmp200-.Lfunc_begin11
	.long	.Ltmp201-.Lfunc_begin11
	.short	1                               @ Loc expr size
	.byte	80                              @ DW_OP_reg0
	.long	0
	.long	0
.Ldebug_loc27:
	.long	-1
	.long	.Lfunc_begin12                  @   base address
	.long	.Lfunc_begin12-.Lfunc_begin12
	.long	.Ltmp205-.Lfunc_begin12
	.short	1                               @ Loc expr size
	.byte	80                              @ DW_OP_reg0
	.long	.Ltmp205-.Lfunc_begin12
	.long	.Ltmp207-.Lfunc_begin12
	.short	4                               @ Loc expr size
	.byte	243                             @ DW_OP_GNU_entry_value
	.byte	1                               @ 1
	.byte	80                              @ DW_OP_reg0
	.byte	159                             @ DW_OP_stack_value
	.long	.Ltmp207-.Lfunc_begin12
	.long	.Ltmp208-.Lfunc_begin12
	.short	1                               @ Loc expr size
	.byte	80                              @ DW_OP_reg0
	.long	.Ltmp208-.Lfunc_begin12
	.long	.Lfunc_end12-.Lfunc_begin12
	.short	4                               @ Loc expr size
	.byte	243                             @ DW_OP_GNU_entry_value
	.byte	1                               @ 1
	.byte	80                              @ DW_OP_reg0
	.byte	159                             @ DW_OP_stack_value
	.long	0
	.long	0
.Ldebug_loc28:
	.long	-1
	.long	.Lfunc_begin12                  @   base address
	.long	.Lfunc_begin12-.Lfunc_begin12
	.long	.Ltmp209-.Lfunc_begin12
	.short	1                               @ Loc expr size
	.byte	81                              @ DW_OP_reg1
	.long	.Ltmp209-.Lfunc_begin12
	.long	.Lfunc_end12-.Lfunc_begin12
	.short	4                               @ Loc expr size
	.byte	243                             @ DW_OP_GNU_entry_value
	.byte	1                               @ 1
	.byte	81                              @ DW_OP_reg1
	.byte	159                             @ DW_OP_stack_value
	.long	0
	.long	0
.Ldebug_loc29:
	.long	-1
	.long	.Lfunc_begin12                  @   base address
	.long	.Ltmp206-.Lfunc_begin12
	.long	.Ltmp207-.Lfunc_begin12
	.short	1                               @ Loc expr size
	.byte	80                              @ DW_OP_reg0
	.long	0
	.long	0
.Ldebug_loc30:
	.long	-1
	.long	.Lfunc_begin13                  @   base address
	.long	.Lfunc_begin13-.Lfunc_begin13
	.long	.Ltmp212-.Lfunc_begin13
	.short	1                               @ Loc expr size
	.byte	80                              @ DW_OP_reg0
	.long	.Ltmp212-.Lfunc_begin13
	.long	.Ltmp213-.Lfunc_begin13
	.short	4                               @ Loc expr size
	.byte	243                             @ DW_OP_GNU_entry_value
	.byte	1                               @ 1
	.byte	80                              @ DW_OP_reg0
	.byte	159                             @ DW_OP_stack_value
	.long	.Ltmp213-.Lfunc_begin13
	.long	.Ltmp214-.Lfunc_begin13
	.short	1                               @ Loc expr size
	.byte	80                              @ DW_OP_reg0
	.long	.Ltmp214-.Lfunc_begin13
	.long	.Lfunc_end13-.Lfunc_begin13
	.short	4                               @ Loc expr size
	.byte	243                             @ DW_OP_GNU_entry_value
	.byte	1                               @ 1
	.byte	80                              @ DW_OP_reg0
	.byte	159                             @ DW_OP_stack_value
	.long	0
	.long	0
.Ldebug_loc31:
	.long	-1
	.long	.Lfunc_begin13                  @   base address
	.long	.Lfunc_begin13-.Lfunc_begin13
	.long	.Ltmp215-.Lfunc_begin13
	.short	1                               @ Loc expr size
	.byte	81                              @ DW_OP_reg1
	.long	.Ltmp215-.Lfunc_begin13
	.long	.Lfunc_end13-.Lfunc_begin13
	.short	4                               @ Loc expr size
	.byte	243                             @ DW_OP_GNU_entry_value
	.byte	1                               @ 1
	.byte	81                              @ DW_OP_reg1
	.byte	159                             @ DW_OP_stack_value
	.long	0
	.long	0
.Ldebug_loc32:
	.long	-1
	.long	.Lfunc_begin13                  @   base address
	.long	.Lfunc_begin13-.Lfunc_begin13
	.long	.Ltmp216-.Lfunc_begin13
	.short	1                               @ Loc expr size
	.byte	82                              @ DW_OP_reg2
	.long	.Ltmp216-.Lfunc_begin13
	.long	.Lfunc_end13-.Lfunc_begin13
	.short	4                               @ Loc expr size
	.byte	243                             @ DW_OP_GNU_entry_value
	.byte	1                               @ 1
	.byte	82                              @ DW_OP_reg2
	.byte	159                             @ DW_OP_stack_value
	.long	0
	.long	0
.Ldebug_loc33:
	.long	-1
	.long	.Lfunc_begin14                  @   base address
	.long	.Lfunc_begin14-.Lfunc_begin14
	.long	.Ltmp218-.Lfunc_begin14
	.short	1                               @ Loc expr size
	.byte	80                              @ DW_OP_reg0
	.long	.Ltmp218-.Lfunc_begin14
	.long	.Lfunc_end14-.Lfunc_begin14
	.short	4                               @ Loc expr size
	.byte	243                             @ DW_OP_GNU_entry_value
	.byte	1                               @ 1
	.byte	80                              @ DW_OP_reg0
	.byte	159                             @ DW_OP_stack_value
	.long	0
	.long	0
.Ldebug_loc34:
	.long	-1
	.long	.Lfunc_begin15                  @   base address
	.long	.Lfunc_begin15-.Lfunc_begin15
	.long	.Ltmp220-.Lfunc_begin15
	.short	1                               @ Loc expr size
	.byte	80                              @ DW_OP_reg0
	.long	.Ltmp220-.Lfunc_begin15
	.long	.Lfunc_end15-.Lfunc_begin15
	.short	4                               @ Loc expr size
	.byte	243                             @ DW_OP_GNU_entry_value
	.byte	1                               @ 1
	.byte	80                              @ DW_OP_reg0
	.byte	159                             @ DW_OP_stack_value
	.long	0
	.long	0
.Ldebug_loc35:
	.long	-1
	.long	.Lfunc_begin16                  @   base address
	.long	.Lfunc_begin16-.Lfunc_begin16
	.long	.Ltmp222-.Lfunc_begin16
	.short	1                               @ Loc expr size
	.byte	80                              @ DW_OP_reg0
	.long	.Ltmp222-.Lfunc_begin16
	.long	.Lfunc_end16-.Lfunc_begin16
	.short	4                               @ Loc expr size
	.byte	243                             @ DW_OP_GNU_entry_value
	.byte	1                               @ 1
	.byte	80                              @ DW_OP_reg0
	.byte	159                             @ DW_OP_stack_value
	.long	0
	.long	0
.Ldebug_loc36:
	.long	-1
	.long	.Lfunc_begin17                  @   base address
	.long	.Lfunc_begin17-.Lfunc_begin17
	.long	.Ltmp224-.Lfunc_begin17
	.short	1                               @ Loc expr size
	.byte	80                              @ DW_OP_reg0
	.long	.Ltmp224-.Lfunc_begin17
	.long	.Lfunc_end17-.Lfunc_begin17
	.short	4                               @ Loc expr size
	.byte	243                             @ DW_OP_GNU_entry_value
	.byte	1                               @ 1
	.byte	80                              @ DW_OP_reg0
	.byte	159                             @ DW_OP_stack_value
	.long	0
	.long	0
.Ldebug_loc37:
	.long	-1
	.long	.Lfunc_begin18                  @   base address
	.long	.Lfunc_begin18-.Lfunc_begin18
	.long	.Ltmp226-.Lfunc_begin18
	.short	1                               @ Loc expr size
	.byte	80                              @ DW_OP_reg0
	.long	.Ltmp226-.Lfunc_begin18
	.long	.Lfunc_end18-.Lfunc_begin18
	.short	4                               @ Loc expr size
	.byte	243                             @ DW_OP_GNU_entry_value
	.byte	1                               @ 1
	.byte	80                              @ DW_OP_reg0
	.byte	159                             @ DW_OP_stack_value
	.long	0
	.long	0
.Ldebug_loc38:
	.long	-1
	.long	.Lfunc_begin18                  @   base address
	.long	.Ltmp227-.Lfunc_begin18
	.long	.Lfunc_end18-.Lfunc_begin18
	.short	1                               @ Loc expr size
	.byte	80                              @ DW_OP_reg0
	.long	0
	.long	0
.Ldebug_loc39:
	.long	-1
	.long	.Lfunc_begin19                  @   base address
	.long	.Lfunc_begin19-.Lfunc_begin19
	.long	.Ltmp243-.Lfunc_begin19
	.short	1                               @ Loc expr size
	.byte	80                              @ DW_OP_reg0
	.long	.Ltmp243-.Lfunc_begin19
	.long	.Ltmp245-.Lfunc_begin19
	.short	4                               @ Loc expr size
	.byte	243                             @ DW_OP_GNU_entry_value
	.byte	1                               @ 1
	.byte	80                              @ DW_OP_reg0
	.byte	159                             @ DW_OP_stack_value
	.long	.Ltmp245-.Lfunc_begin19
	.long	.Lfunc_end19-.Lfunc_begin19
	.short	1                               @ Loc expr size
	.byte	80                              @ DW_OP_reg0
	.long	0
	.long	0
.Ldebug_loc40:
	.long	-1
	.long	.Lfunc_begin19                  @   base address
	.long	.Lfunc_begin19-.Lfunc_begin19
	.long	.Ltmp238-.Lfunc_begin19
	.short	1                               @ Loc expr size
	.byte	81                              @ DW_OP_reg1
	.long	.Ltmp238-.Lfunc_begin19
	.long	.Ltmp245-.Lfunc_begin19
	.short	4                               @ Loc expr size
	.byte	243                             @ DW_OP_GNU_entry_value
	.byte	1                               @ 1
	.byte	81                              @ DW_OP_reg1
	.byte	159                             @ DW_OP_stack_value
	.long	.Ltmp245-.Lfunc_begin19
	.long	.Ltmp262-.Lfunc_begin19
	.short	1                               @ Loc expr size
	.byte	81                              @ DW_OP_reg1
	.long	.Ltmp262-.Lfunc_begin19
	.long	.Lfunc_end19-.Lfunc_begin19
	.short	4                               @ Loc expr size
	.byte	243                             @ DW_OP_GNU_entry_value
	.byte	1                               @ 1
	.byte	81                              @ DW_OP_reg1
	.byte	159                             @ DW_OP_stack_value
	.long	0
	.long	0
.Ldebug_loc41:
	.long	-1
	.long	.Lfunc_begin19                  @   base address
	.long	.Ltmp232-.Lfunc_begin19
	.long	.Lfunc_end19-.Lfunc_begin19
	.short	1                               @ Loc expr size
	.byte	92                              @ DW_OP_reg12
	.long	0
	.long	0
.Ldebug_loc42:
	.long	-1
	.long	.Lfunc_begin19                  @   base address
	.long	.Ltmp234-.Lfunc_begin19
	.long	.Ltmp235-.Lfunc_begin19
	.short	3                               @ Loc expr size
	.byte	17                              @ DW_OP_consts
	.byte	0                               @ 0
	.byte	159                             @ DW_OP_stack_value
	.long	.Ltmp235-.Lfunc_begin19
	.long	.Ltmp236-.Lfunc_begin19
	.short	3                               @ Loc expr size
	.byte	17                              @ DW_OP_consts
	.byte	1                               @ 1
	.byte	159                             @ DW_OP_stack_value
	.long	.Ltmp236-.Lfunc_begin19
	.long	.Ltmp237-.Lfunc_begin19
	.short	3                               @ Loc expr size
	.byte	17                              @ DW_OP_consts
	.byte	2                               @ 2
	.byte	159                             @ DW_OP_stack_value
	.long	.Ltmp237-.Lfunc_begin19
	.long	.Ltmp242-.Lfunc_begin19
	.short	3                               @ Loc expr size
	.byte	17                              @ DW_OP_consts
	.byte	3                               @ 3
	.byte	159                             @ DW_OP_stack_value
	.long	.Ltmp249-.Lfunc_begin19
	.long	.Ltmp253-.Lfunc_begin19
	.short	3                               @ Loc expr size
	.byte	17                              @ DW_OP_consts
	.byte	0                               @ 0
	.byte	159                             @ DW_OP_stack_value
	.long	.Ltmp253-.Lfunc_begin19
	.long	.Ltmp257-.Lfunc_begin19
	.short	3                               @ Loc expr size
	.byte	17                              @ DW_OP_consts
	.byte	1                               @ 1
	.byte	159                             @ DW_OP_stack_value
	.long	.Ltmp257-.Lfunc_begin19
	.long	.Ltmp261-.Lfunc_begin19
	.short	3                               @ Loc expr size
	.byte	17                              @ DW_OP_consts
	.byte	2                               @ 2
	.byte	159                             @ DW_OP_stack_value
	.long	.Ltmp261-.Lfunc_begin19
	.long	.Lfunc_end19-.Lfunc_begin19
	.short	3                               @ Loc expr size
	.byte	17                              @ DW_OP_consts
	.byte	3                               @ 3
	.byte	159                             @ DW_OP_stack_value
	.long	0
	.long	0
.Ldebug_loc43:
	.long	-1
	.long	.Lfunc_begin19                  @   base address
	.long	.Ltmp239-.Lfunc_begin19
	.long	.Ltmp242-.Lfunc_begin19
	.short	1                               @ Loc expr size
	.byte	80                              @ DW_OP_reg0
	.long	.Ltmp250-.Lfunc_begin19
	.long	.Lfunc_end19-.Lfunc_begin19
	.short	1                               @ Loc expr size
	.byte	80                              @ DW_OP_reg0
	.long	0
	.long	0
.Ldebug_loc44:
	.long	-1
	.long	.Lfunc_begin19                  @   base address
	.long	.Ltmp239-.Lfunc_begin19
	.long	.Ltmp242-.Lfunc_begin19
	.short	2                               @ Loc expr size
	.byte	51                              @ DW_OP_lit3
	.byte	159                             @ DW_OP_stack_value
	.long	.Ltmp250-.Lfunc_begin19
	.long	.Ltmp254-.Lfunc_begin19
	.short	2                               @ Loc expr size
	.byte	48                              @ DW_OP_lit0
	.byte	159                             @ DW_OP_stack_value
	.long	.Ltmp254-.Lfunc_begin19
	.long	.Ltmp258-.Lfunc_begin19
	.short	2                               @ Loc expr size
	.byte	49                              @ DW_OP_lit1
	.byte	159                             @ DW_OP_stack_value
	.long	.Ltmp258-.Lfunc_begin19
	.long	.Lfunc_end19-.Lfunc_begin19
	.short	2                               @ Loc expr size
	.byte	50                              @ DW_OP_lit2
	.byte	159                             @ DW_OP_stack_value
	.long	0
	.long	0
.Ldebug_loc45:
	.long	-1
	.long	.Lfunc_begin19                  @   base address
	.long	.Ltmp240-.Lfunc_begin19
	.long	.Ltmp241-.Lfunc_begin19
	.short	1                               @ Loc expr size
	.byte	82                              @ DW_OP_reg2
	.long	.Ltmp251-.Lfunc_begin19
	.long	.Ltmp252-.Lfunc_begin19
	.short	1                               @ Loc expr size
	.byte	83                              @ DW_OP_reg3
	.long	.Ltmp255-.Lfunc_begin19
	.long	.Ltmp256-.Lfunc_begin19
	.short	1                               @ Loc expr size
	.byte	83                              @ DW_OP_reg3
	.long	.Ltmp259-.Lfunc_begin19
	.long	.Ltmp260-.Lfunc_begin19
	.short	1                               @ Loc expr size
	.byte	83                              @ DW_OP_reg3
	.long	0
	.long	0
.Ldebug_loc46:
	.long	-1
	.long	.Lfunc_begin19                  @   base address
	.long	.Ltmp242-.Lfunc_begin19
	.long	.Ltmp243-.Lfunc_begin19
	.short	1                               @ Loc expr size
	.byte	80                              @ DW_OP_reg0
	.long	0
	.long	0
.Ldebug_loc47:
	.long	-1
	.long	.Lfunc_begin19                  @   base address
	.long	.Ltmp247-.Lfunc_begin19
	.long	.Ltmp250-.Lfunc_begin19
	.short	8                               @ Loc expr size
	.byte	126                             @ DW_OP_breg14
	.byte	0                               @ 0
	.byte	16                              @ DW_OP_constu
	.byte	255                             @ 65535
	.byte	255                             @ 
	.byte	3                               @ 
	.byte	26                              @ DW_OP_and
	.byte	159                             @ DW_OP_stack_value
	.long	0
	.long	0
.Ldebug_loc48:
	.long	-1
	.long	.Lfunc_begin20                  @   base address
	.long	.Lfunc_begin20-.Lfunc_begin20
	.long	.Ltmp267-.Lfunc_begin20
	.short	1                               @ Loc expr size
	.byte	80                              @ DW_OP_reg0
	.long	.Ltmp267-.Lfunc_begin20
	.long	.Lfunc_end20-.Lfunc_begin20
	.short	4                               @ Loc expr size
	.byte	243                             @ DW_OP_GNU_entry_value
	.byte	1                               @ 1
	.byte	80                              @ DW_OP_reg0
	.byte	159                             @ DW_OP_stack_value
	.long	0
	.long	0
.Ldebug_loc49:
	.long	-1
	.long	.Lfunc_begin20                  @   base address
	.long	.Lfunc_begin20-.Lfunc_begin20
	.long	.Ltmp268-.Lfunc_begin20
	.short	1                               @ Loc expr size
	.byte	81                              @ DW_OP_reg1
	.long	.Ltmp268-.Lfunc_begin20
	.long	.Lfunc_end20-.Lfunc_begin20
	.short	4                               @ Loc expr size
	.byte	243                             @ DW_OP_GNU_entry_value
	.byte	1                               @ 1
	.byte	81                              @ DW_OP_reg1
	.byte	159                             @ DW_OP_stack_value
	.long	0
	.long	0
.Ldebug_loc50:
	.long	-1
	.long	.Lfunc_begin20                  @   base address
	.long	.Lfunc_begin20-.Lfunc_begin20
	.long	.Ltmp264-.Lfunc_begin20
	.short	7                               @ Loc expr size
	.byte	113                             @ DW_OP_breg1
	.byte	0                               @ 0
	.byte	16                              @ DW_OP_constu
	.byte	255                             @ 255
	.byte	1                               @ 
	.byte	26                              @ DW_OP_and
	.byte	159                             @ DW_OP_stack_value
	.long	.Ltmp264-.Lfunc_begin20
	.long	.Ltmp266-.Lfunc_begin20
	.short	1                               @ Loc expr size
	.byte	81                              @ DW_OP_reg1
	.long	0
	.long	0
.Ldebug_loc51:
	.long	-1
	.long	.Lfunc_begin20                  @   base address
	.long	.Ltmp266-.Lfunc_begin20
	.long	.Lfunc_end20-.Lfunc_begin20
	.short	1                               @ Loc expr size
	.byte	83                              @ DW_OP_reg3
	.long	0
	.long	0
.Ldebug_loc52:
	.long	-1
	.long	.Lfunc_begin20                  @   base address
	.long	.Ltmp268-.Lfunc_begin20
	.long	.Ltmp269-.Lfunc_begin20
	.short	20                              @ Loc expr size
	.byte	113                             @ DW_OP_breg1
	.byte	0                               @ 0
	.byte	16                              @ DW_OP_constu
	.byte	128                             @ 64512
	.byte	248                             @ 
	.byte	3                               @ 
	.byte	26                              @ DW_OP_and
	.byte	115                             @ DW_OP_breg3
	.byte	0                               @ 0
	.byte	33                              @ DW_OP_or
	.byte	159                             @ DW_OP_stack_value
	.byte	147                             @ DW_OP_piece
	.byte	2                               @ 2
	.byte	113                             @ DW_OP_breg1
	.byte	0                               @ 0
	.byte	64                              @ DW_OP_lit16
	.byte	37                              @ DW_OP_shr
	.byte	159                             @ DW_OP_stack_value
	.byte	147                             @ DW_OP_piece
	.byte	2                               @ 2
	.long	0
	.long	0
.Ldebug_loc53:
	.long	-1
	.long	.Lfunc_begin21                  @   base address
	.long	.Lfunc_begin21-.Lfunc_begin21
	.long	.Ltmp276-.Lfunc_begin21
	.short	1                               @ Loc expr size
	.byte	80                              @ DW_OP_reg0
	.long	.Ltmp276-.Lfunc_begin21
	.long	.Lfunc_end21-.Lfunc_begin21
	.short	4                               @ Loc expr size
	.byte	243                             @ DW_OP_GNU_entry_value
	.byte	1                               @ 1
	.byte	80                              @ DW_OP_reg0
	.byte	159                             @ DW_OP_stack_value
	.long	0
	.long	0
.Ldebug_loc54:
	.long	-1
	.long	.Lfunc_begin21                  @   base address
	.long	.Lfunc_begin21-.Lfunc_begin21
	.long	.Ltmp274-.Lfunc_begin21
	.short	1                               @ Loc expr size
	.byte	81                              @ DW_OP_reg1
	.long	.Ltmp274-.Lfunc_begin21
	.long	.Ltmp275-.Lfunc_begin21
	.short	4                               @ Loc expr size
	.byte	243                             @ DW_OP_GNU_entry_value
	.byte	1                               @ 1
	.byte	81                              @ DW_OP_reg1
	.byte	159                             @ DW_OP_stack_value
	.long	0
	.long	0
.Ldebug_loc55:
	.long	-1
	.long	.Lfunc_begin21                  @   base address
	.long	.Ltmp272-.Lfunc_begin21
	.long	.Ltmp273-.Lfunc_begin21
	.short	7                               @ Loc expr size
	.byte	113                             @ DW_OP_breg1
	.byte	0                               @ 0
	.byte	16                              @ DW_OP_constu
	.byte	255                             @ 255
	.byte	1                               @ 
	.byte	26                              @ DW_OP_and
	.byte	159                             @ DW_OP_stack_value
	.long	.Ltmp273-.Lfunc_begin21
	.long	.Ltmp274-.Lfunc_begin21
	.short	1                               @ Loc expr size
	.byte	81                              @ DW_OP_reg1
	.long	0
	.long	0
.Ldebug_loc56:
	.long	-1
	.long	.Lfunc_begin21                  @   base address
	.long	.Ltmp272-.Lfunc_begin21
	.long	.Ltmp274-.Lfunc_begin21
	.short	1                               @ Loc expr size
	.byte	81                              @ DW_OP_reg1
	.long	0
	.long	0
.Ldebug_loc57:
	.long	-1
	.long	.Lfunc_begin21                  @   base address
	.long	.Ltmp275-.Lfunc_begin21
	.long	.Lfunc_end21-.Lfunc_begin21
	.short	1                               @ Loc expr size
	.byte	82                              @ DW_OP_reg2
	.long	0
	.long	0
.Ldebug_loc58:
	.long	-1
	.long	.Lfunc_begin21                  @   base address
	.long	.Ltmp277-.Lfunc_begin21
	.long	.Ltmp278-.Lfunc_begin21
	.short	24                              @ Loc expr size
	.byte	113                             @ DW_OP_breg1
	.byte	0                               @ 0
	.byte	159                             @ DW_OP_stack_value
	.byte	147                             @ DW_OP_piece
	.byte	2                               @ 2
	.byte	113                             @ DW_OP_breg1
	.byte	0                               @ 0
	.byte	64                              @ DW_OP_lit16
	.byte	37                              @ DW_OP_shr
	.byte	16                              @ DW_OP_constu
	.byte	128                             @ 64512
	.byte	248                             @ 
	.byte	3                               @ 
	.byte	26                              @ DW_OP_and
	.byte	114                             @ DW_OP_breg2
	.byte	0                               @ 0
	.byte	16                              @ DW_OP_constu
	.byte	255                             @ 1023
	.byte	7                               @ 
	.byte	26                              @ DW_OP_and
	.byte	33                              @ DW_OP_or
	.byte	159                             @ DW_OP_stack_value
	.byte	147                             @ DW_OP_piece
	.byte	2                               @ 2
	.long	0
	.long	0
.Ldebug_loc59:
	.long	-1
	.long	.Lfunc_begin22                  @   base address
	.long	.Lfunc_begin22-.Lfunc_begin22
	.long	.Ltmp280-.Lfunc_begin22
	.short	1                               @ Loc expr size
	.byte	80                              @ DW_OP_reg0
	.long	.Ltmp280-.Lfunc_begin22
	.long	.Lfunc_end22-.Lfunc_begin22
	.short	4                               @ Loc expr size
	.byte	243                             @ DW_OP_GNU_entry_value
	.byte	1                               @ 1
	.byte	80                              @ DW_OP_reg0
	.byte	159                             @ DW_OP_stack_value
	.long	0
	.long	0
.Ldebug_loc60:
	.long	-1
	.long	.Lfunc_begin22                  @   base address
	.long	.Ltmp281-.Lfunc_begin22
	.long	.Lfunc_end22-.Lfunc_begin22
	.short	1                               @ Loc expr size
	.byte	80                              @ DW_OP_reg0
	.long	0
	.long	0
.Ldebug_loc61:
	.long	-1
	.long	.Lfunc_begin23                  @   base address
	.long	.Lfunc_begin23-.Lfunc_begin23
	.long	.Ltmp283-.Lfunc_begin23
	.short	1                               @ Loc expr size
	.byte	80                              @ DW_OP_reg0
	.long	.Ltmp283-.Lfunc_begin23
	.long	.Lfunc_end23-.Lfunc_begin23
	.short	4                               @ Loc expr size
	.byte	243                             @ DW_OP_GNU_entry_value
	.byte	1                               @ 1
	.byte	80                              @ DW_OP_reg0
	.byte	159                             @ DW_OP_stack_value
	.long	0
	.long	0
.Ldebug_loc62:
	.long	-1
	.long	.Lfunc_begin23                  @   base address
	.long	.Ltmp284-.Lfunc_begin23
	.long	.Lfunc_end23-.Lfunc_begin23
	.short	1                               @ Loc expr size
	.byte	80                              @ DW_OP_reg0
	.long	0
	.long	0
	.section	.debug_abbrev,"",%progbits
	.byte	1                               @ Abbreviation Code
	.byte	17                              @ DW_TAG_compile_unit
	.byte	1                               @ DW_CHILDREN_yes
	.byte	37                              @ DW_AT_producer
	.byte	14                              @ DW_FORM_strp
	.byte	19                              @ DW_AT_language
	.byte	5                               @ DW_FORM_data2
	.byte	3                               @ DW_AT_name
	.byte	14                              @ DW_FORM_strp
	.byte	16                              @ DW_AT_stmt_list
	.byte	23                              @ DW_FORM_sec_offset
	.byte	27                              @ DW_AT_comp_dir
	.byte	14                              @ DW_FORM_strp
	.byte	17                              @ DW_AT_low_pc
	.byte	1                               @ DW_FORM_addr
	.byte	85                              @ DW_AT_ranges
	.byte	23                              @ DW_FORM_sec_offset
	.byte	0                               @ EOM(1)
	.byte	0                               @ EOM(2)
	.byte	2                               @ Abbreviation Code
	.byte	52                              @ DW_TAG_variable
	.byte	0                               @ DW_CHILDREN_no
	.byte	73                              @ DW_AT_type
	.byte	19                              @ DW_FORM_ref4
	.byte	58                              @ DW_AT_decl_file
	.byte	11                              @ DW_FORM_data1
	.byte	59                              @ DW_AT_decl_line
	.byte	11                              @ DW_FORM_data1
	.byte	2                               @ DW_AT_location
	.byte	24                              @ DW_FORM_exprloc
	.byte	0                               @ EOM(1)
	.byte	0                               @ EOM(2)
	.byte	3                               @ Abbreviation Code
	.byte	1                               @ DW_TAG_array_type
	.byte	1                               @ DW_CHILDREN_yes
	.byte	73                              @ DW_AT_type
	.byte	19                              @ DW_FORM_ref4
	.byte	0                               @ EOM(1)
	.byte	0                               @ EOM(2)
	.byte	4                               @ Abbreviation Code
	.byte	33                              @ DW_TAG_subrange_type
	.byte	0                               @ DW_CHILDREN_no
	.byte	73                              @ DW_AT_type
	.byte	19                              @ DW_FORM_ref4
	.byte	55                              @ DW_AT_count
	.byte	11                              @ DW_FORM_data1
	.byte	0                               @ EOM(1)
	.byte	0                               @ EOM(2)
	.byte	5                               @ Abbreviation Code
	.byte	36                              @ DW_TAG_base_type
	.byte	0                               @ DW_CHILDREN_no
	.byte	3                               @ DW_AT_name
	.byte	14                              @ DW_FORM_strp
	.byte	62                              @ DW_AT_encoding
	.byte	11                              @ DW_FORM_data1
	.byte	11                              @ DW_AT_byte_size
	.byte	11                              @ DW_FORM_data1
	.byte	0                               @ EOM(1)
	.byte	0                               @ EOM(2)
	.byte	6                               @ Abbreviation Code
	.byte	36                              @ DW_TAG_base_type
	.byte	0                               @ DW_CHILDREN_no
	.byte	3                               @ DW_AT_name
	.byte	14                              @ DW_FORM_strp
	.byte	11                              @ DW_AT_byte_size
	.byte	11                              @ DW_FORM_data1
	.byte	62                              @ DW_AT_encoding
	.byte	11                              @ DW_FORM_data1
	.byte	0                               @ EOM(1)
	.byte	0                               @ EOM(2)
	.byte	7                               @ Abbreviation Code
	.byte	52                              @ DW_TAG_variable
	.byte	0                               @ DW_CHILDREN_no
	.byte	3                               @ DW_AT_name
	.byte	14                              @ DW_FORM_strp
	.byte	73                              @ DW_AT_type
	.byte	19                              @ DW_FORM_ref4
	.byte	58                              @ DW_AT_decl_file
	.byte	11                              @ DW_FORM_data1
	.byte	59                              @ DW_AT_decl_line
	.byte	11                              @ DW_FORM_data1
	.byte	2                               @ DW_AT_location
	.byte	24                              @ DW_FORM_exprloc
	.byte	0                               @ EOM(1)
	.byte	0                               @ EOM(2)
	.byte	8                               @ Abbreviation Code
	.byte	38                              @ DW_TAG_const_type
	.byte	0                               @ DW_CHILDREN_no
	.byte	73                              @ DW_AT_type
	.byte	19                              @ DW_FORM_ref4
	.byte	0                               @ EOM(1)
	.byte	0                               @ EOM(2)
	.byte	9                               @ Abbreviation Code
	.byte	4                               @ DW_TAG_enumeration_type
	.byte	1                               @ DW_CHILDREN_yes
	.byte	73                              @ DW_AT_type
	.byte	19                              @ DW_FORM_ref4
	.byte	3                               @ DW_AT_name
	.byte	14                              @ DW_FORM_strp
	.byte	11                              @ DW_AT_byte_size
	.byte	11                              @ DW_FORM_data1
	.byte	58                              @ DW_AT_decl_file
	.byte	11                              @ DW_FORM_data1
	.byte	59                              @ DW_AT_decl_line
	.byte	5                               @ DW_FORM_data2
	.byte	0                               @ EOM(1)
	.byte	0                               @ EOM(2)
	.byte	10                              @ Abbreviation Code
	.byte	40                              @ DW_TAG_enumerator
	.byte	0                               @ DW_CHILDREN_no
	.byte	3                               @ DW_AT_name
	.byte	14                              @ DW_FORM_strp
	.byte	28                              @ DW_AT_const_value
	.byte	15                              @ DW_FORM_udata
	.byte	0                               @ EOM(1)
	.byte	0                               @ EOM(2)
	.byte	11                              @ Abbreviation Code
	.byte	4                               @ DW_TAG_enumeration_type
	.byte	1                               @ DW_CHILDREN_yes
	.byte	73                              @ DW_AT_type
	.byte	19                              @ DW_FORM_ref4
	.byte	3                               @ DW_AT_name
	.byte	14                              @ DW_FORM_strp
	.byte	11                              @ DW_AT_byte_size
	.byte	11                              @ DW_FORM_data1
	.byte	58                              @ DW_AT_decl_file
	.byte	11                              @ DW_FORM_data1
	.byte	59                              @ DW_AT_decl_line
	.byte	11                              @ DW_FORM_data1
	.byte	0                               @ EOM(1)
	.byte	0                               @ EOM(2)
	.byte	12                              @ Abbreviation Code
	.byte	22                              @ DW_TAG_typedef
	.byte	0                               @ DW_CHILDREN_no
	.byte	73                              @ DW_AT_type
	.byte	19                              @ DW_FORM_ref4
	.byte	3                               @ DW_AT_name
	.byte	14                              @ DW_FORM_strp
	.byte	58                              @ DW_AT_decl_file
	.byte	11                              @ DW_FORM_data1
	.byte	59                              @ DW_AT_decl_line
	.byte	11                              @ DW_FORM_data1
	.byte	0                               @ EOM(1)
	.byte	0                               @ EOM(2)
	.byte	13                              @ Abbreviation Code
	.byte	46                              @ DW_TAG_subprogram
	.byte	1                               @ DW_CHILDREN_yes
	.byte	17                              @ DW_AT_low_pc
	.byte	1                               @ DW_FORM_addr
	.byte	18                              @ DW_AT_high_pc
	.byte	6                               @ DW_FORM_data4
	.byte	64                              @ DW_AT_frame_base
	.byte	24                              @ DW_FORM_exprloc
	.ascii	"\227B"                         @ DW_AT_GNU_all_call_sites
	.byte	25                              @ DW_FORM_flag_present
	.byte	3                               @ DW_AT_name
	.byte	14                              @ DW_FORM_strp
	.byte	58                              @ DW_AT_decl_file
	.byte	11                              @ DW_FORM_data1
	.byte	59                              @ DW_AT_decl_line
	.byte	11                              @ DW_FORM_data1
	.byte	39                              @ DW_AT_prototyped
	.byte	25                              @ DW_FORM_flag_present
	.byte	63                              @ DW_AT_external
	.byte	25                              @ DW_FORM_flag_present
	.byte	0                               @ EOM(1)
	.byte	0                               @ EOM(2)
	.byte	14                              @ Abbreviation Code
	.byte	5                               @ DW_TAG_formal_parameter
	.byte	0                               @ DW_CHILDREN_no
	.byte	2                               @ DW_AT_location
	.byte	23                              @ DW_FORM_sec_offset
	.byte	3                               @ DW_AT_name
	.byte	14                              @ DW_FORM_strp
	.byte	58                              @ DW_AT_decl_file
	.byte	11                              @ DW_FORM_data1
	.byte	59                              @ DW_AT_decl_line
	.byte	11                              @ DW_FORM_data1
	.byte	73                              @ DW_AT_type
	.byte	19                              @ DW_FORM_ref4
	.byte	0                               @ EOM(1)
	.byte	0                               @ EOM(2)
	.byte	15                              @ Abbreviation Code
	.byte	52                              @ DW_TAG_variable
	.byte	0                               @ DW_CHILDREN_no
	.byte	2                               @ DW_AT_location
	.byte	23                              @ DW_FORM_sec_offset
	.byte	3                               @ DW_AT_name
	.byte	14                              @ DW_FORM_strp
	.byte	58                              @ DW_AT_decl_file
	.byte	11                              @ DW_FORM_data1
	.byte	59                              @ DW_AT_decl_line
	.byte	11                              @ DW_FORM_data1
	.byte	73                              @ DW_AT_type
	.byte	19                              @ DW_FORM_ref4
	.byte	0                               @ EOM(1)
	.byte	0                               @ EOM(2)
	.byte	16                              @ Abbreviation Code
	.byte	5                               @ DW_TAG_formal_parameter
	.byte	0                               @ DW_CHILDREN_no
	.byte	2                               @ DW_AT_location
	.byte	24                              @ DW_FORM_exprloc
	.byte	3                               @ DW_AT_name
	.byte	14                              @ DW_FORM_strp
	.byte	58                              @ DW_AT_decl_file
	.byte	11                              @ DW_FORM_data1
	.byte	59                              @ DW_AT_decl_line
	.byte	11                              @ DW_FORM_data1
	.byte	73                              @ DW_AT_type
	.byte	19                              @ DW_FORM_ref4
	.byte	0                               @ EOM(1)
	.byte	0                               @ EOM(2)
	.byte	17                              @ Abbreviation Code
	.ascii	"\211\202\001"                  @ DW_TAG_GNU_call_site
	.byte	0                               @ DW_CHILDREN_no
	.byte	49                              @ DW_AT_abstract_origin
	.byte	19                              @ DW_FORM_ref4
	.ascii	"\225B"                         @ DW_AT_GNU_tail_call
	.byte	25                              @ DW_FORM_flag_present
	.byte	17                              @ DW_AT_low_pc
	.byte	1                               @ DW_FORM_addr
	.byte	0                               @ EOM(1)
	.byte	0                               @ EOM(2)
	.byte	18                              @ Abbreviation Code
	.byte	46                              @ DW_TAG_subprogram
	.byte	1                               @ DW_CHILDREN_yes
	.byte	3                               @ DW_AT_name
	.byte	14                              @ DW_FORM_strp
	.byte	58                              @ DW_AT_decl_file
	.byte	11                              @ DW_FORM_data1
	.byte	59                              @ DW_AT_decl_line
	.byte	5                               @ DW_FORM_data2
	.byte	39                              @ DW_AT_prototyped
	.byte	25                              @ DW_FORM_flag_present
	.byte	60                              @ DW_AT_declaration
	.byte	25                              @ DW_FORM_flag_present
	.byte	63                              @ DW_AT_external
	.byte	25                              @ DW_FORM_flag_present
	.byte	0                               @ EOM(1)
	.byte	0                               @ EOM(2)
	.byte	19                              @ Abbreviation Code
	.byte	5                               @ DW_TAG_formal_parameter
	.byte	0                               @ DW_CHILDREN_no
	.byte	73                              @ DW_AT_type
	.byte	19                              @ DW_FORM_ref4
	.byte	0                               @ EOM(1)
	.byte	0                               @ EOM(2)
	.byte	20                              @ Abbreviation Code
	.byte	15                              @ DW_TAG_pointer_type
	.byte	0                               @ DW_CHILDREN_no
	.byte	73                              @ DW_AT_type
	.byte	19                              @ DW_FORM_ref4
	.byte	0                               @ EOM(1)
	.byte	0                               @ EOM(2)
	.byte	21                              @ Abbreviation Code
	.byte	19                              @ DW_TAG_structure_type
	.byte	1                               @ DW_CHILDREN_yes
	.byte	3                               @ DW_AT_name
	.byte	14                              @ DW_FORM_strp
	.byte	11                              @ DW_AT_byte_size
	.byte	11                              @ DW_FORM_data1
	.byte	58                              @ DW_AT_decl_file
	.byte	11                              @ DW_FORM_data1
	.byte	59                              @ DW_AT_decl_line
	.byte	11                              @ DW_FORM_data1
	.byte	0                               @ EOM(1)
	.byte	0                               @ EOM(2)
	.byte	22                              @ Abbreviation Code
	.byte	13                              @ DW_TAG_member
	.byte	0                               @ DW_CHILDREN_no
	.byte	3                               @ DW_AT_name
	.byte	14                              @ DW_FORM_strp
	.byte	73                              @ DW_AT_type
	.byte	19                              @ DW_FORM_ref4
	.byte	58                              @ DW_AT_decl_file
	.byte	11                              @ DW_FORM_data1
	.byte	59                              @ DW_AT_decl_line
	.byte	11                              @ DW_FORM_data1
	.byte	56                              @ DW_AT_data_member_location
	.byte	11                              @ DW_FORM_data1
	.byte	0                               @ EOM(1)
	.byte	0                               @ EOM(2)
	.byte	23                              @ Abbreviation Code
	.byte	53                              @ DW_TAG_volatile_type
	.byte	0                               @ DW_CHILDREN_no
	.byte	73                              @ DW_AT_type
	.byte	19                              @ DW_FORM_ref4
	.byte	0                               @ EOM(1)
	.byte	0                               @ EOM(2)
	.byte	24                              @ Abbreviation Code
	.byte	19                              @ DW_TAG_structure_type
	.byte	1                               @ DW_CHILDREN_yes
	.byte	3                               @ DW_AT_name
	.byte	14                              @ DW_FORM_strp
	.byte	11                              @ DW_AT_byte_size
	.byte	5                               @ DW_FORM_data2
	.byte	58                              @ DW_AT_decl_file
	.byte	11                              @ DW_FORM_data1
	.byte	59                              @ DW_AT_decl_line
	.byte	5                               @ DW_FORM_data2
	.byte	0                               @ EOM(1)
	.byte	0                               @ EOM(2)
	.byte	25                              @ Abbreviation Code
	.byte	13                              @ DW_TAG_member
	.byte	0                               @ DW_CHILDREN_no
	.byte	3                               @ DW_AT_name
	.byte	14                              @ DW_FORM_strp
	.byte	73                              @ DW_AT_type
	.byte	19                              @ DW_FORM_ref4
	.byte	58                              @ DW_AT_decl_file
	.byte	11                              @ DW_FORM_data1
	.byte	59                              @ DW_AT_decl_line
	.byte	5                               @ DW_FORM_data2
	.byte	56                              @ DW_AT_data_member_location
	.byte	11                              @ DW_FORM_data1
	.byte	0                               @ EOM(1)
	.byte	0                               @ EOM(2)
	.byte	26                              @ Abbreviation Code
	.byte	13                              @ DW_TAG_member
	.byte	0                               @ DW_CHILDREN_no
	.byte	3                               @ DW_AT_name
	.byte	14                              @ DW_FORM_strp
	.byte	73                              @ DW_AT_type
	.byte	19                              @ DW_FORM_ref4
	.byte	58                              @ DW_AT_decl_file
	.byte	11                              @ DW_FORM_data1
	.byte	59                              @ DW_AT_decl_line
	.byte	5                               @ DW_FORM_data2
	.byte	56                              @ DW_AT_data_member_location
	.byte	5                               @ DW_FORM_data2
	.byte	0                               @ EOM(1)
	.byte	0                               @ EOM(2)
	.byte	27                              @ Abbreviation Code
	.byte	19                              @ DW_TAG_structure_type
	.byte	1                               @ DW_CHILDREN_yes
	.byte	3                               @ DW_AT_name
	.byte	14                              @ DW_FORM_strp
	.byte	11                              @ DW_AT_byte_size
	.byte	11                              @ DW_FORM_data1
	.byte	58                              @ DW_AT_decl_file
	.byte	11                              @ DW_FORM_data1
	.byte	59                              @ DW_AT_decl_line
	.byte	5                               @ DW_FORM_data2
	.byte	0                               @ EOM(1)
	.byte	0                               @ EOM(2)
	.byte	28                              @ Abbreviation Code
	.byte	13                              @ DW_TAG_member
	.byte	0                               @ DW_CHILDREN_no
	.byte	73                              @ DW_AT_type
	.byte	19                              @ DW_FORM_ref4
	.byte	58                              @ DW_AT_decl_file
	.byte	11                              @ DW_FORM_data1
	.byte	59                              @ DW_AT_decl_line
	.byte	5                               @ DW_FORM_data2
	.byte	56                              @ DW_AT_data_member_location
	.byte	11                              @ DW_FORM_data1
	.byte	0                               @ EOM(1)
	.byte	0                               @ EOM(2)
	.byte	29                              @ Abbreviation Code
	.byte	23                              @ DW_TAG_union_type
	.byte	1                               @ DW_CHILDREN_yes
	.byte	11                              @ DW_AT_byte_size
	.byte	11                              @ DW_FORM_data1
	.byte	58                              @ DW_AT_decl_file
	.byte	11                              @ DW_FORM_data1
	.byte	59                              @ DW_AT_decl_line
	.byte	5                               @ DW_FORM_data2
	.byte	0                               @ EOM(1)
	.byte	0                               @ EOM(2)
	.byte	30                              @ Abbreviation Code
	.byte	19                              @ DW_TAG_structure_type
	.byte	1                               @ DW_CHILDREN_yes
	.byte	11                              @ DW_AT_byte_size
	.byte	11                              @ DW_FORM_data1
	.byte	58                              @ DW_AT_decl_file
	.byte	11                              @ DW_FORM_data1
	.byte	59                              @ DW_AT_decl_line
	.byte	5                               @ DW_FORM_data2
	.byte	0                               @ EOM(1)
	.byte	0                               @ EOM(2)
	.byte	31                              @ Abbreviation Code
	.byte	13                              @ DW_TAG_member
	.byte	0                               @ DW_CHILDREN_no
	.byte	3                               @ DW_AT_name
	.byte	14                              @ DW_FORM_strp
	.byte	73                              @ DW_AT_type
	.byte	19                              @ DW_FORM_ref4
	.byte	58                              @ DW_AT_decl_file
	.byte	11                              @ DW_FORM_data1
	.byte	59                              @ DW_AT_decl_line
	.byte	5                               @ DW_FORM_data2
	.byte	13                              @ DW_AT_bit_size
	.byte	11                              @ DW_FORM_data1
	.byte	107                             @ DW_AT_data_bit_offset
	.byte	11                              @ DW_FORM_data1
	.byte	0                               @ EOM(1)
	.byte	0                               @ EOM(2)
	.byte	32                              @ Abbreviation Code
	.byte	33                              @ DW_TAG_subrange_type
	.byte	0                               @ DW_CHILDREN_no
	.byte	73                              @ DW_AT_type
	.byte	19                              @ DW_FORM_ref4
	.byte	55                              @ DW_AT_count
	.byte	5                               @ DW_FORM_data2
	.byte	0                               @ EOM(1)
	.byte	0                               @ EOM(2)
	.byte	33                              @ Abbreviation Code
	.byte	38                              @ DW_TAG_const_type
	.byte	0                               @ DW_CHILDREN_no
	.byte	0                               @ EOM(1)
	.byte	0                               @ EOM(2)
	.byte	34                              @ Abbreviation Code
	.byte	15                              @ DW_TAG_pointer_type
	.byte	0                               @ DW_CHILDREN_no
	.byte	0                               @ EOM(1)
	.byte	0                               @ EOM(2)
	.byte	35                              @ Abbreviation Code
	.byte	46                              @ DW_TAG_subprogram
	.byte	0                               @ DW_CHILDREN_no
	.byte	17                              @ DW_AT_low_pc
	.byte	1                               @ DW_FORM_addr
	.byte	18                              @ DW_AT_high_pc
	.byte	6                               @ DW_FORM_data4
	.byte	64                              @ DW_AT_frame_base
	.byte	24                              @ DW_FORM_exprloc
	.ascii	"\227B"                         @ DW_AT_GNU_all_call_sites
	.byte	25                              @ DW_FORM_flag_present
	.byte	3                               @ DW_AT_name
	.byte	14                              @ DW_FORM_strp
	.byte	58                              @ DW_AT_decl_file
	.byte	11                              @ DW_FORM_data1
	.byte	59                              @ DW_AT_decl_line
	.byte	11                              @ DW_FORM_data1
	.byte	39                              @ DW_AT_prototyped
	.byte	25                              @ DW_FORM_flag_present
	.byte	73                              @ DW_AT_type
	.byte	19                              @ DW_FORM_ref4
	.byte	63                              @ DW_AT_external
	.byte	25                              @ DW_FORM_flag_present
	.byte	0                               @ EOM(1)
	.byte	0                               @ EOM(2)
	.byte	36                              @ Abbreviation Code
	.byte	46                              @ DW_TAG_subprogram
	.byte	1                               @ DW_CHILDREN_yes
	.byte	3                               @ DW_AT_name
	.byte	14                              @ DW_FORM_strp
	.byte	58                              @ DW_AT_decl_file
	.byte	11                              @ DW_FORM_data1
	.byte	59                              @ DW_AT_decl_line
	.byte	11                              @ DW_FORM_data1
	.byte	39                              @ DW_AT_prototyped
	.byte	25                              @ DW_FORM_flag_present
	.byte	73                              @ DW_AT_type
	.byte	19                              @ DW_FORM_ref4
	.byte	32                              @ DW_AT_inline
	.byte	11                              @ DW_FORM_data1
	.byte	0                               @ EOM(1)
	.byte	0                               @ EOM(2)
	.byte	37                              @ Abbreviation Code
	.byte	5                               @ DW_TAG_formal_parameter
	.byte	0                               @ DW_CHILDREN_no
	.byte	3                               @ DW_AT_name
	.byte	14                              @ DW_FORM_strp
	.byte	58                              @ DW_AT_decl_file
	.byte	11                              @ DW_FORM_data1
	.byte	59                              @ DW_AT_decl_line
	.byte	11                              @ DW_FORM_data1
	.byte	73                              @ DW_AT_type
	.byte	19                              @ DW_FORM_ref4
	.byte	0                               @ EOM(1)
	.byte	0                               @ EOM(2)
	.byte	38                              @ Abbreviation Code
	.byte	52                              @ DW_TAG_variable
	.byte	0                               @ DW_CHILDREN_no
	.byte	3                               @ DW_AT_name
	.byte	14                              @ DW_FORM_strp
	.byte	58                              @ DW_AT_decl_file
	.byte	11                              @ DW_FORM_data1
	.byte	59                              @ DW_AT_decl_line
	.byte	11                              @ DW_FORM_data1
	.byte	73                              @ DW_AT_type
	.byte	19                              @ DW_FORM_ref4
	.byte	0                               @ EOM(1)
	.byte	0                               @ EOM(2)
	.byte	39                              @ Abbreviation Code
	.byte	29                              @ DW_TAG_inlined_subroutine
	.byte	1                               @ DW_CHILDREN_yes
	.byte	49                              @ DW_AT_abstract_origin
	.byte	19                              @ DW_FORM_ref4
	.byte	17                              @ DW_AT_low_pc
	.byte	1                               @ DW_FORM_addr
	.byte	18                              @ DW_AT_high_pc
	.byte	6                               @ DW_FORM_data4
	.byte	88                              @ DW_AT_call_file
	.byte	11                              @ DW_FORM_data1
	.byte	89                              @ DW_AT_call_line
	.byte	11                              @ DW_FORM_data1
	.byte	87                              @ DW_AT_call_column
	.byte	11                              @ DW_FORM_data1
	.byte	0                               @ EOM(1)
	.byte	0                               @ EOM(2)
	.byte	40                              @ Abbreviation Code
	.byte	5                               @ DW_TAG_formal_parameter
	.byte	0                               @ DW_CHILDREN_no
	.byte	2                               @ DW_AT_location
	.byte	23                              @ DW_FORM_sec_offset
	.byte	49                              @ DW_AT_abstract_origin
	.byte	19                              @ DW_FORM_ref4
	.byte	0                               @ EOM(1)
	.byte	0                               @ EOM(2)
	.byte	41                              @ Abbreviation Code
	.byte	52                              @ DW_TAG_variable
	.byte	0                               @ DW_CHILDREN_no
	.byte	2                               @ DW_AT_location
	.byte	23                              @ DW_FORM_sec_offset
	.byte	49                              @ DW_AT_abstract_origin
	.byte	19                              @ DW_FORM_ref4
	.byte	0                               @ EOM(1)
	.byte	0                               @ EOM(2)
	.byte	42                              @ Abbreviation Code
	.byte	46                              @ DW_TAG_subprogram
	.byte	1                               @ DW_CHILDREN_yes
	.byte	17                              @ DW_AT_low_pc
	.byte	1                               @ DW_FORM_addr
	.byte	18                              @ DW_AT_high_pc
	.byte	6                               @ DW_FORM_data4
	.byte	64                              @ DW_AT_frame_base
	.byte	24                              @ DW_FORM_exprloc
	.ascii	"\227B"                         @ DW_AT_GNU_all_call_sites
	.byte	25                              @ DW_FORM_flag_present
	.byte	3                               @ DW_AT_name
	.byte	14                              @ DW_FORM_strp
	.byte	58                              @ DW_AT_decl_file
	.byte	11                              @ DW_FORM_data1
	.byte	59                              @ DW_AT_decl_line
	.byte	11                              @ DW_FORM_data1
	.byte	39                              @ DW_AT_prototyped
	.byte	25                              @ DW_FORM_flag_present
	.byte	73                              @ DW_AT_type
	.byte	19                              @ DW_FORM_ref4
	.byte	63                              @ DW_AT_external
	.byte	25                              @ DW_FORM_flag_present
	.byte	0                               @ EOM(1)
	.byte	0                               @ EOM(2)
	.byte	43                              @ Abbreviation Code
	.byte	29                              @ DW_TAG_inlined_subroutine
	.byte	1                               @ DW_CHILDREN_yes
	.byte	49                              @ DW_AT_abstract_origin
	.byte	19                              @ DW_FORM_ref4
	.byte	85                              @ DW_AT_ranges
	.byte	23                              @ DW_FORM_sec_offset
	.byte	88                              @ DW_AT_call_file
	.byte	11                              @ DW_FORM_data1
	.byte	89                              @ DW_AT_call_line
	.byte	11                              @ DW_FORM_data1
	.byte	87                              @ DW_AT_call_column
	.byte	11                              @ DW_FORM_data1
	.byte	0                               @ EOM(1)
	.byte	0                               @ EOM(2)
	.byte	44                              @ Abbreviation Code
	.byte	46                              @ DW_TAG_subprogram
	.byte	1                               @ DW_CHILDREN_yes
	.byte	17                              @ DW_AT_low_pc
	.byte	1                               @ DW_FORM_addr
	.byte	18                              @ DW_AT_high_pc
	.byte	6                               @ DW_FORM_data4
	.byte	64                              @ DW_AT_frame_base
	.byte	24                              @ DW_FORM_exprloc
	.ascii	"\227B"                         @ DW_AT_GNU_all_call_sites
	.byte	25                              @ DW_FORM_flag_present
	.byte	49                              @ DW_AT_abstract_origin
	.byte	19                              @ DW_FORM_ref4
	.byte	0                               @ EOM(1)
	.byte	0                               @ EOM(2)
	.byte	45                              @ Abbreviation Code
	.byte	5                               @ DW_TAG_formal_parameter
	.byte	0                               @ DW_CHILDREN_no
	.byte	2                               @ DW_AT_location
	.byte	24                              @ DW_FORM_exprloc
	.byte	49                              @ DW_AT_abstract_origin
	.byte	19                              @ DW_FORM_ref4
	.byte	0                               @ EOM(1)
	.byte	0                               @ EOM(2)
	.byte	46                              @ Abbreviation Code
	.byte	52                              @ DW_TAG_variable
	.byte	0                               @ DW_CHILDREN_no
	.byte	49                              @ DW_AT_abstract_origin
	.byte	19                              @ DW_FORM_ref4
	.byte	0                               @ EOM(1)
	.byte	0                               @ EOM(2)
	.byte	47                              @ Abbreviation Code
	.byte	46                              @ DW_TAG_subprogram
	.byte	1                               @ DW_CHILDREN_yes
	.byte	3                               @ DW_AT_name
	.byte	14                              @ DW_FORM_strp
	.byte	58                              @ DW_AT_decl_file
	.byte	11                              @ DW_FORM_data1
	.byte	59                              @ DW_AT_decl_line
	.byte	11                              @ DW_FORM_data1
	.byte	39                              @ DW_AT_prototyped
	.byte	25                              @ DW_FORM_flag_present
	.byte	73                              @ DW_AT_type
	.byte	19                              @ DW_FORM_ref4
	.byte	63                              @ DW_AT_external
	.byte	25                              @ DW_FORM_flag_present
	.byte	32                              @ DW_AT_inline
	.byte	11                              @ DW_FORM_data1
	.byte	0                               @ EOM(1)
	.byte	0                               @ EOM(2)
	.byte	48                              @ Abbreviation Code
	.byte	46                              @ DW_TAG_subprogram
	.byte	1                               @ DW_CHILDREN_yes
	.byte	3                               @ DW_AT_name
	.byte	14                              @ DW_FORM_strp
	.byte	58                              @ DW_AT_decl_file
	.byte	11                              @ DW_FORM_data1
	.byte	59                              @ DW_AT_decl_line
	.byte	11                              @ DW_FORM_data1
	.byte	39                              @ DW_AT_prototyped
	.byte	25                              @ DW_FORM_flag_present
	.byte	63                              @ DW_AT_external
	.byte	25                              @ DW_FORM_flag_present
	.byte	32                              @ DW_AT_inline
	.byte	11                              @ DW_FORM_data1
	.byte	0                               @ EOM(1)
	.byte	0                               @ EOM(2)
	.byte	49                              @ Abbreviation Code
	.byte	5                               @ DW_TAG_formal_parameter
	.byte	0                               @ DW_CHILDREN_no
	.byte	28                              @ DW_AT_const_value
	.byte	15                              @ DW_FORM_udata
	.byte	49                              @ DW_AT_abstract_origin
	.byte	19                              @ DW_FORM_ref4
	.byte	0                               @ EOM(1)
	.byte	0                               @ EOM(2)
	.byte	50                              @ Abbreviation Code
	.byte	11                              @ DW_TAG_lexical_block
	.byte	1                               @ DW_CHILDREN_yes
	.byte	85                              @ DW_AT_ranges
	.byte	23                              @ DW_FORM_sec_offset
	.byte	0                               @ EOM(1)
	.byte	0                               @ EOM(2)
	.byte	51                              @ Abbreviation Code
	.byte	52                              @ DW_TAG_variable
	.byte	0                               @ DW_CHILDREN_no
	.byte	2                               @ DW_AT_location
	.byte	23                              @ DW_FORM_sec_offset
	.byte	3                               @ DW_AT_name
	.byte	14                              @ DW_FORM_strp
	.byte	58                              @ DW_AT_decl_file
	.byte	11                              @ DW_FORM_data1
	.byte	59                              @ DW_AT_decl_line
	.byte	5                               @ DW_FORM_data2
	.byte	73                              @ DW_AT_type
	.byte	19                              @ DW_FORM_ref4
	.byte	0                               @ EOM(1)
	.byte	0                               @ EOM(2)
	.byte	52                              @ Abbreviation Code
	.byte	29                              @ DW_TAG_inlined_subroutine
	.byte	1                               @ DW_CHILDREN_yes
	.byte	49                              @ DW_AT_abstract_origin
	.byte	19                              @ DW_FORM_ref4
	.byte	85                              @ DW_AT_ranges
	.byte	23                              @ DW_FORM_sec_offset
	.byte	88                              @ DW_AT_call_file
	.byte	11                              @ DW_FORM_data1
	.byte	89                              @ DW_AT_call_line
	.byte	5                               @ DW_FORM_data2
	.byte	87                              @ DW_AT_call_column
	.byte	11                              @ DW_FORM_data1
	.byte	0                               @ EOM(1)
	.byte	0                               @ EOM(2)
	.byte	53                              @ Abbreviation Code
	.byte	29                              @ DW_TAG_inlined_subroutine
	.byte	1                               @ DW_CHILDREN_yes
	.byte	49                              @ DW_AT_abstract_origin
	.byte	19                              @ DW_FORM_ref4
	.byte	17                              @ DW_AT_low_pc
	.byte	1                               @ DW_FORM_addr
	.byte	18                              @ DW_AT_high_pc
	.byte	6                               @ DW_FORM_data4
	.byte	88                              @ DW_AT_call_file
	.byte	11                              @ DW_FORM_data1
	.byte	89                              @ DW_AT_call_line
	.byte	5                               @ DW_FORM_data2
	.byte	87                              @ DW_AT_call_column
	.byte	11                              @ DW_FORM_data1
	.byte	0                               @ EOM(1)
	.byte	0                               @ EOM(2)
	.byte	54                              @ Abbreviation Code
	.byte	11                              @ DW_TAG_lexical_block
	.byte	1                               @ DW_CHILDREN_yes
	.byte	17                              @ DW_AT_low_pc
	.byte	1                               @ DW_FORM_addr
	.byte	18                              @ DW_AT_high_pc
	.byte	6                               @ DW_FORM_data4
	.byte	0                               @ EOM(1)
	.byte	0                               @ EOM(2)
	.byte	55                              @ Abbreviation Code
	.byte	46                              @ DW_TAG_subprogram
	.byte	1                               @ DW_CHILDREN_yes
	.byte	17                              @ DW_AT_low_pc
	.byte	1                               @ DW_FORM_addr
	.byte	18                              @ DW_AT_high_pc
	.byte	6                               @ DW_FORM_data4
	.byte	64                              @ DW_AT_frame_base
	.byte	24                              @ DW_FORM_exprloc
	.ascii	"\227B"                         @ DW_AT_GNU_all_call_sites
	.byte	25                              @ DW_FORM_flag_present
	.byte	3                               @ DW_AT_name
	.byte	14                              @ DW_FORM_strp
	.byte	58                              @ DW_AT_decl_file
	.byte	11                              @ DW_FORM_data1
	.byte	59                              @ DW_AT_decl_line
	.byte	5                               @ DW_FORM_data2
	.byte	39                              @ DW_AT_prototyped
	.byte	25                              @ DW_FORM_flag_present
	.byte	63                              @ DW_AT_external
	.byte	25                              @ DW_FORM_flag_present
	.byte	0                               @ EOM(1)
	.byte	0                               @ EOM(2)
	.byte	56                              @ Abbreviation Code
	.byte	5                               @ DW_TAG_formal_parameter
	.byte	0                               @ DW_CHILDREN_no
	.byte	2                               @ DW_AT_location
	.byte	23                              @ DW_FORM_sec_offset
	.byte	3                               @ DW_AT_name
	.byte	14                              @ DW_FORM_strp
	.byte	58                              @ DW_AT_decl_file
	.byte	11                              @ DW_FORM_data1
	.byte	59                              @ DW_AT_decl_line
	.byte	5                               @ DW_FORM_data2
	.byte	73                              @ DW_AT_type
	.byte	19                              @ DW_FORM_ref4
	.byte	0                               @ EOM(1)
	.byte	0                               @ EOM(2)
	.byte	57                              @ Abbreviation Code
	.byte	46                              @ DW_TAG_subprogram
	.byte	1                               @ DW_CHILDREN_yes
	.byte	17                              @ DW_AT_low_pc
	.byte	1                               @ DW_FORM_addr
	.byte	18                              @ DW_AT_high_pc
	.byte	6                               @ DW_FORM_data4
	.byte	64                              @ DW_AT_frame_base
	.byte	24                              @ DW_FORM_exprloc
	.ascii	"\227B"                         @ DW_AT_GNU_all_call_sites
	.byte	25                              @ DW_FORM_flag_present
	.byte	3                               @ DW_AT_name
	.byte	14                              @ DW_FORM_strp
	.byte	58                              @ DW_AT_decl_file
	.byte	11                              @ DW_FORM_data1
	.byte	59                              @ DW_AT_decl_line
	.byte	5                               @ DW_FORM_data2
	.byte	39                              @ DW_AT_prototyped
	.byte	25                              @ DW_FORM_flag_present
	.byte	73                              @ DW_AT_type
	.byte	19                              @ DW_FORM_ref4
	.byte	63                              @ DW_AT_external
	.byte	25                              @ DW_FORM_flag_present
	.byte	0                               @ EOM(1)
	.byte	0                               @ EOM(2)
	.byte	0                               @ EOM(3)
	.section	.debug_info,"",%progbits
.Lcu_begin0:
	.long	.Ldebug_info_end0-.Ldebug_info_start0 @ Length of Unit
.Ldebug_info_start0:
	.short	4                               @ DWARF version number
	.long	.debug_abbrev                   @ Offset Into Abbrev. Section
	.byte	4                               @ Address Size (in bytes)
	.byte	1                               @ Abbrev [1] 0xb:0x5210 DW_TAG_compile_unit
	.long	.Linfo_string0                  @ DW_AT_producer
	.short	29                              @ DW_AT_language
	.long	.Linfo_string1                  @ DW_AT_name
	.long	.Lline_table_start0             @ DW_AT_stmt_list
	.long	.Linfo_string2                  @ DW_AT_comp_dir
	.long	0                               @ DW_AT_low_pc
	.long	.Ldebug_ranges5                 @ DW_AT_ranges
	.byte	2                               @ Abbrev [2] 0x26:0xd DW_TAG_variable
	.long	51                              @ DW_AT_type
	.byte	1                               @ DW_AT_decl_file
	.byte	113                             @ DW_AT_decl_line
	.byte	5                               @ DW_AT_location
	.byte	3
	.long	.L.str
	.byte	3                               @ Abbrev [3] 0x33:0xc DW_TAG_array_type
	.long	63                              @ DW_AT_type
	.byte	4                               @ Abbrev [4] 0x38:0x6 DW_TAG_subrange_type
	.long	70                              @ DW_AT_type
	.byte	27                              @ DW_AT_count
	.byte	0                               @ End Of Children Mark
	.byte	5                               @ Abbrev [5] 0x3f:0x7 DW_TAG_base_type
	.long	.Linfo_string3                  @ DW_AT_name
	.byte	8                               @ DW_AT_encoding
	.byte	1                               @ DW_AT_byte_size
	.byte	6                               @ Abbrev [6] 0x46:0x7 DW_TAG_base_type
	.long	.Linfo_string4                  @ DW_AT_name
	.byte	8                               @ DW_AT_byte_size
	.byte	7                               @ DW_AT_encoding
	.byte	2                               @ Abbrev [2] 0x4d:0xd DW_TAG_variable
	.long	90                              @ DW_AT_type
	.byte	1                               @ DW_AT_decl_file
	.byte	113                             @ DW_AT_decl_line
	.byte	5                               @ DW_AT_location
	.byte	3
	.long	.L.str.1
	.byte	3                               @ Abbrev [3] 0x5a:0xc DW_TAG_array_type
	.long	63                              @ DW_AT_type
	.byte	4                               @ Abbrev [4] 0x5f:0x6 DW_TAG_subrange_type
	.long	70                              @ DW_AT_type
	.byte	51                              @ DW_AT_count
	.byte	0                               @ End Of Children Mark
	.byte	7                               @ Abbrev [7] 0x66:0x11 DW_TAG_variable
	.long	.Linfo_string5                  @ DW_AT_name
	.long	119                             @ DW_AT_type
	.byte	1                               @ DW_AT_decl_file
	.byte	53                              @ DW_AT_decl_line
	.byte	5                               @ DW_AT_location
	.byte	3
	.long	eventbyid
	.byte	3                               @ Abbrev [3] 0x77:0xc DW_TAG_array_type
	.long	131                             @ DW_AT_type
	.byte	4                               @ Abbrev [4] 0x7c:0x6 DW_TAG_subrange_type
	.long	70                              @ DW_AT_type
	.byte	74                              @ DW_AT_count
	.byte	0                               @ End Of Children Mark
	.byte	8                               @ Abbrev [8] 0x83:0x5 DW_TAG_const_type
	.long	136                             @ DW_AT_type
	.byte	9                               @ Abbrev [9] 0x88:0x1ee DW_TAG_enumeration_type
	.long	630                             @ DW_AT_type
	.long	.Linfo_string81                 @ DW_AT_name
	.byte	2                               @ DW_AT_byte_size
	.byte	2                               @ DW_AT_decl_file
	.short	1105                            @ DW_AT_decl_line
	.byte	10                              @ Abbrev [10] 0x95:0x6 DW_TAG_enumerator
	.long	.Linfo_string7                  @ DW_AT_name
	.byte	0                               @ DW_AT_const_value
	.byte	10                              @ Abbrev [10] 0x9b:0x6 DW_TAG_enumerator
	.long	.Linfo_string8                  @ DW_AT_name
	.byte	17                              @ DW_AT_const_value
	.byte	10                              @ Abbrev [10] 0xa1:0x6 DW_TAG_enumerator
	.long	.Linfo_string9                  @ DW_AT_name
	.byte	32                              @ DW_AT_const_value
	.byte	10                              @ Abbrev [10] 0xa7:0x6 DW_TAG_enumerator
	.long	.Linfo_string10                 @ DW_AT_name
	.byte	33                              @ DW_AT_const_value
	.byte	10                              @ Abbrev [10] 0xad:0x6 DW_TAG_enumerator
	.long	.Linfo_string11                 @ DW_AT_name
	.byte	34                              @ DW_AT_const_value
	.byte	10                              @ Abbrev [10] 0xb3:0x6 DW_TAG_enumerator
	.long	.Linfo_string12                 @ DW_AT_name
	.byte	35                              @ DW_AT_const_value
	.byte	10                              @ Abbrev [10] 0xb9:0x6 DW_TAG_enumerator
	.long	.Linfo_string13                 @ DW_AT_name
	.byte	48                              @ DW_AT_const_value
	.byte	10                              @ Abbrev [10] 0xbf:0x6 DW_TAG_enumerator
	.long	.Linfo_string14                 @ DW_AT_name
	.byte	49                              @ DW_AT_const_value
	.byte	10                              @ Abbrev [10] 0xc5:0x6 DW_TAG_enumerator
	.long	.Linfo_string15                 @ DW_AT_name
	.byte	50                              @ DW_AT_const_value
	.byte	10                              @ Abbrev [10] 0xcb:0x6 DW_TAG_enumerator
	.long	.Linfo_string16                 @ DW_AT_name
	.byte	51                              @ DW_AT_const_value
	.byte	10                              @ Abbrev [10] 0xd1:0x6 DW_TAG_enumerator
	.long	.Linfo_string17                 @ DW_AT_name
	.byte	52                              @ DW_AT_const_value
	.byte	10                              @ Abbrev [10] 0xd7:0x6 DW_TAG_enumerator
	.long	.Linfo_string18                 @ DW_AT_name
	.byte	53                              @ DW_AT_const_value
	.byte	10                              @ Abbrev [10] 0xdd:0x6 DW_TAG_enumerator
	.long	.Linfo_string19                 @ DW_AT_name
	.byte	54                              @ DW_AT_const_value
	.byte	10                              @ Abbrev [10] 0xe3:0x6 DW_TAG_enumerator
	.long	.Linfo_string20                 @ DW_AT_name
	.byte	55                              @ DW_AT_const_value
	.byte	10                              @ Abbrev [10] 0xe9:0x6 DW_TAG_enumerator
	.long	.Linfo_string21                 @ DW_AT_name
	.byte	56                              @ DW_AT_const_value
	.byte	10                              @ Abbrev [10] 0xef:0x6 DW_TAG_enumerator
	.long	.Linfo_string22                 @ DW_AT_name
	.byte	57                              @ DW_AT_const_value
	.byte	10                              @ Abbrev [10] 0xf5:0x6 DW_TAG_enumerator
	.long	.Linfo_string23                 @ DW_AT_name
	.byte	58                              @ DW_AT_const_value
	.byte	10                              @ Abbrev [10] 0xfb:0x6 DW_TAG_enumerator
	.long	.Linfo_string24                 @ DW_AT_name
	.byte	64                              @ DW_AT_const_value
	.byte	10                              @ Abbrev [10] 0x101:0x6 DW_TAG_enumerator
	.long	.Linfo_string25                 @ DW_AT_name
	.byte	65                              @ DW_AT_const_value
	.byte	10                              @ Abbrev [10] 0x107:0x6 DW_TAG_enumerator
	.long	.Linfo_string26                 @ DW_AT_name
	.byte	66                              @ DW_AT_const_value
	.byte	10                              @ Abbrev [10] 0x10d:0x6 DW_TAG_enumerator
	.long	.Linfo_string27                 @ DW_AT_name
	.byte	67                              @ DW_AT_const_value
	.byte	10                              @ Abbrev [10] 0x113:0x6 DW_TAG_enumerator
	.long	.Linfo_string28                 @ DW_AT_name
	.byte	68                              @ DW_AT_const_value
	.byte	10                              @ Abbrev [10] 0x119:0x6 DW_TAG_enumerator
	.long	.Linfo_string29                 @ DW_AT_name
	.byte	69                              @ DW_AT_const_value
	.byte	10                              @ Abbrev [10] 0x11f:0x6 DW_TAG_enumerator
	.long	.Linfo_string30                 @ DW_AT_name
	.byte	70                              @ DW_AT_const_value
	.byte	10                              @ Abbrev [10] 0x125:0x6 DW_TAG_enumerator
	.long	.Linfo_string31                 @ DW_AT_name
	.byte	71                              @ DW_AT_const_value
	.byte	10                              @ Abbrev [10] 0x12b:0x6 DW_TAG_enumerator
	.long	.Linfo_string32                 @ DW_AT_name
	.byte	72                              @ DW_AT_const_value
	.byte	10                              @ Abbrev [10] 0x131:0x6 DW_TAG_enumerator
	.long	.Linfo_string33                 @ DW_AT_name
	.byte	80                              @ DW_AT_const_value
	.byte	10                              @ Abbrev [10] 0x137:0x6 DW_TAG_enumerator
	.long	.Linfo_string34                 @ DW_AT_name
	.byte	81                              @ DW_AT_const_value
	.byte	10                              @ Abbrev [10] 0x13d:0x6 DW_TAG_enumerator
	.long	.Linfo_string35                 @ DW_AT_name
	.byte	82                              @ DW_AT_const_value
	.byte	10                              @ Abbrev [10] 0x143:0x6 DW_TAG_enumerator
	.long	.Linfo_string36                 @ DW_AT_name
	.byte	83                              @ DW_AT_const_value
	.byte	10                              @ Abbrev [10] 0x149:0x6 DW_TAG_enumerator
	.long	.Linfo_string37                 @ DW_AT_name
	.byte	84                              @ DW_AT_const_value
	.byte	10                              @ Abbrev [10] 0x14f:0x6 DW_TAG_enumerator
	.long	.Linfo_string38                 @ DW_AT_name
	.byte	85                              @ DW_AT_const_value
	.byte	10                              @ Abbrev [10] 0x155:0x6 DW_TAG_enumerator
	.long	.Linfo_string39                 @ DW_AT_name
	.byte	86                              @ DW_AT_const_value
	.byte	10                              @ Abbrev [10] 0x15b:0x6 DW_TAG_enumerator
	.long	.Linfo_string40                 @ DW_AT_name
	.byte	87                              @ DW_AT_const_value
	.byte	10                              @ Abbrev [10] 0x161:0x6 DW_TAG_enumerator
	.long	.Linfo_string41                 @ DW_AT_name
	.byte	88                              @ DW_AT_const_value
	.byte	10                              @ Abbrev [10] 0x167:0x6 DW_TAG_enumerator
	.long	.Linfo_string42                 @ DW_AT_name
	.byte	89                              @ DW_AT_const_value
	.byte	10                              @ Abbrev [10] 0x16d:0x6 DW_TAG_enumerator
	.long	.Linfo_string43                 @ DW_AT_name
	.byte	90                              @ DW_AT_const_value
	.byte	10                              @ Abbrev [10] 0x173:0x6 DW_TAG_enumerator
	.long	.Linfo_string44                 @ DW_AT_name
	.byte	91                              @ DW_AT_const_value
	.byte	10                              @ Abbrev [10] 0x179:0x7 DW_TAG_enumerator
	.long	.Linfo_string45                 @ DW_AT_name
	.ascii	"\200\001"                      @ DW_AT_const_value
	.byte	10                              @ Abbrev [10] 0x180:0x7 DW_TAG_enumerator
	.long	.Linfo_string46                 @ DW_AT_name
	.ascii	"\201\001"                      @ DW_AT_const_value
	.byte	10                              @ Abbrev [10] 0x187:0x7 DW_TAG_enumerator
	.long	.Linfo_string47                 @ DW_AT_name
	.ascii	"\202\001"                      @ DW_AT_const_value
	.byte	10                              @ Abbrev [10] 0x18e:0x7 DW_TAG_enumerator
	.long	.Linfo_string48                 @ DW_AT_name
	.ascii	"\203\001"                      @ DW_AT_const_value
	.byte	10                              @ Abbrev [10] 0x195:0x7 DW_TAG_enumerator
	.long	.Linfo_string49                 @ DW_AT_name
	.ascii	"\204\001"                      @ DW_AT_const_value
	.byte	10                              @ Abbrev [10] 0x19c:0x7 DW_TAG_enumerator
	.long	.Linfo_string50                 @ DW_AT_name
	.ascii	"\205\001"                      @ DW_AT_const_value
	.byte	10                              @ Abbrev [10] 0x1a3:0x7 DW_TAG_enumerator
	.long	.Linfo_string51                 @ DW_AT_name
	.ascii	"\206\001"                      @ DW_AT_const_value
	.byte	10                              @ Abbrev [10] 0x1aa:0x7 DW_TAG_enumerator
	.long	.Linfo_string52                 @ DW_AT_name
	.ascii	"\207\001"                      @ DW_AT_const_value
	.byte	10                              @ Abbrev [10] 0x1b1:0x7 DW_TAG_enumerator
	.long	.Linfo_string53                 @ DW_AT_name
	.ascii	"\210\001"                      @ DW_AT_const_value
	.byte	10                              @ Abbrev [10] 0x1b8:0x7 DW_TAG_enumerator
	.long	.Linfo_string54                 @ DW_AT_name
	.ascii	"\211\001"                      @ DW_AT_const_value
	.byte	10                              @ Abbrev [10] 0x1bf:0x7 DW_TAG_enumerator
	.long	.Linfo_string55                 @ DW_AT_name
	.ascii	"\214\001"                      @ DW_AT_const_value
	.byte	10                              @ Abbrev [10] 0x1c6:0x7 DW_TAG_enumerator
	.long	.Linfo_string56                 @ DW_AT_name
	.ascii	"\216\001"                      @ DW_AT_const_value
	.byte	10                              @ Abbrev [10] 0x1cd:0x7 DW_TAG_enumerator
	.long	.Linfo_string57                 @ DW_AT_name
	.ascii	"\217\001"                      @ DW_AT_const_value
	.byte	10                              @ Abbrev [10] 0x1d4:0x7 DW_TAG_enumerator
	.long	.Linfo_string58                 @ DW_AT_name
	.ascii	"\240\001"                      @ DW_AT_const_value
	.byte	10                              @ Abbrev [10] 0x1db:0x7 DW_TAG_enumerator
	.long	.Linfo_string59                 @ DW_AT_name
	.ascii	"\241\001"                      @ DW_AT_const_value
	.byte	10                              @ Abbrev [10] 0x1e2:0x7 DW_TAG_enumerator
	.long	.Linfo_string60                 @ DW_AT_name
	.ascii	"\242\001"                      @ DW_AT_const_value
	.byte	10                              @ Abbrev [10] 0x1e9:0x7 DW_TAG_enumerator
	.long	.Linfo_string61                 @ DW_AT_name
	.ascii	"\243\001"                      @ DW_AT_const_value
	.byte	10                              @ Abbrev [10] 0x1f0:0x7 DW_TAG_enumerator
	.long	.Linfo_string62                 @ DW_AT_name
	.ascii	"\244\001"                      @ DW_AT_const_value
	.byte	10                              @ Abbrev [10] 0x1f7:0x7 DW_TAG_enumerator
	.long	.Linfo_string63                 @ DW_AT_name
	.ascii	"\245\001"                      @ DW_AT_const_value
	.byte	10                              @ Abbrev [10] 0x1fe:0x7 DW_TAG_enumerator
	.long	.Linfo_string64                 @ DW_AT_name
	.ascii	"\246\001"                      @ DW_AT_const_value
	.byte	10                              @ Abbrev [10] 0x205:0x7 DW_TAG_enumerator
	.long	.Linfo_string65                 @ DW_AT_name
	.ascii	"\260\001"                      @ DW_AT_const_value
	.byte	10                              @ Abbrev [10] 0x20c:0x7 DW_TAG_enumerator
	.long	.Linfo_string66                 @ DW_AT_name
	.ascii	"\261\001"                      @ DW_AT_const_value
	.byte	10                              @ Abbrev [10] 0x213:0x7 DW_TAG_enumerator
	.long	.Linfo_string67                 @ DW_AT_name
	.ascii	"\200\003"                      @ DW_AT_const_value
	.byte	10                              @ Abbrev [10] 0x21a:0x7 DW_TAG_enumerator
	.long	.Linfo_string68                 @ DW_AT_name
	.ascii	"\201\003"                      @ DW_AT_const_value
	.byte	10                              @ Abbrev [10] 0x221:0x7 DW_TAG_enumerator
	.long	.Linfo_string69                 @ DW_AT_name
	.ascii	"\202\003"                      @ DW_AT_const_value
	.byte	10                              @ Abbrev [10] 0x228:0x7 DW_TAG_enumerator
	.long	.Linfo_string70                 @ DW_AT_name
	.ascii	"\203\003"                      @ DW_AT_const_value
	.byte	10                              @ Abbrev [10] 0x22f:0x7 DW_TAG_enumerator
	.long	.Linfo_string71                 @ DW_AT_name
	.ascii	"\204\003"                      @ DW_AT_const_value
	.byte	10                              @ Abbrev [10] 0x236:0x7 DW_TAG_enumerator
	.long	.Linfo_string72                 @ DW_AT_name
	.ascii	"\205\003"                      @ DW_AT_const_value
	.byte	10                              @ Abbrev [10] 0x23d:0x7 DW_TAG_enumerator
	.long	.Linfo_string73                 @ DW_AT_name
	.ascii	"\206\003"                      @ DW_AT_const_value
	.byte	10                              @ Abbrev [10] 0x244:0x7 DW_TAG_enumerator
	.long	.Linfo_string74                 @ DW_AT_name
	.ascii	"\207\003"                      @ DW_AT_const_value
	.byte	10                              @ Abbrev [10] 0x24b:0x7 DW_TAG_enumerator
	.long	.Linfo_string75                 @ DW_AT_name
	.ascii	"\210\003"                      @ DW_AT_const_value
	.byte	10                              @ Abbrev [10] 0x252:0x7 DW_TAG_enumerator
	.long	.Linfo_string76                 @ DW_AT_name
	.ascii	"\211\003"                      @ DW_AT_const_value
	.byte	10                              @ Abbrev [10] 0x259:0x7 DW_TAG_enumerator
	.long	.Linfo_string77                 @ DW_AT_name
	.ascii	"\214\003"                      @ DW_AT_const_value
	.byte	10                              @ Abbrev [10] 0x260:0x7 DW_TAG_enumerator
	.long	.Linfo_string78                 @ DW_AT_name
	.ascii	"\216\003"                      @ DW_AT_const_value
	.byte	10                              @ Abbrev [10] 0x267:0x7 DW_TAG_enumerator
	.long	.Linfo_string79                 @ DW_AT_name
	.ascii	"\217\003"                      @ DW_AT_const_value
	.byte	10                              @ Abbrev [10] 0x26e:0x7 DW_TAG_enumerator
	.long	.Linfo_string80                 @ DW_AT_name
	.ascii	"\261\003"                      @ DW_AT_const_value
	.byte	0                               @ End Of Children Mark
	.byte	5                               @ Abbrev [5] 0x276:0x7 DW_TAG_base_type
	.long	.Linfo_string6                  @ DW_AT_name
	.byte	7                               @ DW_AT_encoding
	.byte	2                               @ DW_AT_byte_size
	.byte	2                               @ Abbrev [2] 0x27d:0xd DW_TAG_variable
	.long	650                             @ DW_AT_type
	.byte	1                               @ DW_AT_decl_file
	.byte	66                              @ DW_AT_decl_line
	.byte	5                               @ DW_AT_location
	.byte	3
	.long	.L.str.2
	.byte	3                               @ Abbrev [3] 0x28a:0xc DW_TAG_array_type
	.long	63                              @ DW_AT_type
	.byte	4                               @ Abbrev [4] 0x28f:0x6 DW_TAG_subrange_type
	.long	70                              @ DW_AT_type
	.byte	39                              @ DW_AT_count
	.byte	0                               @ End Of Children Mark
	.byte	2                               @ Abbrev [2] 0x296:0xd DW_TAG_variable
	.long	675                             @ DW_AT_type
	.byte	1                               @ DW_AT_decl_file
	.byte	66                              @ DW_AT_decl_line
	.byte	5                               @ DW_AT_location
	.byte	3
	.long	.L.str.3
	.byte	3                               @ Abbrev [3] 0x2a3:0xc DW_TAG_array_type
	.long	63                              @ DW_AT_type
	.byte	4                               @ Abbrev [4] 0x2a8:0x6 DW_TAG_subrange_type
	.long	70                              @ DW_AT_type
	.byte	52                              @ DW_AT_count
	.byte	0                               @ End Of Children Mark
	.byte	11                              @ Abbrev [11] 0x2af:0x1f DW_TAG_enumeration_type
	.long	718                             @ DW_AT_type
	.long	.Linfo_string86                 @ DW_AT_name
	.byte	1                               @ DW_AT_byte_size
	.byte	3                               @ DW_AT_decl_file
	.byte	51                              @ DW_AT_decl_line
	.byte	10                              @ Abbrev [10] 0x2bb:0x6 DW_TAG_enumerator
	.long	.Linfo_string83                 @ DW_AT_name
	.byte	0                               @ DW_AT_const_value
	.byte	10                              @ Abbrev [10] 0x2c1:0x6 DW_TAG_enumerator
	.long	.Linfo_string84                 @ DW_AT_name
	.byte	1                               @ DW_AT_const_value
	.byte	10                              @ Abbrev [10] 0x2c7:0x6 DW_TAG_enumerator
	.long	.Linfo_string85                 @ DW_AT_name
	.byte	2                               @ DW_AT_const_value
	.byte	0                               @ End Of Children Mark
	.byte	5                               @ Abbrev [5] 0x2ce:0x7 DW_TAG_base_type
	.long	.Linfo_string82                 @ DW_AT_name
	.byte	8                               @ DW_AT_encoding
	.byte	1                               @ DW_AT_byte_size
	.byte	11                              @ Abbrev [11] 0x2d5:0x1cf DW_TAG_enumeration_type
	.long	718                             @ DW_AT_type
	.long	.Linfo_string162                @ DW_AT_name
	.byte	1                               @ DW_AT_byte_size
	.byte	4                               @ DW_AT_decl_file
	.byte	55                              @ DW_AT_decl_line
	.byte	10                              @ Abbrev [10] 0x2e1:0x6 DW_TAG_enumerator
	.long	.Linfo_string87                 @ DW_AT_name
	.byte	0                               @ DW_AT_const_value
	.byte	10                              @ Abbrev [10] 0x2e7:0x6 DW_TAG_enumerator
	.long	.Linfo_string88                 @ DW_AT_name
	.byte	1                               @ DW_AT_const_value
	.byte	10                              @ Abbrev [10] 0x2ed:0x6 DW_TAG_enumerator
	.long	.Linfo_string89                 @ DW_AT_name
	.byte	2                               @ DW_AT_const_value
	.byte	10                              @ Abbrev [10] 0x2f3:0x6 DW_TAG_enumerator
	.long	.Linfo_string90                 @ DW_AT_name
	.byte	3                               @ DW_AT_const_value
	.byte	10                              @ Abbrev [10] 0x2f9:0x6 DW_TAG_enumerator
	.long	.Linfo_string91                 @ DW_AT_name
	.byte	4                               @ DW_AT_const_value
	.byte	10                              @ Abbrev [10] 0x2ff:0x6 DW_TAG_enumerator
	.long	.Linfo_string92                 @ DW_AT_name
	.byte	5                               @ DW_AT_const_value
	.byte	10                              @ Abbrev [10] 0x305:0x6 DW_TAG_enumerator
	.long	.Linfo_string93                 @ DW_AT_name
	.byte	6                               @ DW_AT_const_value
	.byte	10                              @ Abbrev [10] 0x30b:0x6 DW_TAG_enumerator
	.long	.Linfo_string94                 @ DW_AT_name
	.byte	7                               @ DW_AT_const_value
	.byte	10                              @ Abbrev [10] 0x311:0x6 DW_TAG_enumerator
	.long	.Linfo_string95                 @ DW_AT_name
	.byte	8                               @ DW_AT_const_value
	.byte	10                              @ Abbrev [10] 0x317:0x6 DW_TAG_enumerator
	.long	.Linfo_string96                 @ DW_AT_name
	.byte	9                               @ DW_AT_const_value
	.byte	10                              @ Abbrev [10] 0x31d:0x6 DW_TAG_enumerator
	.long	.Linfo_string97                 @ DW_AT_name
	.byte	10                              @ DW_AT_const_value
	.byte	10                              @ Abbrev [10] 0x323:0x6 DW_TAG_enumerator
	.long	.Linfo_string98                 @ DW_AT_name
	.byte	11                              @ DW_AT_const_value
	.byte	10                              @ Abbrev [10] 0x329:0x6 DW_TAG_enumerator
	.long	.Linfo_string99                 @ DW_AT_name
	.byte	12                              @ DW_AT_const_value
	.byte	10                              @ Abbrev [10] 0x32f:0x6 DW_TAG_enumerator
	.long	.Linfo_string100                @ DW_AT_name
	.byte	13                              @ DW_AT_const_value
	.byte	10                              @ Abbrev [10] 0x335:0x6 DW_TAG_enumerator
	.long	.Linfo_string101                @ DW_AT_name
	.byte	14                              @ DW_AT_const_value
	.byte	10                              @ Abbrev [10] 0x33b:0x6 DW_TAG_enumerator
	.long	.Linfo_string102                @ DW_AT_name
	.byte	15                              @ DW_AT_const_value
	.byte	10                              @ Abbrev [10] 0x341:0x6 DW_TAG_enumerator
	.long	.Linfo_string103                @ DW_AT_name
	.byte	16                              @ DW_AT_const_value
	.byte	10                              @ Abbrev [10] 0x347:0x6 DW_TAG_enumerator
	.long	.Linfo_string104                @ DW_AT_name
	.byte	17                              @ DW_AT_const_value
	.byte	10                              @ Abbrev [10] 0x34d:0x6 DW_TAG_enumerator
	.long	.Linfo_string105                @ DW_AT_name
	.byte	18                              @ DW_AT_const_value
	.byte	10                              @ Abbrev [10] 0x353:0x6 DW_TAG_enumerator
	.long	.Linfo_string106                @ DW_AT_name
	.byte	19                              @ DW_AT_const_value
	.byte	10                              @ Abbrev [10] 0x359:0x6 DW_TAG_enumerator
	.long	.Linfo_string107                @ DW_AT_name
	.byte	20                              @ DW_AT_const_value
	.byte	10                              @ Abbrev [10] 0x35f:0x6 DW_TAG_enumerator
	.long	.Linfo_string108                @ DW_AT_name
	.byte	21                              @ DW_AT_const_value
	.byte	10                              @ Abbrev [10] 0x365:0x6 DW_TAG_enumerator
	.long	.Linfo_string109                @ DW_AT_name
	.byte	22                              @ DW_AT_const_value
	.byte	10                              @ Abbrev [10] 0x36b:0x6 DW_TAG_enumerator
	.long	.Linfo_string110                @ DW_AT_name
	.byte	23                              @ DW_AT_const_value
	.byte	10                              @ Abbrev [10] 0x371:0x6 DW_TAG_enumerator
	.long	.Linfo_string111                @ DW_AT_name
	.byte	24                              @ DW_AT_const_value
	.byte	10                              @ Abbrev [10] 0x377:0x6 DW_TAG_enumerator
	.long	.Linfo_string112                @ DW_AT_name
	.byte	25                              @ DW_AT_const_value
	.byte	10                              @ Abbrev [10] 0x37d:0x6 DW_TAG_enumerator
	.long	.Linfo_string113                @ DW_AT_name
	.byte	26                              @ DW_AT_const_value
	.byte	10                              @ Abbrev [10] 0x383:0x6 DW_TAG_enumerator
	.long	.Linfo_string114                @ DW_AT_name
	.byte	27                              @ DW_AT_const_value
	.byte	10                              @ Abbrev [10] 0x389:0x6 DW_TAG_enumerator
	.long	.Linfo_string115                @ DW_AT_name
	.byte	28                              @ DW_AT_const_value
	.byte	10                              @ Abbrev [10] 0x38f:0x6 DW_TAG_enumerator
	.long	.Linfo_string116                @ DW_AT_name
	.byte	29                              @ DW_AT_const_value
	.byte	10                              @ Abbrev [10] 0x395:0x6 DW_TAG_enumerator
	.long	.Linfo_string117                @ DW_AT_name
	.byte	30                              @ DW_AT_const_value
	.byte	10                              @ Abbrev [10] 0x39b:0x6 DW_TAG_enumerator
	.long	.Linfo_string118                @ DW_AT_name
	.byte	31                              @ DW_AT_const_value
	.byte	10                              @ Abbrev [10] 0x3a1:0x6 DW_TAG_enumerator
	.long	.Linfo_string119                @ DW_AT_name
	.byte	32                              @ DW_AT_const_value
	.byte	10                              @ Abbrev [10] 0x3a7:0x6 DW_TAG_enumerator
	.long	.Linfo_string120                @ DW_AT_name
	.byte	33                              @ DW_AT_const_value
	.byte	10                              @ Abbrev [10] 0x3ad:0x6 DW_TAG_enumerator
	.long	.Linfo_string121                @ DW_AT_name
	.byte	34                              @ DW_AT_const_value
	.byte	10                              @ Abbrev [10] 0x3b3:0x6 DW_TAG_enumerator
	.long	.Linfo_string122                @ DW_AT_name
	.byte	35                              @ DW_AT_const_value
	.byte	10                              @ Abbrev [10] 0x3b9:0x6 DW_TAG_enumerator
	.long	.Linfo_string123                @ DW_AT_name
	.byte	36                              @ DW_AT_const_value
	.byte	10                              @ Abbrev [10] 0x3bf:0x6 DW_TAG_enumerator
	.long	.Linfo_string124                @ DW_AT_name
	.byte	37                              @ DW_AT_const_value
	.byte	10                              @ Abbrev [10] 0x3c5:0x6 DW_TAG_enumerator
	.long	.Linfo_string125                @ DW_AT_name
	.byte	38                              @ DW_AT_const_value
	.byte	10                              @ Abbrev [10] 0x3cb:0x6 DW_TAG_enumerator
	.long	.Linfo_string126                @ DW_AT_name
	.byte	39                              @ DW_AT_const_value
	.byte	10                              @ Abbrev [10] 0x3d1:0x6 DW_TAG_enumerator
	.long	.Linfo_string127                @ DW_AT_name
	.byte	40                              @ DW_AT_const_value
	.byte	10                              @ Abbrev [10] 0x3d7:0x6 DW_TAG_enumerator
	.long	.Linfo_string128                @ DW_AT_name
	.byte	41                              @ DW_AT_const_value
	.byte	10                              @ Abbrev [10] 0x3dd:0x6 DW_TAG_enumerator
	.long	.Linfo_string129                @ DW_AT_name
	.byte	42                              @ DW_AT_const_value
	.byte	10                              @ Abbrev [10] 0x3e3:0x6 DW_TAG_enumerator
	.long	.Linfo_string130                @ DW_AT_name
	.byte	43                              @ DW_AT_const_value
	.byte	10                              @ Abbrev [10] 0x3e9:0x6 DW_TAG_enumerator
	.long	.Linfo_string131                @ DW_AT_name
	.byte	44                              @ DW_AT_const_value
	.byte	10                              @ Abbrev [10] 0x3ef:0x6 DW_TAG_enumerator
	.long	.Linfo_string132                @ DW_AT_name
	.byte	45                              @ DW_AT_const_value
	.byte	10                              @ Abbrev [10] 0x3f5:0x6 DW_TAG_enumerator
	.long	.Linfo_string133                @ DW_AT_name
	.byte	46                              @ DW_AT_const_value
	.byte	10                              @ Abbrev [10] 0x3fb:0x6 DW_TAG_enumerator
	.long	.Linfo_string134                @ DW_AT_name
	.byte	47                              @ DW_AT_const_value
	.byte	10                              @ Abbrev [10] 0x401:0x6 DW_TAG_enumerator
	.long	.Linfo_string135                @ DW_AT_name
	.byte	48                              @ DW_AT_const_value
	.byte	10                              @ Abbrev [10] 0x407:0x6 DW_TAG_enumerator
	.long	.Linfo_string136                @ DW_AT_name
	.byte	49                              @ DW_AT_const_value
	.byte	10                              @ Abbrev [10] 0x40d:0x6 DW_TAG_enumerator
	.long	.Linfo_string137                @ DW_AT_name
	.byte	50                              @ DW_AT_const_value
	.byte	10                              @ Abbrev [10] 0x413:0x6 DW_TAG_enumerator
	.long	.Linfo_string138                @ DW_AT_name
	.byte	51                              @ DW_AT_const_value
	.byte	10                              @ Abbrev [10] 0x419:0x6 DW_TAG_enumerator
	.long	.Linfo_string139                @ DW_AT_name
	.byte	52                              @ DW_AT_const_value
	.byte	10                              @ Abbrev [10] 0x41f:0x6 DW_TAG_enumerator
	.long	.Linfo_string140                @ DW_AT_name
	.byte	53                              @ DW_AT_const_value
	.byte	10                              @ Abbrev [10] 0x425:0x6 DW_TAG_enumerator
	.long	.Linfo_string141                @ DW_AT_name
	.byte	54                              @ DW_AT_const_value
	.byte	10                              @ Abbrev [10] 0x42b:0x6 DW_TAG_enumerator
	.long	.Linfo_string142                @ DW_AT_name
	.byte	55                              @ DW_AT_const_value
	.byte	10                              @ Abbrev [10] 0x431:0x6 DW_TAG_enumerator
	.long	.Linfo_string143                @ DW_AT_name
	.byte	56                              @ DW_AT_const_value
	.byte	10                              @ Abbrev [10] 0x437:0x6 DW_TAG_enumerator
	.long	.Linfo_string144                @ DW_AT_name
	.byte	57                              @ DW_AT_const_value
	.byte	10                              @ Abbrev [10] 0x43d:0x6 DW_TAG_enumerator
	.long	.Linfo_string145                @ DW_AT_name
	.byte	58                              @ DW_AT_const_value
	.byte	10                              @ Abbrev [10] 0x443:0x6 DW_TAG_enumerator
	.long	.Linfo_string146                @ DW_AT_name
	.byte	59                              @ DW_AT_const_value
	.byte	10                              @ Abbrev [10] 0x449:0x6 DW_TAG_enumerator
	.long	.Linfo_string147                @ DW_AT_name
	.byte	60                              @ DW_AT_const_value
	.byte	10                              @ Abbrev [10] 0x44f:0x6 DW_TAG_enumerator
	.long	.Linfo_string148                @ DW_AT_name
	.byte	61                              @ DW_AT_const_value
	.byte	10                              @ Abbrev [10] 0x455:0x6 DW_TAG_enumerator
	.long	.Linfo_string149                @ DW_AT_name
	.byte	62                              @ DW_AT_const_value
	.byte	10                              @ Abbrev [10] 0x45b:0x6 DW_TAG_enumerator
	.long	.Linfo_string150                @ DW_AT_name
	.byte	63                              @ DW_AT_const_value
	.byte	10                              @ Abbrev [10] 0x461:0x6 DW_TAG_enumerator
	.long	.Linfo_string151                @ DW_AT_name
	.byte	64                              @ DW_AT_const_value
	.byte	10                              @ Abbrev [10] 0x467:0x6 DW_TAG_enumerator
	.long	.Linfo_string152                @ DW_AT_name
	.byte	65                              @ DW_AT_const_value
	.byte	10                              @ Abbrev [10] 0x46d:0x6 DW_TAG_enumerator
	.long	.Linfo_string153                @ DW_AT_name
	.byte	66                              @ DW_AT_const_value
	.byte	10                              @ Abbrev [10] 0x473:0x6 DW_TAG_enumerator
	.long	.Linfo_string154                @ DW_AT_name
	.byte	67                              @ DW_AT_const_value
	.byte	10                              @ Abbrev [10] 0x479:0x6 DW_TAG_enumerator
	.long	.Linfo_string155                @ DW_AT_name
	.byte	68                              @ DW_AT_const_value
	.byte	10                              @ Abbrev [10] 0x47f:0x6 DW_TAG_enumerator
	.long	.Linfo_string156                @ DW_AT_name
	.byte	69                              @ DW_AT_const_value
	.byte	10                              @ Abbrev [10] 0x485:0x6 DW_TAG_enumerator
	.long	.Linfo_string157                @ DW_AT_name
	.byte	70                              @ DW_AT_const_value
	.byte	10                              @ Abbrev [10] 0x48b:0x6 DW_TAG_enumerator
	.long	.Linfo_string158                @ DW_AT_name
	.byte	71                              @ DW_AT_const_value
	.byte	10                              @ Abbrev [10] 0x491:0x6 DW_TAG_enumerator
	.long	.Linfo_string159                @ DW_AT_name
	.byte	72                              @ DW_AT_const_value
	.byte	10                              @ Abbrev [10] 0x497:0x6 DW_TAG_enumerator
	.long	.Linfo_string160                @ DW_AT_name
	.byte	73                              @ DW_AT_const_value
	.byte	10                              @ Abbrev [10] 0x49d:0x6 DW_TAG_enumerator
	.long	.Linfo_string161                @ DW_AT_name
	.byte	74                              @ DW_AT_const_value
	.byte	0                               @ End Of Children Mark
	.byte	12                              @ Abbrev [12] 0x4a4:0xb DW_TAG_typedef
	.long	1199                            @ DW_AT_type
	.long	.Linfo_string164                @ DW_AT_name
	.byte	5                               @ DW_AT_decl_file
	.byte	65                              @ DW_AT_decl_line
	.byte	5                               @ Abbrev [5] 0x4af:0x7 DW_TAG_base_type
	.long	.Linfo_string163                @ DW_AT_name
	.byte	7                               @ DW_AT_encoding
	.byte	8                               @ DW_AT_byte_size
	.byte	12                              @ Abbrev [12] 0x4b6:0xb DW_TAG_typedef
	.long	1217                            @ DW_AT_type
	.long	.Linfo_string166                @ DW_AT_name
	.byte	5                               @ DW_AT_decl_file
	.byte	64                              @ DW_AT_decl_line
	.byte	5                               @ Abbrev [5] 0x4c1:0x7 DW_TAG_base_type
	.long	.Linfo_string165                @ DW_AT_name
	.byte	7                               @ DW_AT_encoding
	.byte	4                               @ DW_AT_byte_size
	.byte	13                              @ Abbrev [13] 0x4c8:0x30 DW_TAG_subprogram
	.long	.Lfunc_begin0                   @ DW_AT_low_pc
	.long	.Lfunc_end0-.Lfunc_begin0       @ DW_AT_high_pc
	.byte	1                               @ DW_AT_frame_base
	.byte	93
                                        @ DW_AT_GNU_all_call_sites
	.long	.Linfo_string759                @ DW_AT_name
	.byte	1                               @ DW_AT_decl_file
	.byte	90                              @ DW_AT_decl_line
                                        @ DW_AT_prototyped
                                        @ DW_AT_external
	.byte	14                              @ Abbrev [14] 0x4d9:0xf DW_TAG_formal_parameter
	.long	.Ldebug_loc0                    @ DW_AT_location
	.long	.Linfo_string748                @ DW_AT_name
	.byte	1                               @ DW_AT_decl_file
	.byte	90                              @ DW_AT_decl_line
	.long	1326                            @ DW_AT_type
	.byte	15                              @ Abbrev [15] 0x4e8:0xf DW_TAG_variable
	.long	.Ldebug_loc1                    @ DW_AT_location
	.long	.Linfo_string778                @ DW_AT_name
	.byte	1                               @ DW_AT_decl_file
	.byte	93                              @ DW_AT_decl_line
	.long	8531                            @ DW_AT_type
	.byte	0                               @ End Of Children Mark
	.byte	13                              @ Abbrev [13] 0x4f8:0x28 DW_TAG_subprogram
	.long	.Lfunc_begin1                   @ DW_AT_low_pc
	.long	.Lfunc_end1-.Lfunc_begin1       @ DW_AT_high_pc
	.byte	1                               @ DW_AT_frame_base
	.byte	93
                                        @ DW_AT_GNU_all_call_sites
	.long	.Linfo_string760                @ DW_AT_name
	.byte	1                               @ DW_AT_decl_file
	.byte	99                              @ DW_AT_decl_line
                                        @ DW_AT_prototyped
                                        @ DW_AT_external
	.byte	16                              @ Abbrev [16] 0x509:0xd DW_TAG_formal_parameter
	.byte	1                               @ DW_AT_location
	.byte	80
	.long	.Linfo_string748                @ DW_AT_name
	.byte	1                               @ DW_AT_decl_file
	.byte	99                              @ DW_AT_decl_line
	.long	1326                            @ DW_AT_type
	.byte	17                              @ Abbrev [17] 0x516:0x9 DW_TAG_GNU_call_site
	.long	1312                            @ DW_AT_abstract_origin
                                        @ DW_AT_GNU_tail_call
	.long	.Ltmp4                          @ DW_AT_low_pc
	.byte	0                               @ End Of Children Mark
	.byte	18                              @ Abbrev [18] 0x520:0xe DW_TAG_subprogram
	.long	.Linfo_string167                @ DW_AT_name
	.byte	3                               @ DW_AT_decl_file
	.short	263                             @ DW_AT_decl_line
                                        @ DW_AT_prototyped
                                        @ DW_AT_declaration
                                        @ DW_AT_external
	.byte	19                              @ Abbrev [19] 0x528:0x5 DW_TAG_formal_parameter
	.long	1326                            @ DW_AT_type
	.byte	0                               @ End Of Children Mark
	.byte	20                              @ Abbrev [20] 0x52e:0x5 DW_TAG_pointer_type
	.long	1331                            @ DW_AT_type
	.byte	21                              @ Abbrev [21] 0x533:0x75 DW_TAG_structure_type
	.long	.Linfo_string741                @ DW_AT_name
	.byte	64                              @ DW_AT_byte_size
	.byte	3                               @ DW_AT_decl_file
	.byte	69                              @ DW_AT_decl_line
	.byte	22                              @ Abbrev [22] 0x53b:0xc DW_TAG_member
	.long	.Linfo_string168                @ DW_AT_name
	.long	1448                            @ DW_AT_type
	.byte	3                               @ DW_AT_decl_file
	.byte	71                              @ DW_AT_decl_line
	.byte	0                               @ DW_AT_data_member_location
	.byte	22                              @ Abbrev [22] 0x547:0xc DW_TAG_member
	.long	.Linfo_string723                @ DW_AT_name
	.long	1326                            @ DW_AT_type
	.byte	3                               @ DW_AT_decl_file
	.byte	72                              @ DW_AT_decl_line
	.byte	4                               @ DW_AT_data_member_location
	.byte	22                              @ Abbrev [22] 0x553:0xc DW_TAG_member
	.long	.Linfo_string724                @ DW_AT_name
	.long	19009                           @ DW_AT_type
	.byte	3                               @ DW_AT_decl_file
	.byte	73                              @ DW_AT_decl_line
	.byte	8                               @ DW_AT_data_member_location
	.byte	22                              @ Abbrev [22] 0x55f:0xc DW_TAG_member
	.long	.Linfo_string734                @ DW_AT_name
	.long	19151                           @ DW_AT_type
	.byte	3                               @ DW_AT_decl_file
	.byte	74                              @ DW_AT_decl_line
	.byte	36                              @ DW_AT_data_member_location
	.byte	22                              @ Abbrev [22] 0x56b:0xc DW_TAG_member
	.long	.Linfo_string735                @ DW_AT_name
	.long	1188                            @ DW_AT_type
	.byte	3                               @ DW_AT_decl_file
	.byte	75                              @ DW_AT_decl_line
	.byte	40                              @ DW_AT_data_member_location
	.byte	22                              @ Abbrev [22] 0x577:0xc DW_TAG_member
	.long	.Linfo_string736                @ DW_AT_name
	.long	19140                           @ DW_AT_type
	.byte	3                               @ DW_AT_decl_file
	.byte	76                              @ DW_AT_decl_line
	.byte	48                              @ DW_AT_data_member_location
	.byte	22                              @ Abbrev [22] 0x583:0xc DW_TAG_member
	.long	.Linfo_string737                @ DW_AT_name
	.long	1206                            @ DW_AT_type
	.byte	3                               @ DW_AT_decl_file
	.byte	77                              @ DW_AT_decl_line
	.byte	52                              @ DW_AT_data_member_location
	.byte	22                              @ Abbrev [22] 0x58f:0xc DW_TAG_member
	.long	.Linfo_string738                @ DW_AT_name
	.long	19152                           @ DW_AT_type
	.byte	3                               @ DW_AT_decl_file
	.byte	78                              @ DW_AT_decl_line
	.byte	56                              @ DW_AT_data_member_location
	.byte	22                              @ Abbrev [22] 0x59b:0xc DW_TAG_member
	.long	.Linfo_string740                @ DW_AT_name
	.long	19152                           @ DW_AT_type
	.byte	3                               @ DW_AT_decl_file
	.byte	79                              @ DW_AT_decl_line
	.byte	57                              @ DW_AT_data_member_location
	.byte	0                               @ End Of Children Mark
	.byte	20                              @ Abbrev [20] 0x5a8:0x5 DW_TAG_pointer_type
	.long	1453                            @ DW_AT_type
	.byte	21                              @ Abbrev [21] 0x5ad:0x2d DW_TAG_structure_type
	.long	.Linfo_string722                @ DW_AT_name
	.byte	12                              @ DW_AT_byte_size
	.byte	6                               @ DW_AT_decl_file
	.byte	50                              @ DW_AT_decl_line
	.byte	22                              @ Abbrev [22] 0x5b5:0xc DW_TAG_member
	.long	.Linfo_string169                @ DW_AT_name
	.long	1498                            @ DW_AT_type
	.byte	6                               @ DW_AT_decl_file
	.byte	52                              @ DW_AT_decl_line
	.byte	0                               @ DW_AT_data_member_location
	.byte	22                              @ Abbrev [22] 0x5c1:0xc DW_TAG_member
	.long	.Linfo_string720                @ DW_AT_name
	.long	1206                            @ DW_AT_type
	.byte	6                               @ DW_AT_decl_file
	.byte	53                              @ DW_AT_decl_line
	.byte	4                               @ DW_AT_data_member_location
	.byte	22                              @ Abbrev [22] 0x5cd:0xc DW_TAG_member
	.long	.Linfo_string721                @ DW_AT_name
	.long	1206                            @ DW_AT_type
	.byte	6                               @ DW_AT_decl_file
	.byte	54                              @ DW_AT_decl_line
	.byte	8                               @ DW_AT_data_member_location
	.byte	0                               @ End Of Children Mark
	.byte	20                              @ Abbrev [20] 0x5da:0x5 DW_TAG_pointer_type
	.long	1503                            @ DW_AT_type
	.byte	23                              @ Abbrev [23] 0x5df:0x5 DW_TAG_volatile_type
	.long	1508                            @ DW_AT_type
	.byte	24                              @ Abbrev [24] 0x5e4:0xad9 DW_TAG_structure_type
	.long	.Linfo_string719                @ DW_AT_name
	.short	4096                            @ DW_AT_byte_size
	.byte	2                               @ DW_AT_decl_file
	.short	15919                           @ DW_AT_decl_line
	.byte	25                              @ Abbrev [25] 0x5ee:0xd DW_TAG_member
	.long	.Linfo_string170                @ DW_AT_name
	.long	4285                            @ DW_AT_type
	.byte	2                               @ DW_AT_decl_file
	.short	15921                           @ DW_AT_decl_line
	.byte	0                               @ DW_AT_data_member_location
	.byte	25                              @ Abbrev [25] 0x5fb:0xd DW_TAG_member
	.long	.Linfo_string180                @ DW_AT_name
	.long	4436                            @ DW_AT_type
	.byte	2                               @ DW_AT_decl_file
	.short	15922                           @ DW_AT_decl_line
	.byte	4                               @ DW_AT_data_member_location
	.byte	25                              @ Abbrev [25] 0x608:0xd DW_TAG_member
	.long	.Linfo_string195                @ DW_AT_name
	.long	4671                            @ DW_AT_type
	.byte	2                               @ DW_AT_decl_file
	.short	15923                           @ DW_AT_decl_line
	.byte	8                               @ DW_AT_data_member_location
	.byte	25                              @ Abbrev [25] 0x615:0xd DW_TAG_member
	.long	.Linfo_string203                @ DW_AT_name
	.long	4822                            @ DW_AT_type
	.byte	2                               @ DW_AT_decl_file
	.short	15924                           @ DW_AT_decl_line
	.byte	12                              @ DW_AT_data_member_location
	.byte	25                              @ Abbrev [25] 0x622:0xd DW_TAG_member
	.long	.Linfo_string207                @ DW_AT_name
	.long	4917                            @ DW_AT_type
	.byte	2                               @ DW_AT_decl_file
	.short	15925                           @ DW_AT_decl_line
	.byte	16                              @ DW_AT_data_member_location
	.byte	25                              @ Abbrev [25] 0x62f:0xd DW_TAG_member
	.long	.Linfo_string210                @ DW_AT_name
	.long	5010                            @ DW_AT_type
	.byte	2                               @ DW_AT_decl_file
	.short	15926                           @ DW_AT_decl_line
	.byte	24                              @ DW_AT_data_member_location
	.byte	25                              @ Abbrev [25] 0x63c:0xd DW_TAG_member
	.long	.Linfo_string212                @ DW_AT_name
	.long	5077                            @ DW_AT_type
	.byte	2                               @ DW_AT_decl_file
	.short	15927                           @ DW_AT_decl_line
	.byte	28                              @ DW_AT_data_member_location
	.byte	25                              @ Abbrev [25] 0x649:0xd DW_TAG_member
	.long	.Linfo_string215                @ DW_AT_name
	.long	5158                            @ DW_AT_type
	.byte	2                               @ DW_AT_decl_file
	.short	15928                           @ DW_AT_decl_line
	.byte	32                              @ DW_AT_data_member_location
	.byte	25                              @ Abbrev [25] 0x656:0xd DW_TAG_member
	.long	.Linfo_string217                @ DW_AT_name
	.long	5225                            @ DW_AT_type
	.byte	2                               @ DW_AT_decl_file
	.short	15929                           @ DW_AT_decl_line
	.byte	36                              @ DW_AT_data_member_location
	.byte	25                              @ Abbrev [25] 0x663:0xd DW_TAG_member
	.long	.Linfo_string221                @ DW_AT_name
	.long	5320                            @ DW_AT_type
	.byte	2                               @ DW_AT_decl_file
	.short	15930                           @ DW_AT_decl_line
	.byte	40                              @ DW_AT_data_member_location
	.byte	25                              @ Abbrev [25] 0x670:0xd DW_TAG_member
	.long	.Linfo_string229                @ DW_AT_name
	.long	5471                            @ DW_AT_type
	.byte	2                               @ DW_AT_decl_file
	.short	15931                           @ DW_AT_decl_line
	.byte	44                              @ DW_AT_data_member_location
	.byte	25                              @ Abbrev [25] 0x67d:0xd DW_TAG_member
	.long	.Linfo_string231                @ DW_AT_name
	.long	5538                            @ DW_AT_type
	.byte	2                               @ DW_AT_decl_file
	.short	15932                           @ DW_AT_decl_line
	.byte	48                              @ DW_AT_data_member_location
	.byte	25                              @ Abbrev [25] 0x68a:0xd DW_TAG_member
	.long	.Linfo_string232                @ DW_AT_name
	.long	5550                            @ DW_AT_type
	.byte	2                               @ DW_AT_decl_file
	.short	15933                           @ DW_AT_decl_line
	.byte	60                              @ DW_AT_data_member_location
	.byte	25                              @ Abbrev [25] 0x697:0xd DW_TAG_member
	.long	.Linfo_string242                @ DW_AT_name
	.long	5729                            @ DW_AT_type
	.byte	2                               @ DW_AT_decl_file
	.short	15934                           @ DW_AT_decl_line
	.byte	64                              @ DW_AT_data_member_location
	.byte	25                              @ Abbrev [25] 0x6a4:0xd DW_TAG_member
	.long	.Linfo_string251                @ DW_AT_name
	.long	5894                            @ DW_AT_type
	.byte	2                               @ DW_AT_decl_file
	.short	15935                           @ DW_AT_decl_line
	.byte	68                              @ DW_AT_data_member_location
	.byte	25                              @ Abbrev [25] 0x6b1:0xd DW_TAG_member
	.long	.Linfo_string253                @ DW_AT_name
	.long	6059                            @ DW_AT_type
	.byte	2                               @ DW_AT_decl_file
	.short	15936                           @ DW_AT_decl_line
	.byte	72                              @ DW_AT_data_member_location
	.byte	25                              @ Abbrev [25] 0x6be:0xd DW_TAG_member
	.long	.Linfo_string255                @ DW_AT_name
	.long	6224                            @ DW_AT_type
	.byte	2                               @ DW_AT_decl_file
	.short	15937                           @ DW_AT_decl_line
	.byte	76                              @ DW_AT_data_member_location
	.byte	25                              @ Abbrev [25] 0x6cb:0xd DW_TAG_member
	.long	.Linfo_string257                @ DW_AT_name
	.long	6389                            @ DW_AT_type
	.byte	2                               @ DW_AT_decl_file
	.short	15938                           @ DW_AT_decl_line
	.byte	80                              @ DW_AT_data_member_location
	.byte	25                              @ Abbrev [25] 0x6d8:0xd DW_TAG_member
	.long	.Linfo_string258                @ DW_AT_name
	.long	6401                            @ DW_AT_type
	.byte	2                               @ DW_AT_decl_file
	.short	15939                           @ DW_AT_decl_line
	.byte	128                             @ DW_AT_data_member_location
	.byte	25                              @ Abbrev [25] 0x6e5:0xd DW_TAG_member
	.long	.Linfo_string260                @ DW_AT_name
	.long	6494                            @ DW_AT_type
	.byte	2                               @ DW_AT_decl_file
	.short	15940                           @ DW_AT_decl_line
	.byte	192                             @ DW_AT_data_member_location
	.byte	26                              @ Abbrev [26] 0x6f2:0xe DW_TAG_member
	.long	.Linfo_string261                @ DW_AT_name
	.long	6506                            @ DW_AT_type
	.byte	2                               @ DW_AT_decl_file
	.short	15941                           @ DW_AT_decl_line
	.short	256                             @ DW_AT_data_member_location
	.byte	26                              @ Abbrev [26] 0x700:0xe DW_TAG_member
	.long	.Linfo_string274                @ DW_AT_name
	.long	6727                            @ DW_AT_type
	.byte	2                               @ DW_AT_decl_file
	.short	15942                           @ DW_AT_decl_line
	.short	260                             @ DW_AT_data_member_location
	.byte	26                              @ Abbrev [26] 0x70e:0xe DW_TAG_member
	.long	.Linfo_string291                @ DW_AT_name
	.long	7032                            @ DW_AT_type
	.byte	2                               @ DW_AT_decl_file
	.short	15943                           @ DW_AT_decl_line
	.short	264                             @ DW_AT_data_member_location
	.byte	26                              @ Abbrev [26] 0x71c:0xe DW_TAG_member
	.long	.Linfo_string301                @ DW_AT_name
	.long	7239                            @ DW_AT_type
	.byte	2                               @ DW_AT_decl_file
	.short	15944                           @ DW_AT_decl_line
	.short	268                             @ DW_AT_data_member_location
	.byte	26                              @ Abbrev [26] 0x72a:0xe DW_TAG_member
	.long	.Linfo_string302                @ DW_AT_name
	.long	7251                            @ DW_AT_type
	.byte	2                               @ DW_AT_decl_file
	.short	15945                           @ DW_AT_decl_line
	.short	272                             @ DW_AT_data_member_location
	.byte	26                              @ Abbrev [26] 0x738:0xe DW_TAG_member
	.long	.Linfo_string336                @ DW_AT_name
	.long	7752                            @ DW_AT_type
	.byte	2                               @ DW_AT_decl_file
	.short	15946                           @ DW_AT_decl_line
	.short	276                             @ DW_AT_data_member_location
	.byte	26                              @ Abbrev [26] 0x746:0xe DW_TAG_member
	.long	.Linfo_string362                @ DW_AT_name
	.long	8155                            @ DW_AT_type
	.byte	2                               @ DW_AT_decl_file
	.short	15947                           @ DW_AT_decl_line
	.short	280                             @ DW_AT_data_member_location
	.byte	26                              @ Abbrev [26] 0x754:0xe DW_TAG_member
	.long	.Linfo_string363                @ DW_AT_name
	.long	8167                            @ DW_AT_type
	.byte	2                               @ DW_AT_decl_file
	.short	15948                           @ DW_AT_decl_line
	.short	320                             @ DW_AT_data_member_location
	.byte	26                              @ Abbrev [26] 0x762:0xe DW_TAG_member
	.long	.Linfo_string371                @ DW_AT_name
	.long	8318                            @ DW_AT_type
	.byte	2                               @ DW_AT_decl_file
	.short	15949                           @ DW_AT_decl_line
	.short	324                             @ DW_AT_data_member_location
	.byte	26                              @ Abbrev [26] 0x770:0xe DW_TAG_member
	.long	.Linfo_string374                @ DW_AT_name
	.long	8385                            @ DW_AT_type
	.byte	2                               @ DW_AT_decl_file
	.short	15950                           @ DW_AT_decl_line
	.short	328                             @ DW_AT_data_member_location
	.byte	26                              @ Abbrev [26] 0x77e:0xe DW_TAG_member
	.long	.Linfo_string377                @ DW_AT_name
	.long	7239                            @ DW_AT_type
	.byte	2                               @ DW_AT_decl_file
	.short	15951                           @ DW_AT_decl_line
	.short	332                             @ DW_AT_data_member_location
	.byte	26                              @ Abbrev [26] 0x78c:0xe DW_TAG_member
	.long	.Linfo_string378                @ DW_AT_name
	.long	8452                            @ DW_AT_type
	.byte	2                               @ DW_AT_decl_file
	.short	15952                           @ DW_AT_decl_line
	.short	336                             @ DW_AT_data_member_location
	.byte	26                              @ Abbrev [26] 0x79a:0xe DW_TAG_member
	.long	.Linfo_string381                @ DW_AT_name
	.long	8519                            @ DW_AT_type
	.byte	2                               @ DW_AT_decl_file
	.short	15953                           @ DW_AT_decl_line
	.short	340                             @ DW_AT_data_member_location
	.byte	26                              @ Abbrev [26] 0x7a8:0xe DW_TAG_member
	.long	.Linfo_string382                @ DW_AT_name
	.long	8531                            @ DW_AT_type
	.byte	2                               @ DW_AT_decl_file
	.short	15954                           @ DW_AT_decl_line
	.short	384                             @ DW_AT_data_member_location
	.byte	26                              @ Abbrev [26] 0x7b6:0xe DW_TAG_member
	.long	.Linfo_string389                @ DW_AT_name
	.long	8682                            @ DW_AT_type
	.byte	2                               @ DW_AT_decl_file
	.short	15955                           @ DW_AT_decl_line
	.short	388                             @ DW_AT_data_member_location
	.byte	26                              @ Abbrev [26] 0x7c4:0xe DW_TAG_member
	.long	.Linfo_string396                @ DW_AT_name
	.long	8819                            @ DW_AT_type
	.byte	2                               @ DW_AT_decl_file
	.short	15956                           @ DW_AT_decl_line
	.short	392                             @ DW_AT_data_member_location
	.byte	26                              @ Abbrev [26] 0x7d2:0xe DW_TAG_member
	.long	.Linfo_string398                @ DW_AT_name
	.long	8956                            @ DW_AT_type
	.byte	2                               @ DW_AT_decl_file
	.short	15957                           @ DW_AT_decl_line
	.short	396                             @ DW_AT_data_member_location
	.byte	26                              @ Abbrev [26] 0x7e0:0xe DW_TAG_member
	.long	.Linfo_string405                @ DW_AT_name
	.long	9093                            @ DW_AT_type
	.byte	2                               @ DW_AT_decl_file
	.short	15958                           @ DW_AT_decl_line
	.short	400                             @ DW_AT_data_member_location
	.byte	26                              @ Abbrev [26] 0x7ee:0xe DW_TAG_member
	.long	.Linfo_string407                @ DW_AT_name
	.long	9230                            @ DW_AT_type
	.byte	2                               @ DW_AT_decl_file
	.short	15959                           @ DW_AT_decl_line
	.short	404                             @ DW_AT_data_member_location
	.byte	26                              @ Abbrev [26] 0x7fc:0xe DW_TAG_member
	.long	.Linfo_string414                @ DW_AT_name
	.long	9367                            @ DW_AT_type
	.byte	2                               @ DW_AT_decl_file
	.short	15960                           @ DW_AT_decl_line
	.short	408                             @ DW_AT_data_member_location
	.byte	26                              @ Abbrev [26] 0x80a:0xe DW_TAG_member
	.long	.Linfo_string416                @ DW_AT_name
	.long	7239                            @ DW_AT_type
	.byte	2                               @ DW_AT_decl_file
	.short	15961                           @ DW_AT_decl_line
	.short	412                             @ DW_AT_data_member_location
	.byte	26                              @ Abbrev [26] 0x818:0xe DW_TAG_member
	.long	.Linfo_string417                @ DW_AT_name
	.long	9504                            @ DW_AT_type
	.byte	2                               @ DW_AT_decl_file
	.short	15962                           @ DW_AT_decl_line
	.short	416                             @ DW_AT_data_member_location
	.byte	26                              @ Abbrev [26] 0x826:0xe DW_TAG_member
	.long	.Linfo_string421                @ DW_AT_name
	.long	9599                            @ DW_AT_type
	.byte	2                               @ DW_AT_decl_file
	.short	15963                           @ DW_AT_decl_line
	.short	424                             @ DW_AT_data_member_location
	.byte	26                              @ Abbrev [26] 0x834:0xe DW_TAG_member
	.long	.Linfo_string425                @ DW_AT_name
	.long	9708                            @ DW_AT_type
	.byte	2                               @ DW_AT_decl_file
	.short	15964                           @ DW_AT_decl_line
	.short	428                             @ DW_AT_data_member_location
	.byte	26                              @ Abbrev [26] 0x842:0xe DW_TAG_member
	.long	.Linfo_string430                @ DW_AT_name
	.long	9831                            @ DW_AT_type
	.byte	2                               @ DW_AT_decl_file
	.short	15965                           @ DW_AT_decl_line
	.short	432                             @ DW_AT_data_member_location
	.byte	26                              @ Abbrev [26] 0x850:0xe DW_TAG_member
	.long	.Linfo_string431                @ DW_AT_name
	.long	9843                            @ DW_AT_type
	.byte	2                               @ DW_AT_decl_file
	.short	15966                           @ DW_AT_decl_line
	.short	512                             @ DW_AT_data_member_location
	.byte	26                              @ Abbrev [26] 0x85e:0xe DW_TAG_member
	.long	.Linfo_string434                @ DW_AT_name
	.long	9910                            @ DW_AT_type
	.byte	2                               @ DW_AT_decl_file
	.short	15967                           @ DW_AT_decl_line
	.short	516                             @ DW_AT_data_member_location
	.byte	26                              @ Abbrev [26] 0x86c:0xe DW_TAG_member
	.long	.Linfo_string436                @ DW_AT_name
	.long	9977                            @ DW_AT_type
	.byte	2                               @ DW_AT_decl_file
	.short	15968                           @ DW_AT_decl_line
	.short	520                             @ DW_AT_data_member_location
	.byte	26                              @ Abbrev [26] 0x87a:0xe DW_TAG_member
	.long	.Linfo_string438                @ DW_AT_name
	.long	10044                           @ DW_AT_type
	.byte	2                               @ DW_AT_decl_file
	.short	15969                           @ DW_AT_decl_line
	.short	524                             @ DW_AT_data_member_location
	.byte	26                              @ Abbrev [26] 0x888:0xe DW_TAG_member
	.long	.Linfo_string440                @ DW_AT_name
	.long	10111                           @ DW_AT_type
	.byte	2                               @ DW_AT_decl_file
	.short	15970                           @ DW_AT_decl_line
	.short	528                             @ DW_AT_data_member_location
	.byte	26                              @ Abbrev [26] 0x896:0xe DW_TAG_member
	.long	.Linfo_string442                @ DW_AT_name
	.long	10178                           @ DW_AT_type
	.byte	2                               @ DW_AT_decl_file
	.short	15971                           @ DW_AT_decl_line
	.short	532                             @ DW_AT_data_member_location
	.byte	26                              @ Abbrev [26] 0x8a4:0xe DW_TAG_member
	.long	.Linfo_string444                @ DW_AT_name
	.long	10245                           @ DW_AT_type
	.byte	2                               @ DW_AT_decl_file
	.short	15972                           @ DW_AT_decl_line
	.short	536                             @ DW_AT_data_member_location
	.byte	26                              @ Abbrev [26] 0x8b2:0xe DW_TAG_member
	.long	.Linfo_string446                @ DW_AT_name
	.long	10312                           @ DW_AT_type
	.byte	2                               @ DW_AT_decl_file
	.short	15973                           @ DW_AT_decl_line
	.short	540                             @ DW_AT_data_member_location
	.byte	26                              @ Abbrev [26] 0x8c0:0xe DW_TAG_member
	.long	.Linfo_string448                @ DW_AT_name
	.long	10379                           @ DW_AT_type
	.byte	2                               @ DW_AT_decl_file
	.short	15974                           @ DW_AT_decl_line
	.short	544                             @ DW_AT_data_member_location
	.byte	26                              @ Abbrev [26] 0x8ce:0xe DW_TAG_member
	.long	.Linfo_string450                @ DW_AT_name
	.long	10446                           @ DW_AT_type
	.byte	2                               @ DW_AT_decl_file
	.short	15975                           @ DW_AT_decl_line
	.short	548                             @ DW_AT_data_member_location
	.byte	26                              @ Abbrev [26] 0x8dc:0xe DW_TAG_member
	.long	.Linfo_string452                @ DW_AT_name
	.long	10513                           @ DW_AT_type
	.byte	2                               @ DW_AT_decl_file
	.short	15976                           @ DW_AT_decl_line
	.short	552                             @ DW_AT_data_member_location
	.byte	26                              @ Abbrev [26] 0x8ea:0xe DW_TAG_member
	.long	.Linfo_string454                @ DW_AT_name
	.long	10580                           @ DW_AT_type
	.byte	2                               @ DW_AT_decl_file
	.short	15977                           @ DW_AT_decl_line
	.short	556                             @ DW_AT_data_member_location
	.byte	26                              @ Abbrev [26] 0x8f8:0xe DW_TAG_member
	.long	.Linfo_string456                @ DW_AT_name
	.long	10647                           @ DW_AT_type
	.byte	2                               @ DW_AT_decl_file
	.short	15978                           @ DW_AT_decl_line
	.short	560                             @ DW_AT_data_member_location
	.byte	26                              @ Abbrev [26] 0x906:0xe DW_TAG_member
	.long	.Linfo_string458                @ DW_AT_name
	.long	10714                           @ DW_AT_type
	.byte	2                               @ DW_AT_decl_file
	.short	15979                           @ DW_AT_decl_line
	.short	564                             @ DW_AT_data_member_location
	.byte	26                              @ Abbrev [26] 0x914:0xe DW_TAG_member
	.long	.Linfo_string460                @ DW_AT_name
	.long	10781                           @ DW_AT_type
	.byte	2                               @ DW_AT_decl_file
	.short	15980                           @ DW_AT_decl_line
	.short	568                             @ DW_AT_data_member_location
	.byte	26                              @ Abbrev [26] 0x922:0xe DW_TAG_member
	.long	.Linfo_string462                @ DW_AT_name
	.long	10848                           @ DW_AT_type
	.byte	2                               @ DW_AT_decl_file
	.short	15981                           @ DW_AT_decl_line
	.short	572                             @ DW_AT_data_member_location
	.byte	26                              @ Abbrev [26] 0x930:0xe DW_TAG_member
	.long	.Linfo_string464                @ DW_AT_name
	.long	10915                           @ DW_AT_type
	.byte	2                               @ DW_AT_decl_file
	.short	15982                           @ DW_AT_decl_line
	.short	576                             @ DW_AT_data_member_location
	.byte	26                              @ Abbrev [26] 0x93e:0xe DW_TAG_member
	.long	.Linfo_string466                @ DW_AT_name
	.long	10996                           @ DW_AT_type
	.byte	2                               @ DW_AT_decl_file
	.short	15983                           @ DW_AT_decl_line
	.short	584                             @ DW_AT_data_member_location
	.byte	26                              @ Abbrev [26] 0x94c:0xe DW_TAG_member
	.long	.Linfo_string468                @ DW_AT_name
	.long	11063                           @ DW_AT_type
	.byte	2                               @ DW_AT_decl_file
	.short	15984                           @ DW_AT_decl_line
	.short	588                             @ DW_AT_data_member_location
	.byte	26                              @ Abbrev [26] 0x95a:0xe DW_TAG_member
	.long	.Linfo_string470                @ DW_AT_name
	.long	11130                           @ DW_AT_type
	.byte	2                               @ DW_AT_decl_file
	.short	15985                           @ DW_AT_decl_line
	.short	592                             @ DW_AT_data_member_location
	.byte	26                              @ Abbrev [26] 0x968:0xe DW_TAG_member
	.long	.Linfo_string472                @ DW_AT_name
	.long	11211                           @ DW_AT_type
	.byte	2                               @ DW_AT_decl_file
	.short	15986                           @ DW_AT_decl_line
	.short	600                             @ DW_AT_data_member_location
	.byte	26                              @ Abbrev [26] 0x976:0xe DW_TAG_member
	.long	.Linfo_string474                @ DW_AT_name
	.long	11292                           @ DW_AT_type
	.byte	2                               @ DW_AT_decl_file
	.short	15987                           @ DW_AT_decl_line
	.short	608                             @ DW_AT_data_member_location
	.byte	26                              @ Abbrev [26] 0x984:0xe DW_TAG_member
	.long	.Linfo_string476                @ DW_AT_name
	.long	11373                           @ DW_AT_type
	.byte	2                               @ DW_AT_decl_file
	.short	15988                           @ DW_AT_decl_line
	.short	616                             @ DW_AT_data_member_location
	.byte	26                              @ Abbrev [26] 0x992:0xe DW_TAG_member
	.long	.Linfo_string478                @ DW_AT_name
	.long	11440                           @ DW_AT_type
	.byte	2                               @ DW_AT_decl_file
	.short	15989                           @ DW_AT_decl_line
	.short	620                             @ DW_AT_data_member_location
	.byte	26                              @ Abbrev [26] 0x9a0:0xe DW_TAG_member
	.long	.Linfo_string480                @ DW_AT_name
	.long	11521                           @ DW_AT_type
	.byte	2                               @ DW_AT_decl_file
	.short	15990                           @ DW_AT_decl_line
	.short	628                             @ DW_AT_data_member_location
	.byte	26                              @ Abbrev [26] 0x9ae:0xe DW_TAG_member
	.long	.Linfo_string482                @ DW_AT_name
	.long	11602                           @ DW_AT_type
	.byte	2                               @ DW_AT_decl_file
	.short	15991                           @ DW_AT_decl_line
	.short	636                             @ DW_AT_data_member_location
	.byte	26                              @ Abbrev [26] 0x9bc:0xe DW_TAG_member
	.long	.Linfo_string484                @ DW_AT_name
	.long	11669                           @ DW_AT_type
	.byte	2                               @ DW_AT_decl_file
	.short	15992                           @ DW_AT_decl_line
	.short	640                             @ DW_AT_data_member_location
	.byte	26                              @ Abbrev [26] 0x9ca:0xe DW_TAG_member
	.long	.Linfo_string486                @ DW_AT_name
	.long	8519                            @ DW_AT_type
	.byte	2                               @ DW_AT_decl_file
	.short	15993                           @ DW_AT_decl_line
	.short	648                             @ DW_AT_data_member_location
	.byte	26                              @ Abbrev [26] 0x9d8:0xe DW_TAG_member
	.long	.Linfo_string487                @ DW_AT_name
	.long	11750                           @ DW_AT_type
	.byte	2                               @ DW_AT_decl_file
	.short	15994                           @ DW_AT_decl_line
	.short	692                             @ DW_AT_data_member_location
	.byte	26                              @ Abbrev [26] 0x9e6:0xe DW_TAG_member
	.long	.Linfo_string489                @ DW_AT_name
	.long	11817                           @ DW_AT_type
	.byte	2                               @ DW_AT_decl_file
	.short	15995                           @ DW_AT_decl_line
	.short	696                             @ DW_AT_data_member_location
	.byte	26                              @ Abbrev [26] 0x9f4:0xe DW_TAG_member
	.long	.Linfo_string491                @ DW_AT_name
	.long	11884                           @ DW_AT_type
	.byte	2                               @ DW_AT_decl_file
	.short	15996                           @ DW_AT_decl_line
	.short	700                             @ DW_AT_data_member_location
	.byte	26                              @ Abbrev [26] 0xa02:0xe DW_TAG_member
	.long	.Linfo_string493                @ DW_AT_name
	.long	6494                            @ DW_AT_type
	.byte	2                               @ DW_AT_decl_file
	.short	15997                           @ DW_AT_decl_line
	.short	704                             @ DW_AT_data_member_location
	.byte	26                              @ Abbrev [26] 0xa10:0xe DW_TAG_member
	.long	.Linfo_string494                @ DW_AT_name
	.long	11951                           @ DW_AT_type
	.byte	2                               @ DW_AT_decl_file
	.short	15998                           @ DW_AT_decl_line
	.short	768                             @ DW_AT_data_member_location
	.byte	26                              @ Abbrev [26] 0xa1e:0xe DW_TAG_member
	.long	.Linfo_string497                @ DW_AT_name
	.long	12030                           @ DW_AT_type
	.byte	2                               @ DW_AT_decl_file
	.short	15999                           @ DW_AT_decl_line
	.short	784                             @ DW_AT_data_member_location
	.byte	26                              @ Abbrev [26] 0xa2c:0xe DW_TAG_member
	.long	.Linfo_string498                @ DW_AT_name
	.long	12042                           @ DW_AT_type
	.byte	2                               @ DW_AT_decl_file
	.short	16000                           @ DW_AT_decl_line
	.short	896                             @ DW_AT_data_member_location
	.byte	26                              @ Abbrev [26] 0xa3a:0xe DW_TAG_member
	.long	.Linfo_string501                @ DW_AT_name
	.long	12030                           @ DW_AT_type
	.byte	2                               @ DW_AT_decl_file
	.short	16001                           @ DW_AT_decl_line
	.short	912                             @ DW_AT_data_member_location
	.byte	26                              @ Abbrev [26] 0xa48:0xe DW_TAG_member
	.long	.Linfo_string502                @ DW_AT_name
	.long	12135                           @ DW_AT_type
	.byte	2                               @ DW_AT_decl_file
	.short	16002                           @ DW_AT_decl_line
	.short	1024                            @ DW_AT_data_member_location
	.byte	26                              @ Abbrev [26] 0xa56:0xe DW_TAG_member
	.long	.Linfo_string505                @ DW_AT_name
	.long	12215                           @ DW_AT_type
	.byte	2                               @ DW_AT_decl_file
	.short	16003                           @ DW_AT_decl_line
	.short	2048                            @ DW_AT_data_member_location
	.byte	26                              @ Abbrev [26] 0xa64:0xe DW_TAG_member
	.long	.Linfo_string507                @ DW_AT_name
	.long	12282                           @ DW_AT_type
	.byte	2                               @ DW_AT_decl_file
	.short	16004                           @ DW_AT_decl_line
	.short	2052                            @ DW_AT_data_member_location
	.byte	26                              @ Abbrev [26] 0xa72:0xe DW_TAG_member
	.long	.Linfo_string509                @ DW_AT_name
	.long	12349                           @ DW_AT_type
	.byte	2                               @ DW_AT_decl_file
	.short	16005                           @ DW_AT_decl_line
	.short	2056                            @ DW_AT_data_member_location
	.byte	26                              @ Abbrev [26] 0xa80:0xe DW_TAG_member
	.long	.Linfo_string511                @ DW_AT_name
	.long	12416                           @ DW_AT_type
	.byte	2                               @ DW_AT_decl_file
	.short	16006                           @ DW_AT_decl_line
	.short	2060                            @ DW_AT_data_member_location
	.byte	26                              @ Abbrev [26] 0xa8e:0xe DW_TAG_member
	.long	.Linfo_string513                @ DW_AT_name
	.long	12483                           @ DW_AT_type
	.byte	2                               @ DW_AT_decl_file
	.short	16007                           @ DW_AT_decl_line
	.short	2064                            @ DW_AT_data_member_location
	.byte	26                              @ Abbrev [26] 0xa9c:0xe DW_TAG_member
	.long	.Linfo_string515                @ DW_AT_name
	.long	12550                           @ DW_AT_type
	.byte	2                               @ DW_AT_decl_file
	.short	16008                           @ DW_AT_decl_line
	.short	2068                            @ DW_AT_data_member_location
	.byte	26                              @ Abbrev [26] 0xaaa:0xe DW_TAG_member
	.long	.Linfo_string517                @ DW_AT_name
	.long	7239                            @ DW_AT_type
	.byte	2                               @ DW_AT_decl_file
	.short	16009                           @ DW_AT_decl_line
	.short	2072                            @ DW_AT_data_member_location
	.byte	26                              @ Abbrev [26] 0xab8:0xe DW_TAG_member
	.long	.Linfo_string518                @ DW_AT_name
	.long	12617                           @ DW_AT_type
	.byte	2                               @ DW_AT_decl_file
	.short	16010                           @ DW_AT_decl_line
	.short	2076                            @ DW_AT_data_member_location
	.byte	26                              @ Abbrev [26] 0xac6:0xe DW_TAG_member
	.long	.Linfo_string520                @ DW_AT_name
	.long	7239                            @ DW_AT_type
	.byte	2                               @ DW_AT_decl_file
	.short	16011                           @ DW_AT_decl_line
	.short	2080                            @ DW_AT_data_member_location
	.byte	26                              @ Abbrev [26] 0xad4:0xe DW_TAG_member
	.long	.Linfo_string521                @ DW_AT_name
	.long	12684                           @ DW_AT_type
	.byte	2                               @ DW_AT_decl_file
	.short	16012                           @ DW_AT_decl_line
	.short	2084                            @ DW_AT_data_member_location
	.byte	26                              @ Abbrev [26] 0xae2:0xe DW_TAG_member
	.long	.Linfo_string523                @ DW_AT_name
	.long	12751                           @ DW_AT_type
	.byte	2                               @ DW_AT_decl_file
	.short	16013                           @ DW_AT_decl_line
	.short	2088                            @ DW_AT_data_member_location
	.byte	26                              @ Abbrev [26] 0xaf0:0xe DW_TAG_member
	.long	.Linfo_string525                @ DW_AT_name
	.long	12818                           @ DW_AT_type
	.byte	2                               @ DW_AT_decl_file
	.short	16014                           @ DW_AT_decl_line
	.short	2092                            @ DW_AT_data_member_location
	.byte	26                              @ Abbrev [26] 0xafe:0xe DW_TAG_member
	.long	.Linfo_string527                @ DW_AT_name
	.long	12885                           @ DW_AT_type
	.byte	2                               @ DW_AT_decl_file
	.short	16015                           @ DW_AT_decl_line
	.short	2096                            @ DW_AT_data_member_location
	.byte	26                              @ Abbrev [26] 0xb0c:0xe DW_TAG_member
	.long	.Linfo_string529                @ DW_AT_name
	.long	12952                           @ DW_AT_type
	.byte	2                               @ DW_AT_decl_file
	.short	16016                           @ DW_AT_decl_line
	.short	2100                            @ DW_AT_data_member_location
	.byte	26                              @ Abbrev [26] 0xb1a:0xe DW_TAG_member
	.long	.Linfo_string531                @ DW_AT_name
	.long	7239                            @ DW_AT_type
	.byte	2                               @ DW_AT_decl_file
	.short	16017                           @ DW_AT_decl_line
	.short	2104                            @ DW_AT_data_member_location
	.byte	26                              @ Abbrev [26] 0xb28:0xe DW_TAG_member
	.long	.Linfo_string532                @ DW_AT_name
	.long	13019                           @ DW_AT_type
	.byte	2                               @ DW_AT_decl_file
	.short	16018                           @ DW_AT_decl_line
	.short	2108                            @ DW_AT_data_member_location
	.byte	26                              @ Abbrev [26] 0xb36:0xe DW_TAG_member
	.long	.Linfo_string534                @ DW_AT_name
	.long	7239                            @ DW_AT_type
	.byte	2                               @ DW_AT_decl_file
	.short	16019                           @ DW_AT_decl_line
	.short	2112                            @ DW_AT_data_member_location
	.byte	26                              @ Abbrev [26] 0xb44:0xe DW_TAG_member
	.long	.Linfo_string535                @ DW_AT_name
	.long	13086                           @ DW_AT_type
	.byte	2                               @ DW_AT_decl_file
	.short	16020                           @ DW_AT_decl_line
	.short	2116                            @ DW_AT_data_member_location
	.byte	26                              @ Abbrev [26] 0xb52:0xe DW_TAG_member
	.long	.Linfo_string537                @ DW_AT_name
	.long	13153                           @ DW_AT_type
	.byte	2                               @ DW_AT_decl_file
	.short	16021                           @ DW_AT_decl_line
	.short	2120                            @ DW_AT_data_member_location
	.byte	26                              @ Abbrev [26] 0xb60:0xe DW_TAG_member
	.long	.Linfo_string539                @ DW_AT_name
	.long	13220                           @ DW_AT_type
	.byte	2                               @ DW_AT_decl_file
	.short	16022                           @ DW_AT_decl_line
	.short	2124                            @ DW_AT_data_member_location
	.byte	26                              @ Abbrev [26] 0xb6e:0xe DW_TAG_member
	.long	.Linfo_string541                @ DW_AT_name
	.long	13287                           @ DW_AT_type
	.byte	2                               @ DW_AT_decl_file
	.short	16023                           @ DW_AT_decl_line
	.short	2128                            @ DW_AT_data_member_location
	.byte	26                              @ Abbrev [26] 0xb7c:0xe DW_TAG_member
	.long	.Linfo_string543                @ DW_AT_name
	.long	13354                           @ DW_AT_type
	.byte	2                               @ DW_AT_decl_file
	.short	16024                           @ DW_AT_decl_line
	.short	2132                            @ DW_AT_data_member_location
	.byte	26                              @ Abbrev [26] 0xb8a:0xe DW_TAG_member
	.long	.Linfo_string545                @ DW_AT_name
	.long	13421                           @ DW_AT_type
	.byte	2                               @ DW_AT_decl_file
	.short	16025                           @ DW_AT_decl_line
	.short	2136                            @ DW_AT_data_member_location
	.byte	26                              @ Abbrev [26] 0xb98:0xe DW_TAG_member
	.long	.Linfo_string547                @ DW_AT_name
	.long	13488                           @ DW_AT_type
	.byte	2                               @ DW_AT_decl_file
	.short	16026                           @ DW_AT_decl_line
	.short	2140                            @ DW_AT_data_member_location
	.byte	26                              @ Abbrev [26] 0xba6:0xe DW_TAG_member
	.long	.Linfo_string549                @ DW_AT_name
	.long	13555                           @ DW_AT_type
	.byte	2                               @ DW_AT_decl_file
	.short	16027                           @ DW_AT_decl_line
	.short	2144                            @ DW_AT_data_member_location
	.byte	26                              @ Abbrev [26] 0xbb4:0xe DW_TAG_member
	.long	.Linfo_string551                @ DW_AT_name
	.long	7239                            @ DW_AT_type
	.byte	2                               @ DW_AT_decl_file
	.short	16028                           @ DW_AT_decl_line
	.short	2148                            @ DW_AT_data_member_location
	.byte	26                              @ Abbrev [26] 0xbc2:0xe DW_TAG_member
	.long	.Linfo_string552                @ DW_AT_name
	.long	13622                           @ DW_AT_type
	.byte	2                               @ DW_AT_decl_file
	.short	16029                           @ DW_AT_decl_line
	.short	2152                            @ DW_AT_data_member_location
	.byte	26                              @ Abbrev [26] 0xbd0:0xe DW_TAG_member
	.long	.Linfo_string554                @ DW_AT_name
	.long	13689                           @ DW_AT_type
	.byte	2                               @ DW_AT_decl_file
	.short	16030                           @ DW_AT_decl_line
	.short	2156                            @ DW_AT_data_member_location
	.byte	26                              @ Abbrev [26] 0xbde:0xe DW_TAG_member
	.long	.Linfo_string556                @ DW_AT_name
	.long	13756                           @ DW_AT_type
	.byte	2                               @ DW_AT_decl_file
	.short	16031                           @ DW_AT_decl_line
	.short	2160                            @ DW_AT_data_member_location
	.byte	26                              @ Abbrev [26] 0xbec:0xe DW_TAG_member
	.long	.Linfo_string558                @ DW_AT_name
	.long	4998                            @ DW_AT_type
	.byte	2                               @ DW_AT_decl_file
	.short	16032                           @ DW_AT_decl_line
	.short	2164                            @ DW_AT_data_member_location
	.byte	26                              @ Abbrev [26] 0xbfa:0xe DW_TAG_member
	.long	.Linfo_string559                @ DW_AT_name
	.long	13823                           @ DW_AT_type
	.byte	2                               @ DW_AT_decl_file
	.short	16033                           @ DW_AT_decl_line
	.short	2172                            @ DW_AT_data_member_location
	.byte	26                              @ Abbrev [26] 0xc08:0xe DW_TAG_member
	.long	.Linfo_string561                @ DW_AT_name
	.long	13890                           @ DW_AT_type
	.byte	2                               @ DW_AT_decl_file
	.short	16034                           @ DW_AT_decl_line
	.short	2176                            @ DW_AT_data_member_location
	.byte	26                              @ Abbrev [26] 0xc16:0xe DW_TAG_member
	.long	.Linfo_string563                @ DW_AT_name
	.long	13957                           @ DW_AT_type
	.byte	2                               @ DW_AT_decl_file
	.short	16035                           @ DW_AT_decl_line
	.short	2180                            @ DW_AT_data_member_location
	.byte	26                              @ Abbrev [26] 0xc24:0xe DW_TAG_member
	.long	.Linfo_string565                @ DW_AT_name
	.long	14024                           @ DW_AT_type
	.byte	2                               @ DW_AT_decl_file
	.short	16036                           @ DW_AT_decl_line
	.short	2184                            @ DW_AT_data_member_location
	.byte	26                              @ Abbrev [26] 0xc32:0xe DW_TAG_member
	.long	.Linfo_string567                @ DW_AT_name
	.long	7239                            @ DW_AT_type
	.byte	2                               @ DW_AT_decl_file
	.short	16037                           @ DW_AT_decl_line
	.short	2188                            @ DW_AT_data_member_location
	.byte	26                              @ Abbrev [26] 0xc40:0xe DW_TAG_member
	.long	.Linfo_string568                @ DW_AT_name
	.long	14091                           @ DW_AT_type
	.byte	2                               @ DW_AT_decl_file
	.short	16038                           @ DW_AT_decl_line
	.short	2192                            @ DW_AT_data_member_location
	.byte	26                              @ Abbrev [26] 0xc4e:0xe DW_TAG_member
	.long	.Linfo_string570                @ DW_AT_name
	.long	14158                           @ DW_AT_type
	.byte	2                               @ DW_AT_decl_file
	.short	16039                           @ DW_AT_decl_line
	.short	2196                            @ DW_AT_data_member_location
	.byte	26                              @ Abbrev [26] 0xc5c:0xe DW_TAG_member
	.long	.Linfo_string572                @ DW_AT_name
	.long	14225                           @ DW_AT_type
	.byte	2                               @ DW_AT_decl_file
	.short	16040                           @ DW_AT_decl_line
	.short	2200                            @ DW_AT_data_member_location
	.byte	26                              @ Abbrev [26] 0xc6a:0xe DW_TAG_member
	.long	.Linfo_string574                @ DW_AT_name
	.long	14292                           @ DW_AT_type
	.byte	2                               @ DW_AT_decl_file
	.short	16041                           @ DW_AT_decl_line
	.short	2204                            @ DW_AT_data_member_location
	.byte	26                              @ Abbrev [26] 0xc78:0xe DW_TAG_member
	.long	.Linfo_string576                @ DW_AT_name
	.long	14359                           @ DW_AT_type
	.byte	2                               @ DW_AT_decl_file
	.short	16042                           @ DW_AT_decl_line
	.short	2208                            @ DW_AT_data_member_location
	.byte	26                              @ Abbrev [26] 0xc86:0xe DW_TAG_member
	.long	.Linfo_string578                @ DW_AT_name
	.long	14426                           @ DW_AT_type
	.byte	2                               @ DW_AT_decl_file
	.short	16043                           @ DW_AT_decl_line
	.short	2212                            @ DW_AT_data_member_location
	.byte	26                              @ Abbrev [26] 0xc94:0xe DW_TAG_member
	.long	.Linfo_string580                @ DW_AT_name
	.long	5538                            @ DW_AT_type
	.byte	2                               @ DW_AT_decl_file
	.short	16044                           @ DW_AT_decl_line
	.short	2216                            @ DW_AT_data_member_location
	.byte	26                              @ Abbrev [26] 0xca2:0xe DW_TAG_member
	.long	.Linfo_string581                @ DW_AT_name
	.long	14493                           @ DW_AT_type
	.byte	2                               @ DW_AT_decl_file
	.short	16045                           @ DW_AT_decl_line
	.short	2228                            @ DW_AT_data_member_location
	.byte	26                              @ Abbrev [26] 0xcb0:0xe DW_TAG_member
	.long	.Linfo_string583                @ DW_AT_name
	.long	7239                            @ DW_AT_type
	.byte	2                               @ DW_AT_decl_file
	.short	16046                           @ DW_AT_decl_line
	.short	2232                            @ DW_AT_data_member_location
	.byte	26                              @ Abbrev [26] 0xcbe:0xe DW_TAG_member
	.long	.Linfo_string584                @ DW_AT_name
	.long	14560                           @ DW_AT_type
	.byte	2                               @ DW_AT_decl_file
	.short	16047                           @ DW_AT_decl_line
	.short	2236                            @ DW_AT_data_member_location
	.byte	26                              @ Abbrev [26] 0xccc:0xe DW_TAG_member
	.long	.Linfo_string586                @ DW_AT_name
	.long	14627                           @ DW_AT_type
	.byte	2                               @ DW_AT_decl_file
	.short	16048                           @ DW_AT_decl_line
	.short	2240                            @ DW_AT_data_member_location
	.byte	26                              @ Abbrev [26] 0xcda:0xe DW_TAG_member
	.long	.Linfo_string588                @ DW_AT_name
	.long	14694                           @ DW_AT_type
	.byte	2                               @ DW_AT_decl_file
	.short	16049                           @ DW_AT_decl_line
	.short	2244                            @ DW_AT_data_member_location
	.byte	26                              @ Abbrev [26] 0xce8:0xe DW_TAG_member
	.long	.Linfo_string590                @ DW_AT_name
	.long	14761                           @ DW_AT_type
	.byte	2                               @ DW_AT_decl_file
	.short	16050                           @ DW_AT_decl_line
	.short	2248                            @ DW_AT_data_member_location
	.byte	26                              @ Abbrev [26] 0xcf6:0xe DW_TAG_member
	.long	.Linfo_string592                @ DW_AT_name
	.long	14828                           @ DW_AT_type
	.byte	2                               @ DW_AT_decl_file
	.short	16051                           @ DW_AT_decl_line
	.short	2252                            @ DW_AT_data_member_location
	.byte	26                              @ Abbrev [26] 0xd04:0xe DW_TAG_member
	.long	.Linfo_string594                @ DW_AT_name
	.long	6389                            @ DW_AT_type
	.byte	2                               @ DW_AT_decl_file
	.short	16052                           @ DW_AT_decl_line
	.short	2256                            @ DW_AT_data_member_location
	.byte	26                              @ Abbrev [26] 0xd12:0xe DW_TAG_member
	.long	.Linfo_string595                @ DW_AT_name
	.long	14895                           @ DW_AT_type
	.byte	2                               @ DW_AT_decl_file
	.short	16053                           @ DW_AT_decl_line
	.short	2304                            @ DW_AT_data_member_location
	.byte	26                              @ Abbrev [26] 0xd20:0xe DW_TAG_member
	.long	.Linfo_string597                @ DW_AT_name
	.long	14962                           @ DW_AT_type
	.byte	2                               @ DW_AT_decl_file
	.short	16054                           @ DW_AT_decl_line
	.short	2308                            @ DW_AT_data_member_location
	.byte	26                              @ Abbrev [26] 0xd2e:0xe DW_TAG_member
	.long	.Linfo_string599                @ DW_AT_name
	.long	5538                            @ DW_AT_type
	.byte	2                               @ DW_AT_decl_file
	.short	16055                           @ DW_AT_decl_line
	.short	2312                            @ DW_AT_data_member_location
	.byte	26                              @ Abbrev [26] 0xd3c:0xe DW_TAG_member
	.long	.Linfo_string600                @ DW_AT_name
	.long	15029                           @ DW_AT_type
	.byte	2                               @ DW_AT_decl_file
	.short	16056                           @ DW_AT_decl_line
	.short	2324                            @ DW_AT_data_member_location
	.byte	26                              @ Abbrev [26] 0xd4a:0xe DW_TAG_member
	.long	.Linfo_string602                @ DW_AT_name
	.long	5538                            @ DW_AT_type
	.byte	2                               @ DW_AT_decl_file
	.short	16057                           @ DW_AT_decl_line
	.short	2328                            @ DW_AT_data_member_location
	.byte	26                              @ Abbrev [26] 0xd58:0xe DW_TAG_member
	.long	.Linfo_string603                @ DW_AT_name
	.long	15096                           @ DW_AT_type
	.byte	2                               @ DW_AT_decl_file
	.short	16058                           @ DW_AT_decl_line
	.short	2340                            @ DW_AT_data_member_location
	.byte	26                              @ Abbrev [26] 0xd66:0xe DW_TAG_member
	.long	.Linfo_string605                @ DW_AT_name
	.long	15163                           @ DW_AT_type
	.byte	2                               @ DW_AT_decl_file
	.short	16059                           @ DW_AT_decl_line
	.short	2344                            @ DW_AT_data_member_location
	.byte	26                              @ Abbrev [26] 0xd74:0xe DW_TAG_member
	.long	.Linfo_string607                @ DW_AT_name
	.long	15230                           @ DW_AT_type
	.byte	2                               @ DW_AT_decl_file
	.short	16060                           @ DW_AT_decl_line
	.short	2348                            @ DW_AT_data_member_location
	.byte	26                              @ Abbrev [26] 0xd82:0xe DW_TAG_member
	.long	.Linfo_string609                @ DW_AT_name
	.long	15297                           @ DW_AT_type
	.byte	2                               @ DW_AT_decl_file
	.short	16061                           @ DW_AT_decl_line
	.short	2352                            @ DW_AT_data_member_location
	.byte	26                              @ Abbrev [26] 0xd90:0xe DW_TAG_member
	.long	.Linfo_string611                @ DW_AT_name
	.long	15364                           @ DW_AT_type
	.byte	2                               @ DW_AT_decl_file
	.short	16062                           @ DW_AT_decl_line
	.short	2356                            @ DW_AT_data_member_location
	.byte	26                              @ Abbrev [26] 0xd9e:0xe DW_TAG_member
	.long	.Linfo_string613                @ DW_AT_name
	.long	7239                            @ DW_AT_type
	.byte	2                               @ DW_AT_decl_file
	.short	16063                           @ DW_AT_decl_line
	.short	2360                            @ DW_AT_data_member_location
	.byte	26                              @ Abbrev [26] 0xdac:0xe DW_TAG_member
	.long	.Linfo_string614                @ DW_AT_name
	.long	15431                           @ DW_AT_type
	.byte	2                               @ DW_AT_decl_file
	.short	16064                           @ DW_AT_decl_line
	.short	2364                            @ DW_AT_data_member_location
	.byte	26                              @ Abbrev [26] 0xdba:0xe DW_TAG_member
	.long	.Linfo_string616                @ DW_AT_name
	.long	15498                           @ DW_AT_type
	.byte	2                               @ DW_AT_decl_file
	.short	16065                           @ DW_AT_decl_line
	.short	2368                            @ DW_AT_data_member_location
	.byte	26                              @ Abbrev [26] 0xdc8:0xe DW_TAG_member
	.long	.Linfo_string617                @ DW_AT_name
	.long	15510                           @ DW_AT_type
	.byte	2                               @ DW_AT_decl_file
	.short	16066                           @ DW_AT_decl_line
	.short	2560                            @ DW_AT_data_member_location
	.byte	26                              @ Abbrev [26] 0xdd6:0xe DW_TAG_member
	.long	.Linfo_string621                @ DW_AT_name
	.long	15591                           @ DW_AT_type
	.byte	2                               @ DW_AT_decl_file
	.short	16067                           @ DW_AT_decl_line
	.short	2568                            @ DW_AT_data_member_location
	.byte	26                              @ Abbrev [26] 0xde4:0xe DW_TAG_member
	.long	.Linfo_string623                @ DW_AT_name
	.long	15672                           @ DW_AT_type
	.byte	2                               @ DW_AT_decl_file
	.short	16068                           @ DW_AT_decl_line
	.short	2576                            @ DW_AT_data_member_location
	.byte	26                              @ Abbrev [26] 0xdf2:0xe DW_TAG_member
	.long	.Linfo_string625                @ DW_AT_name
	.long	15753                           @ DW_AT_type
	.byte	2                               @ DW_AT_decl_file
	.short	16069                           @ DW_AT_decl_line
	.short	2584                            @ DW_AT_data_member_location
	.byte	26                              @ Abbrev [26] 0xe00:0xe DW_TAG_member
	.long	.Linfo_string627                @ DW_AT_name
	.long	15834                           @ DW_AT_type
	.byte	2                               @ DW_AT_decl_file
	.short	16070                           @ DW_AT_decl_line
	.short	2592                            @ DW_AT_data_member_location
	.byte	26                              @ Abbrev [26] 0xe0e:0xe DW_TAG_member
	.long	.Linfo_string629                @ DW_AT_name
	.long	15915                           @ DW_AT_type
	.byte	2                               @ DW_AT_decl_file
	.short	16071                           @ DW_AT_decl_line
	.short	2600                            @ DW_AT_data_member_location
	.byte	26                              @ Abbrev [26] 0xe1c:0xe DW_TAG_member
	.long	.Linfo_string631                @ DW_AT_name
	.long	15996                           @ DW_AT_type
	.byte	2                               @ DW_AT_decl_file
	.short	16072                           @ DW_AT_decl_line
	.short	2608                            @ DW_AT_data_member_location
	.byte	26                              @ Abbrev [26] 0xe2a:0xe DW_TAG_member
	.long	.Linfo_string633                @ DW_AT_name
	.long	4998                            @ DW_AT_type
	.byte	2                               @ DW_AT_decl_file
	.short	16073                           @ DW_AT_decl_line
	.short	2616                            @ DW_AT_data_member_location
	.byte	26                              @ Abbrev [26] 0xe38:0xe DW_TAG_member
	.long	.Linfo_string634                @ DW_AT_name
	.long	16077                           @ DW_AT_type
	.byte	2                               @ DW_AT_decl_file
	.short	16074                           @ DW_AT_decl_line
	.short	2624                            @ DW_AT_data_member_location
	.byte	26                              @ Abbrev [26] 0xe46:0xe DW_TAG_member
	.long	.Linfo_string636                @ DW_AT_name
	.long	16158                           @ DW_AT_type
	.byte	2                               @ DW_AT_decl_file
	.short	16075                           @ DW_AT_decl_line
	.short	2632                            @ DW_AT_data_member_location
	.byte	26                              @ Abbrev [26] 0xe54:0xe DW_TAG_member
	.long	.Linfo_string638                @ DW_AT_name
	.long	16239                           @ DW_AT_type
	.byte	2                               @ DW_AT_decl_file
	.short	16076                           @ DW_AT_decl_line
	.short	2640                            @ DW_AT_data_member_location
	.byte	26                              @ Abbrev [26] 0xe62:0xe DW_TAG_member
	.long	.Linfo_string640                @ DW_AT_name
	.long	16320                           @ DW_AT_type
	.byte	2                               @ DW_AT_decl_file
	.short	16077                           @ DW_AT_decl_line
	.short	2648                            @ DW_AT_data_member_location
	.byte	26                              @ Abbrev [26] 0xe70:0xe DW_TAG_member
	.long	.Linfo_string642                @ DW_AT_name
	.long	16401                           @ DW_AT_type
	.byte	2                               @ DW_AT_decl_file
	.short	16078                           @ DW_AT_decl_line
	.short	2656                            @ DW_AT_data_member_location
	.byte	26                              @ Abbrev [26] 0xe7e:0xe DW_TAG_member
	.long	.Linfo_string644                @ DW_AT_name
	.long	16482                           @ DW_AT_type
	.byte	2                               @ DW_AT_decl_file
	.short	16079                           @ DW_AT_decl_line
	.short	2664                            @ DW_AT_data_member_location
	.byte	26                              @ Abbrev [26] 0xe8c:0xe DW_TAG_member
	.long	.Linfo_string646                @ DW_AT_name
	.long	16563                           @ DW_AT_type
	.byte	2                               @ DW_AT_decl_file
	.short	16080                           @ DW_AT_decl_line
	.short	2672                            @ DW_AT_data_member_location
	.byte	26                              @ Abbrev [26] 0xe9a:0xe DW_TAG_member
	.long	.Linfo_string648                @ DW_AT_name
	.long	4998                            @ DW_AT_type
	.byte	2                               @ DW_AT_decl_file
	.short	16081                           @ DW_AT_decl_line
	.short	2680                            @ DW_AT_data_member_location
	.byte	26                              @ Abbrev [26] 0xea8:0xe DW_TAG_member
	.long	.Linfo_string649                @ DW_AT_name
	.long	16644                           @ DW_AT_type
	.byte	2                               @ DW_AT_decl_file
	.short	16082                           @ DW_AT_decl_line
	.short	2688                            @ DW_AT_data_member_location
	.byte	26                              @ Abbrev [26] 0xeb6:0xe DW_TAG_member
	.long	.Linfo_string651                @ DW_AT_name
	.long	16725                           @ DW_AT_type
	.byte	2                               @ DW_AT_decl_file
	.short	16083                           @ DW_AT_decl_line
	.short	2696                            @ DW_AT_data_member_location
	.byte	26                              @ Abbrev [26] 0xec4:0xe DW_TAG_member
	.long	.Linfo_string653                @ DW_AT_name
	.long	16806                           @ DW_AT_type
	.byte	2                               @ DW_AT_decl_file
	.short	16084                           @ DW_AT_decl_line
	.short	2704                            @ DW_AT_data_member_location
	.byte	26                              @ Abbrev [26] 0xed2:0xe DW_TAG_member
	.long	.Linfo_string655                @ DW_AT_name
	.long	16887                           @ DW_AT_type
	.byte	2                               @ DW_AT_decl_file
	.short	16085                           @ DW_AT_decl_line
	.short	2712                            @ DW_AT_data_member_location
	.byte	26                              @ Abbrev [26] 0xee0:0xe DW_TAG_member
	.long	.Linfo_string657                @ DW_AT_name
	.long	16968                           @ DW_AT_type
	.byte	2                               @ DW_AT_decl_file
	.short	16086                           @ DW_AT_decl_line
	.short	2720                            @ DW_AT_data_member_location
	.byte	26                              @ Abbrev [26] 0xeee:0xe DW_TAG_member
	.long	.Linfo_string659                @ DW_AT_name
	.long	17035                           @ DW_AT_type
	.byte	2                               @ DW_AT_decl_file
	.short	16087                           @ DW_AT_decl_line
	.short	2724                            @ DW_AT_data_member_location
	.byte	26                              @ Abbrev [26] 0xefc:0xe DW_TAG_member
	.long	.Linfo_string661                @ DW_AT_name
	.long	17102                           @ DW_AT_type
	.byte	2                               @ DW_AT_decl_file
	.short	16088                           @ DW_AT_decl_line
	.short	2728                            @ DW_AT_data_member_location
	.byte	26                              @ Abbrev [26] 0xf0a:0xe DW_TAG_member
	.long	.Linfo_string663                @ DW_AT_name
	.long	17169                           @ DW_AT_type
	.byte	2                               @ DW_AT_decl_file
	.short	16089                           @ DW_AT_decl_line
	.short	2732                            @ DW_AT_data_member_location
	.byte	26                              @ Abbrev [26] 0xf18:0xe DW_TAG_member
	.long	.Linfo_string665                @ DW_AT_name
	.long	17236                           @ DW_AT_type
	.byte	2                               @ DW_AT_decl_file
	.short	16090                           @ DW_AT_decl_line
	.short	2736                            @ DW_AT_data_member_location
	.byte	26                              @ Abbrev [26] 0xf26:0xe DW_TAG_member
	.long	.Linfo_string667                @ DW_AT_name
	.long	5538                            @ DW_AT_type
	.byte	2                               @ DW_AT_decl_file
	.short	16091                           @ DW_AT_decl_line
	.short	2740                            @ DW_AT_data_member_location
	.byte	26                              @ Abbrev [26] 0xf34:0xe DW_TAG_member
	.long	.Linfo_string668                @ DW_AT_name
	.long	17303                           @ DW_AT_type
	.byte	2                               @ DW_AT_decl_file
	.short	16092                           @ DW_AT_decl_line
	.short	2752                            @ DW_AT_data_member_location
	.byte	26                              @ Abbrev [26] 0xf42:0xe DW_TAG_member
	.long	.Linfo_string670                @ DW_AT_name
	.long	17384                           @ DW_AT_type
	.byte	2                               @ DW_AT_decl_file
	.short	16093                           @ DW_AT_decl_line
	.short	2760                            @ DW_AT_data_member_location
	.byte	26                              @ Abbrev [26] 0xf50:0xe DW_TAG_member
	.long	.Linfo_string672                @ DW_AT_name
	.long	17465                           @ DW_AT_type
	.byte	2                               @ DW_AT_decl_file
	.short	16094                           @ DW_AT_decl_line
	.short	2768                            @ DW_AT_data_member_location
	.byte	26                              @ Abbrev [26] 0xf5e:0xe DW_TAG_member
	.long	.Linfo_string674                @ DW_AT_name
	.long	8155                            @ DW_AT_type
	.byte	2                               @ DW_AT_decl_file
	.short	16095                           @ DW_AT_decl_line
	.short	2776                            @ DW_AT_data_member_location
	.byte	26                              @ Abbrev [26] 0xf6c:0xe DW_TAG_member
	.long	.Linfo_string675                @ DW_AT_name
	.long	17546                           @ DW_AT_type
	.byte	2                               @ DW_AT_decl_file
	.short	16096                           @ DW_AT_decl_line
	.short	2816                            @ DW_AT_data_member_location
	.byte	26                              @ Abbrev [26] 0xf7a:0xe DW_TAG_member
	.long	.Linfo_string677                @ DW_AT_name
	.long	17627                           @ DW_AT_type
	.byte	2                               @ DW_AT_decl_file
	.short	16097                           @ DW_AT_decl_line
	.short	2824                            @ DW_AT_data_member_location
	.byte	26                              @ Abbrev [26] 0xf88:0xe DW_TAG_member
	.long	.Linfo_string679                @ DW_AT_name
	.long	17708                           @ DW_AT_type
	.byte	2                               @ DW_AT_decl_file
	.short	16098                           @ DW_AT_decl_line
	.short	2832                            @ DW_AT_data_member_location
	.byte	26                              @ Abbrev [26] 0xf96:0xe DW_TAG_member
	.long	.Linfo_string681                @ DW_AT_name
	.long	17789                           @ DW_AT_type
	.byte	2                               @ DW_AT_decl_file
	.short	16099                           @ DW_AT_decl_line
	.short	2840                            @ DW_AT_data_member_location
	.byte	26                              @ Abbrev [26] 0xfa4:0xe DW_TAG_member
	.long	.Linfo_string683                @ DW_AT_name
	.long	17870                           @ DW_AT_type
	.byte	2                               @ DW_AT_decl_file
	.short	16100                           @ DW_AT_decl_line
	.short	2848                            @ DW_AT_data_member_location
	.byte	26                              @ Abbrev [26] 0xfb2:0xe DW_TAG_member
	.long	.Linfo_string685                @ DW_AT_name
	.long	17951                           @ DW_AT_type
	.byte	2                               @ DW_AT_decl_file
	.short	16101                           @ DW_AT_decl_line
	.short	2856                            @ DW_AT_data_member_location
	.byte	26                              @ Abbrev [26] 0xfc0:0xe DW_TAG_member
	.long	.Linfo_string687                @ DW_AT_name
	.long	18032                           @ DW_AT_type
	.byte	2                               @ DW_AT_decl_file
	.short	16102                           @ DW_AT_decl_line
	.short	2864                            @ DW_AT_data_member_location
	.byte	26                              @ Abbrev [26] 0xfce:0xe DW_TAG_member
	.long	.Linfo_string689                @ DW_AT_name
	.long	18113                           @ DW_AT_type
	.byte	2                               @ DW_AT_decl_file
	.short	16103                           @ DW_AT_decl_line
	.short	2872                            @ DW_AT_data_member_location
	.byte	26                              @ Abbrev [26] 0xfdc:0xe DW_TAG_member
	.long	.Linfo_string690                @ DW_AT_name
	.long	6494                            @ DW_AT_type
	.byte	2                               @ DW_AT_decl_file
	.short	16104                           @ DW_AT_decl_line
	.short	2944                            @ DW_AT_data_member_location
	.byte	26                              @ Abbrev [26] 0xfea:0xe DW_TAG_member
	.long	.Linfo_string691                @ DW_AT_name
	.long	18125                           @ DW_AT_type
	.byte	2                               @ DW_AT_decl_file
	.short	16105                           @ DW_AT_decl_line
	.short	3008                            @ DW_AT_data_member_location
	.byte	26                              @ Abbrev [26] 0xff8:0xe DW_TAG_member
	.long	.Linfo_string692                @ DW_AT_name
	.long	18138                           @ DW_AT_type
	.byte	2                               @ DW_AT_decl_file
	.short	16106                           @ DW_AT_decl_line
	.short	4032                            @ DW_AT_data_member_location
	.byte	26                              @ Abbrev [26] 0x1006:0xe DW_TAG_member
	.long	.Linfo_string694                @ DW_AT_name
	.long	5538                            @ DW_AT_type
	.byte	2                               @ DW_AT_decl_file
	.short	16107                           @ DW_AT_decl_line
	.short	4036                            @ DW_AT_data_member_location
	.byte	26                              @ Abbrev [26] 0x1014:0xe DW_TAG_member
	.long	.Linfo_string695                @ DW_AT_name
	.long	18205                           @ DW_AT_type
	.byte	2                               @ DW_AT_decl_file
	.short	16108                           @ DW_AT_decl_line
	.short	4048                            @ DW_AT_data_member_location
	.byte	26                              @ Abbrev [26] 0x1022:0xe DW_TAG_member
	.long	.Linfo_string697                @ DW_AT_name
	.long	18272                           @ DW_AT_type
	.byte	2                               @ DW_AT_decl_file
	.short	16109                           @ DW_AT_decl_line
	.short	4052                            @ DW_AT_data_member_location
	.byte	26                              @ Abbrev [26] 0x1030:0xe DW_TAG_member
	.long	.Linfo_string699                @ DW_AT_name
	.long	18339                           @ DW_AT_type
	.byte	2                               @ DW_AT_decl_file
	.short	16110                           @ DW_AT_decl_line
	.short	4056                            @ DW_AT_data_member_location
	.byte	26                              @ Abbrev [26] 0x103e:0xe DW_TAG_member
	.long	.Linfo_string701                @ DW_AT_name
	.long	18406                           @ DW_AT_type
	.byte	2                               @ DW_AT_decl_file
	.short	16111                           @ DW_AT_decl_line
	.short	4060                            @ DW_AT_data_member_location
	.byte	26                              @ Abbrev [26] 0x104c:0xe DW_TAG_member
	.long	.Linfo_string703                @ DW_AT_name
	.long	18473                           @ DW_AT_type
	.byte	2                               @ DW_AT_decl_file
	.short	16112                           @ DW_AT_decl_line
	.short	4064                            @ DW_AT_data_member_location
	.byte	26                              @ Abbrev [26] 0x105a:0xe DW_TAG_member
	.long	.Linfo_string705                @ DW_AT_name
	.long	18540                           @ DW_AT_type
	.byte	2                               @ DW_AT_decl_file
	.short	16113                           @ DW_AT_decl_line
	.short	4068                            @ DW_AT_data_member_location
	.byte	26                              @ Abbrev [26] 0x1068:0xe DW_TAG_member
	.long	.Linfo_string707                @ DW_AT_name
	.long	18607                           @ DW_AT_type
	.byte	2                               @ DW_AT_decl_file
	.short	16114                           @ DW_AT_decl_line
	.short	4072                            @ DW_AT_data_member_location
	.byte	26                              @ Abbrev [26] 0x1076:0xe DW_TAG_member
	.long	.Linfo_string709                @ DW_AT_name
	.long	18674                           @ DW_AT_type
	.byte	2                               @ DW_AT_decl_file
	.short	16115                           @ DW_AT_decl_line
	.short	4076                            @ DW_AT_data_member_location
	.byte	26                              @ Abbrev [26] 0x1084:0xe DW_TAG_member
	.long	.Linfo_string711                @ DW_AT_name
	.long	18741                           @ DW_AT_type
	.byte	2                               @ DW_AT_decl_file
	.short	16116                           @ DW_AT_decl_line
	.short	4080                            @ DW_AT_data_member_location
	.byte	26                              @ Abbrev [26] 0x1092:0xe DW_TAG_member
	.long	.Linfo_string713                @ DW_AT_name
	.long	18808                           @ DW_AT_type
	.byte	2                               @ DW_AT_decl_file
	.short	16117                           @ DW_AT_decl_line
	.short	4084                            @ DW_AT_data_member_location
	.byte	26                              @ Abbrev [26] 0x10a0:0xe DW_TAG_member
	.long	.Linfo_string715                @ DW_AT_name
	.long	18875                           @ DW_AT_type
	.byte	2                               @ DW_AT_decl_file
	.short	16118                           @ DW_AT_decl_line
	.short	4088                            @ DW_AT_data_member_location
	.byte	26                              @ Abbrev [26] 0x10ae:0xe DW_TAG_member
	.long	.Linfo_string717                @ DW_AT_name
	.long	18942                           @ DW_AT_type
	.byte	2                               @ DW_AT_decl_file
	.short	16119                           @ DW_AT_decl_line
	.short	4092                            @ DW_AT_data_member_location
	.byte	0                               @ End Of Children Mark
	.byte	27                              @ Abbrev [27] 0x10bd:0x97 DW_TAG_structure_type
	.long	.Linfo_string179                @ DW_AT_name
	.byte	4                               @ DW_AT_byte_size
	.byte	2                               @ DW_AT_decl_file
	.short	2520                            @ DW_AT_decl_line
	.byte	28                              @ Abbrev [28] 0x10c6:0x9 DW_TAG_member
	.long	4303                            @ DW_AT_type
	.byte	2                               @ DW_AT_decl_file
	.short	2523                            @ DW_AT_decl_line
	.byte	0                               @ DW_AT_data_member_location
	.byte	29                              @ Abbrev [29] 0x10cf:0x84 DW_TAG_union_type
	.byte	4                               @ DW_AT_byte_size
	.byte	2                               @ DW_AT_decl_file
	.short	2523                            @ DW_AT_decl_line
	.byte	28                              @ Abbrev [28] 0x10d4:0x9 DW_TAG_member
	.long	4317                            @ DW_AT_type
	.byte	2                               @ DW_AT_decl_file
	.short	2525                            @ DW_AT_decl_line
	.byte	0                               @ DW_AT_data_member_location
	.byte	30                              @ Abbrev [30] 0x10dd:0x68 DW_TAG_structure_type
	.byte	4                               @ DW_AT_byte_size
	.byte	2                               @ DW_AT_decl_file
	.short	2525                            @ DW_AT_decl_line
	.byte	31                              @ Abbrev [31] 0x10e2:0xe DW_TAG_member
	.long	.Linfo_string171                @ DW_AT_name
	.long	1206                            @ DW_AT_type
	.byte	2                               @ DW_AT_decl_file
	.short	2527                            @ DW_AT_decl_line
	.byte	4                               @ DW_AT_bit_size
	.byte	0                               @ DW_AT_data_bit_offset
	.byte	31                              @ Abbrev [31] 0x10f0:0xe DW_TAG_member
	.long	.Linfo_string172                @ DW_AT_name
	.long	1206                            @ DW_AT_type
	.byte	2                               @ DW_AT_decl_file
	.short	2528                            @ DW_AT_decl_line
	.byte	4                               @ DW_AT_bit_size
	.byte	4                               @ DW_AT_data_bit_offset
	.byte	31                              @ Abbrev [31] 0x10fe:0xe DW_TAG_member
	.long	.Linfo_string173                @ DW_AT_name
	.long	1206                            @ DW_AT_type
	.byte	2                               @ DW_AT_decl_file
	.short	2529                            @ DW_AT_decl_line
	.byte	4                               @ DW_AT_bit_size
	.byte	8                               @ DW_AT_data_bit_offset
	.byte	31                              @ Abbrev [31] 0x110c:0xe DW_TAG_member
	.long	.Linfo_string174                @ DW_AT_name
	.long	1206                            @ DW_AT_type
	.byte	2                               @ DW_AT_decl_file
	.short	2530                            @ DW_AT_decl_line
	.byte	4                               @ DW_AT_bit_size
	.byte	12                              @ DW_AT_data_bit_offset
	.byte	31                              @ Abbrev [31] 0x111a:0xe DW_TAG_member
	.long	.Linfo_string175                @ DW_AT_name
	.long	1206                            @ DW_AT_type
	.byte	2                               @ DW_AT_decl_file
	.short	2531                            @ DW_AT_decl_line
	.byte	4                               @ DW_AT_bit_size
	.byte	16                              @ DW_AT_data_bit_offset
	.byte	31                              @ Abbrev [31] 0x1128:0xe DW_TAG_member
	.long	.Linfo_string176                @ DW_AT_name
	.long	1206                            @ DW_AT_type
	.byte	2                               @ DW_AT_decl_file
	.short	2533                            @ DW_AT_decl_line
	.byte	8                               @ DW_AT_bit_size
	.byte	20                              @ DW_AT_data_bit_offset
	.byte	31                              @ Abbrev [31] 0x1136:0xe DW_TAG_member
	.long	.Linfo_string177                @ DW_AT_name
	.long	1206                            @ DW_AT_type
	.byte	2                               @ DW_AT_decl_file
	.short	2535                            @ DW_AT_decl_line
	.byte	4                               @ DW_AT_bit_size
	.byte	28                              @ DW_AT_data_bit_offset
	.byte	0                               @ End Of Children Mark
	.byte	25                              @ Abbrev [25] 0x1145:0xd DW_TAG_member
	.long	.Linfo_string178                @ DW_AT_name
	.long	1206                            @ DW_AT_type
	.byte	2                               @ DW_AT_decl_file
	.short	2537                            @ DW_AT_decl_line
	.byte	0                               @ DW_AT_data_member_location
	.byte	0                               @ End Of Children Mark
	.byte	0                               @ End Of Children Mark
	.byte	27                              @ Abbrev [27] 0x1154:0xeb DW_TAG_structure_type
	.long	.Linfo_string194                @ DW_AT_name
	.byte	4                               @ DW_AT_byte_size
	.byte	2                               @ DW_AT_decl_file
	.short	2710                            @ DW_AT_decl_line
	.byte	28                              @ Abbrev [28] 0x115d:0x9 DW_TAG_member
	.long	4454                            @ DW_AT_type
	.byte	2                               @ DW_AT_decl_file
	.short	2713                            @ DW_AT_decl_line
	.byte	0                               @ DW_AT_data_member_location
	.byte	29                              @ Abbrev [29] 0x1166:0xd8 DW_TAG_union_type
	.byte	4                               @ DW_AT_byte_size
	.byte	2                               @ DW_AT_decl_file
	.short	2713                            @ DW_AT_decl_line
	.byte	28                              @ Abbrev [28] 0x116b:0x9 DW_TAG_member
	.long	4468                            @ DW_AT_type
	.byte	2                               @ DW_AT_decl_file
	.short	2715                            @ DW_AT_decl_line
	.byte	0                               @ DW_AT_data_member_location
	.byte	30                              @ Abbrev [30] 0x1174:0xbc DW_TAG_structure_type
	.byte	4                               @ DW_AT_byte_size
	.byte	2                               @ DW_AT_decl_file
	.short	2715                            @ DW_AT_decl_line
	.byte	31                              @ Abbrev [31] 0x1179:0xe DW_TAG_member
	.long	.Linfo_string181                @ DW_AT_name
	.long	1206                            @ DW_AT_type
	.byte	2                               @ DW_AT_decl_file
	.short	2717                            @ DW_AT_decl_line
	.byte	1                               @ DW_AT_bit_size
	.byte	0                               @ DW_AT_data_bit_offset
	.byte	31                              @ Abbrev [31] 0x1187:0xe DW_TAG_member
	.long	.Linfo_string182                @ DW_AT_name
	.long	1206                            @ DW_AT_type
	.byte	2                               @ DW_AT_decl_file
	.short	2718                            @ DW_AT_decl_line
	.byte	1                               @ DW_AT_bit_size
	.byte	1                               @ DW_AT_data_bit_offset
	.byte	31                              @ Abbrev [31] 0x1195:0xe DW_TAG_member
	.long	.Linfo_string183                @ DW_AT_name
	.long	1206                            @ DW_AT_type
	.byte	2                               @ DW_AT_decl_file
	.short	2721                            @ DW_AT_decl_line
	.byte	1                               @ DW_AT_bit_size
	.byte	2                               @ DW_AT_data_bit_offset
	.byte	31                              @ Abbrev [31] 0x11a3:0xe DW_TAG_member
	.long	.Linfo_string184                @ DW_AT_name
	.long	1206                            @ DW_AT_type
	.byte	2                               @ DW_AT_decl_file
	.short	2723                            @ DW_AT_decl_line
	.byte	1                               @ DW_AT_bit_size
	.byte	3                               @ DW_AT_data_bit_offset
	.byte	31                              @ Abbrev [31] 0x11b1:0xe DW_TAG_member
	.long	.Linfo_string185                @ DW_AT_name
	.long	1206                            @ DW_AT_type
	.byte	2                               @ DW_AT_decl_file
	.short	2727                            @ DW_AT_decl_line
	.byte	1                               @ DW_AT_bit_size
	.byte	4                               @ DW_AT_data_bit_offset
	.byte	31                              @ Abbrev [31] 0x11bf:0xe DW_TAG_member
	.long	.Linfo_string186                @ DW_AT_name
	.long	1206                            @ DW_AT_type
	.byte	2                               @ DW_AT_decl_file
	.short	2728                            @ DW_AT_decl_line
	.byte	1                               @ DW_AT_bit_size
	.byte	5                               @ DW_AT_data_bit_offset
	.byte	31                              @ Abbrev [31] 0x11cd:0xe DW_TAG_member
	.long	.Linfo_string187                @ DW_AT_name
	.long	1206                            @ DW_AT_type
	.byte	2                               @ DW_AT_decl_file
	.short	2730                            @ DW_AT_decl_line
	.byte	1                               @ DW_AT_bit_size
	.byte	6                               @ DW_AT_data_bit_offset
	.byte	31                              @ Abbrev [31] 0x11db:0xe DW_TAG_member
	.long	.Linfo_string188                @ DW_AT_name
	.long	1206                            @ DW_AT_type
	.byte	2                               @ DW_AT_decl_file
	.short	2731                            @ DW_AT_decl_line
	.byte	1                               @ DW_AT_bit_size
	.byte	7                               @ DW_AT_data_bit_offset
	.byte	31                              @ Abbrev [31] 0x11e9:0xe DW_TAG_member
	.long	.Linfo_string189                @ DW_AT_name
	.long	1206                            @ DW_AT_type
	.byte	2                               @ DW_AT_decl_file
	.short	2733                            @ DW_AT_decl_line
	.byte	1                               @ DW_AT_bit_size
	.byte	8                               @ DW_AT_data_bit_offset
	.byte	31                              @ Abbrev [31] 0x11f7:0xe DW_TAG_member
	.long	.Linfo_string190                @ DW_AT_name
	.long	1206                            @ DW_AT_type
	.byte	2                               @ DW_AT_decl_file
	.short	2735                            @ DW_AT_decl_line
	.byte	2                               @ DW_AT_bit_size
	.byte	9                               @ DW_AT_data_bit_offset
	.byte	31                              @ Abbrev [31] 0x1205:0xe DW_TAG_member
	.long	.Linfo_string191                @ DW_AT_name
	.long	1206                            @ DW_AT_type
	.byte	2                               @ DW_AT_decl_file
	.short	2736                            @ DW_AT_decl_line
	.byte	1                               @ DW_AT_bit_size
	.byte	11                              @ DW_AT_data_bit_offset
	.byte	31                              @ Abbrev [31] 0x1213:0xe DW_TAG_member
	.long	.Linfo_string192                @ DW_AT_name
	.long	1206                            @ DW_AT_type
	.byte	2                               @ DW_AT_decl_file
	.short	2737                            @ DW_AT_decl_line
	.byte	4                               @ DW_AT_bit_size
	.byte	12                              @ DW_AT_data_bit_offset
	.byte	31                              @ Abbrev [31] 0x1221:0xe DW_TAG_member
	.long	.Linfo_string193                @ DW_AT_name
	.long	1206                            @ DW_AT_type
	.byte	2                               @ DW_AT_decl_file
	.short	2739                            @ DW_AT_decl_line
	.byte	16                              @ DW_AT_bit_size
	.byte	16                              @ DW_AT_data_bit_offset
	.byte	0                               @ End Of Children Mark
	.byte	25                              @ Abbrev [25] 0x1230:0xd DW_TAG_member
	.long	.Linfo_string178                @ DW_AT_name
	.long	1206                            @ DW_AT_type
	.byte	2                               @ DW_AT_decl_file
	.short	2741                            @ DW_AT_decl_line
	.byte	0                               @ DW_AT_data_member_location
	.byte	0                               @ End Of Children Mark
	.byte	0                               @ End Of Children Mark
	.byte	27                              @ Abbrev [27] 0x123f:0x97 DW_TAG_structure_type
	.long	.Linfo_string202                @ DW_AT_name
	.byte	4                               @ DW_AT_byte_size
	.byte	2                               @ DW_AT_decl_file
	.short	3014                            @ DW_AT_decl_line
	.byte	28                              @ Abbrev [28] 0x1248:0x9 DW_TAG_member
	.long	4689                            @ DW_AT_type
	.byte	2                               @ DW_AT_decl_file
	.short	3017                            @ DW_AT_decl_line
	.byte	0                               @ DW_AT_data_member_location
	.byte	29                              @ Abbrev [29] 0x1251:0x84 DW_TAG_union_type
	.byte	4                               @ DW_AT_byte_size
	.byte	2                               @ DW_AT_decl_file
	.short	3017                            @ DW_AT_decl_line
	.byte	28                              @ Abbrev [28] 0x1256:0x9 DW_TAG_member
	.long	4703                            @ DW_AT_type
	.byte	2                               @ DW_AT_decl_file
	.short	3019                            @ DW_AT_decl_line
	.byte	0                               @ DW_AT_data_member_location
	.byte	30                              @ Abbrev [30] 0x125f:0x68 DW_TAG_structure_type
	.byte	4                               @ DW_AT_byte_size
	.byte	2                               @ DW_AT_decl_file
	.short	3019                            @ DW_AT_decl_line
	.byte	31                              @ Abbrev [31] 0x1264:0xe DW_TAG_member
	.long	.Linfo_string196                @ DW_AT_name
	.long	1206                            @ DW_AT_type
	.byte	2                               @ DW_AT_decl_file
	.short	3021                            @ DW_AT_decl_line
	.byte	1                               @ DW_AT_bit_size
	.byte	0                               @ DW_AT_data_bit_offset
	.byte	31                              @ Abbrev [31] 0x1272:0xe DW_TAG_member
	.long	.Linfo_string197                @ DW_AT_name
	.long	1206                            @ DW_AT_type
	.byte	2                               @ DW_AT_decl_file
	.short	3023                            @ DW_AT_decl_line
	.byte	1                               @ DW_AT_bit_size
	.byte	1                               @ DW_AT_data_bit_offset
	.byte	31                              @ Abbrev [31] 0x1280:0xe DW_TAG_member
	.long	.Linfo_string198                @ DW_AT_name
	.long	1206                            @ DW_AT_type
	.byte	2                               @ DW_AT_decl_file
	.short	3024                            @ DW_AT_decl_line
	.byte	1                               @ DW_AT_bit_size
	.byte	2                               @ DW_AT_data_bit_offset
	.byte	31                              @ Abbrev [31] 0x128e:0xe DW_TAG_member
	.long	.Linfo_string199                @ DW_AT_name
	.long	1206                            @ DW_AT_type
	.byte	2                               @ DW_AT_decl_file
	.short	3026                            @ DW_AT_decl_line
	.byte	1                               @ DW_AT_bit_size
	.byte	3                               @ DW_AT_data_bit_offset
	.byte	31                              @ Abbrev [31] 0x129c:0xe DW_TAG_member
	.long	.Linfo_string200                @ DW_AT_name
	.long	1206                            @ DW_AT_type
	.byte	2                               @ DW_AT_decl_file
	.short	3028                            @ DW_AT_decl_line
	.byte	1                               @ DW_AT_bit_size
	.byte	4                               @ DW_AT_data_bit_offset
	.byte	31                              @ Abbrev [31] 0x12aa:0xe DW_TAG_member
	.long	.Linfo_string190                @ DW_AT_name
	.long	1206                            @ DW_AT_type
	.byte	2                               @ DW_AT_decl_file
	.short	3029                            @ DW_AT_decl_line
	.byte	11                              @ DW_AT_bit_size
	.byte	5                               @ DW_AT_data_bit_offset
	.byte	31                              @ Abbrev [31] 0x12b8:0xe DW_TAG_member
	.long	.Linfo_string201                @ DW_AT_name
	.long	1206                            @ DW_AT_type
	.byte	2                               @ DW_AT_decl_file
	.short	3030                            @ DW_AT_decl_line
	.byte	16                              @ DW_AT_bit_size
	.byte	16                              @ DW_AT_data_bit_offset
	.byte	0                               @ End Of Children Mark
	.byte	25                              @ Abbrev [25] 0x12c7:0xd DW_TAG_member
	.long	.Linfo_string178                @ DW_AT_name
	.long	1206                            @ DW_AT_type
	.byte	2                               @ DW_AT_decl_file
	.short	3032                            @ DW_AT_decl_line
	.byte	0                               @ DW_AT_data_member_location
	.byte	0                               @ End Of Children Mark
	.byte	0                               @ End Of Children Mark
	.byte	27                              @ Abbrev [27] 0x12d6:0x5f DW_TAG_structure_type
	.long	.Linfo_string206                @ DW_AT_name
	.byte	4                               @ DW_AT_byte_size
	.byte	2                               @ DW_AT_decl_file
	.short	3185                            @ DW_AT_decl_line
	.byte	28                              @ Abbrev [28] 0x12df:0x9 DW_TAG_member
	.long	4840                            @ DW_AT_type
	.byte	2                               @ DW_AT_decl_file
	.short	3188                            @ DW_AT_decl_line
	.byte	0                               @ DW_AT_data_member_location
	.byte	29                              @ Abbrev [29] 0x12e8:0x4c DW_TAG_union_type
	.byte	4                               @ DW_AT_byte_size
	.byte	2                               @ DW_AT_decl_file
	.short	3188                            @ DW_AT_decl_line
	.byte	28                              @ Abbrev [28] 0x12ed:0x9 DW_TAG_member
	.long	4854                            @ DW_AT_type
	.byte	2                               @ DW_AT_decl_file
	.short	3190                            @ DW_AT_decl_line
	.byte	0                               @ DW_AT_data_member_location
	.byte	30                              @ Abbrev [30] 0x12f6:0x30 DW_TAG_structure_type
	.byte	4                               @ DW_AT_byte_size
	.byte	2                               @ DW_AT_decl_file
	.short	3190                            @ DW_AT_decl_line
	.byte	31                              @ Abbrev [31] 0x12fb:0xe DW_TAG_member
	.long	.Linfo_string204                @ DW_AT_name
	.long	1206                            @ DW_AT_type
	.byte	2                               @ DW_AT_decl_file
	.short	3192                            @ DW_AT_decl_line
	.byte	1                               @ DW_AT_bit_size
	.byte	0                               @ DW_AT_data_bit_offset
	.byte	31                              @ Abbrev [31] 0x1309:0xe DW_TAG_member
	.long	.Linfo_string205                @ DW_AT_name
	.long	1206                            @ DW_AT_type
	.byte	2                               @ DW_AT_decl_file
	.short	3193                            @ DW_AT_decl_line
	.byte	1                               @ DW_AT_bit_size
	.byte	1                               @ DW_AT_data_bit_offset
	.byte	31                              @ Abbrev [31] 0x1317:0xe DW_TAG_member
	.long	.Linfo_string190                @ DW_AT_name
	.long	1206                            @ DW_AT_type
	.byte	2                               @ DW_AT_decl_file
	.short	3194                            @ DW_AT_decl_line
	.byte	30                              @ DW_AT_bit_size
	.byte	2                               @ DW_AT_data_bit_offset
	.byte	0                               @ End Of Children Mark
	.byte	25                              @ Abbrev [25] 0x1326:0xd DW_TAG_member
	.long	.Linfo_string178                @ DW_AT_name
	.long	1206                            @ DW_AT_type
	.byte	2                               @ DW_AT_decl_file
	.short	3196                            @ DW_AT_decl_line
	.byte	0                               @ DW_AT_data_member_location
	.byte	0                               @ End Of Children Mark
	.byte	0                               @ End Of Children Mark
	.byte	27                              @ Abbrev [27] 0x1335:0x51 DW_TAG_structure_type
	.long	.Linfo_string209                @ DW_AT_name
	.byte	8                               @ DW_AT_byte_size
	.byte	2                               @ DW_AT_decl_file
	.short	3273                            @ DW_AT_decl_line
	.byte	28                              @ Abbrev [28] 0x133e:0x9 DW_TAG_member
	.long	4935                            @ DW_AT_type
	.byte	2                               @ DW_AT_decl_file
	.short	3276                            @ DW_AT_decl_line
	.byte	0                               @ DW_AT_data_member_location
	.byte	29                              @ Abbrev [29] 0x1347:0x3e DW_TAG_union_type
	.byte	8                               @ DW_AT_byte_size
	.byte	2                               @ DW_AT_decl_file
	.short	3276                            @ DW_AT_decl_line
	.byte	28                              @ Abbrev [28] 0x134c:0x9 DW_TAG_member
	.long	4949                            @ DW_AT_type
	.byte	2                               @ DW_AT_decl_file
	.short	3278                            @ DW_AT_decl_line
	.byte	0                               @ DW_AT_data_member_location
	.byte	30                              @ Abbrev [30] 0x1355:0x22 DW_TAG_structure_type
	.byte	8                               @ DW_AT_byte_size
	.byte	2                               @ DW_AT_decl_file
	.short	3278                            @ DW_AT_decl_line
	.byte	31                              @ Abbrev [31] 0x135a:0xe DW_TAG_member
	.long	.Linfo_string208                @ DW_AT_name
	.long	1206                            @ DW_AT_type
	.byte	2                               @ DW_AT_decl_file
	.short	3280                            @ DW_AT_decl_line
	.byte	32                              @ DW_AT_bit_size
	.byte	0                               @ DW_AT_data_bit_offset
	.byte	31                              @ Abbrev [31] 0x1368:0xe DW_TAG_member
	.long	.Linfo_string190                @ DW_AT_name
	.long	1206                            @ DW_AT_type
	.byte	2                               @ DW_AT_decl_file
	.short	3281                            @ DW_AT_decl_line
	.byte	32                              @ DW_AT_bit_size
	.byte	32                              @ DW_AT_data_bit_offset
	.byte	0                               @ End Of Children Mark
	.byte	25                              @ Abbrev [25] 0x1377:0xd DW_TAG_member
	.long	.Linfo_string178                @ DW_AT_name
	.long	4998                            @ DW_AT_type
	.byte	2                               @ DW_AT_decl_file
	.short	3283                            @ DW_AT_decl_line
	.byte	0                               @ DW_AT_data_member_location
	.byte	0                               @ End Of Children Mark
	.byte	0                               @ End Of Children Mark
	.byte	3                               @ Abbrev [3] 0x1386:0xc DW_TAG_array_type
	.long	1206                            @ DW_AT_type
	.byte	4                               @ Abbrev [4] 0x138b:0x6 DW_TAG_subrange_type
	.long	70                              @ DW_AT_type
	.byte	2                               @ DW_AT_count
	.byte	0                               @ End Of Children Mark
	.byte	27                              @ Abbrev [27] 0x1392:0x43 DW_TAG_structure_type
	.long	.Linfo_string211                @ DW_AT_name
	.byte	4                               @ DW_AT_byte_size
	.byte	2                               @ DW_AT_decl_file
	.short	3323                            @ DW_AT_decl_line
	.byte	28                              @ Abbrev [28] 0x139b:0x9 DW_TAG_member
	.long	5028                            @ DW_AT_type
	.byte	2                               @ DW_AT_decl_file
	.short	3326                            @ DW_AT_decl_line
	.byte	0                               @ DW_AT_data_member_location
	.byte	29                              @ Abbrev [29] 0x13a4:0x30 DW_TAG_union_type
	.byte	4                               @ DW_AT_byte_size
	.byte	2                               @ DW_AT_decl_file
	.short	3326                            @ DW_AT_decl_line
	.byte	28                              @ Abbrev [28] 0x13a9:0x9 DW_TAG_member
	.long	5042                            @ DW_AT_type
	.byte	2                               @ DW_AT_decl_file
	.short	3328                            @ DW_AT_decl_line
	.byte	0                               @ DW_AT_data_member_location
	.byte	30                              @ Abbrev [30] 0x13b2:0x14 DW_TAG_structure_type
	.byte	4                               @ DW_AT_byte_size
	.byte	2                               @ DW_AT_decl_file
	.short	3328                            @ DW_AT_decl_line
	.byte	31                              @ Abbrev [31] 0x13b7:0xe DW_TAG_member
	.long	.Linfo_string210                @ DW_AT_name
	.long	1206                            @ DW_AT_type
	.byte	2                               @ DW_AT_decl_file
	.short	3330                            @ DW_AT_decl_line
	.byte	32                              @ DW_AT_bit_size
	.byte	0                               @ DW_AT_data_bit_offset
	.byte	0                               @ End Of Children Mark
	.byte	25                              @ Abbrev [25] 0x13c6:0xd DW_TAG_member
	.long	.Linfo_string178                @ DW_AT_name
	.long	1206                            @ DW_AT_type
	.byte	2                               @ DW_AT_decl_file
	.short	3332                            @ DW_AT_decl_line
	.byte	0                               @ DW_AT_data_member_location
	.byte	0                               @ End Of Children Mark
	.byte	0                               @ End Of Children Mark
	.byte	27                              @ Abbrev [27] 0x13d5:0x51 DW_TAG_structure_type
	.long	.Linfo_string214                @ DW_AT_name
	.byte	4                               @ DW_AT_byte_size
	.byte	2                               @ DW_AT_decl_file
	.short	3385                            @ DW_AT_decl_line
	.byte	28                              @ Abbrev [28] 0x13de:0x9 DW_TAG_member
	.long	5095                            @ DW_AT_type
	.byte	2                               @ DW_AT_decl_file
	.short	3388                            @ DW_AT_decl_line
	.byte	0                               @ DW_AT_data_member_location
	.byte	29                              @ Abbrev [29] 0x13e7:0x3e DW_TAG_union_type
	.byte	4                               @ DW_AT_byte_size
	.byte	2                               @ DW_AT_decl_file
	.short	3388                            @ DW_AT_decl_line
	.byte	28                              @ Abbrev [28] 0x13ec:0x9 DW_TAG_member
	.long	5109                            @ DW_AT_type
	.byte	2                               @ DW_AT_decl_file
	.short	3390                            @ DW_AT_decl_line
	.byte	0                               @ DW_AT_data_member_location
	.byte	30                              @ Abbrev [30] 0x13f5:0x22 DW_TAG_structure_type
	.byte	4                               @ DW_AT_byte_size
	.byte	2                               @ DW_AT_decl_file
	.short	3390                            @ DW_AT_decl_line
	.byte	31                              @ Abbrev [31] 0x13fa:0xe DW_TAG_member
	.long	.Linfo_string213                @ DW_AT_name
	.long	1206                            @ DW_AT_type
	.byte	2                               @ DW_AT_decl_file
	.short	3392                            @ DW_AT_decl_line
	.byte	2                               @ DW_AT_bit_size
	.byte	0                               @ DW_AT_data_bit_offset
	.byte	31                              @ Abbrev [31] 0x1408:0xe DW_TAG_member
	.long	.Linfo_string190                @ DW_AT_name
	.long	1206                            @ DW_AT_type
	.byte	2                               @ DW_AT_decl_file
	.short	3393                            @ DW_AT_decl_line
	.byte	30                              @ DW_AT_bit_size
	.byte	2                               @ DW_AT_data_bit_offset
	.byte	0                               @ End Of Children Mark
	.byte	25                              @ Abbrev [25] 0x1417:0xd DW_TAG_member
	.long	.Linfo_string178                @ DW_AT_name
	.long	1206                            @ DW_AT_type
	.byte	2                               @ DW_AT_decl_file
	.short	3395                            @ DW_AT_decl_line
	.byte	0                               @ DW_AT_data_member_location
	.byte	0                               @ End Of Children Mark
	.byte	0                               @ End Of Children Mark
	.byte	27                              @ Abbrev [27] 0x1426:0x43 DW_TAG_structure_type
	.long	.Linfo_string216                @ DW_AT_name
	.byte	4                               @ DW_AT_byte_size
	.byte	2                               @ DW_AT_decl_file
	.short	3448                            @ DW_AT_decl_line
	.byte	28                              @ Abbrev [28] 0x142f:0x9 DW_TAG_member
	.long	5176                            @ DW_AT_type
	.byte	2                               @ DW_AT_decl_file
	.short	3451                            @ DW_AT_decl_line
	.byte	0                               @ DW_AT_data_member_location
	.byte	29                              @ Abbrev [29] 0x1438:0x30 DW_TAG_union_type
	.byte	4                               @ DW_AT_byte_size
	.byte	2                               @ DW_AT_decl_file
	.short	3451                            @ DW_AT_decl_line
	.byte	28                              @ Abbrev [28] 0x143d:0x9 DW_TAG_member
	.long	5190                            @ DW_AT_type
	.byte	2                               @ DW_AT_decl_file
	.short	3453                            @ DW_AT_decl_line
	.byte	0                               @ DW_AT_data_member_location
	.byte	30                              @ Abbrev [30] 0x1446:0x14 DW_TAG_structure_type
	.byte	4                               @ DW_AT_byte_size
	.byte	2                               @ DW_AT_decl_file
	.short	3453                            @ DW_AT_decl_line
	.byte	31                              @ Abbrev [31] 0x144b:0xe DW_TAG_member
	.long	.Linfo_string215                @ DW_AT_name
	.long	1206                            @ DW_AT_type
	.byte	2                               @ DW_AT_decl_file
	.short	3455                            @ DW_AT_decl_line
	.byte	32                              @ DW_AT_bit_size
	.byte	0                               @ DW_AT_data_bit_offset
	.byte	0                               @ End Of Children Mark
	.byte	25                              @ Abbrev [25] 0x145a:0xd DW_TAG_member
	.long	.Linfo_string178                @ DW_AT_name
	.long	1206                            @ DW_AT_type
	.byte	2                               @ DW_AT_decl_file
	.short	3457                            @ DW_AT_decl_line
	.byte	0                               @ DW_AT_data_member_location
	.byte	0                               @ End Of Children Mark
	.byte	0                               @ End Of Children Mark
	.byte	27                              @ Abbrev [27] 0x1469:0x5f DW_TAG_structure_type
	.long	.Linfo_string220                @ DW_AT_name
	.byte	4                               @ DW_AT_byte_size
	.byte	2                               @ DW_AT_decl_file
	.short	3510                            @ DW_AT_decl_line
	.byte	28                              @ Abbrev [28] 0x1472:0x9 DW_TAG_member
	.long	5243                            @ DW_AT_type
	.byte	2                               @ DW_AT_decl_file
	.short	3513                            @ DW_AT_decl_line
	.byte	0                               @ DW_AT_data_member_location
	.byte	29                              @ Abbrev [29] 0x147b:0x4c DW_TAG_union_type
	.byte	4                               @ DW_AT_byte_size
	.byte	2                               @ DW_AT_decl_file
	.short	3513                            @ DW_AT_decl_line
	.byte	28                              @ Abbrev [28] 0x1480:0x9 DW_TAG_member
	.long	5257                            @ DW_AT_type
	.byte	2                               @ DW_AT_decl_file
	.short	3515                            @ DW_AT_decl_line
	.byte	0                               @ DW_AT_data_member_location
	.byte	30                              @ Abbrev [30] 0x1489:0x30 DW_TAG_structure_type
	.byte	4                               @ DW_AT_byte_size
	.byte	2                               @ DW_AT_decl_file
	.short	3515                            @ DW_AT_decl_line
	.byte	31                              @ Abbrev [31] 0x148e:0xe DW_TAG_member
	.long	.Linfo_string218                @ DW_AT_name
	.long	1206                            @ DW_AT_type
	.byte	2                               @ DW_AT_decl_file
	.short	3517                            @ DW_AT_decl_line
	.byte	1                               @ DW_AT_bit_size
	.byte	0                               @ DW_AT_data_bit_offset
	.byte	31                              @ Abbrev [31] 0x149c:0xe DW_TAG_member
	.long	.Linfo_string219                @ DW_AT_name
	.long	1206                            @ DW_AT_type
	.byte	2                               @ DW_AT_decl_file
	.short	3518                            @ DW_AT_decl_line
	.byte	1                               @ DW_AT_bit_size
	.byte	1                               @ DW_AT_data_bit_offset
	.byte	31                              @ Abbrev [31] 0x14aa:0xe DW_TAG_member
	.long	.Linfo_string190                @ DW_AT_name
	.long	1206                            @ DW_AT_type
	.byte	2                               @ DW_AT_decl_file
	.short	3519                            @ DW_AT_decl_line
	.byte	30                              @ DW_AT_bit_size
	.byte	2                               @ DW_AT_data_bit_offset
	.byte	0                               @ End Of Children Mark
	.byte	25                              @ Abbrev [25] 0x14b9:0xd DW_TAG_member
	.long	.Linfo_string178                @ DW_AT_name
	.long	1206                            @ DW_AT_type
	.byte	2                               @ DW_AT_decl_file
	.short	3521                            @ DW_AT_decl_line
	.byte	0                               @ DW_AT_data_member_location
	.byte	0                               @ End Of Children Mark
	.byte	0                               @ End Of Children Mark
	.byte	27                              @ Abbrev [27] 0x14c8:0x97 DW_TAG_structure_type
	.long	.Linfo_string228                @ DW_AT_name
	.byte	4                               @ DW_AT_byte_size
	.byte	2                               @ DW_AT_decl_file
	.short	3598                            @ DW_AT_decl_line
	.byte	28                              @ Abbrev [28] 0x14d1:0x9 DW_TAG_member
	.long	5338                            @ DW_AT_type
	.byte	2                               @ DW_AT_decl_file
	.short	3601                            @ DW_AT_decl_line
	.byte	0                               @ DW_AT_data_member_location
	.byte	29                              @ Abbrev [29] 0x14da:0x84 DW_TAG_union_type
	.byte	4                               @ DW_AT_byte_size
	.byte	2                               @ DW_AT_decl_file
	.short	3601                            @ DW_AT_decl_line
	.byte	28                              @ Abbrev [28] 0x14df:0x9 DW_TAG_member
	.long	5352                            @ DW_AT_type
	.byte	2                               @ DW_AT_decl_file
	.short	3603                            @ DW_AT_decl_line
	.byte	0                               @ DW_AT_data_member_location
	.byte	30                              @ Abbrev [30] 0x14e8:0x68 DW_TAG_structure_type
	.byte	4                               @ DW_AT_byte_size
	.byte	2                               @ DW_AT_decl_file
	.short	3603                            @ DW_AT_decl_line
	.byte	31                              @ Abbrev [31] 0x14ed:0xe DW_TAG_member
	.long	.Linfo_string222                @ DW_AT_name
	.long	1206                            @ DW_AT_type
	.byte	2                               @ DW_AT_decl_file
	.short	3605                            @ DW_AT_decl_line
	.byte	4                               @ DW_AT_bit_size
	.byte	0                               @ DW_AT_data_bit_offset
	.byte	31                              @ Abbrev [31] 0x14fb:0xe DW_TAG_member
	.long	.Linfo_string223                @ DW_AT_name
	.long	1206                            @ DW_AT_type
	.byte	2                               @ DW_AT_decl_file
	.short	3606                            @ DW_AT_decl_line
	.byte	4                               @ DW_AT_bit_size
	.byte	4                               @ DW_AT_data_bit_offset
	.byte	31                              @ Abbrev [31] 0x1509:0xe DW_TAG_member
	.long	.Linfo_string224                @ DW_AT_name
	.long	1206                            @ DW_AT_type
	.byte	2                               @ DW_AT_decl_file
	.short	3607                            @ DW_AT_decl_line
	.byte	8                               @ DW_AT_bit_size
	.byte	8                               @ DW_AT_data_bit_offset
	.byte	31                              @ Abbrev [31] 0x1517:0xe DW_TAG_member
	.long	.Linfo_string190                @ DW_AT_name
	.long	1206                            @ DW_AT_type
	.byte	2                               @ DW_AT_decl_file
	.short	3608                            @ DW_AT_decl_line
	.byte	10                              @ DW_AT_bit_size
	.byte	16                              @ DW_AT_data_bit_offset
	.byte	31                              @ Abbrev [31] 0x1525:0xe DW_TAG_member
	.long	.Linfo_string225                @ DW_AT_name
	.long	1206                            @ DW_AT_type
	.byte	2                               @ DW_AT_decl_file
	.short	3609                            @ DW_AT_decl_line
	.byte	1                               @ DW_AT_bit_size
	.byte	26                              @ DW_AT_data_bit_offset
	.byte	31                              @ Abbrev [31] 0x1533:0xe DW_TAG_member
	.long	.Linfo_string226                @ DW_AT_name
	.long	1206                            @ DW_AT_type
	.byte	2                               @ DW_AT_decl_file
	.short	3610                            @ DW_AT_decl_line
	.byte	1                               @ DW_AT_bit_size
	.byte	27                              @ DW_AT_data_bit_offset
	.byte	31                              @ Abbrev [31] 0x1541:0xe DW_TAG_member
	.long	.Linfo_string227                @ DW_AT_name
	.long	1206                            @ DW_AT_type
	.byte	2                               @ DW_AT_decl_file
	.short	3611                            @ DW_AT_decl_line
	.byte	4                               @ DW_AT_bit_size
	.byte	28                              @ DW_AT_data_bit_offset
	.byte	0                               @ End Of Children Mark
	.byte	25                              @ Abbrev [25] 0x1550:0xd DW_TAG_member
	.long	.Linfo_string178                @ DW_AT_name
	.long	1206                            @ DW_AT_type
	.byte	2                               @ DW_AT_decl_file
	.short	3613                            @ DW_AT_decl_line
	.byte	0                               @ DW_AT_data_member_location
	.byte	0                               @ End Of Children Mark
	.byte	0                               @ End Of Children Mark
	.byte	27                              @ Abbrev [27] 0x155f:0x43 DW_TAG_structure_type
	.long	.Linfo_string230                @ DW_AT_name
	.byte	4                               @ DW_AT_byte_size
	.byte	2                               @ DW_AT_decl_file
	.short	3768                            @ DW_AT_decl_line
	.byte	28                              @ Abbrev [28] 0x1568:0x9 DW_TAG_member
	.long	5489                            @ DW_AT_type
	.byte	2                               @ DW_AT_decl_file
	.short	3771                            @ DW_AT_decl_line
	.byte	0                               @ DW_AT_data_member_location
	.byte	29                              @ Abbrev [29] 0x1571:0x30 DW_TAG_union_type
	.byte	4                               @ DW_AT_byte_size
	.byte	2                               @ DW_AT_decl_file
	.short	3771                            @ DW_AT_decl_line
	.byte	28                              @ Abbrev [28] 0x1576:0x9 DW_TAG_member
	.long	5503                            @ DW_AT_type
	.byte	2                               @ DW_AT_decl_file
	.short	3773                            @ DW_AT_decl_line
	.byte	0                               @ DW_AT_data_member_location
	.byte	30                              @ Abbrev [30] 0x157f:0x14 DW_TAG_structure_type
	.byte	4                               @ DW_AT_byte_size
	.byte	2                               @ DW_AT_decl_file
	.short	3773                            @ DW_AT_decl_line
	.byte	31                              @ Abbrev [31] 0x1584:0xe DW_TAG_member
	.long	.Linfo_string229                @ DW_AT_name
	.long	1206                            @ DW_AT_type
	.byte	2                               @ DW_AT_decl_file
	.short	3775                            @ DW_AT_decl_line
	.byte	32                              @ DW_AT_bit_size
	.byte	0                               @ DW_AT_data_bit_offset
	.byte	0                               @ End Of Children Mark
	.byte	25                              @ Abbrev [25] 0x1593:0xd DW_TAG_member
	.long	.Linfo_string178                @ DW_AT_name
	.long	1206                            @ DW_AT_type
	.byte	2                               @ DW_AT_decl_file
	.short	3777                            @ DW_AT_decl_line
	.byte	0                               @ DW_AT_data_member_location
	.byte	0                               @ End Of Children Mark
	.byte	0                               @ End Of Children Mark
	.byte	3                               @ Abbrev [3] 0x15a2:0xc DW_TAG_array_type
	.long	1206                            @ DW_AT_type
	.byte	4                               @ Abbrev [4] 0x15a7:0x6 DW_TAG_subrange_type
	.long	70                              @ DW_AT_type
	.byte	3                               @ DW_AT_count
	.byte	0                               @ End Of Children Mark
	.byte	27                              @ Abbrev [27] 0x15ae:0xb3 DW_TAG_structure_type
	.long	.Linfo_string241                @ DW_AT_name
	.byte	4                               @ DW_AT_byte_size
	.byte	2                               @ DW_AT_decl_file
	.short	3830                            @ DW_AT_decl_line
	.byte	28                              @ Abbrev [28] 0x15b7:0x9 DW_TAG_member
	.long	5568                            @ DW_AT_type
	.byte	2                               @ DW_AT_decl_file
	.short	3833                            @ DW_AT_decl_line
	.byte	0                               @ DW_AT_data_member_location
	.byte	29                              @ Abbrev [29] 0x15c0:0xa0 DW_TAG_union_type
	.byte	4                               @ DW_AT_byte_size
	.byte	2                               @ DW_AT_decl_file
	.short	3833                            @ DW_AT_decl_line
	.byte	28                              @ Abbrev [28] 0x15c5:0x9 DW_TAG_member
	.long	5582                            @ DW_AT_type
	.byte	2                               @ DW_AT_decl_file
	.short	3835                            @ DW_AT_decl_line
	.byte	0                               @ DW_AT_data_member_location
	.byte	30                              @ Abbrev [30] 0x15ce:0x84 DW_TAG_structure_type
	.byte	4                               @ DW_AT_byte_size
	.byte	2                               @ DW_AT_decl_file
	.short	3835                            @ DW_AT_decl_line
	.byte	31                              @ Abbrev [31] 0x15d3:0xe DW_TAG_member
	.long	.Linfo_string233                @ DW_AT_name
	.long	1206                            @ DW_AT_type
	.byte	2                               @ DW_AT_decl_file
	.short	3837                            @ DW_AT_decl_line
	.byte	2                               @ DW_AT_bit_size
	.byte	0                               @ DW_AT_data_bit_offset
	.byte	31                              @ Abbrev [31] 0x15e1:0xe DW_TAG_member
	.long	.Linfo_string234                @ DW_AT_name
	.long	1206                            @ DW_AT_type
	.byte	2                               @ DW_AT_decl_file
	.short	3838                            @ DW_AT_decl_line
	.byte	2                               @ DW_AT_bit_size
	.byte	2                               @ DW_AT_data_bit_offset
	.byte	31                              @ Abbrev [31] 0x15ef:0xe DW_TAG_member
	.long	.Linfo_string235                @ DW_AT_name
	.long	1206                            @ DW_AT_type
	.byte	2                               @ DW_AT_decl_file
	.short	3839                            @ DW_AT_decl_line
	.byte	2                               @ DW_AT_bit_size
	.byte	4                               @ DW_AT_data_bit_offset
	.byte	31                              @ Abbrev [31] 0x15fd:0xe DW_TAG_member
	.long	.Linfo_string236                @ DW_AT_name
	.long	1206                            @ DW_AT_type
	.byte	2                               @ DW_AT_decl_file
	.short	3840                            @ DW_AT_decl_line
	.byte	2                               @ DW_AT_bit_size
	.byte	6                               @ DW_AT_data_bit_offset
	.byte	31                              @ Abbrev [31] 0x160b:0xe DW_TAG_member
	.long	.Linfo_string237                @ DW_AT_name
	.long	1206                            @ DW_AT_type
	.byte	2                               @ DW_AT_decl_file
	.short	3841                            @ DW_AT_decl_line
	.byte	2                               @ DW_AT_bit_size
	.byte	8                               @ DW_AT_data_bit_offset
	.byte	31                              @ Abbrev [31] 0x1619:0xe DW_TAG_member
	.long	.Linfo_string238                @ DW_AT_name
	.long	1206                            @ DW_AT_type
	.byte	2                               @ DW_AT_decl_file
	.short	3842                            @ DW_AT_decl_line
	.byte	2                               @ DW_AT_bit_size
	.byte	10                              @ DW_AT_data_bit_offset
	.byte	31                              @ Abbrev [31] 0x1627:0xe DW_TAG_member
	.long	.Linfo_string239                @ DW_AT_name
	.long	1206                            @ DW_AT_type
	.byte	2                               @ DW_AT_decl_file
	.short	3843                            @ DW_AT_decl_line
	.byte	2                               @ DW_AT_bit_size
	.byte	12                              @ DW_AT_data_bit_offset
	.byte	31                              @ Abbrev [31] 0x1635:0xe DW_TAG_member
	.long	.Linfo_string240                @ DW_AT_name
	.long	1206                            @ DW_AT_type
	.byte	2                               @ DW_AT_decl_file
	.short	3844                            @ DW_AT_decl_line
	.byte	2                               @ DW_AT_bit_size
	.byte	14                              @ DW_AT_data_bit_offset
	.byte	31                              @ Abbrev [31] 0x1643:0xe DW_TAG_member
	.long	.Linfo_string190                @ DW_AT_name
	.long	1206                            @ DW_AT_type
	.byte	2                               @ DW_AT_decl_file
	.short	3845                            @ DW_AT_decl_line
	.byte	16                              @ DW_AT_bit_size
	.byte	16                              @ DW_AT_data_bit_offset
	.byte	0                               @ End Of Children Mark
	.byte	25                              @ Abbrev [25] 0x1652:0xd DW_TAG_member
	.long	.Linfo_string178                @ DW_AT_name
	.long	1206                            @ DW_AT_type
	.byte	2                               @ DW_AT_decl_file
	.short	3847                            @ DW_AT_decl_line
	.byte	0                               @ DW_AT_data_member_location
	.byte	0                               @ End Of Children Mark
	.byte	0                               @ End Of Children Mark
	.byte	27                              @ Abbrev [27] 0x1661:0xa5 DW_TAG_structure_type
	.long	.Linfo_string250                @ DW_AT_name
	.byte	4                               @ DW_AT_byte_size
	.byte	2                               @ DW_AT_decl_file
	.short	4040                            @ DW_AT_decl_line
	.byte	28                              @ Abbrev [28] 0x166a:0x9 DW_TAG_member
	.long	5747                            @ DW_AT_type
	.byte	2                               @ DW_AT_decl_file
	.short	4043                            @ DW_AT_decl_line
	.byte	0                               @ DW_AT_data_member_location
	.byte	29                              @ Abbrev [29] 0x1673:0x92 DW_TAG_union_type
	.byte	4                               @ DW_AT_byte_size
	.byte	2                               @ DW_AT_decl_file
	.short	4043                            @ DW_AT_decl_line
	.byte	28                              @ Abbrev [28] 0x1678:0x9 DW_TAG_member
	.long	5761                            @ DW_AT_type
	.byte	2                               @ DW_AT_decl_file
	.short	4045                            @ DW_AT_decl_line
	.byte	0                               @ DW_AT_data_member_location
	.byte	30                              @ Abbrev [30] 0x1681:0x76 DW_TAG_structure_type
	.byte	4                               @ DW_AT_byte_size
	.byte	2                               @ DW_AT_decl_file
	.short	4045                            @ DW_AT_decl_line
	.byte	31                              @ Abbrev [31] 0x1686:0xe DW_TAG_member
	.long	.Linfo_string243                @ DW_AT_name
	.long	1206                            @ DW_AT_type
	.byte	2                               @ DW_AT_decl_file
	.short	4047                            @ DW_AT_decl_line
	.byte	2                               @ DW_AT_bit_size
	.byte	0                               @ DW_AT_data_bit_offset
	.byte	31                              @ Abbrev [31] 0x1694:0xe DW_TAG_member
	.long	.Linfo_string190                @ DW_AT_name
	.long	1206                            @ DW_AT_type
	.byte	2                               @ DW_AT_decl_file
	.short	4048                            @ DW_AT_decl_line
	.byte	2                               @ DW_AT_bit_size
	.byte	2                               @ DW_AT_data_bit_offset
	.byte	31                              @ Abbrev [31] 0x16a2:0xe DW_TAG_member
	.long	.Linfo_string244                @ DW_AT_name
	.long	1206                            @ DW_AT_type
	.byte	2                               @ DW_AT_decl_file
	.short	4049                            @ DW_AT_decl_line
	.byte	4                               @ DW_AT_bit_size
	.byte	4                               @ DW_AT_data_bit_offset
	.byte	31                              @ Abbrev [31] 0x16b0:0xe DW_TAG_member
	.long	.Linfo_string245                @ DW_AT_name
	.long	1206                            @ DW_AT_type
	.byte	2                               @ DW_AT_decl_file
	.short	4050                            @ DW_AT_decl_line
	.byte	8                               @ DW_AT_bit_size
	.byte	8                               @ DW_AT_data_bit_offset
	.byte	31                              @ Abbrev [31] 0x16be:0xe DW_TAG_member
	.long	.Linfo_string246                @ DW_AT_name
	.long	1206                            @ DW_AT_type
	.byte	2                               @ DW_AT_decl_file
	.short	4052                            @ DW_AT_decl_line
	.byte	5                               @ DW_AT_bit_size
	.byte	16                              @ DW_AT_data_bit_offset
	.byte	31                              @ Abbrev [31] 0x16cc:0xe DW_TAG_member
	.long	.Linfo_string247                @ DW_AT_name
	.long	1206                            @ DW_AT_type
	.byte	2                               @ DW_AT_decl_file
	.short	4053                            @ DW_AT_decl_line
	.byte	3                               @ DW_AT_bit_size
	.byte	21                              @ DW_AT_data_bit_offset
	.byte	31                              @ Abbrev [31] 0x16da:0xe DW_TAG_member
	.long	.Linfo_string248                @ DW_AT_name
	.long	1206                            @ DW_AT_type
	.byte	2                               @ DW_AT_decl_file
	.short	4054                            @ DW_AT_decl_line
	.byte	4                               @ DW_AT_bit_size
	.byte	24                              @ DW_AT_data_bit_offset
	.byte	31                              @ Abbrev [31] 0x16e8:0xe DW_TAG_member
	.long	.Linfo_string249                @ DW_AT_name
	.long	1206                            @ DW_AT_type
	.byte	2                               @ DW_AT_decl_file
	.short	4056                            @ DW_AT_decl_line
	.byte	4                               @ DW_AT_bit_size
	.byte	28                              @ DW_AT_data_bit_offset
	.byte	0                               @ End Of Children Mark
	.byte	25                              @ Abbrev [25] 0x16f7:0xd DW_TAG_member
	.long	.Linfo_string178                @ DW_AT_name
	.long	1206                            @ DW_AT_type
	.byte	2                               @ DW_AT_decl_file
	.short	4058                            @ DW_AT_decl_line
	.byte	0                               @ DW_AT_data_member_location
	.byte	0                               @ End Of Children Mark
	.byte	0                               @ End Of Children Mark
	.byte	27                              @ Abbrev [27] 0x1706:0xa5 DW_TAG_structure_type
	.long	.Linfo_string252                @ DW_AT_name
	.byte	4                               @ DW_AT_byte_size
	.byte	2                               @ DW_AT_decl_file
	.short	4173                            @ DW_AT_decl_line
	.byte	28                              @ Abbrev [28] 0x170f:0x9 DW_TAG_member
	.long	5912                            @ DW_AT_type
	.byte	2                               @ DW_AT_decl_file
	.short	4176                            @ DW_AT_decl_line
	.byte	0                               @ DW_AT_data_member_location
	.byte	29                              @ Abbrev [29] 0x1718:0x92 DW_TAG_union_type
	.byte	4                               @ DW_AT_byte_size
	.byte	2                               @ DW_AT_decl_file
	.short	4176                            @ DW_AT_decl_line
	.byte	28                              @ Abbrev [28] 0x171d:0x9 DW_TAG_member
	.long	5926                            @ DW_AT_type
	.byte	2                               @ DW_AT_decl_file
	.short	4178                            @ DW_AT_decl_line
	.byte	0                               @ DW_AT_data_member_location
	.byte	30                              @ Abbrev [30] 0x1726:0x76 DW_TAG_structure_type
	.byte	4                               @ DW_AT_byte_size
	.byte	2                               @ DW_AT_decl_file
	.short	4178                            @ DW_AT_decl_line
	.byte	31                              @ Abbrev [31] 0x172b:0xe DW_TAG_member
	.long	.Linfo_string243                @ DW_AT_name
	.long	1206                            @ DW_AT_type
	.byte	2                               @ DW_AT_decl_file
	.short	4180                            @ DW_AT_decl_line
	.byte	2                               @ DW_AT_bit_size
	.byte	0                               @ DW_AT_data_bit_offset
	.byte	31                              @ Abbrev [31] 0x1739:0xe DW_TAG_member
	.long	.Linfo_string190                @ DW_AT_name
	.long	1206                            @ DW_AT_type
	.byte	2                               @ DW_AT_decl_file
	.short	4181                            @ DW_AT_decl_line
	.byte	2                               @ DW_AT_bit_size
	.byte	2                               @ DW_AT_data_bit_offset
	.byte	31                              @ Abbrev [31] 0x1747:0xe DW_TAG_member
	.long	.Linfo_string244                @ DW_AT_name
	.long	1206                            @ DW_AT_type
	.byte	2                               @ DW_AT_decl_file
	.short	4182                            @ DW_AT_decl_line
	.byte	4                               @ DW_AT_bit_size
	.byte	4                               @ DW_AT_data_bit_offset
	.byte	31                              @ Abbrev [31] 0x1755:0xe DW_TAG_member
	.long	.Linfo_string245                @ DW_AT_name
	.long	1206                            @ DW_AT_type
	.byte	2                               @ DW_AT_decl_file
	.short	4183                            @ DW_AT_decl_line
	.byte	8                               @ DW_AT_bit_size
	.byte	8                               @ DW_AT_data_bit_offset
	.byte	31                              @ Abbrev [31] 0x1763:0xe DW_TAG_member
	.long	.Linfo_string246                @ DW_AT_name
	.long	1206                            @ DW_AT_type
	.byte	2                               @ DW_AT_decl_file
	.short	4185                            @ DW_AT_decl_line
	.byte	5                               @ DW_AT_bit_size
	.byte	16                              @ DW_AT_data_bit_offset
	.byte	31                              @ Abbrev [31] 0x1771:0xe DW_TAG_member
	.long	.Linfo_string247                @ DW_AT_name
	.long	1206                            @ DW_AT_type
	.byte	2                               @ DW_AT_decl_file
	.short	4186                            @ DW_AT_decl_line
	.byte	3                               @ DW_AT_bit_size
	.byte	21                              @ DW_AT_data_bit_offset
	.byte	31                              @ Abbrev [31] 0x177f:0xe DW_TAG_member
	.long	.Linfo_string248                @ DW_AT_name
	.long	1206                            @ DW_AT_type
	.byte	2                               @ DW_AT_decl_file
	.short	4187                            @ DW_AT_decl_line
	.byte	4                               @ DW_AT_bit_size
	.byte	24                              @ DW_AT_data_bit_offset
	.byte	31                              @ Abbrev [31] 0x178d:0xe DW_TAG_member
	.long	.Linfo_string249                @ DW_AT_name
	.long	1206                            @ DW_AT_type
	.byte	2                               @ DW_AT_decl_file
	.short	4189                            @ DW_AT_decl_line
	.byte	4                               @ DW_AT_bit_size
	.byte	28                              @ DW_AT_data_bit_offset
	.byte	0                               @ End Of Children Mark
	.byte	25                              @ Abbrev [25] 0x179c:0xd DW_TAG_member
	.long	.Linfo_string178                @ DW_AT_name
	.long	1206                            @ DW_AT_type
	.byte	2                               @ DW_AT_decl_file
	.short	4191                            @ DW_AT_decl_line
	.byte	0                               @ DW_AT_data_member_location
	.byte	0                               @ End Of Children Mark
	.byte	0                               @ End Of Children Mark
	.byte	27                              @ Abbrev [27] 0x17ab:0xa5 DW_TAG_structure_type
	.long	.Linfo_string254                @ DW_AT_name
	.byte	4                               @ DW_AT_byte_size
	.byte	2                               @ DW_AT_decl_file
	.short	4306                            @ DW_AT_decl_line
	.byte	28                              @ Abbrev [28] 0x17b4:0x9 DW_TAG_member
	.long	6077                            @ DW_AT_type
	.byte	2                               @ DW_AT_decl_file
	.short	4309                            @ DW_AT_decl_line
	.byte	0                               @ DW_AT_data_member_location
	.byte	29                              @ Abbrev [29] 0x17bd:0x92 DW_TAG_union_type
	.byte	4                               @ DW_AT_byte_size
	.byte	2                               @ DW_AT_decl_file
	.short	4309                            @ DW_AT_decl_line
	.byte	28                              @ Abbrev [28] 0x17c2:0x9 DW_TAG_member
	.long	6091                            @ DW_AT_type
	.byte	2                               @ DW_AT_decl_file
	.short	4311                            @ DW_AT_decl_line
	.byte	0                               @ DW_AT_data_member_location
	.byte	30                              @ Abbrev [30] 0x17cb:0x76 DW_TAG_structure_type
	.byte	4                               @ DW_AT_byte_size
	.byte	2                               @ DW_AT_decl_file
	.short	4311                            @ DW_AT_decl_line
	.byte	31                              @ Abbrev [31] 0x17d0:0xe DW_TAG_member
	.long	.Linfo_string243                @ DW_AT_name
	.long	1206                            @ DW_AT_type
	.byte	2                               @ DW_AT_decl_file
	.short	4313                            @ DW_AT_decl_line
	.byte	2                               @ DW_AT_bit_size
	.byte	0                               @ DW_AT_data_bit_offset
	.byte	31                              @ Abbrev [31] 0x17de:0xe DW_TAG_member
	.long	.Linfo_string190                @ DW_AT_name
	.long	1206                            @ DW_AT_type
	.byte	2                               @ DW_AT_decl_file
	.short	4314                            @ DW_AT_decl_line
	.byte	2                               @ DW_AT_bit_size
	.byte	2                               @ DW_AT_data_bit_offset
	.byte	31                              @ Abbrev [31] 0x17ec:0xe DW_TAG_member
	.long	.Linfo_string244                @ DW_AT_name
	.long	1206                            @ DW_AT_type
	.byte	2                               @ DW_AT_decl_file
	.short	4315                            @ DW_AT_decl_line
	.byte	4                               @ DW_AT_bit_size
	.byte	4                               @ DW_AT_data_bit_offset
	.byte	31                              @ Abbrev [31] 0x17fa:0xe DW_TAG_member
	.long	.Linfo_string245                @ DW_AT_name
	.long	1206                            @ DW_AT_type
	.byte	2                               @ DW_AT_decl_file
	.short	4316                            @ DW_AT_decl_line
	.byte	8                               @ DW_AT_bit_size
	.byte	8                               @ DW_AT_data_bit_offset
	.byte	31                              @ Abbrev [31] 0x1808:0xe DW_TAG_member
	.long	.Linfo_string246                @ DW_AT_name
	.long	1206                            @ DW_AT_type
	.byte	2                               @ DW_AT_decl_file
	.short	4318                            @ DW_AT_decl_line
	.byte	5                               @ DW_AT_bit_size
	.byte	16                              @ DW_AT_data_bit_offset
	.byte	31                              @ Abbrev [31] 0x1816:0xe DW_TAG_member
	.long	.Linfo_string247                @ DW_AT_name
	.long	1206                            @ DW_AT_type
	.byte	2                               @ DW_AT_decl_file
	.short	4319                            @ DW_AT_decl_line
	.byte	3                               @ DW_AT_bit_size
	.byte	21                              @ DW_AT_data_bit_offset
	.byte	31                              @ Abbrev [31] 0x1824:0xe DW_TAG_member
	.long	.Linfo_string248                @ DW_AT_name
	.long	1206                            @ DW_AT_type
	.byte	2                               @ DW_AT_decl_file
	.short	4320                            @ DW_AT_decl_line
	.byte	4                               @ DW_AT_bit_size
	.byte	24                              @ DW_AT_data_bit_offset
	.byte	31                              @ Abbrev [31] 0x1832:0xe DW_TAG_member
	.long	.Linfo_string249                @ DW_AT_name
	.long	1206                            @ DW_AT_type
	.byte	2                               @ DW_AT_decl_file
	.short	4322                            @ DW_AT_decl_line
	.byte	4                               @ DW_AT_bit_size
	.byte	28                              @ DW_AT_data_bit_offset
	.byte	0                               @ End Of Children Mark
	.byte	25                              @ Abbrev [25] 0x1841:0xd DW_TAG_member
	.long	.Linfo_string178                @ DW_AT_name
	.long	1206                            @ DW_AT_type
	.byte	2                               @ DW_AT_decl_file
	.short	4324                            @ DW_AT_decl_line
	.byte	0                               @ DW_AT_data_member_location
	.byte	0                               @ End Of Children Mark
	.byte	0                               @ End Of Children Mark
	.byte	27                              @ Abbrev [27] 0x1850:0xa5 DW_TAG_structure_type
	.long	.Linfo_string256                @ DW_AT_name
	.byte	4                               @ DW_AT_byte_size
	.byte	2                               @ DW_AT_decl_file
	.short	4439                            @ DW_AT_decl_line
	.byte	28                              @ Abbrev [28] 0x1859:0x9 DW_TAG_member
	.long	6242                            @ DW_AT_type
	.byte	2                               @ DW_AT_decl_file
	.short	4442                            @ DW_AT_decl_line
	.byte	0                               @ DW_AT_data_member_location
	.byte	29                              @ Abbrev [29] 0x1862:0x92 DW_TAG_union_type
	.byte	4                               @ DW_AT_byte_size
	.byte	2                               @ DW_AT_decl_file
	.short	4442                            @ DW_AT_decl_line
	.byte	28                              @ Abbrev [28] 0x1867:0x9 DW_TAG_member
	.long	6256                            @ DW_AT_type
	.byte	2                               @ DW_AT_decl_file
	.short	4444                            @ DW_AT_decl_line
	.byte	0                               @ DW_AT_data_member_location
	.byte	30                              @ Abbrev [30] 0x1870:0x76 DW_TAG_structure_type
	.byte	4                               @ DW_AT_byte_size
	.byte	2                               @ DW_AT_decl_file
	.short	4444                            @ DW_AT_decl_line
	.byte	31                              @ Abbrev [31] 0x1875:0xe DW_TAG_member
	.long	.Linfo_string243                @ DW_AT_name
	.long	1206                            @ DW_AT_type
	.byte	2                               @ DW_AT_decl_file
	.short	4446                            @ DW_AT_decl_line
	.byte	2                               @ DW_AT_bit_size
	.byte	0                               @ DW_AT_data_bit_offset
	.byte	31                              @ Abbrev [31] 0x1883:0xe DW_TAG_member
	.long	.Linfo_string190                @ DW_AT_name
	.long	1206                            @ DW_AT_type
	.byte	2                               @ DW_AT_decl_file
	.short	4447                            @ DW_AT_decl_line
	.byte	2                               @ DW_AT_bit_size
	.byte	2                               @ DW_AT_data_bit_offset
	.byte	31                              @ Abbrev [31] 0x1891:0xe DW_TAG_member
	.long	.Linfo_string244                @ DW_AT_name
	.long	1206                            @ DW_AT_type
	.byte	2                               @ DW_AT_decl_file
	.short	4448                            @ DW_AT_decl_line
	.byte	4                               @ DW_AT_bit_size
	.byte	4                               @ DW_AT_data_bit_offset
	.byte	31                              @ Abbrev [31] 0x189f:0xe DW_TAG_member
	.long	.Linfo_string245                @ DW_AT_name
	.long	1206                            @ DW_AT_type
	.byte	2                               @ DW_AT_decl_file
	.short	4449                            @ DW_AT_decl_line
	.byte	8                               @ DW_AT_bit_size
	.byte	8                               @ DW_AT_data_bit_offset
	.byte	31                              @ Abbrev [31] 0x18ad:0xe DW_TAG_member
	.long	.Linfo_string246                @ DW_AT_name
	.long	1206                            @ DW_AT_type
	.byte	2                               @ DW_AT_decl_file
	.short	4451                            @ DW_AT_decl_line
	.byte	5                               @ DW_AT_bit_size
	.byte	16                              @ DW_AT_data_bit_offset
	.byte	31                              @ Abbrev [31] 0x18bb:0xe DW_TAG_member
	.long	.Linfo_string247                @ DW_AT_name
	.long	1206                            @ DW_AT_type
	.byte	2                               @ DW_AT_decl_file
	.short	4452                            @ DW_AT_decl_line
	.byte	3                               @ DW_AT_bit_size
	.byte	21                              @ DW_AT_data_bit_offset
	.byte	31                              @ Abbrev [31] 0x18c9:0xe DW_TAG_member
	.long	.Linfo_string248                @ DW_AT_name
	.long	1206                            @ DW_AT_type
	.byte	2                               @ DW_AT_decl_file
	.short	4453                            @ DW_AT_decl_line
	.byte	4                               @ DW_AT_bit_size
	.byte	24                              @ DW_AT_data_bit_offset
	.byte	31                              @ Abbrev [31] 0x18d7:0xe DW_TAG_member
	.long	.Linfo_string249                @ DW_AT_name
	.long	1206                            @ DW_AT_type
	.byte	2                               @ DW_AT_decl_file
	.short	4455                            @ DW_AT_decl_line
	.byte	4                               @ DW_AT_bit_size
	.byte	28                              @ DW_AT_data_bit_offset
	.byte	0                               @ End Of Children Mark
	.byte	25                              @ Abbrev [25] 0x18e6:0xd DW_TAG_member
	.long	.Linfo_string178                @ DW_AT_name
	.long	1206                            @ DW_AT_type
	.byte	2                               @ DW_AT_decl_file
	.short	4457                            @ DW_AT_decl_line
	.byte	0                               @ DW_AT_data_member_location
	.byte	0                               @ End Of Children Mark
	.byte	0                               @ End Of Children Mark
	.byte	3                               @ Abbrev [3] 0x18f5:0xc DW_TAG_array_type
	.long	1206                            @ DW_AT_type
	.byte	4                               @ Abbrev [4] 0x18fa:0x6 DW_TAG_subrange_type
	.long	70                              @ DW_AT_type
	.byte	12                              @ DW_AT_count
	.byte	0                               @ End Of Children Mark
	.byte	3                               @ Abbrev [3] 0x1901:0xc DW_TAG_array_type
	.long	6413                            @ DW_AT_type
	.byte	4                               @ Abbrev [4] 0x1906:0x6 DW_TAG_subrange_type
	.long	70                              @ DW_AT_type
	.byte	8                               @ DW_AT_count
	.byte	0                               @ End Of Children Mark
	.byte	27                              @ Abbrev [27] 0x190d:0x51 DW_TAG_structure_type
	.long	.Linfo_string259                @ DW_AT_name
	.byte	8                               @ DW_AT_byte_size
	.byte	2                               @ DW_AT_decl_file
	.short	4573                            @ DW_AT_decl_line
	.byte	28                              @ Abbrev [28] 0x1916:0x9 DW_TAG_member
	.long	6431                            @ DW_AT_type
	.byte	2                               @ DW_AT_decl_file
	.short	4576                            @ DW_AT_decl_line
	.byte	0                               @ DW_AT_data_member_location
	.byte	29                              @ Abbrev [29] 0x191f:0x3e DW_TAG_union_type
	.byte	8                               @ DW_AT_byte_size
	.byte	2                               @ DW_AT_decl_file
	.short	4576                            @ DW_AT_decl_line
	.byte	28                              @ Abbrev [28] 0x1924:0x9 DW_TAG_member
	.long	6445                            @ DW_AT_type
	.byte	2                               @ DW_AT_decl_file
	.short	4578                            @ DW_AT_decl_line
	.byte	0                               @ DW_AT_data_member_location
	.byte	30                              @ Abbrev [30] 0x192d:0x22 DW_TAG_structure_type
	.byte	8                               @ DW_AT_byte_size
	.byte	2                               @ DW_AT_decl_file
	.short	4578                            @ DW_AT_decl_line
	.byte	31                              @ Abbrev [31] 0x1932:0xe DW_TAG_member
	.long	.Linfo_string208                @ DW_AT_name
	.long	1206                            @ DW_AT_type
	.byte	2                               @ DW_AT_decl_file
	.short	4580                            @ DW_AT_decl_line
	.byte	32                              @ DW_AT_bit_size
	.byte	0                               @ DW_AT_data_bit_offset
	.byte	31                              @ Abbrev [31] 0x1940:0xe DW_TAG_member
	.long	.Linfo_string190                @ DW_AT_name
	.long	1206                            @ DW_AT_type
	.byte	2                               @ DW_AT_decl_file
	.short	4581                            @ DW_AT_decl_line
	.byte	32                              @ DW_AT_bit_size
	.byte	32                              @ DW_AT_data_bit_offset
	.byte	0                               @ End Of Children Mark
	.byte	25                              @ Abbrev [25] 0x194f:0xd DW_TAG_member
	.long	.Linfo_string178                @ DW_AT_name
	.long	4998                            @ DW_AT_type
	.byte	2                               @ DW_AT_decl_file
	.short	4583                            @ DW_AT_decl_line
	.byte	0                               @ DW_AT_data_member_location
	.byte	0                               @ End Of Children Mark
	.byte	0                               @ End Of Children Mark
	.byte	3                               @ Abbrev [3] 0x195e:0xc DW_TAG_array_type
	.long	1206                            @ DW_AT_type
	.byte	4                               @ Abbrev [4] 0x1963:0x6 DW_TAG_subrange_type
	.long	70                              @ DW_AT_type
	.byte	16                              @ DW_AT_count
	.byte	0                               @ End Of Children Mark
	.byte	27                              @ Abbrev [27] 0x196a:0xdd DW_TAG_structure_type
	.long	.Linfo_string273                @ DW_AT_name
	.byte	4                               @ DW_AT_byte_size
	.byte	2                               @ DW_AT_decl_file
	.short	4623                            @ DW_AT_decl_line
	.byte	28                              @ Abbrev [28] 0x1973:0x9 DW_TAG_member
	.long	6524                            @ DW_AT_type
	.byte	2                               @ DW_AT_decl_file
	.short	4626                            @ DW_AT_decl_line
	.byte	0                               @ DW_AT_data_member_location
	.byte	29                              @ Abbrev [29] 0x197c:0xca DW_TAG_union_type
	.byte	4                               @ DW_AT_byte_size
	.byte	2                               @ DW_AT_decl_file
	.short	4626                            @ DW_AT_decl_line
	.byte	28                              @ Abbrev [28] 0x1981:0x9 DW_TAG_member
	.long	6538                            @ DW_AT_type
	.byte	2                               @ DW_AT_decl_file
	.short	4628                            @ DW_AT_decl_line
	.byte	0                               @ DW_AT_data_member_location
	.byte	30                              @ Abbrev [30] 0x198a:0xae DW_TAG_structure_type
	.byte	4                               @ DW_AT_byte_size
	.byte	2                               @ DW_AT_decl_file
	.short	4628                            @ DW_AT_decl_line
	.byte	31                              @ Abbrev [31] 0x198f:0xe DW_TAG_member
	.long	.Linfo_string262                @ DW_AT_name
	.long	1206                            @ DW_AT_type
	.byte	2                               @ DW_AT_decl_file
	.short	4630                            @ DW_AT_decl_line
	.byte	2                               @ DW_AT_bit_size
	.byte	0                               @ DW_AT_data_bit_offset
	.byte	31                              @ Abbrev [31] 0x199d:0xe DW_TAG_member
	.long	.Linfo_string263                @ DW_AT_name
	.long	1206                            @ DW_AT_type
	.byte	2                               @ DW_AT_decl_file
	.short	4631                            @ DW_AT_decl_line
	.byte	1                               @ DW_AT_bit_size
	.byte	2                               @ DW_AT_data_bit_offset
	.byte	31                              @ Abbrev [31] 0x19ab:0xe DW_TAG_member
	.long	.Linfo_string264                @ DW_AT_name
	.long	1206                            @ DW_AT_type
	.byte	2                               @ DW_AT_decl_file
	.short	4632                            @ DW_AT_decl_line
	.byte	2                               @ DW_AT_bit_size
	.byte	3                               @ DW_AT_data_bit_offset
	.byte	31                              @ Abbrev [31] 0x19b9:0xe DW_TAG_member
	.long	.Linfo_string265                @ DW_AT_name
	.long	1206                            @ DW_AT_type
	.byte	2                               @ DW_AT_decl_file
	.short	4633                            @ DW_AT_decl_line
	.byte	1                               @ DW_AT_bit_size
	.byte	5                               @ DW_AT_data_bit_offset
	.byte	31                              @ Abbrev [31] 0x19c7:0xe DW_TAG_member
	.long	.Linfo_string266                @ DW_AT_name
	.long	1206                            @ DW_AT_type
	.byte	2                               @ DW_AT_decl_file
	.short	4634                            @ DW_AT_decl_line
	.byte	3                               @ DW_AT_bit_size
	.byte	6                               @ DW_AT_data_bit_offset
	.byte	31                              @ Abbrev [31] 0x19d5:0xe DW_TAG_member
	.long	.Linfo_string267                @ DW_AT_name
	.long	1206                            @ DW_AT_type
	.byte	2                               @ DW_AT_decl_file
	.short	4635                            @ DW_AT_decl_line
	.byte	1                               @ DW_AT_bit_size
	.byte	9                               @ DW_AT_data_bit_offset
	.byte	31                              @ Abbrev [31] 0x19e3:0xe DW_TAG_member
	.long	.Linfo_string268                @ DW_AT_name
	.long	1206                            @ DW_AT_type
	.byte	2                               @ DW_AT_decl_file
	.short	4636                            @ DW_AT_decl_line
	.byte	1                               @ DW_AT_bit_size
	.byte	10                              @ DW_AT_data_bit_offset
	.byte	31                              @ Abbrev [31] 0x19f1:0xe DW_TAG_member
	.long	.Linfo_string269                @ DW_AT_name
	.long	1206                            @ DW_AT_type
	.byte	2                               @ DW_AT_decl_file
	.short	4637                            @ DW_AT_decl_line
	.byte	3                               @ DW_AT_bit_size
	.byte	11                              @ DW_AT_data_bit_offset
	.byte	31                              @ Abbrev [31] 0x19ff:0xe DW_TAG_member
	.long	.Linfo_string270                @ DW_AT_name
	.long	1206                            @ DW_AT_type
	.byte	2                               @ DW_AT_decl_file
	.short	4638                            @ DW_AT_decl_line
	.byte	1                               @ DW_AT_bit_size
	.byte	14                              @ DW_AT_data_bit_offset
	.byte	31                              @ Abbrev [31] 0x1a0d:0xe DW_TAG_member
	.long	.Linfo_string271                @ DW_AT_name
	.long	1206                            @ DW_AT_type
	.byte	2                               @ DW_AT_decl_file
	.short	4639                            @ DW_AT_decl_line
	.byte	1                               @ DW_AT_bit_size
	.byte	15                              @ DW_AT_data_bit_offset
	.byte	31                              @ Abbrev [31] 0x1a1b:0xe DW_TAG_member
	.long	.Linfo_string272                @ DW_AT_name
	.long	1206                            @ DW_AT_type
	.byte	2                               @ DW_AT_decl_file
	.short	4640                            @ DW_AT_decl_line
	.byte	12                              @ DW_AT_bit_size
	.byte	16                              @ DW_AT_data_bit_offset
	.byte	31                              @ Abbrev [31] 0x1a29:0xe DW_TAG_member
	.long	.Linfo_string190                @ DW_AT_name
	.long	1206                            @ DW_AT_type
	.byte	2                               @ DW_AT_decl_file
	.short	4641                            @ DW_AT_decl_line
	.byte	4                               @ DW_AT_bit_size
	.byte	28                              @ DW_AT_data_bit_offset
	.byte	0                               @ End Of Children Mark
	.byte	25                              @ Abbrev [25] 0x1a38:0xd DW_TAG_member
	.long	.Linfo_string178                @ DW_AT_name
	.long	1206                            @ DW_AT_type
	.byte	2                               @ DW_AT_decl_file
	.short	4643                            @ DW_AT_decl_line
	.byte	0                               @ DW_AT_data_member_location
	.byte	0                               @ End Of Children Mark
	.byte	0                               @ End Of Children Mark
	.byte	27                              @ Abbrev [27] 0x1a47:0x131 DW_TAG_structure_type
	.long	.Linfo_string290                @ DW_AT_name
	.byte	4                               @ DW_AT_byte_size
	.byte	2                               @ DW_AT_decl_file
	.short	4898                            @ DW_AT_decl_line
	.byte	28                              @ Abbrev [28] 0x1a50:0x9 DW_TAG_member
	.long	6745                            @ DW_AT_type
	.byte	2                               @ DW_AT_decl_file
	.short	4901                            @ DW_AT_decl_line
	.byte	0                               @ DW_AT_data_member_location
	.byte	29                              @ Abbrev [29] 0x1a59:0x11e DW_TAG_union_type
	.byte	4                               @ DW_AT_byte_size
	.byte	2                               @ DW_AT_decl_file
	.short	4901                            @ DW_AT_decl_line
	.byte	28                              @ Abbrev [28] 0x1a5e:0x9 DW_TAG_member
	.long	6759                            @ DW_AT_type
	.byte	2                               @ DW_AT_decl_file
	.short	4903                            @ DW_AT_decl_line
	.byte	0                               @ DW_AT_data_member_location
	.byte	30                              @ Abbrev [30] 0x1a67:0x102 DW_TAG_structure_type
	.byte	4                               @ DW_AT_byte_size
	.byte	2                               @ DW_AT_decl_file
	.short	4903                            @ DW_AT_decl_line
	.byte	31                              @ Abbrev [31] 0x1a6c:0xe DW_TAG_member
	.long	.Linfo_string275                @ DW_AT_name
	.long	1206                            @ DW_AT_type
	.byte	2                               @ DW_AT_decl_file
	.short	4905                            @ DW_AT_decl_line
	.byte	1                               @ DW_AT_bit_size
	.byte	0                               @ DW_AT_data_bit_offset
	.byte	31                              @ Abbrev [31] 0x1a7a:0xe DW_TAG_member
	.long	.Linfo_string276                @ DW_AT_name
	.long	1206                            @ DW_AT_type
	.byte	2                               @ DW_AT_decl_file
	.short	4906                            @ DW_AT_decl_line
	.byte	1                               @ DW_AT_bit_size
	.byte	1                               @ DW_AT_data_bit_offset
	.byte	31                              @ Abbrev [31] 0x1a88:0xe DW_TAG_member
	.long	.Linfo_string277                @ DW_AT_name
	.long	1206                            @ DW_AT_type
	.byte	2                               @ DW_AT_decl_file
	.short	4907                            @ DW_AT_decl_line
	.byte	1                               @ DW_AT_bit_size
	.byte	2                               @ DW_AT_data_bit_offset
	.byte	31                              @ Abbrev [31] 0x1a96:0xe DW_TAG_member
	.long	.Linfo_string278                @ DW_AT_name
	.long	1206                            @ DW_AT_type
	.byte	2                               @ DW_AT_decl_file
	.short	4908                            @ DW_AT_decl_line
	.byte	1                               @ DW_AT_bit_size
	.byte	3                               @ DW_AT_data_bit_offset
	.byte	31                              @ Abbrev [31] 0x1aa4:0xe DW_TAG_member
	.long	.Linfo_string279                @ DW_AT_name
	.long	1206                            @ DW_AT_type
	.byte	2                               @ DW_AT_decl_file
	.short	4909                            @ DW_AT_decl_line
	.byte	1                               @ DW_AT_bit_size
	.byte	4                               @ DW_AT_data_bit_offset
	.byte	31                              @ Abbrev [31] 0x1ab2:0xe DW_TAG_member
	.long	.Linfo_string280                @ DW_AT_name
	.long	1206                            @ DW_AT_type
	.byte	2                               @ DW_AT_decl_file
	.short	4910                            @ DW_AT_decl_line
	.byte	1                               @ DW_AT_bit_size
	.byte	5                               @ DW_AT_data_bit_offset
	.byte	31                              @ Abbrev [31] 0x1ac0:0xe DW_TAG_member
	.long	.Linfo_string281                @ DW_AT_name
	.long	1206                            @ DW_AT_type
	.byte	2                               @ DW_AT_decl_file
	.short	4911                            @ DW_AT_decl_line
	.byte	1                               @ DW_AT_bit_size
	.byte	6                               @ DW_AT_data_bit_offset
	.byte	31                              @ Abbrev [31] 0x1ace:0xe DW_TAG_member
	.long	.Linfo_string282                @ DW_AT_name
	.long	1206                            @ DW_AT_type
	.byte	2                               @ DW_AT_decl_file
	.short	4912                            @ DW_AT_decl_line
	.byte	1                               @ DW_AT_bit_size
	.byte	7                               @ DW_AT_data_bit_offset
	.byte	31                              @ Abbrev [31] 0x1adc:0xe DW_TAG_member
	.long	.Linfo_string283                @ DW_AT_name
	.long	1206                            @ DW_AT_type
	.byte	2                               @ DW_AT_decl_file
	.short	4913                            @ DW_AT_decl_line
	.byte	1                               @ DW_AT_bit_size
	.byte	8                               @ DW_AT_data_bit_offset
	.byte	31                              @ Abbrev [31] 0x1aea:0xe DW_TAG_member
	.long	.Linfo_string284                @ DW_AT_name
	.long	1206                            @ DW_AT_type
	.byte	2                               @ DW_AT_decl_file
	.short	4914                            @ DW_AT_decl_line
	.byte	1                               @ DW_AT_bit_size
	.byte	9                               @ DW_AT_data_bit_offset
	.byte	31                              @ Abbrev [31] 0x1af8:0xe DW_TAG_member
	.long	.Linfo_string285                @ DW_AT_name
	.long	1206                            @ DW_AT_type
	.byte	2                               @ DW_AT_decl_file
	.short	4915                            @ DW_AT_decl_line
	.byte	1                               @ DW_AT_bit_size
	.byte	10                              @ DW_AT_data_bit_offset
	.byte	31                              @ Abbrev [31] 0x1b06:0xe DW_TAG_member
	.long	.Linfo_string286                @ DW_AT_name
	.long	1206                            @ DW_AT_type
	.byte	2                               @ DW_AT_decl_file
	.short	4916                            @ DW_AT_decl_line
	.byte	1                               @ DW_AT_bit_size
	.byte	11                              @ DW_AT_data_bit_offset
	.byte	31                              @ Abbrev [31] 0x1b14:0xe DW_TAG_member
	.long	.Linfo_string287                @ DW_AT_name
	.long	1206                            @ DW_AT_type
	.byte	2                               @ DW_AT_decl_file
	.short	4917                            @ DW_AT_decl_line
	.byte	1                               @ DW_AT_bit_size
	.byte	12                              @ DW_AT_data_bit_offset
	.byte	31                              @ Abbrev [31] 0x1b22:0xe DW_TAG_member
	.long	.Linfo_string288                @ DW_AT_name
	.long	1206                            @ DW_AT_type
	.byte	2                               @ DW_AT_decl_file
	.short	4918                            @ DW_AT_decl_line
	.byte	1                               @ DW_AT_bit_size
	.byte	13                              @ DW_AT_data_bit_offset
	.byte	31                              @ Abbrev [31] 0x1b30:0xe DW_TAG_member
	.long	.Linfo_string289                @ DW_AT_name
	.long	1206                            @ DW_AT_type
	.byte	2                               @ DW_AT_decl_file
	.short	4919                            @ DW_AT_decl_line
	.byte	1                               @ DW_AT_bit_size
	.byte	14                              @ DW_AT_data_bit_offset
	.byte	31                              @ Abbrev [31] 0x1b3e:0xe DW_TAG_member
	.long	.Linfo_string190                @ DW_AT_name
	.long	1206                            @ DW_AT_type
	.byte	2                               @ DW_AT_decl_file
	.short	4920                            @ DW_AT_decl_line
	.byte	1                               @ DW_AT_bit_size
	.byte	15                              @ DW_AT_data_bit_offset
	.byte	31                              @ Abbrev [31] 0x1b4c:0xe DW_TAG_member
	.long	.Linfo_string272                @ DW_AT_name
	.long	1206                            @ DW_AT_type
	.byte	2                               @ DW_AT_decl_file
	.short	4921                            @ DW_AT_decl_line
	.byte	11                              @ DW_AT_bit_size
	.byte	16                              @ DW_AT_data_bit_offset
	.byte	31                              @ Abbrev [31] 0x1b5a:0xe DW_TAG_member
	.long	.Linfo_string245                @ DW_AT_name
	.long	1206                            @ DW_AT_type
	.byte	2                               @ DW_AT_decl_file
	.short	4922                            @ DW_AT_decl_line
	.byte	5                               @ DW_AT_bit_size
	.byte	27                              @ DW_AT_data_bit_offset
	.byte	0                               @ End Of Children Mark
	.byte	25                              @ Abbrev [25] 0x1b69:0xd DW_TAG_member
	.long	.Linfo_string178                @ DW_AT_name
	.long	1206                            @ DW_AT_type
	.byte	2                               @ DW_AT_decl_file
	.short	4924                            @ DW_AT_decl_line
	.byte	0                               @ DW_AT_data_member_location
	.byte	0                               @ End Of Children Mark
	.byte	0                               @ End Of Children Mark
	.byte	27                              @ Abbrev [27] 0x1b78:0xcf DW_TAG_structure_type
	.long	.Linfo_string300                @ DW_AT_name
	.byte	4                               @ DW_AT_byte_size
	.byte	2                               @ DW_AT_decl_file
	.short	5277                            @ DW_AT_decl_line
	.byte	28                              @ Abbrev [28] 0x1b81:0x9 DW_TAG_member
	.long	7050                            @ DW_AT_type
	.byte	2                               @ DW_AT_decl_file
	.short	5280                            @ DW_AT_decl_line
	.byte	0                               @ DW_AT_data_member_location
	.byte	29                              @ Abbrev [29] 0x1b8a:0xbc DW_TAG_union_type
	.byte	4                               @ DW_AT_byte_size
	.byte	2                               @ DW_AT_decl_file
	.short	5280                            @ DW_AT_decl_line
	.byte	28                              @ Abbrev [28] 0x1b8f:0x9 DW_TAG_member
	.long	7064                            @ DW_AT_type
	.byte	2                               @ DW_AT_decl_file
	.short	5282                            @ DW_AT_decl_line
	.byte	0                               @ DW_AT_data_member_location
	.byte	30                              @ Abbrev [30] 0x1b98:0xa0 DW_TAG_structure_type
	.byte	4                               @ DW_AT_byte_size
	.byte	2                               @ DW_AT_decl_file
	.short	5282                            @ DW_AT_decl_line
	.byte	31                              @ Abbrev [31] 0x1b9d:0xe DW_TAG_member
	.long	.Linfo_string292                @ DW_AT_name
	.long	1206                            @ DW_AT_type
	.byte	2                               @ DW_AT_decl_file
	.short	5284                            @ DW_AT_decl_line
	.byte	1                               @ DW_AT_bit_size
	.byte	0                               @ DW_AT_data_bit_offset
	.byte	31                              @ Abbrev [31] 0x1bab:0xe DW_TAG_member
	.long	.Linfo_string293                @ DW_AT_name
	.long	1206                            @ DW_AT_type
	.byte	2                               @ DW_AT_decl_file
	.short	5285                            @ DW_AT_decl_line
	.byte	1                               @ DW_AT_bit_size
	.byte	1                               @ DW_AT_data_bit_offset
	.byte	31                              @ Abbrev [31] 0x1bb9:0xe DW_TAG_member
	.long	.Linfo_string294                @ DW_AT_name
	.long	1206                            @ DW_AT_type
	.byte	2                               @ DW_AT_decl_file
	.short	5286                            @ DW_AT_decl_line
	.byte	1                               @ DW_AT_bit_size
	.byte	2                               @ DW_AT_data_bit_offset
	.byte	31                              @ Abbrev [31] 0x1bc7:0xe DW_TAG_member
	.long	.Linfo_string295                @ DW_AT_name
	.long	1206                            @ DW_AT_type
	.byte	2                               @ DW_AT_decl_file
	.short	5287                            @ DW_AT_decl_line
	.byte	1                               @ DW_AT_bit_size
	.byte	3                               @ DW_AT_data_bit_offset
	.byte	31                              @ Abbrev [31] 0x1bd5:0xe DW_TAG_member
	.long	.Linfo_string296                @ DW_AT_name
	.long	1206                            @ DW_AT_type
	.byte	2                               @ DW_AT_decl_file
	.short	5288                            @ DW_AT_decl_line
	.byte	1                               @ DW_AT_bit_size
	.byte	4                               @ DW_AT_data_bit_offset
	.byte	31                              @ Abbrev [31] 0x1be3:0xe DW_TAG_member
	.long	.Linfo_string297                @ DW_AT_name
	.long	1206                            @ DW_AT_type
	.byte	2                               @ DW_AT_decl_file
	.short	5289                            @ DW_AT_decl_line
	.byte	1                               @ DW_AT_bit_size
	.byte	5                               @ DW_AT_data_bit_offset
	.byte	31                              @ Abbrev [31] 0x1bf1:0xe DW_TAG_member
	.long	.Linfo_string298                @ DW_AT_name
	.long	1206                            @ DW_AT_type
	.byte	2                               @ DW_AT_decl_file
	.short	5290                            @ DW_AT_decl_line
	.byte	1                               @ DW_AT_bit_size
	.byte	6                               @ DW_AT_data_bit_offset
	.byte	31                              @ Abbrev [31] 0x1bff:0xe DW_TAG_member
	.long	.Linfo_string299                @ DW_AT_name
	.long	1206                            @ DW_AT_type
	.byte	2                               @ DW_AT_decl_file
	.short	5291                            @ DW_AT_decl_line
	.byte	1                               @ DW_AT_bit_size
	.byte	7                               @ DW_AT_data_bit_offset
	.byte	31                              @ Abbrev [31] 0x1c0d:0xe DW_TAG_member
	.long	.Linfo_string190                @ DW_AT_name
	.long	1206                            @ DW_AT_type
	.byte	2                               @ DW_AT_decl_file
	.short	5292                            @ DW_AT_decl_line
	.byte	8                               @ DW_AT_bit_size
	.byte	8                               @ DW_AT_data_bit_offset
	.byte	31                              @ Abbrev [31] 0x1c1b:0xe DW_TAG_member
	.long	.Linfo_string272                @ DW_AT_name
	.long	1206                            @ DW_AT_type
	.byte	2                               @ DW_AT_decl_file
	.short	5293                            @ DW_AT_decl_line
	.byte	8                               @ DW_AT_bit_size
	.byte	16                              @ DW_AT_data_bit_offset
	.byte	31                              @ Abbrev [31] 0x1c29:0xe DW_TAG_member
	.long	.Linfo_string245                @ DW_AT_name
	.long	1206                            @ DW_AT_type
	.byte	2                               @ DW_AT_decl_file
	.short	5294                            @ DW_AT_decl_line
	.byte	8                               @ DW_AT_bit_size
	.byte	24                              @ DW_AT_data_bit_offset
	.byte	0                               @ End Of Children Mark
	.byte	25                              @ Abbrev [25] 0x1c38:0xd DW_TAG_member
	.long	.Linfo_string178                @ DW_AT_name
	.long	1206                            @ DW_AT_type
	.byte	2                               @ DW_AT_decl_file
	.short	5296                            @ DW_AT_decl_line
	.byte	0                               @ DW_AT_data_member_location
	.byte	0                               @ End Of Children Mark
	.byte	0                               @ End Of Children Mark
	.byte	3                               @ Abbrev [3] 0x1c47:0xc DW_TAG_array_type
	.long	1206                            @ DW_AT_type
	.byte	4                               @ Abbrev [4] 0x1c4c:0x6 DW_TAG_subrange_type
	.long	70                              @ DW_AT_type
	.byte	1                               @ DW_AT_count
	.byte	0                               @ End Of Children Mark
	.byte	27                              @ Abbrev [27] 0x1c53:0x1f5 DW_TAG_structure_type
	.long	.Linfo_string335                @ DW_AT_name
	.byte	4                               @ DW_AT_byte_size
	.byte	2                               @ DW_AT_decl_file
	.short	5509                            @ DW_AT_decl_line
	.byte	28                              @ Abbrev [28] 0x1c5c:0x9 DW_TAG_member
	.long	7269                            @ DW_AT_type
	.byte	2                               @ DW_AT_decl_file
	.short	5512                            @ DW_AT_decl_line
	.byte	0                               @ DW_AT_data_member_location
	.byte	29                              @ Abbrev [29] 0x1c65:0x1e2 DW_TAG_union_type
	.byte	4                               @ DW_AT_byte_size
	.byte	2                               @ DW_AT_decl_file
	.short	5512                            @ DW_AT_decl_line
	.byte	28                              @ Abbrev [28] 0x1c6a:0x9 DW_TAG_member
	.long	7283                            @ DW_AT_type
	.byte	2                               @ DW_AT_decl_file
	.short	5514                            @ DW_AT_decl_line
	.byte	0                               @ DW_AT_data_member_location
	.byte	30                              @ Abbrev [30] 0x1c73:0x1c6 DW_TAG_structure_type
	.byte	4                               @ DW_AT_byte_size
	.byte	2                               @ DW_AT_decl_file
	.short	5514                            @ DW_AT_decl_line
	.byte	31                              @ Abbrev [31] 0x1c78:0xe DW_TAG_member
	.long	.Linfo_string303                @ DW_AT_name
	.long	1206                            @ DW_AT_type
	.byte	2                               @ DW_AT_decl_file
	.short	5516                            @ DW_AT_decl_line
	.byte	1                               @ DW_AT_bit_size
	.byte	0                               @ DW_AT_data_bit_offset
	.byte	31                              @ Abbrev [31] 0x1c86:0xe DW_TAG_member
	.long	.Linfo_string304                @ DW_AT_name
	.long	1206                            @ DW_AT_type
	.byte	2                               @ DW_AT_decl_file
	.short	5518                            @ DW_AT_decl_line
	.byte	1                               @ DW_AT_bit_size
	.byte	1                               @ DW_AT_data_bit_offset
	.byte	31                              @ Abbrev [31] 0x1c94:0xe DW_TAG_member
	.long	.Linfo_string305                @ DW_AT_name
	.long	1206                            @ DW_AT_type
	.byte	2                               @ DW_AT_decl_file
	.short	5519                            @ DW_AT_decl_line
	.byte	1                               @ DW_AT_bit_size
	.byte	2                               @ DW_AT_data_bit_offset
	.byte	31                              @ Abbrev [31] 0x1ca2:0xe DW_TAG_member
	.long	.Linfo_string306                @ DW_AT_name
	.long	1206                            @ DW_AT_type
	.byte	2                               @ DW_AT_decl_file
	.short	5521                            @ DW_AT_decl_line
	.byte	1                               @ DW_AT_bit_size
	.byte	3                               @ DW_AT_data_bit_offset
	.byte	31                              @ Abbrev [31] 0x1cb0:0xe DW_TAG_member
	.long	.Linfo_string307                @ DW_AT_name
	.long	1206                            @ DW_AT_type
	.byte	2                               @ DW_AT_decl_file
	.short	5523                            @ DW_AT_decl_line
	.byte	1                               @ DW_AT_bit_size
	.byte	4                               @ DW_AT_data_bit_offset
	.byte	31                              @ Abbrev [31] 0x1cbe:0xe DW_TAG_member
	.long	.Linfo_string308                @ DW_AT_name
	.long	1206                            @ DW_AT_type
	.byte	2                               @ DW_AT_decl_file
	.short	5524                            @ DW_AT_decl_line
	.byte	1                               @ DW_AT_bit_size
	.byte	5                               @ DW_AT_data_bit_offset
	.byte	31                              @ Abbrev [31] 0x1ccc:0xe DW_TAG_member
	.long	.Linfo_string309                @ DW_AT_name
	.long	1206                            @ DW_AT_type
	.byte	2                               @ DW_AT_decl_file
	.short	5525                            @ DW_AT_decl_line
	.byte	1                               @ DW_AT_bit_size
	.byte	6                               @ DW_AT_data_bit_offset
	.byte	31                              @ Abbrev [31] 0x1cda:0xe DW_TAG_member
	.long	.Linfo_string310                @ DW_AT_name
	.long	1206                            @ DW_AT_type
	.byte	2                               @ DW_AT_decl_file
	.short	5526                            @ DW_AT_decl_line
	.byte	1                               @ DW_AT_bit_size
	.byte	7                               @ DW_AT_data_bit_offset
	.byte	31                              @ Abbrev [31] 0x1ce8:0xe DW_TAG_member
	.long	.Linfo_string311                @ DW_AT_name
	.long	1206                            @ DW_AT_type
	.byte	2                               @ DW_AT_decl_file
	.short	5527                            @ DW_AT_decl_line
	.byte	1                               @ DW_AT_bit_size
	.byte	8                               @ DW_AT_data_bit_offset
	.byte	31                              @ Abbrev [31] 0x1cf6:0xe DW_TAG_member
	.long	.Linfo_string312                @ DW_AT_name
	.long	1206                            @ DW_AT_type
	.byte	2                               @ DW_AT_decl_file
	.short	5528                            @ DW_AT_decl_line
	.byte	1                               @ DW_AT_bit_size
	.byte	9                               @ DW_AT_data_bit_offset
	.byte	31                              @ Abbrev [31] 0x1d04:0xe DW_TAG_member
	.long	.Linfo_string313                @ DW_AT_name
	.long	1206                            @ DW_AT_type
	.byte	2                               @ DW_AT_decl_file
	.short	5529                            @ DW_AT_decl_line
	.byte	1                               @ DW_AT_bit_size
	.byte	10                              @ DW_AT_data_bit_offset
	.byte	31                              @ Abbrev [31] 0x1d12:0xe DW_TAG_member
	.long	.Linfo_string314                @ DW_AT_name
	.long	1206                            @ DW_AT_type
	.byte	2                               @ DW_AT_decl_file
	.short	5530                            @ DW_AT_decl_line
	.byte	1                               @ DW_AT_bit_size
	.byte	11                              @ DW_AT_data_bit_offset
	.byte	31                              @ Abbrev [31] 0x1d20:0xe DW_TAG_member
	.long	.Linfo_string315                @ DW_AT_name
	.long	1206                            @ DW_AT_type
	.byte	2                               @ DW_AT_decl_file
	.short	5531                            @ DW_AT_decl_line
	.byte	1                               @ DW_AT_bit_size
	.byte	12                              @ DW_AT_data_bit_offset
	.byte	31                              @ Abbrev [31] 0x1d2e:0xe DW_TAG_member
	.long	.Linfo_string316                @ DW_AT_name
	.long	1206                            @ DW_AT_type
	.byte	2                               @ DW_AT_decl_file
	.short	5532                            @ DW_AT_decl_line
	.byte	1                               @ DW_AT_bit_size
	.byte	13                              @ DW_AT_data_bit_offset
	.byte	31                              @ Abbrev [31] 0x1d3c:0xe DW_TAG_member
	.long	.Linfo_string317                @ DW_AT_name
	.long	1206                            @ DW_AT_type
	.byte	2                               @ DW_AT_decl_file
	.short	5533                            @ DW_AT_decl_line
	.byte	1                               @ DW_AT_bit_size
	.byte	14                              @ DW_AT_data_bit_offset
	.byte	31                              @ Abbrev [31] 0x1d4a:0xe DW_TAG_member
	.long	.Linfo_string318                @ DW_AT_name
	.long	1206                            @ DW_AT_type
	.byte	2                               @ DW_AT_decl_file
	.short	5534                            @ DW_AT_decl_line
	.byte	1                               @ DW_AT_bit_size
	.byte	15                              @ DW_AT_data_bit_offset
	.byte	31                              @ Abbrev [31] 0x1d58:0xe DW_TAG_member
	.long	.Linfo_string319                @ DW_AT_name
	.long	1206                            @ DW_AT_type
	.byte	2                               @ DW_AT_decl_file
	.short	5535                            @ DW_AT_decl_line
	.byte	1                               @ DW_AT_bit_size
	.byte	16                              @ DW_AT_data_bit_offset
	.byte	31                              @ Abbrev [31] 0x1d66:0xe DW_TAG_member
	.long	.Linfo_string320                @ DW_AT_name
	.long	1206                            @ DW_AT_type
	.byte	2                               @ DW_AT_decl_file
	.short	5536                            @ DW_AT_decl_line
	.byte	1                               @ DW_AT_bit_size
	.byte	17                              @ DW_AT_data_bit_offset
	.byte	31                              @ Abbrev [31] 0x1d74:0xe DW_TAG_member
	.long	.Linfo_string321                @ DW_AT_name
	.long	1206                            @ DW_AT_type
	.byte	2                               @ DW_AT_decl_file
	.short	5537                            @ DW_AT_decl_line
	.byte	1                               @ DW_AT_bit_size
	.byte	18                              @ DW_AT_data_bit_offset
	.byte	31                              @ Abbrev [31] 0x1d82:0xe DW_TAG_member
	.long	.Linfo_string322                @ DW_AT_name
	.long	1206                            @ DW_AT_type
	.byte	2                               @ DW_AT_decl_file
	.short	5538                            @ DW_AT_decl_line
	.byte	1                               @ DW_AT_bit_size
	.byte	19                              @ DW_AT_data_bit_offset
	.byte	31                              @ Abbrev [31] 0x1d90:0xe DW_TAG_member
	.long	.Linfo_string323                @ DW_AT_name
	.long	1206                            @ DW_AT_type
	.byte	2                               @ DW_AT_decl_file
	.short	5539                            @ DW_AT_decl_line
	.byte	1                               @ DW_AT_bit_size
	.byte	20                              @ DW_AT_data_bit_offset
	.byte	31                              @ Abbrev [31] 0x1d9e:0xe DW_TAG_member
	.long	.Linfo_string324                @ DW_AT_name
	.long	1206                            @ DW_AT_type
	.byte	2                               @ DW_AT_decl_file
	.short	5540                            @ DW_AT_decl_line
	.byte	1                               @ DW_AT_bit_size
	.byte	21                              @ DW_AT_data_bit_offset
	.byte	31                              @ Abbrev [31] 0x1dac:0xe DW_TAG_member
	.long	.Linfo_string325                @ DW_AT_name
	.long	1206                            @ DW_AT_type
	.byte	2                               @ DW_AT_decl_file
	.short	5541                            @ DW_AT_decl_line
	.byte	1                               @ DW_AT_bit_size
	.byte	22                              @ DW_AT_data_bit_offset
	.byte	31                              @ Abbrev [31] 0x1dba:0xe DW_TAG_member
	.long	.Linfo_string326                @ DW_AT_name
	.long	1206                            @ DW_AT_type
	.byte	2                               @ DW_AT_decl_file
	.short	5542                            @ DW_AT_decl_line
	.byte	1                               @ DW_AT_bit_size
	.byte	23                              @ DW_AT_data_bit_offset
	.byte	31                              @ Abbrev [31] 0x1dc8:0xe DW_TAG_member
	.long	.Linfo_string327                @ DW_AT_name
	.long	1206                            @ DW_AT_type
	.byte	2                               @ DW_AT_decl_file
	.short	5543                            @ DW_AT_decl_line
	.byte	1                               @ DW_AT_bit_size
	.byte	24                              @ DW_AT_data_bit_offset
	.byte	31                              @ Abbrev [31] 0x1dd6:0xe DW_TAG_member
	.long	.Linfo_string328                @ DW_AT_name
	.long	1206                            @ DW_AT_type
	.byte	2                               @ DW_AT_decl_file
	.short	5544                            @ DW_AT_decl_line
	.byte	1                               @ DW_AT_bit_size
	.byte	25                              @ DW_AT_data_bit_offset
	.byte	31                              @ Abbrev [31] 0x1de4:0xe DW_TAG_member
	.long	.Linfo_string329                @ DW_AT_name
	.long	1206                            @ DW_AT_type
	.byte	2                               @ DW_AT_decl_file
	.short	5545                            @ DW_AT_decl_line
	.byte	1                               @ DW_AT_bit_size
	.byte	26                              @ DW_AT_data_bit_offset
	.byte	31                              @ Abbrev [31] 0x1df2:0xe DW_TAG_member
	.long	.Linfo_string330                @ DW_AT_name
	.long	1206                            @ DW_AT_type
	.byte	2                               @ DW_AT_decl_file
	.short	5546                            @ DW_AT_decl_line
	.byte	1                               @ DW_AT_bit_size
	.byte	27                              @ DW_AT_data_bit_offset
	.byte	31                              @ Abbrev [31] 0x1e00:0xe DW_TAG_member
	.long	.Linfo_string331                @ DW_AT_name
	.long	1206                            @ DW_AT_type
	.byte	2                               @ DW_AT_decl_file
	.short	5547                            @ DW_AT_decl_line
	.byte	1                               @ DW_AT_bit_size
	.byte	28                              @ DW_AT_data_bit_offset
	.byte	31                              @ Abbrev [31] 0x1e0e:0xe DW_TAG_member
	.long	.Linfo_string332                @ DW_AT_name
	.long	1206                            @ DW_AT_type
	.byte	2                               @ DW_AT_decl_file
	.short	5548                            @ DW_AT_decl_line
	.byte	1                               @ DW_AT_bit_size
	.byte	29                              @ DW_AT_data_bit_offset
	.byte	31                              @ Abbrev [31] 0x1e1c:0xe DW_TAG_member
	.long	.Linfo_string333                @ DW_AT_name
	.long	1206                            @ DW_AT_type
	.byte	2                               @ DW_AT_decl_file
	.short	5549                            @ DW_AT_decl_line
	.byte	1                               @ DW_AT_bit_size
	.byte	30                              @ DW_AT_data_bit_offset
	.byte	31                              @ Abbrev [31] 0x1e2a:0xe DW_TAG_member
	.long	.Linfo_string334                @ DW_AT_name
	.long	1206                            @ DW_AT_type
	.byte	2                               @ DW_AT_decl_file
	.short	5550                            @ DW_AT_decl_line
	.byte	1                               @ DW_AT_bit_size
	.byte	31                              @ DW_AT_data_bit_offset
	.byte	0                               @ End Of Children Mark
	.byte	25                              @ Abbrev [25] 0x1e39:0xd DW_TAG_member
	.long	.Linfo_string178                @ DW_AT_name
	.long	1206                            @ DW_AT_type
	.byte	2                               @ DW_AT_decl_file
	.short	5552                            @ DW_AT_decl_line
	.byte	0                               @ DW_AT_data_member_location
	.byte	0                               @ End Of Children Mark
	.byte	0                               @ End Of Children Mark
	.byte	27                              @ Abbrev [27] 0x1e48:0x193 DW_TAG_structure_type
	.long	.Linfo_string361                @ DW_AT_name
	.byte	4                               @ DW_AT_byte_size
	.byte	2                               @ DW_AT_decl_file
	.short	6225                            @ DW_AT_decl_line
	.byte	28                              @ Abbrev [28] 0x1e51:0x9 DW_TAG_member
	.long	7770                            @ DW_AT_type
	.byte	2                               @ DW_AT_decl_file
	.short	6228                            @ DW_AT_decl_line
	.byte	0                               @ DW_AT_data_member_location
	.byte	29                              @ Abbrev [29] 0x1e5a:0x180 DW_TAG_union_type
	.byte	4                               @ DW_AT_byte_size
	.byte	2                               @ DW_AT_decl_file
	.short	6228                            @ DW_AT_decl_line
	.byte	28                              @ Abbrev [28] 0x1e5f:0x9 DW_TAG_member
	.long	7784                            @ DW_AT_type
	.byte	2                               @ DW_AT_decl_file
	.short	6230                            @ DW_AT_decl_line
	.byte	0                               @ DW_AT_data_member_location
	.byte	30                              @ Abbrev [30] 0x1e68:0x164 DW_TAG_structure_type
	.byte	4                               @ DW_AT_byte_size
	.byte	2                               @ DW_AT_decl_file
	.short	6230                            @ DW_AT_decl_line
	.byte	31                              @ Abbrev [31] 0x1e6d:0xe DW_TAG_member
	.long	.Linfo_string337                @ DW_AT_name
	.long	1206                            @ DW_AT_type
	.byte	2                               @ DW_AT_decl_file
	.short	6232                            @ DW_AT_decl_line
	.byte	1                               @ DW_AT_bit_size
	.byte	0                               @ DW_AT_data_bit_offset
	.byte	31                              @ Abbrev [31] 0x1e7b:0xe DW_TAG_member
	.long	.Linfo_string338                @ DW_AT_name
	.long	1206                            @ DW_AT_type
	.byte	2                               @ DW_AT_decl_file
	.short	6233                            @ DW_AT_decl_line
	.byte	1                               @ DW_AT_bit_size
	.byte	1                               @ DW_AT_data_bit_offset
	.byte	31                              @ Abbrev [31] 0x1e89:0xe DW_TAG_member
	.long	.Linfo_string339                @ DW_AT_name
	.long	1206                            @ DW_AT_type
	.byte	2                               @ DW_AT_decl_file
	.short	6234                            @ DW_AT_decl_line
	.byte	1                               @ DW_AT_bit_size
	.byte	2                               @ DW_AT_data_bit_offset
	.byte	31                              @ Abbrev [31] 0x1e97:0xe DW_TAG_member
	.long	.Linfo_string340                @ DW_AT_name
	.long	1206                            @ DW_AT_type
	.byte	2                               @ DW_AT_decl_file
	.short	6235                            @ DW_AT_decl_line
	.byte	1                               @ DW_AT_bit_size
	.byte	3                               @ DW_AT_data_bit_offset
	.byte	31                              @ Abbrev [31] 0x1ea5:0xe DW_TAG_member
	.long	.Linfo_string341                @ DW_AT_name
	.long	1206                            @ DW_AT_type
	.byte	2                               @ DW_AT_decl_file
	.short	6236                            @ DW_AT_decl_line
	.byte	1                               @ DW_AT_bit_size
	.byte	4                               @ DW_AT_data_bit_offset
	.byte	31                              @ Abbrev [31] 0x1eb3:0xe DW_TAG_member
	.long	.Linfo_string342                @ DW_AT_name
	.long	1206                            @ DW_AT_type
	.byte	2                               @ DW_AT_decl_file
	.short	6237                            @ DW_AT_decl_line
	.byte	1                               @ DW_AT_bit_size
	.byte	5                               @ DW_AT_data_bit_offset
	.byte	31                              @ Abbrev [31] 0x1ec1:0xe DW_TAG_member
	.long	.Linfo_string343                @ DW_AT_name
	.long	1206                            @ DW_AT_type
	.byte	2                               @ DW_AT_decl_file
	.short	6238                            @ DW_AT_decl_line
	.byte	1                               @ DW_AT_bit_size
	.byte	6                               @ DW_AT_data_bit_offset
	.byte	31                              @ Abbrev [31] 0x1ecf:0xe DW_TAG_member
	.long	.Linfo_string344                @ DW_AT_name
	.long	1206                            @ DW_AT_type
	.byte	2                               @ DW_AT_decl_file
	.short	6240                            @ DW_AT_decl_line
	.byte	1                               @ DW_AT_bit_size
	.byte	7                               @ DW_AT_data_bit_offset
	.byte	31                              @ Abbrev [31] 0x1edd:0xe DW_TAG_member
	.long	.Linfo_string345                @ DW_AT_name
	.long	1206                            @ DW_AT_type
	.byte	2                               @ DW_AT_decl_file
	.short	6242                            @ DW_AT_decl_line
	.byte	1                               @ DW_AT_bit_size
	.byte	8                               @ DW_AT_data_bit_offset
	.byte	31                              @ Abbrev [31] 0x1eeb:0xe DW_TAG_member
	.long	.Linfo_string346                @ DW_AT_name
	.long	1206                            @ DW_AT_type
	.byte	2                               @ DW_AT_decl_file
	.short	6243                            @ DW_AT_decl_line
	.byte	1                               @ DW_AT_bit_size
	.byte	9                               @ DW_AT_data_bit_offset
	.byte	31                              @ Abbrev [31] 0x1ef9:0xe DW_TAG_member
	.long	.Linfo_string347                @ DW_AT_name
	.long	1206                            @ DW_AT_type
	.byte	2                               @ DW_AT_decl_file
	.short	6244                            @ DW_AT_decl_line
	.byte	1                               @ DW_AT_bit_size
	.byte	10                              @ DW_AT_data_bit_offset
	.byte	31                              @ Abbrev [31] 0x1f07:0xe DW_TAG_member
	.long	.Linfo_string348                @ DW_AT_name
	.long	1206                            @ DW_AT_type
	.byte	2                               @ DW_AT_decl_file
	.short	6245                            @ DW_AT_decl_line
	.byte	1                               @ DW_AT_bit_size
	.byte	11                              @ DW_AT_data_bit_offset
	.byte	31                              @ Abbrev [31] 0x1f15:0xe DW_TAG_member
	.long	.Linfo_string349                @ DW_AT_name
	.long	1206                            @ DW_AT_type
	.byte	2                               @ DW_AT_decl_file
	.short	6246                            @ DW_AT_decl_line
	.byte	1                               @ DW_AT_bit_size
	.byte	12                              @ DW_AT_data_bit_offset
	.byte	31                              @ Abbrev [31] 0x1f23:0xe DW_TAG_member
	.long	.Linfo_string350                @ DW_AT_name
	.long	1206                            @ DW_AT_type
	.byte	2                               @ DW_AT_decl_file
	.short	6247                            @ DW_AT_decl_line
	.byte	1                               @ DW_AT_bit_size
	.byte	13                              @ DW_AT_data_bit_offset
	.byte	31                              @ Abbrev [31] 0x1f31:0xe DW_TAG_member
	.long	.Linfo_string351                @ DW_AT_name
	.long	1206                            @ DW_AT_type
	.byte	2                               @ DW_AT_decl_file
	.short	6248                            @ DW_AT_decl_line
	.byte	1                               @ DW_AT_bit_size
	.byte	14                              @ DW_AT_data_bit_offset
	.byte	31                              @ Abbrev [31] 0x1f3f:0xe DW_TAG_member
	.long	.Linfo_string352                @ DW_AT_name
	.long	1206                            @ DW_AT_type
	.byte	2                               @ DW_AT_decl_file
	.short	6249                            @ DW_AT_decl_line
	.byte	1                               @ DW_AT_bit_size
	.byte	15                              @ DW_AT_data_bit_offset
	.byte	31                              @ Abbrev [31] 0x1f4d:0xe DW_TAG_member
	.long	.Linfo_string353                @ DW_AT_name
	.long	1206                            @ DW_AT_type
	.byte	2                               @ DW_AT_decl_file
	.short	6250                            @ DW_AT_decl_line
	.byte	1                               @ DW_AT_bit_size
	.byte	16                              @ DW_AT_data_bit_offset
	.byte	31                              @ Abbrev [31] 0x1f5b:0xe DW_TAG_member
	.long	.Linfo_string354                @ DW_AT_name
	.long	1206                            @ DW_AT_type
	.byte	2                               @ DW_AT_decl_file
	.short	6251                            @ DW_AT_decl_line
	.byte	1                               @ DW_AT_bit_size
	.byte	17                              @ DW_AT_data_bit_offset
	.byte	31                              @ Abbrev [31] 0x1f69:0xe DW_TAG_member
	.long	.Linfo_string355                @ DW_AT_name
	.long	1206                            @ DW_AT_type
	.byte	2                               @ DW_AT_decl_file
	.short	6252                            @ DW_AT_decl_line
	.byte	1                               @ DW_AT_bit_size
	.byte	18                              @ DW_AT_data_bit_offset
	.byte	31                              @ Abbrev [31] 0x1f77:0xe DW_TAG_member
	.long	.Linfo_string356                @ DW_AT_name
	.long	1206                            @ DW_AT_type
	.byte	2                               @ DW_AT_decl_file
	.short	6253                            @ DW_AT_decl_line
	.byte	1                               @ DW_AT_bit_size
	.byte	19                              @ DW_AT_data_bit_offset
	.byte	31                              @ Abbrev [31] 0x1f85:0xe DW_TAG_member
	.long	.Linfo_string357                @ DW_AT_name
	.long	1206                            @ DW_AT_type
	.byte	2                               @ DW_AT_decl_file
	.short	6254                            @ DW_AT_decl_line
	.byte	1                               @ DW_AT_bit_size
	.byte	20                              @ DW_AT_data_bit_offset
	.byte	31                              @ Abbrev [31] 0x1f93:0xe DW_TAG_member
	.long	.Linfo_string358                @ DW_AT_name
	.long	1206                            @ DW_AT_type
	.byte	2                               @ DW_AT_decl_file
	.short	6255                            @ DW_AT_decl_line
	.byte	1                               @ DW_AT_bit_size
	.byte	21                              @ DW_AT_data_bit_offset
	.byte	31                              @ Abbrev [31] 0x1fa1:0xe DW_TAG_member
	.long	.Linfo_string359                @ DW_AT_name
	.long	1206                            @ DW_AT_type
	.byte	2                               @ DW_AT_decl_file
	.short	6256                            @ DW_AT_decl_line
	.byte	1                               @ DW_AT_bit_size
	.byte	22                              @ DW_AT_data_bit_offset
	.byte	31                              @ Abbrev [31] 0x1faf:0xe DW_TAG_member
	.long	.Linfo_string360                @ DW_AT_name
	.long	1206                            @ DW_AT_type
	.byte	2                               @ DW_AT_decl_file
	.short	6257                            @ DW_AT_decl_line
	.byte	1                               @ DW_AT_bit_size
	.byte	23                              @ DW_AT_data_bit_offset
	.byte	31                              @ Abbrev [31] 0x1fbd:0xe DW_TAG_member
	.long	.Linfo_string190                @ DW_AT_name
	.long	1206                            @ DW_AT_type
	.byte	2                               @ DW_AT_decl_file
	.short	6258                            @ DW_AT_decl_line
	.byte	8                               @ DW_AT_bit_size
	.byte	24                              @ DW_AT_data_bit_offset
	.byte	0                               @ End Of Children Mark
	.byte	25                              @ Abbrev [25] 0x1fcc:0xd DW_TAG_member
	.long	.Linfo_string178                @ DW_AT_name
	.long	1206                            @ DW_AT_type
	.byte	2                               @ DW_AT_decl_file
	.short	6260                            @ DW_AT_decl_line
	.byte	0                               @ DW_AT_data_member_location
	.byte	0                               @ End Of Children Mark
	.byte	0                               @ End Of Children Mark
	.byte	3                               @ Abbrev [3] 0x1fdb:0xc DW_TAG_array_type
	.long	1206                            @ DW_AT_type
	.byte	4                               @ Abbrev [4] 0x1fe0:0x6 DW_TAG_subrange_type
	.long	70                              @ DW_AT_type
	.byte	10                              @ DW_AT_count
	.byte	0                               @ End Of Children Mark
	.byte	27                              @ Abbrev [27] 0x1fe7:0x97 DW_TAG_structure_type
	.long	.Linfo_string370                @ DW_AT_name
	.byte	4                               @ DW_AT_byte_size
	.byte	2                               @ DW_AT_decl_file
	.short	6773                            @ DW_AT_decl_line
	.byte	28                              @ Abbrev [28] 0x1ff0:0x9 DW_TAG_member
	.long	8185                            @ DW_AT_type
	.byte	2                               @ DW_AT_decl_file
	.short	6776                            @ DW_AT_decl_line
	.byte	0                               @ DW_AT_data_member_location
	.byte	29                              @ Abbrev [29] 0x1ff9:0x84 DW_TAG_union_type
	.byte	4                               @ DW_AT_byte_size
	.byte	2                               @ DW_AT_decl_file
	.short	6776                            @ DW_AT_decl_line
	.byte	28                              @ Abbrev [28] 0x1ffe:0x9 DW_TAG_member
	.long	8199                            @ DW_AT_type
	.byte	2                               @ DW_AT_decl_file
	.short	6778                            @ DW_AT_decl_line
	.byte	0                               @ DW_AT_data_member_location
	.byte	30                              @ Abbrev [30] 0x2007:0x68 DW_TAG_structure_type
	.byte	4                               @ DW_AT_byte_size
	.byte	2                               @ DW_AT_decl_file
	.short	6778                            @ DW_AT_decl_line
	.byte	31                              @ Abbrev [31] 0x200c:0xe DW_TAG_member
	.long	.Linfo_string364                @ DW_AT_name
	.long	1206                            @ DW_AT_type
	.byte	2                               @ DW_AT_decl_file
	.short	6780                            @ DW_AT_decl_line
	.byte	1                               @ DW_AT_bit_size
	.byte	0                               @ DW_AT_data_bit_offset
	.byte	31                              @ Abbrev [31] 0x201a:0xe DW_TAG_member
	.long	.Linfo_string365                @ DW_AT_name
	.long	1206                            @ DW_AT_type
	.byte	2                               @ DW_AT_decl_file
	.short	6781                            @ DW_AT_decl_line
	.byte	1                               @ DW_AT_bit_size
	.byte	1                               @ DW_AT_data_bit_offset
	.byte	31                              @ Abbrev [31] 0x2028:0xe DW_TAG_member
	.long	.Linfo_string366                @ DW_AT_name
	.long	1206                            @ DW_AT_type
	.byte	2                               @ DW_AT_decl_file
	.short	6782                            @ DW_AT_decl_line
	.byte	1                               @ DW_AT_bit_size
	.byte	2                               @ DW_AT_data_bit_offset
	.byte	31                              @ Abbrev [31] 0x2036:0xe DW_TAG_member
	.long	.Linfo_string367                @ DW_AT_name
	.long	1206                            @ DW_AT_type
	.byte	2                               @ DW_AT_decl_file
	.short	6783                            @ DW_AT_decl_line
	.byte	1                               @ DW_AT_bit_size
	.byte	3                               @ DW_AT_data_bit_offset
	.byte	31                              @ Abbrev [31] 0x2044:0xe DW_TAG_member
	.long	.Linfo_string368                @ DW_AT_name
	.long	1206                            @ DW_AT_type
	.byte	2                               @ DW_AT_decl_file
	.short	6784                            @ DW_AT_decl_line
	.byte	1                               @ DW_AT_bit_size
	.byte	4                               @ DW_AT_data_bit_offset
	.byte	31                              @ Abbrev [31] 0x2052:0xe DW_TAG_member
	.long	.Linfo_string369                @ DW_AT_name
	.long	1206                            @ DW_AT_type
	.byte	2                               @ DW_AT_decl_file
	.short	6785                            @ DW_AT_decl_line
	.byte	1                               @ DW_AT_bit_size
	.byte	5                               @ DW_AT_data_bit_offset
	.byte	31                              @ Abbrev [31] 0x2060:0xe DW_TAG_member
	.long	.Linfo_string190                @ DW_AT_name
	.long	1206                            @ DW_AT_type
	.byte	2                               @ DW_AT_decl_file
	.short	6786                            @ DW_AT_decl_line
	.byte	26                              @ DW_AT_bit_size
	.byte	6                               @ DW_AT_data_bit_offset
	.byte	0                               @ End Of Children Mark
	.byte	25                              @ Abbrev [25] 0x206f:0xd DW_TAG_member
	.long	.Linfo_string178                @ DW_AT_name
	.long	1206                            @ DW_AT_type
	.byte	2                               @ DW_AT_decl_file
	.short	6788                            @ DW_AT_decl_line
	.byte	0                               @ DW_AT_data_member_location
	.byte	0                               @ End Of Children Mark
	.byte	0                               @ End Of Children Mark
	.byte	27                              @ Abbrev [27] 0x207e:0x43 DW_TAG_structure_type
	.long	.Linfo_string373                @ DW_AT_name
	.byte	4                               @ DW_AT_byte_size
	.byte	2                               @ DW_AT_decl_file
	.short	6941                            @ DW_AT_decl_line
	.byte	28                              @ Abbrev [28] 0x2087:0x9 DW_TAG_member
	.long	8336                            @ DW_AT_type
	.byte	2                               @ DW_AT_decl_file
	.short	6944                            @ DW_AT_decl_line
	.byte	0                               @ DW_AT_data_member_location
	.byte	29                              @ Abbrev [29] 0x2090:0x30 DW_TAG_union_type
	.byte	4                               @ DW_AT_byte_size
	.byte	2                               @ DW_AT_decl_file
	.short	6944                            @ DW_AT_decl_line
	.byte	28                              @ Abbrev [28] 0x2095:0x9 DW_TAG_member
	.long	8350                            @ DW_AT_type
	.byte	2                               @ DW_AT_decl_file
	.short	6946                            @ DW_AT_decl_line
	.byte	0                               @ DW_AT_data_member_location
	.byte	30                              @ Abbrev [30] 0x209e:0x14 DW_TAG_structure_type
	.byte	4                               @ DW_AT_byte_size
	.byte	2                               @ DW_AT_decl_file
	.short	6946                            @ DW_AT_decl_line
	.byte	31                              @ Abbrev [31] 0x20a3:0xe DW_TAG_member
	.long	.Linfo_string372                @ DW_AT_name
	.long	1206                            @ DW_AT_type
	.byte	2                               @ DW_AT_decl_file
	.short	6948                            @ DW_AT_decl_line
	.byte	32                              @ DW_AT_bit_size
	.byte	0                               @ DW_AT_data_bit_offset
	.byte	0                               @ End Of Children Mark
	.byte	25                              @ Abbrev [25] 0x20b2:0xd DW_TAG_member
	.long	.Linfo_string178                @ DW_AT_name
	.long	1206                            @ DW_AT_type
	.byte	2                               @ DW_AT_decl_file
	.short	6950                            @ DW_AT_decl_line
	.byte	0                               @ DW_AT_data_member_location
	.byte	0                               @ End Of Children Mark
	.byte	0                               @ End Of Children Mark
	.byte	27                              @ Abbrev [27] 0x20c1:0x43 DW_TAG_structure_type
	.long	.Linfo_string376                @ DW_AT_name
	.byte	4                               @ DW_AT_byte_size
	.byte	2                               @ DW_AT_decl_file
	.short	7003                            @ DW_AT_decl_line
	.byte	28                              @ Abbrev [28] 0x20ca:0x9 DW_TAG_member
	.long	8403                            @ DW_AT_type
	.byte	2                               @ DW_AT_decl_file
	.short	7006                            @ DW_AT_decl_line
	.byte	0                               @ DW_AT_data_member_location
	.byte	29                              @ Abbrev [29] 0x20d3:0x30 DW_TAG_union_type
	.byte	4                               @ DW_AT_byte_size
	.byte	2                               @ DW_AT_decl_file
	.short	7006                            @ DW_AT_decl_line
	.byte	28                              @ Abbrev [28] 0x20d8:0x9 DW_TAG_member
	.long	8417                            @ DW_AT_type
	.byte	2                               @ DW_AT_decl_file
	.short	7008                            @ DW_AT_decl_line
	.byte	0                               @ DW_AT_data_member_location
	.byte	30                              @ Abbrev [30] 0x20e1:0x14 DW_TAG_structure_type
	.byte	4                               @ DW_AT_byte_size
	.byte	2                               @ DW_AT_decl_file
	.short	7008                            @ DW_AT_decl_line
	.byte	31                              @ Abbrev [31] 0x20e6:0xe DW_TAG_member
	.long	.Linfo_string375                @ DW_AT_name
	.long	1206                            @ DW_AT_type
	.byte	2                               @ DW_AT_decl_file
	.short	7010                            @ DW_AT_decl_line
	.byte	32                              @ DW_AT_bit_size
	.byte	0                               @ DW_AT_data_bit_offset
	.byte	0                               @ End Of Children Mark
	.byte	25                              @ Abbrev [25] 0x20f5:0xd DW_TAG_member
	.long	.Linfo_string178                @ DW_AT_name
	.long	1206                            @ DW_AT_type
	.byte	2                               @ DW_AT_decl_file
	.short	7012                            @ DW_AT_decl_line
	.byte	0                               @ DW_AT_data_member_location
	.byte	0                               @ End Of Children Mark
	.byte	0                               @ End Of Children Mark
	.byte	27                              @ Abbrev [27] 0x2104:0x43 DW_TAG_structure_type
	.long	.Linfo_string380                @ DW_AT_name
	.byte	4                               @ DW_AT_byte_size
	.byte	2                               @ DW_AT_decl_file
	.short	7066                            @ DW_AT_decl_line
	.byte	28                              @ Abbrev [28] 0x210d:0x9 DW_TAG_member
	.long	8470                            @ DW_AT_type
	.byte	2                               @ DW_AT_decl_file
	.short	7069                            @ DW_AT_decl_line
	.byte	0                               @ DW_AT_data_member_location
	.byte	29                              @ Abbrev [29] 0x2116:0x30 DW_TAG_union_type
	.byte	4                               @ DW_AT_byte_size
	.byte	2                               @ DW_AT_decl_file
	.short	7069                            @ DW_AT_decl_line
	.byte	28                              @ Abbrev [28] 0x211b:0x9 DW_TAG_member
	.long	8484                            @ DW_AT_type
	.byte	2                               @ DW_AT_decl_file
	.short	7071                            @ DW_AT_decl_line
	.byte	0                               @ DW_AT_data_member_location
	.byte	30                              @ Abbrev [30] 0x2124:0x14 DW_TAG_structure_type
	.byte	4                               @ DW_AT_byte_size
	.byte	2                               @ DW_AT_decl_file
	.short	7071                            @ DW_AT_decl_line
	.byte	31                              @ Abbrev [31] 0x2129:0xe DW_TAG_member
	.long	.Linfo_string379                @ DW_AT_name
	.long	1206                            @ DW_AT_type
	.byte	2                               @ DW_AT_decl_file
	.short	7073                            @ DW_AT_decl_line
	.byte	32                              @ DW_AT_bit_size
	.byte	0                               @ DW_AT_data_bit_offset
	.byte	0                               @ End Of Children Mark
	.byte	25                              @ Abbrev [25] 0x2138:0xd DW_TAG_member
	.long	.Linfo_string178                @ DW_AT_name
	.long	1206                            @ DW_AT_type
	.byte	2                               @ DW_AT_decl_file
	.short	7075                            @ DW_AT_decl_line
	.byte	0                               @ DW_AT_data_member_location
	.byte	0                               @ End Of Children Mark
	.byte	0                               @ End Of Children Mark
	.byte	3                               @ Abbrev [3] 0x2147:0xc DW_TAG_array_type
	.long	1206                            @ DW_AT_type
	.byte	4                               @ Abbrev [4] 0x214c:0x6 DW_TAG_subrange_type
	.long	70                              @ DW_AT_type
	.byte	11                              @ DW_AT_count
	.byte	0                               @ End Of Children Mark
	.byte	27                              @ Abbrev [27] 0x2153:0x97 DW_TAG_structure_type
	.long	.Linfo_string388                @ DW_AT_name
	.byte	4                               @ DW_AT_byte_size
	.byte	2                               @ DW_AT_decl_file
	.short	7128                            @ DW_AT_decl_line
	.byte	28                              @ Abbrev [28] 0x215c:0x9 DW_TAG_member
	.long	8549                            @ DW_AT_type
	.byte	2                               @ DW_AT_decl_file
	.short	7131                            @ DW_AT_decl_line
	.byte	0                               @ DW_AT_data_member_location
	.byte	29                              @ Abbrev [29] 0x2165:0x84 DW_TAG_union_type
	.byte	4                               @ DW_AT_byte_size
	.byte	2                               @ DW_AT_decl_file
	.short	7131                            @ DW_AT_decl_line
	.byte	28                              @ Abbrev [28] 0x216a:0x9 DW_TAG_member
	.long	8563                            @ DW_AT_type
	.byte	2                               @ DW_AT_decl_file
	.short	7133                            @ DW_AT_decl_line
	.byte	0                               @ DW_AT_data_member_location
	.byte	30                              @ Abbrev [30] 0x2173:0x68 DW_TAG_structure_type
	.byte	4                               @ DW_AT_byte_size
	.byte	2                               @ DW_AT_decl_file
	.short	7133                            @ DW_AT_decl_line
	.byte	31                              @ Abbrev [31] 0x2178:0xe DW_TAG_member
	.long	.Linfo_string383                @ DW_AT_name
	.long	1206                            @ DW_AT_type
	.byte	2                               @ DW_AT_decl_file
	.short	7135                            @ DW_AT_decl_line
	.byte	1                               @ DW_AT_bit_size
	.byte	0                               @ DW_AT_data_bit_offset
	.byte	31                              @ Abbrev [31] 0x2186:0xe DW_TAG_member
	.long	.Linfo_string384                @ DW_AT_name
	.long	1206                            @ DW_AT_type
	.byte	2                               @ DW_AT_decl_file
	.short	7136                            @ DW_AT_decl_line
	.byte	1                               @ DW_AT_bit_size
	.byte	1                               @ DW_AT_data_bit_offset
	.byte	31                              @ Abbrev [31] 0x2194:0xe DW_TAG_member
	.long	.Linfo_string385                @ DW_AT_name
	.long	1206                            @ DW_AT_type
	.byte	2                               @ DW_AT_decl_file
	.short	7137                            @ DW_AT_decl_line
	.byte	1                               @ DW_AT_bit_size
	.byte	2                               @ DW_AT_data_bit_offset
	.byte	31                              @ Abbrev [31] 0x21a2:0xe DW_TAG_member
	.long	.Linfo_string386                @ DW_AT_name
	.long	1206                            @ DW_AT_type
	.byte	2                               @ DW_AT_decl_file
	.short	7138                            @ DW_AT_decl_line
	.byte	1                               @ DW_AT_bit_size
	.byte	3                               @ DW_AT_data_bit_offset
	.byte	31                              @ Abbrev [31] 0x21b0:0xe DW_TAG_member
	.long	.Linfo_string190                @ DW_AT_name
	.long	1206                            @ DW_AT_type
	.byte	2                               @ DW_AT_decl_file
	.short	7139                            @ DW_AT_decl_line
	.byte	7                               @ DW_AT_bit_size
	.byte	4                               @ DW_AT_data_bit_offset
	.byte	31                              @ Abbrev [31] 0x21be:0xe DW_TAG_member
	.long	.Linfo_string387                @ DW_AT_name
	.long	1206                            @ DW_AT_type
	.byte	2                               @ DW_AT_decl_file
	.short	7140                            @ DW_AT_decl_line
	.byte	5                               @ DW_AT_bit_size
	.byte	11                              @ DW_AT_data_bit_offset
	.byte	31                              @ Abbrev [31] 0x21cc:0xe DW_TAG_member
	.long	.Linfo_string245                @ DW_AT_name
	.long	1206                            @ DW_AT_type
	.byte	2                               @ DW_AT_decl_file
	.short	7141                            @ DW_AT_decl_line
	.byte	16                              @ DW_AT_bit_size
	.byte	16                              @ DW_AT_data_bit_offset
	.byte	0                               @ End Of Children Mark
	.byte	25                              @ Abbrev [25] 0x21db:0xd DW_TAG_member
	.long	.Linfo_string178                @ DW_AT_name
	.long	1206                            @ DW_AT_type
	.byte	2                               @ DW_AT_decl_file
	.short	7143                            @ DW_AT_decl_line
	.byte	0                               @ DW_AT_data_member_location
	.byte	0                               @ End Of Children Mark
	.byte	0                               @ End Of Children Mark
	.byte	27                              @ Abbrev [27] 0x21ea:0x89 DW_TAG_structure_type
	.long	.Linfo_string395                @ DW_AT_name
	.byte	4                               @ DW_AT_byte_size
	.byte	2                               @ DW_AT_decl_file
	.short	7276                            @ DW_AT_decl_line
	.byte	28                              @ Abbrev [28] 0x21f3:0x9 DW_TAG_member
	.long	8700                            @ DW_AT_type
	.byte	2                               @ DW_AT_decl_file
	.short	7279                            @ DW_AT_decl_line
	.byte	0                               @ DW_AT_data_member_location
	.byte	29                              @ Abbrev [29] 0x21fc:0x76 DW_TAG_union_type
	.byte	4                               @ DW_AT_byte_size
	.byte	2                               @ DW_AT_decl_file
	.short	7279                            @ DW_AT_decl_line
	.byte	28                              @ Abbrev [28] 0x2201:0x9 DW_TAG_member
	.long	8714                            @ DW_AT_type
	.byte	2                               @ DW_AT_decl_file
	.short	7281                            @ DW_AT_decl_line
	.byte	0                               @ DW_AT_data_member_location
	.byte	30                              @ Abbrev [30] 0x220a:0x5a DW_TAG_structure_type
	.byte	4                               @ DW_AT_byte_size
	.byte	2                               @ DW_AT_decl_file
	.short	7281                            @ DW_AT_decl_line
	.byte	31                              @ Abbrev [31] 0x220f:0xe DW_TAG_member
	.long	.Linfo_string390                @ DW_AT_name
	.long	1206                            @ DW_AT_type
	.byte	2                               @ DW_AT_decl_file
	.short	7283                            @ DW_AT_decl_line
	.byte	1                               @ DW_AT_bit_size
	.byte	0                               @ DW_AT_data_bit_offset
	.byte	31                              @ Abbrev [31] 0x221d:0xe DW_TAG_member
	.long	.Linfo_string391                @ DW_AT_name
	.long	1206                            @ DW_AT_type
	.byte	2                               @ DW_AT_decl_file
	.short	7284                            @ DW_AT_decl_line
	.byte	1                               @ DW_AT_bit_size
	.byte	1                               @ DW_AT_data_bit_offset
	.byte	31                              @ Abbrev [31] 0x222b:0xe DW_TAG_member
	.long	.Linfo_string392                @ DW_AT_name
	.long	1206                            @ DW_AT_type
	.byte	2                               @ DW_AT_decl_file
	.short	7285                            @ DW_AT_decl_line
	.byte	1                               @ DW_AT_bit_size
	.byte	2                               @ DW_AT_data_bit_offset
	.byte	31                              @ Abbrev [31] 0x2239:0xe DW_TAG_member
	.long	.Linfo_string393                @ DW_AT_name
	.long	1206                            @ DW_AT_type
	.byte	2                               @ DW_AT_decl_file
	.short	7286                            @ DW_AT_decl_line
	.byte	1                               @ DW_AT_bit_size
	.byte	3                               @ DW_AT_data_bit_offset
	.byte	31                              @ Abbrev [31] 0x2247:0xe DW_TAG_member
	.long	.Linfo_string190                @ DW_AT_name
	.long	1206                            @ DW_AT_type
	.byte	2                               @ DW_AT_decl_file
	.short	7287                            @ DW_AT_decl_line
	.byte	27                              @ DW_AT_bit_size
	.byte	4                               @ DW_AT_data_bit_offset
	.byte	31                              @ Abbrev [31] 0x2255:0xe DW_TAG_member
	.long	.Linfo_string394                @ DW_AT_name
	.long	1206                            @ DW_AT_type
	.byte	2                               @ DW_AT_decl_file
	.short	7288                            @ DW_AT_decl_line
	.byte	1                               @ DW_AT_bit_size
	.byte	31                              @ DW_AT_data_bit_offset
	.byte	0                               @ End Of Children Mark
	.byte	25                              @ Abbrev [25] 0x2264:0xd DW_TAG_member
	.long	.Linfo_string178                @ DW_AT_name
	.long	1206                            @ DW_AT_type
	.byte	2                               @ DW_AT_decl_file
	.short	7290                            @ DW_AT_decl_line
	.byte	0                               @ DW_AT_data_member_location
	.byte	0                               @ End Of Children Mark
	.byte	0                               @ End Of Children Mark
	.byte	27                              @ Abbrev [27] 0x2273:0x89 DW_TAG_structure_type
	.long	.Linfo_string397                @ DW_AT_name
	.byte	4                               @ DW_AT_byte_size
	.byte	2                               @ DW_AT_decl_file
	.short	7423                            @ DW_AT_decl_line
	.byte	28                              @ Abbrev [28] 0x227c:0x9 DW_TAG_member
	.long	8837                            @ DW_AT_type
	.byte	2                               @ DW_AT_decl_file
	.short	7426                            @ DW_AT_decl_line
	.byte	0                               @ DW_AT_data_member_location
	.byte	29                              @ Abbrev [29] 0x2285:0x76 DW_TAG_union_type
	.byte	4                               @ DW_AT_byte_size
	.byte	2                               @ DW_AT_decl_file
	.short	7426                            @ DW_AT_decl_line
	.byte	28                              @ Abbrev [28] 0x228a:0x9 DW_TAG_member
	.long	8851                            @ DW_AT_type
	.byte	2                               @ DW_AT_decl_file
	.short	7428                            @ DW_AT_decl_line
	.byte	0                               @ DW_AT_data_member_location
	.byte	30                              @ Abbrev [30] 0x2293:0x5a DW_TAG_structure_type
	.byte	4                               @ DW_AT_byte_size
	.byte	2                               @ DW_AT_decl_file
	.short	7428                            @ DW_AT_decl_line
	.byte	31                              @ Abbrev [31] 0x2298:0xe DW_TAG_member
	.long	.Linfo_string390                @ DW_AT_name
	.long	1206                            @ DW_AT_type
	.byte	2                               @ DW_AT_decl_file
	.short	7430                            @ DW_AT_decl_line
	.byte	1                               @ DW_AT_bit_size
	.byte	0                               @ DW_AT_data_bit_offset
	.byte	31                              @ Abbrev [31] 0x22a6:0xe DW_TAG_member
	.long	.Linfo_string391                @ DW_AT_name
	.long	1206                            @ DW_AT_type
	.byte	2                               @ DW_AT_decl_file
	.short	7431                            @ DW_AT_decl_line
	.byte	1                               @ DW_AT_bit_size
	.byte	1                               @ DW_AT_data_bit_offset
	.byte	31                              @ Abbrev [31] 0x22b4:0xe DW_TAG_member
	.long	.Linfo_string392                @ DW_AT_name
	.long	1206                            @ DW_AT_type
	.byte	2                               @ DW_AT_decl_file
	.short	7432                            @ DW_AT_decl_line
	.byte	1                               @ DW_AT_bit_size
	.byte	2                               @ DW_AT_data_bit_offset
	.byte	31                              @ Abbrev [31] 0x22c2:0xe DW_TAG_member
	.long	.Linfo_string393                @ DW_AT_name
	.long	1206                            @ DW_AT_type
	.byte	2                               @ DW_AT_decl_file
	.short	7433                            @ DW_AT_decl_line
	.byte	1                               @ DW_AT_bit_size
	.byte	3                               @ DW_AT_data_bit_offset
	.byte	31                              @ Abbrev [31] 0x22d0:0xe DW_TAG_member
	.long	.Linfo_string190                @ DW_AT_name
	.long	1206                            @ DW_AT_type
	.byte	2                               @ DW_AT_decl_file
	.short	7434                            @ DW_AT_decl_line
	.byte	27                              @ DW_AT_bit_size
	.byte	4                               @ DW_AT_data_bit_offset
	.byte	31                              @ Abbrev [31] 0x22de:0xe DW_TAG_member
	.long	.Linfo_string394                @ DW_AT_name
	.long	1206                            @ DW_AT_type
	.byte	2                               @ DW_AT_decl_file
	.short	7435                            @ DW_AT_decl_line
	.byte	1                               @ DW_AT_bit_size
	.byte	31                              @ DW_AT_data_bit_offset
	.byte	0                               @ End Of Children Mark
	.byte	25                              @ Abbrev [25] 0x22ed:0xd DW_TAG_member
	.long	.Linfo_string178                @ DW_AT_name
	.long	1206                            @ DW_AT_type
	.byte	2                               @ DW_AT_decl_file
	.short	7437                            @ DW_AT_decl_line
	.byte	0                               @ DW_AT_data_member_location
	.byte	0                               @ End Of Children Mark
	.byte	0                               @ End Of Children Mark
	.byte	27                              @ Abbrev [27] 0x22fc:0x89 DW_TAG_structure_type
	.long	.Linfo_string404                @ DW_AT_name
	.byte	4                               @ DW_AT_byte_size
	.byte	2                               @ DW_AT_decl_file
	.short	7570                            @ DW_AT_decl_line
	.byte	28                              @ Abbrev [28] 0x2305:0x9 DW_TAG_member
	.long	8974                            @ DW_AT_type
	.byte	2                               @ DW_AT_decl_file
	.short	7573                            @ DW_AT_decl_line
	.byte	0                               @ DW_AT_data_member_location
	.byte	29                              @ Abbrev [29] 0x230e:0x76 DW_TAG_union_type
	.byte	4                               @ DW_AT_byte_size
	.byte	2                               @ DW_AT_decl_file
	.short	7573                            @ DW_AT_decl_line
	.byte	28                              @ Abbrev [28] 0x2313:0x9 DW_TAG_member
	.long	8988                            @ DW_AT_type
	.byte	2                               @ DW_AT_decl_file
	.short	7575                            @ DW_AT_decl_line
	.byte	0                               @ DW_AT_data_member_location
	.byte	30                              @ Abbrev [30] 0x231c:0x5a DW_TAG_structure_type
	.byte	4                               @ DW_AT_byte_size
	.byte	2                               @ DW_AT_decl_file
	.short	7575                            @ DW_AT_decl_line
	.byte	31                              @ Abbrev [31] 0x2321:0xe DW_TAG_member
	.long	.Linfo_string399                @ DW_AT_name
	.long	1206                            @ DW_AT_type
	.byte	2                               @ DW_AT_decl_file
	.short	7577                            @ DW_AT_decl_line
	.byte	1                               @ DW_AT_bit_size
	.byte	0                               @ DW_AT_data_bit_offset
	.byte	31                              @ Abbrev [31] 0x232f:0xe DW_TAG_member
	.long	.Linfo_string400                @ DW_AT_name
	.long	1206                            @ DW_AT_type
	.byte	2                               @ DW_AT_decl_file
	.short	7578                            @ DW_AT_decl_line
	.byte	1                               @ DW_AT_bit_size
	.byte	1                               @ DW_AT_data_bit_offset
	.byte	31                              @ Abbrev [31] 0x233d:0xe DW_TAG_member
	.long	.Linfo_string401                @ DW_AT_name
	.long	1206                            @ DW_AT_type
	.byte	2                               @ DW_AT_decl_file
	.short	7579                            @ DW_AT_decl_line
	.byte	1                               @ DW_AT_bit_size
	.byte	2                               @ DW_AT_data_bit_offset
	.byte	31                              @ Abbrev [31] 0x234b:0xe DW_TAG_member
	.long	.Linfo_string402                @ DW_AT_name
	.long	1206                            @ DW_AT_type
	.byte	2                               @ DW_AT_decl_file
	.short	7580                            @ DW_AT_decl_line
	.byte	1                               @ DW_AT_bit_size
	.byte	3                               @ DW_AT_data_bit_offset
	.byte	31                              @ Abbrev [31] 0x2359:0xe DW_TAG_member
	.long	.Linfo_string190                @ DW_AT_name
	.long	1206                            @ DW_AT_type
	.byte	2                               @ DW_AT_decl_file
	.short	7581                            @ DW_AT_decl_line
	.byte	27                              @ DW_AT_bit_size
	.byte	4                               @ DW_AT_data_bit_offset
	.byte	31                              @ Abbrev [31] 0x2367:0xe DW_TAG_member
	.long	.Linfo_string403                @ DW_AT_name
	.long	1206                            @ DW_AT_type
	.byte	2                               @ DW_AT_decl_file
	.short	7582                            @ DW_AT_decl_line
	.byte	1                               @ DW_AT_bit_size
	.byte	31                              @ DW_AT_data_bit_offset
	.byte	0                               @ End Of Children Mark
	.byte	25                              @ Abbrev [25] 0x2376:0xd DW_TAG_member
	.long	.Linfo_string178                @ DW_AT_name
	.long	1206                            @ DW_AT_type
	.byte	2                               @ DW_AT_decl_file
	.short	7584                            @ DW_AT_decl_line
	.byte	0                               @ DW_AT_data_member_location
	.byte	0                               @ End Of Children Mark
	.byte	0                               @ End Of Children Mark
	.byte	27                              @ Abbrev [27] 0x2385:0x89 DW_TAG_structure_type
	.long	.Linfo_string406                @ DW_AT_name
	.byte	4                               @ DW_AT_byte_size
	.byte	2                               @ DW_AT_decl_file
	.short	7717                            @ DW_AT_decl_line
	.byte	28                              @ Abbrev [28] 0x238e:0x9 DW_TAG_member
	.long	9111                            @ DW_AT_type
	.byte	2                               @ DW_AT_decl_file
	.short	7720                            @ DW_AT_decl_line
	.byte	0                               @ DW_AT_data_member_location
	.byte	29                              @ Abbrev [29] 0x2397:0x76 DW_TAG_union_type
	.byte	4                               @ DW_AT_byte_size
	.byte	2                               @ DW_AT_decl_file
	.short	7720                            @ DW_AT_decl_line
	.byte	28                              @ Abbrev [28] 0x239c:0x9 DW_TAG_member
	.long	9125                            @ DW_AT_type
	.byte	2                               @ DW_AT_decl_file
	.short	7722                            @ DW_AT_decl_line
	.byte	0                               @ DW_AT_data_member_location
	.byte	30                              @ Abbrev [30] 0x23a5:0x5a DW_TAG_structure_type
	.byte	4                               @ DW_AT_byte_size
	.byte	2                               @ DW_AT_decl_file
	.short	7722                            @ DW_AT_decl_line
	.byte	31                              @ Abbrev [31] 0x23aa:0xe DW_TAG_member
	.long	.Linfo_string399                @ DW_AT_name
	.long	1206                            @ DW_AT_type
	.byte	2                               @ DW_AT_decl_file
	.short	7724                            @ DW_AT_decl_line
	.byte	1                               @ DW_AT_bit_size
	.byte	0                               @ DW_AT_data_bit_offset
	.byte	31                              @ Abbrev [31] 0x23b8:0xe DW_TAG_member
	.long	.Linfo_string400                @ DW_AT_name
	.long	1206                            @ DW_AT_type
	.byte	2                               @ DW_AT_decl_file
	.short	7725                            @ DW_AT_decl_line
	.byte	1                               @ DW_AT_bit_size
	.byte	1                               @ DW_AT_data_bit_offset
	.byte	31                              @ Abbrev [31] 0x23c6:0xe DW_TAG_member
	.long	.Linfo_string401                @ DW_AT_name
	.long	1206                            @ DW_AT_type
	.byte	2                               @ DW_AT_decl_file
	.short	7726                            @ DW_AT_decl_line
	.byte	1                               @ DW_AT_bit_size
	.byte	2                               @ DW_AT_data_bit_offset
	.byte	31                              @ Abbrev [31] 0x23d4:0xe DW_TAG_member
	.long	.Linfo_string402                @ DW_AT_name
	.long	1206                            @ DW_AT_type
	.byte	2                               @ DW_AT_decl_file
	.short	7727                            @ DW_AT_decl_line
	.byte	1                               @ DW_AT_bit_size
	.byte	3                               @ DW_AT_data_bit_offset
	.byte	31                              @ Abbrev [31] 0x23e2:0xe DW_TAG_member
	.long	.Linfo_string190                @ DW_AT_name
	.long	1206                            @ DW_AT_type
	.byte	2                               @ DW_AT_decl_file
	.short	7728                            @ DW_AT_decl_line
	.byte	27                              @ DW_AT_bit_size
	.byte	4                               @ DW_AT_data_bit_offset
	.byte	31                              @ Abbrev [31] 0x23f0:0xe DW_TAG_member
	.long	.Linfo_string403                @ DW_AT_name
	.long	1206                            @ DW_AT_type
	.byte	2                               @ DW_AT_decl_file
	.short	7729                            @ DW_AT_decl_line
	.byte	1                               @ DW_AT_bit_size
	.byte	31                              @ DW_AT_data_bit_offset
	.byte	0                               @ End Of Children Mark
	.byte	25                              @ Abbrev [25] 0x23ff:0xd DW_TAG_member
	.long	.Linfo_string178                @ DW_AT_name
	.long	1206                            @ DW_AT_type
	.byte	2                               @ DW_AT_decl_file
	.short	7731                            @ DW_AT_decl_line
	.byte	0                               @ DW_AT_data_member_location
	.byte	0                               @ End Of Children Mark
	.byte	0                               @ End Of Children Mark
	.byte	27                              @ Abbrev [27] 0x240e:0x89 DW_TAG_structure_type
	.long	.Linfo_string413                @ DW_AT_name
	.byte	4                               @ DW_AT_byte_size
	.byte	2                               @ DW_AT_decl_file
	.short	7864                            @ DW_AT_decl_line
	.byte	28                              @ Abbrev [28] 0x2417:0x9 DW_TAG_member
	.long	9248                            @ DW_AT_type
	.byte	2                               @ DW_AT_decl_file
	.short	7867                            @ DW_AT_decl_line
	.byte	0                               @ DW_AT_data_member_location
	.byte	29                              @ Abbrev [29] 0x2420:0x76 DW_TAG_union_type
	.byte	4                               @ DW_AT_byte_size
	.byte	2                               @ DW_AT_decl_file
	.short	7867                            @ DW_AT_decl_line
	.byte	28                              @ Abbrev [28] 0x2425:0x9 DW_TAG_member
	.long	9262                            @ DW_AT_type
	.byte	2                               @ DW_AT_decl_file
	.short	7869                            @ DW_AT_decl_line
	.byte	0                               @ DW_AT_data_member_location
	.byte	30                              @ Abbrev [30] 0x242e:0x5a DW_TAG_structure_type
	.byte	4                               @ DW_AT_byte_size
	.byte	2                               @ DW_AT_decl_file
	.short	7869                            @ DW_AT_decl_line
	.byte	31                              @ Abbrev [31] 0x2433:0xe DW_TAG_member
	.long	.Linfo_string408                @ DW_AT_name
	.long	1206                            @ DW_AT_type
	.byte	2                               @ DW_AT_decl_file
	.short	7871                            @ DW_AT_decl_line
	.byte	1                               @ DW_AT_bit_size
	.byte	0                               @ DW_AT_data_bit_offset
	.byte	31                              @ Abbrev [31] 0x2441:0xe DW_TAG_member
	.long	.Linfo_string409                @ DW_AT_name
	.long	1206                            @ DW_AT_type
	.byte	2                               @ DW_AT_decl_file
	.short	7872                            @ DW_AT_decl_line
	.byte	1                               @ DW_AT_bit_size
	.byte	1                               @ DW_AT_data_bit_offset
	.byte	31                              @ Abbrev [31] 0x244f:0xe DW_TAG_member
	.long	.Linfo_string410                @ DW_AT_name
	.long	1206                            @ DW_AT_type
	.byte	2                               @ DW_AT_decl_file
	.short	7873                            @ DW_AT_decl_line
	.byte	1                               @ DW_AT_bit_size
	.byte	2                               @ DW_AT_data_bit_offset
	.byte	31                              @ Abbrev [31] 0x245d:0xe DW_TAG_member
	.long	.Linfo_string411                @ DW_AT_name
	.long	1206                            @ DW_AT_type
	.byte	2                               @ DW_AT_decl_file
	.short	7874                            @ DW_AT_decl_line
	.byte	1                               @ DW_AT_bit_size
	.byte	3                               @ DW_AT_data_bit_offset
	.byte	31                              @ Abbrev [31] 0x246b:0xe DW_TAG_member
	.long	.Linfo_string190                @ DW_AT_name
	.long	1206                            @ DW_AT_type
	.byte	2                               @ DW_AT_decl_file
	.short	7875                            @ DW_AT_decl_line
	.byte	27                              @ DW_AT_bit_size
	.byte	4                               @ DW_AT_data_bit_offset
	.byte	31                              @ Abbrev [31] 0x2479:0xe DW_TAG_member
	.long	.Linfo_string412                @ DW_AT_name
	.long	1206                            @ DW_AT_type
	.byte	2                               @ DW_AT_decl_file
	.short	7876                            @ DW_AT_decl_line
	.byte	1                               @ DW_AT_bit_size
	.byte	31                              @ DW_AT_data_bit_offset
	.byte	0                               @ End Of Children Mark
	.byte	25                              @ Abbrev [25] 0x2488:0xd DW_TAG_member
	.long	.Linfo_string178                @ DW_AT_name
	.long	1206                            @ DW_AT_type
	.byte	2                               @ DW_AT_decl_file
	.short	7878                            @ DW_AT_decl_line
	.byte	0                               @ DW_AT_data_member_location
	.byte	0                               @ End Of Children Mark
	.byte	0                               @ End Of Children Mark
	.byte	27                              @ Abbrev [27] 0x2497:0x89 DW_TAG_structure_type
	.long	.Linfo_string415                @ DW_AT_name
	.byte	4                               @ DW_AT_byte_size
	.byte	2                               @ DW_AT_decl_file
	.short	8011                            @ DW_AT_decl_line
	.byte	28                              @ Abbrev [28] 0x24a0:0x9 DW_TAG_member
	.long	9385                            @ DW_AT_type
	.byte	2                               @ DW_AT_decl_file
	.short	8014                            @ DW_AT_decl_line
	.byte	0                               @ DW_AT_data_member_location
	.byte	29                              @ Abbrev [29] 0x24a9:0x76 DW_TAG_union_type
	.byte	4                               @ DW_AT_byte_size
	.byte	2                               @ DW_AT_decl_file
	.short	8014                            @ DW_AT_decl_line
	.byte	28                              @ Abbrev [28] 0x24ae:0x9 DW_TAG_member
	.long	9399                            @ DW_AT_type
	.byte	2                               @ DW_AT_decl_file
	.short	8016                            @ DW_AT_decl_line
	.byte	0                               @ DW_AT_data_member_location
	.byte	30                              @ Abbrev [30] 0x24b7:0x5a DW_TAG_structure_type
	.byte	4                               @ DW_AT_byte_size
	.byte	2                               @ DW_AT_decl_file
	.short	8016                            @ DW_AT_decl_line
	.byte	31                              @ Abbrev [31] 0x24bc:0xe DW_TAG_member
	.long	.Linfo_string408                @ DW_AT_name
	.long	1206                            @ DW_AT_type
	.byte	2                               @ DW_AT_decl_file
	.short	8018                            @ DW_AT_decl_line
	.byte	1                               @ DW_AT_bit_size
	.byte	0                               @ DW_AT_data_bit_offset
	.byte	31                              @ Abbrev [31] 0x24ca:0xe DW_TAG_member
	.long	.Linfo_string409                @ DW_AT_name
	.long	1206                            @ DW_AT_type
	.byte	2                               @ DW_AT_decl_file
	.short	8019                            @ DW_AT_decl_line
	.byte	1                               @ DW_AT_bit_size
	.byte	1                               @ DW_AT_data_bit_offset
	.byte	31                              @ Abbrev [31] 0x24d8:0xe DW_TAG_member
	.long	.Linfo_string410                @ DW_AT_name
	.long	1206                            @ DW_AT_type
	.byte	2                               @ DW_AT_decl_file
	.short	8020                            @ DW_AT_decl_line
	.byte	1                               @ DW_AT_bit_size
	.byte	2                               @ DW_AT_data_bit_offset
	.byte	31                              @ Abbrev [31] 0x24e6:0xe DW_TAG_member
	.long	.Linfo_string411                @ DW_AT_name
	.long	1206                            @ DW_AT_type
	.byte	2                               @ DW_AT_decl_file
	.short	8021                            @ DW_AT_decl_line
	.byte	1                               @ DW_AT_bit_size
	.byte	3                               @ DW_AT_data_bit_offset
	.byte	31                              @ Abbrev [31] 0x24f4:0xe DW_TAG_member
	.long	.Linfo_string190                @ DW_AT_name
	.long	1206                            @ DW_AT_type
	.byte	2                               @ DW_AT_decl_file
	.short	8022                            @ DW_AT_decl_line
	.byte	27                              @ DW_AT_bit_size
	.byte	4                               @ DW_AT_data_bit_offset
	.byte	31                              @ Abbrev [31] 0x2502:0xe DW_TAG_member
	.long	.Linfo_string412                @ DW_AT_name
	.long	1206                            @ DW_AT_type
	.byte	2                               @ DW_AT_decl_file
	.short	8023                            @ DW_AT_decl_line
	.byte	1                               @ DW_AT_bit_size
	.byte	31                              @ DW_AT_data_bit_offset
	.byte	0                               @ End Of Children Mark
	.byte	25                              @ Abbrev [25] 0x2511:0xd DW_TAG_member
	.long	.Linfo_string178                @ DW_AT_name
	.long	1206                            @ DW_AT_type
	.byte	2                               @ DW_AT_decl_file
	.short	8025                            @ DW_AT_decl_line
	.byte	0                               @ DW_AT_data_member_location
	.byte	0                               @ End Of Children Mark
	.byte	0                               @ End Of Children Mark
	.byte	27                              @ Abbrev [27] 0x2520:0x5f DW_TAG_structure_type
	.long	.Linfo_string420                @ DW_AT_name
	.byte	8                               @ DW_AT_byte_size
	.byte	2                               @ DW_AT_decl_file
	.short	8158                            @ DW_AT_decl_line
	.byte	28                              @ Abbrev [28] 0x2529:0x9 DW_TAG_member
	.long	9522                            @ DW_AT_type
	.byte	2                               @ DW_AT_decl_file
	.short	8161                            @ DW_AT_decl_line
	.byte	0                               @ DW_AT_data_member_location
	.byte	29                              @ Abbrev [29] 0x2532:0x4c DW_TAG_union_type
	.byte	8                               @ DW_AT_byte_size
	.byte	2                               @ DW_AT_decl_file
	.short	8161                            @ DW_AT_decl_line
	.byte	28                              @ Abbrev [28] 0x2537:0x9 DW_TAG_member
	.long	9536                            @ DW_AT_type
	.byte	2                               @ DW_AT_decl_file
	.short	8163                            @ DW_AT_decl_line
	.byte	0                               @ DW_AT_data_member_location
	.byte	30                              @ Abbrev [30] 0x2540:0x30 DW_TAG_structure_type
	.byte	8                               @ DW_AT_byte_size
	.byte	2                               @ DW_AT_decl_file
	.short	8163                            @ DW_AT_decl_line
	.byte	31                              @ Abbrev [31] 0x2545:0xe DW_TAG_member
	.long	.Linfo_string418                @ DW_AT_name
	.long	1206                            @ DW_AT_type
	.byte	2                               @ DW_AT_decl_file
	.short	8165                            @ DW_AT_decl_line
	.byte	32                              @ DW_AT_bit_size
	.byte	0                               @ DW_AT_data_bit_offset
	.byte	31                              @ Abbrev [31] 0x2553:0xe DW_TAG_member
	.long	.Linfo_string419                @ DW_AT_name
	.long	1206                            @ DW_AT_type
	.byte	2                               @ DW_AT_decl_file
	.short	8166                            @ DW_AT_decl_line
	.byte	16                              @ DW_AT_bit_size
	.byte	32                              @ DW_AT_data_bit_offset
	.byte	31                              @ Abbrev [31] 0x2561:0xe DW_TAG_member
	.long	.Linfo_string190                @ DW_AT_name
	.long	1206                            @ DW_AT_type
	.byte	2                               @ DW_AT_decl_file
	.short	8167                            @ DW_AT_decl_line
	.byte	16                              @ DW_AT_bit_size
	.byte	48                              @ DW_AT_data_bit_offset
	.byte	0                               @ End Of Children Mark
	.byte	25                              @ Abbrev [25] 0x2570:0xd DW_TAG_member
	.long	.Linfo_string178                @ DW_AT_name
	.long	4998                            @ DW_AT_type
	.byte	2                               @ DW_AT_decl_file
	.short	8169                            @ DW_AT_decl_line
	.byte	0                               @ DW_AT_data_member_location
	.byte	0                               @ End Of Children Mark
	.byte	0                               @ End Of Children Mark
	.byte	27                              @ Abbrev [27] 0x257f:0x6d DW_TAG_structure_type
	.long	.Linfo_string424                @ DW_AT_name
	.byte	4                               @ DW_AT_byte_size
	.byte	2                               @ DW_AT_decl_file
	.short	8209                            @ DW_AT_decl_line
	.byte	28                              @ Abbrev [28] 0x2588:0x9 DW_TAG_member
	.long	9617                            @ DW_AT_type
	.byte	2                               @ DW_AT_decl_file
	.short	8212                            @ DW_AT_decl_line
	.byte	0                               @ DW_AT_data_member_location
	.byte	29                              @ Abbrev [29] 0x2591:0x5a DW_TAG_union_type
	.byte	4                               @ DW_AT_byte_size
	.byte	2                               @ DW_AT_decl_file
	.short	8212                            @ DW_AT_decl_line
	.byte	28                              @ Abbrev [28] 0x2596:0x9 DW_TAG_member
	.long	9631                            @ DW_AT_type
	.byte	2                               @ DW_AT_decl_file
	.short	8214                            @ DW_AT_decl_line
	.byte	0                               @ DW_AT_data_member_location
	.byte	30                              @ Abbrev [30] 0x259f:0x3e DW_TAG_structure_type
	.byte	4                               @ DW_AT_byte_size
	.byte	2                               @ DW_AT_decl_file
	.short	8214                            @ DW_AT_decl_line
	.byte	31                              @ Abbrev [31] 0x25a4:0xe DW_TAG_member
	.long	.Linfo_string422                @ DW_AT_name
	.long	1206                            @ DW_AT_type
	.byte	2                               @ DW_AT_decl_file
	.short	8216                            @ DW_AT_decl_line
	.byte	10                              @ DW_AT_bit_size
	.byte	0                               @ DW_AT_data_bit_offset
	.byte	31                              @ Abbrev [31] 0x25b2:0xe DW_TAG_member
	.long	.Linfo_string190                @ DW_AT_name
	.long	1206                            @ DW_AT_type
	.byte	2                               @ DW_AT_decl_file
	.short	8217                            @ DW_AT_decl_line
	.byte	6                               @ DW_AT_bit_size
	.byte	10                              @ DW_AT_data_bit_offset
	.byte	31                              @ Abbrev [31] 0x25c0:0xe DW_TAG_member
	.long	.Linfo_string423                @ DW_AT_name
	.long	1206                            @ DW_AT_type
	.byte	2                               @ DW_AT_decl_file
	.short	8218                            @ DW_AT_decl_line
	.byte	10                              @ DW_AT_bit_size
	.byte	16                              @ DW_AT_data_bit_offset
	.byte	31                              @ Abbrev [31] 0x25ce:0xe DW_TAG_member
	.long	.Linfo_string245                @ DW_AT_name
	.long	1206                            @ DW_AT_type
	.byte	2                               @ DW_AT_decl_file
	.short	8219                            @ DW_AT_decl_line
	.byte	6                               @ DW_AT_bit_size
	.byte	26                              @ DW_AT_data_bit_offset
	.byte	0                               @ End Of Children Mark
	.byte	25                              @ Abbrev [25] 0x25dd:0xd DW_TAG_member
	.long	.Linfo_string178                @ DW_AT_name
	.long	1206                            @ DW_AT_type
	.byte	2                               @ DW_AT_decl_file
	.short	8221                            @ DW_AT_decl_line
	.byte	0                               @ DW_AT_data_member_location
	.byte	0                               @ End Of Children Mark
	.byte	0                               @ End Of Children Mark
	.byte	27                              @ Abbrev [27] 0x25ec:0x7b DW_TAG_structure_type
	.long	.Linfo_string429                @ DW_AT_name
	.byte	4                               @ DW_AT_byte_size
	.byte	2                               @ DW_AT_decl_file
	.short	8294                            @ DW_AT_decl_line
	.byte	28                              @ Abbrev [28] 0x25f5:0x9 DW_TAG_member
	.long	9726                            @ DW_AT_type
	.byte	2                               @ DW_AT_decl_file
	.short	8297                            @ DW_AT_decl_line
	.byte	0                               @ DW_AT_data_member_location
	.byte	29                              @ Abbrev [29] 0x25fe:0x68 DW_TAG_union_type
	.byte	4                               @ DW_AT_byte_size
	.byte	2                               @ DW_AT_decl_file
	.short	8297                            @ DW_AT_decl_line
	.byte	28                              @ Abbrev [28] 0x2603:0x9 DW_TAG_member
	.long	9740                            @ DW_AT_type
	.byte	2                               @ DW_AT_decl_file
	.short	8299                            @ DW_AT_decl_line
	.byte	0                               @ DW_AT_data_member_location
	.byte	30                              @ Abbrev [30] 0x260c:0x4c DW_TAG_structure_type
	.byte	4                               @ DW_AT_byte_size
	.byte	2                               @ DW_AT_decl_file
	.short	8299                            @ DW_AT_decl_line
	.byte	31                              @ Abbrev [31] 0x2611:0xe DW_TAG_member
	.long	.Linfo_string426                @ DW_AT_name
	.long	1206                            @ DW_AT_type
	.byte	2                               @ DW_AT_decl_file
	.short	8301                            @ DW_AT_decl_line
	.byte	4                               @ DW_AT_bit_size
	.byte	0                               @ DW_AT_data_bit_offset
	.byte	31                              @ Abbrev [31] 0x261f:0xe DW_TAG_member
	.long	.Linfo_string190                @ DW_AT_name
	.long	1206                            @ DW_AT_type
	.byte	2                               @ DW_AT_decl_file
	.short	8302                            @ DW_AT_decl_line
	.byte	4                               @ DW_AT_bit_size
	.byte	4                               @ DW_AT_data_bit_offset
	.byte	31                              @ Abbrev [31] 0x262d:0xe DW_TAG_member
	.long	.Linfo_string427                @ DW_AT_name
	.long	1206                            @ DW_AT_type
	.byte	2                               @ DW_AT_decl_file
	.short	8303                            @ DW_AT_decl_line
	.byte	2                               @ DW_AT_bit_size
	.byte	8                               @ DW_AT_data_bit_offset
	.byte	31                              @ Abbrev [31] 0x263b:0xe DW_TAG_member
	.long	.Linfo_string428                @ DW_AT_name
	.long	1206                            @ DW_AT_type
	.byte	2                               @ DW_AT_decl_file
	.short	8304                            @ DW_AT_decl_line
	.byte	1                               @ DW_AT_bit_size
	.byte	10                              @ DW_AT_data_bit_offset
	.byte	31                              @ Abbrev [31] 0x2649:0xe DW_TAG_member
	.long	.Linfo_string245                @ DW_AT_name
	.long	1206                            @ DW_AT_type
	.byte	2                               @ DW_AT_decl_file
	.short	8305                            @ DW_AT_decl_line
	.byte	21                              @ DW_AT_bit_size
	.byte	11                              @ DW_AT_data_bit_offset
	.byte	0                               @ End Of Children Mark
	.byte	25                              @ Abbrev [25] 0x2658:0xd DW_TAG_member
	.long	.Linfo_string178                @ DW_AT_name
	.long	1206                            @ DW_AT_type
	.byte	2                               @ DW_AT_decl_file
	.short	8307                            @ DW_AT_decl_line
	.byte	0                               @ DW_AT_data_member_location
	.byte	0                               @ End Of Children Mark
	.byte	0                               @ End Of Children Mark
	.byte	3                               @ Abbrev [3] 0x2667:0xc DW_TAG_array_type
	.long	1206                            @ DW_AT_type
	.byte	4                               @ Abbrev [4] 0x266c:0x6 DW_TAG_subrange_type
	.long	70                              @ DW_AT_type
	.byte	20                              @ DW_AT_count
	.byte	0                               @ End Of Children Mark
	.byte	27                              @ Abbrev [27] 0x2673:0x43 DW_TAG_structure_type
	.long	.Linfo_string433                @ DW_AT_name
	.byte	4                               @ DW_AT_byte_size
	.byte	2                               @ DW_AT_decl_file
	.short	8402                            @ DW_AT_decl_line
	.byte	28                              @ Abbrev [28] 0x267c:0x9 DW_TAG_member
	.long	9861                            @ DW_AT_type
	.byte	2                               @ DW_AT_decl_file
	.short	8405                            @ DW_AT_decl_line
	.byte	0                               @ DW_AT_data_member_location
	.byte	29                              @ Abbrev [29] 0x2685:0x30 DW_TAG_union_type
	.byte	4                               @ DW_AT_byte_size
	.byte	2                               @ DW_AT_decl_file
	.short	8405                            @ DW_AT_decl_line
	.byte	28                              @ Abbrev [28] 0x268a:0x9 DW_TAG_member
	.long	9875                            @ DW_AT_type
	.byte	2                               @ DW_AT_decl_file
	.short	8407                            @ DW_AT_decl_line
	.byte	0                               @ DW_AT_data_member_location
	.byte	30                              @ Abbrev [30] 0x2693:0x14 DW_TAG_structure_type
	.byte	4                               @ DW_AT_byte_size
	.byte	2                               @ DW_AT_decl_file
	.short	8407                            @ DW_AT_decl_line
	.byte	31                              @ Abbrev [31] 0x2698:0xe DW_TAG_member
	.long	.Linfo_string432                @ DW_AT_name
	.long	1206                            @ DW_AT_type
	.byte	2                               @ DW_AT_decl_file
	.short	8409                            @ DW_AT_decl_line
	.byte	32                              @ DW_AT_bit_size
	.byte	0                               @ DW_AT_data_bit_offset
	.byte	0                               @ End Of Children Mark
	.byte	25                              @ Abbrev [25] 0x26a7:0xd DW_TAG_member
	.long	.Linfo_string178                @ DW_AT_name
	.long	1206                            @ DW_AT_type
	.byte	2                               @ DW_AT_decl_file
	.short	8411                            @ DW_AT_decl_line
	.byte	0                               @ DW_AT_data_member_location
	.byte	0                               @ End Of Children Mark
	.byte	0                               @ End Of Children Mark
	.byte	27                              @ Abbrev [27] 0x26b6:0x43 DW_TAG_structure_type
	.long	.Linfo_string435                @ DW_AT_name
	.byte	4                               @ DW_AT_byte_size
	.byte	2                               @ DW_AT_decl_file
	.short	8464                            @ DW_AT_decl_line
	.byte	28                              @ Abbrev [28] 0x26bf:0x9 DW_TAG_member
	.long	9928                            @ DW_AT_type
	.byte	2                               @ DW_AT_decl_file
	.short	8467                            @ DW_AT_decl_line
	.byte	0                               @ DW_AT_data_member_location
	.byte	29                              @ Abbrev [29] 0x26c8:0x30 DW_TAG_union_type
	.byte	4                               @ DW_AT_byte_size
	.byte	2                               @ DW_AT_decl_file
	.short	8467                            @ DW_AT_decl_line
	.byte	28                              @ Abbrev [28] 0x26cd:0x9 DW_TAG_member
	.long	9942                            @ DW_AT_type
	.byte	2                               @ DW_AT_decl_file
	.short	8469                            @ DW_AT_decl_line
	.byte	0                               @ DW_AT_data_member_location
	.byte	30                              @ Abbrev [30] 0x26d6:0x14 DW_TAG_structure_type
	.byte	4                               @ DW_AT_byte_size
	.byte	2                               @ DW_AT_decl_file
	.short	8469                            @ DW_AT_decl_line
	.byte	31                              @ Abbrev [31] 0x26db:0xe DW_TAG_member
	.long	.Linfo_string432                @ DW_AT_name
	.long	1206                            @ DW_AT_type
	.byte	2                               @ DW_AT_decl_file
	.short	8471                            @ DW_AT_decl_line
	.byte	32                              @ DW_AT_bit_size
	.byte	0                               @ DW_AT_data_bit_offset
	.byte	0                               @ End Of Children Mark
	.byte	25                              @ Abbrev [25] 0x26ea:0xd DW_TAG_member
	.long	.Linfo_string178                @ DW_AT_name
	.long	1206                            @ DW_AT_type
	.byte	2                               @ DW_AT_decl_file
	.short	8473                            @ DW_AT_decl_line
	.byte	0                               @ DW_AT_data_member_location
	.byte	0                               @ End Of Children Mark
	.byte	0                               @ End Of Children Mark
	.byte	27                              @ Abbrev [27] 0x26f9:0x43 DW_TAG_structure_type
	.long	.Linfo_string437                @ DW_AT_name
	.byte	4                               @ DW_AT_byte_size
	.byte	2                               @ DW_AT_decl_file
	.short	8526                            @ DW_AT_decl_line
	.byte	28                              @ Abbrev [28] 0x2702:0x9 DW_TAG_member
	.long	9995                            @ DW_AT_type
	.byte	2                               @ DW_AT_decl_file
	.short	8529                            @ DW_AT_decl_line
	.byte	0                               @ DW_AT_data_member_location
	.byte	29                              @ Abbrev [29] 0x270b:0x30 DW_TAG_union_type
	.byte	4                               @ DW_AT_byte_size
	.byte	2                               @ DW_AT_decl_file
	.short	8529                            @ DW_AT_decl_line
	.byte	28                              @ Abbrev [28] 0x2710:0x9 DW_TAG_member
	.long	10009                           @ DW_AT_type
	.byte	2                               @ DW_AT_decl_file
	.short	8531                            @ DW_AT_decl_line
	.byte	0                               @ DW_AT_data_member_location
	.byte	30                              @ Abbrev [30] 0x2719:0x14 DW_TAG_structure_type
	.byte	4                               @ DW_AT_byte_size
	.byte	2                               @ DW_AT_decl_file
	.short	8531                            @ DW_AT_decl_line
	.byte	31                              @ Abbrev [31] 0x271e:0xe DW_TAG_member
	.long	.Linfo_string432                @ DW_AT_name
	.long	1206                            @ DW_AT_type
	.byte	2                               @ DW_AT_decl_file
	.short	8533                            @ DW_AT_decl_line
	.byte	32                              @ DW_AT_bit_size
	.byte	0                               @ DW_AT_data_bit_offset
	.byte	0                               @ End Of Children Mark
	.byte	25                              @ Abbrev [25] 0x272d:0xd DW_TAG_member
	.long	.Linfo_string178                @ DW_AT_name
	.long	1206                            @ DW_AT_type
	.byte	2                               @ DW_AT_decl_file
	.short	8535                            @ DW_AT_decl_line
	.byte	0                               @ DW_AT_data_member_location
	.byte	0                               @ End Of Children Mark
	.byte	0                               @ End Of Children Mark
	.byte	27                              @ Abbrev [27] 0x273c:0x43 DW_TAG_structure_type
	.long	.Linfo_string439                @ DW_AT_name
	.byte	4                               @ DW_AT_byte_size
	.byte	2                               @ DW_AT_decl_file
	.short	8588                            @ DW_AT_decl_line
	.byte	28                              @ Abbrev [28] 0x2745:0x9 DW_TAG_member
	.long	10062                           @ DW_AT_type
	.byte	2                               @ DW_AT_decl_file
	.short	8591                            @ DW_AT_decl_line
	.byte	0                               @ DW_AT_data_member_location
	.byte	29                              @ Abbrev [29] 0x274e:0x30 DW_TAG_union_type
	.byte	4                               @ DW_AT_byte_size
	.byte	2                               @ DW_AT_decl_file
	.short	8591                            @ DW_AT_decl_line
	.byte	28                              @ Abbrev [28] 0x2753:0x9 DW_TAG_member
	.long	10076                           @ DW_AT_type
	.byte	2                               @ DW_AT_decl_file
	.short	8593                            @ DW_AT_decl_line
	.byte	0                               @ DW_AT_data_member_location
	.byte	30                              @ Abbrev [30] 0x275c:0x14 DW_TAG_structure_type
	.byte	4                               @ DW_AT_byte_size
	.byte	2                               @ DW_AT_decl_file
	.short	8593                            @ DW_AT_decl_line
	.byte	31                              @ Abbrev [31] 0x2761:0xe DW_TAG_member
	.long	.Linfo_string432                @ DW_AT_name
	.long	1206                            @ DW_AT_type
	.byte	2                               @ DW_AT_decl_file
	.short	8595                            @ DW_AT_decl_line
	.byte	32                              @ DW_AT_bit_size
	.byte	0                               @ DW_AT_data_bit_offset
	.byte	0                               @ End Of Children Mark
	.byte	25                              @ Abbrev [25] 0x2770:0xd DW_TAG_member
	.long	.Linfo_string178                @ DW_AT_name
	.long	1206                            @ DW_AT_type
	.byte	2                               @ DW_AT_decl_file
	.short	8597                            @ DW_AT_decl_line
	.byte	0                               @ DW_AT_data_member_location
	.byte	0                               @ End Of Children Mark
	.byte	0                               @ End Of Children Mark
	.byte	27                              @ Abbrev [27] 0x277f:0x43 DW_TAG_structure_type
	.long	.Linfo_string441                @ DW_AT_name
	.byte	4                               @ DW_AT_byte_size
	.byte	2                               @ DW_AT_decl_file
	.short	8650                            @ DW_AT_decl_line
	.byte	28                              @ Abbrev [28] 0x2788:0x9 DW_TAG_member
	.long	10129                           @ DW_AT_type
	.byte	2                               @ DW_AT_decl_file
	.short	8653                            @ DW_AT_decl_line
	.byte	0                               @ DW_AT_data_member_location
	.byte	29                              @ Abbrev [29] 0x2791:0x30 DW_TAG_union_type
	.byte	4                               @ DW_AT_byte_size
	.byte	2                               @ DW_AT_decl_file
	.short	8653                            @ DW_AT_decl_line
	.byte	28                              @ Abbrev [28] 0x2796:0x9 DW_TAG_member
	.long	10143                           @ DW_AT_type
	.byte	2                               @ DW_AT_decl_file
	.short	8655                            @ DW_AT_decl_line
	.byte	0                               @ DW_AT_data_member_location
	.byte	30                              @ Abbrev [30] 0x279f:0x14 DW_TAG_structure_type
	.byte	4                               @ DW_AT_byte_size
	.byte	2                               @ DW_AT_decl_file
	.short	8655                            @ DW_AT_decl_line
	.byte	31                              @ Abbrev [31] 0x27a4:0xe DW_TAG_member
	.long	.Linfo_string432                @ DW_AT_name
	.long	1206                            @ DW_AT_type
	.byte	2                               @ DW_AT_decl_file
	.short	8657                            @ DW_AT_decl_line
	.byte	32                              @ DW_AT_bit_size
	.byte	0                               @ DW_AT_data_bit_offset
	.byte	0                               @ End Of Children Mark
	.byte	25                              @ Abbrev [25] 0x27b3:0xd DW_TAG_member
	.long	.Linfo_string178                @ DW_AT_name
	.long	1206                            @ DW_AT_type
	.byte	2                               @ DW_AT_decl_file
	.short	8659                            @ DW_AT_decl_line
	.byte	0                               @ DW_AT_data_member_location
	.byte	0                               @ End Of Children Mark
	.byte	0                               @ End Of Children Mark
	.byte	27                              @ Abbrev [27] 0x27c2:0x43 DW_TAG_structure_type
	.long	.Linfo_string443                @ DW_AT_name
	.byte	4                               @ DW_AT_byte_size
	.byte	2                               @ DW_AT_decl_file
	.short	8712                            @ DW_AT_decl_line
	.byte	28                              @ Abbrev [28] 0x27cb:0x9 DW_TAG_member
	.long	10196                           @ DW_AT_type
	.byte	2                               @ DW_AT_decl_file
	.short	8715                            @ DW_AT_decl_line
	.byte	0                               @ DW_AT_data_member_location
	.byte	29                              @ Abbrev [29] 0x27d4:0x30 DW_TAG_union_type
	.byte	4                               @ DW_AT_byte_size
	.byte	2                               @ DW_AT_decl_file
	.short	8715                            @ DW_AT_decl_line
	.byte	28                              @ Abbrev [28] 0x27d9:0x9 DW_TAG_member
	.long	10210                           @ DW_AT_type
	.byte	2                               @ DW_AT_decl_file
	.short	8717                            @ DW_AT_decl_line
	.byte	0                               @ DW_AT_data_member_location
	.byte	30                              @ Abbrev [30] 0x27e2:0x14 DW_TAG_structure_type
	.byte	4                               @ DW_AT_byte_size
	.byte	2                               @ DW_AT_decl_file
	.short	8717                            @ DW_AT_decl_line
	.byte	31                              @ Abbrev [31] 0x27e7:0xe DW_TAG_member
	.long	.Linfo_string432                @ DW_AT_name
	.long	1206                            @ DW_AT_type
	.byte	2                               @ DW_AT_decl_file
	.short	8719                            @ DW_AT_decl_line
	.byte	32                              @ DW_AT_bit_size
	.byte	0                               @ DW_AT_data_bit_offset
	.byte	0                               @ End Of Children Mark
	.byte	25                              @ Abbrev [25] 0x27f6:0xd DW_TAG_member
	.long	.Linfo_string178                @ DW_AT_name
	.long	1206                            @ DW_AT_type
	.byte	2                               @ DW_AT_decl_file
	.short	8721                            @ DW_AT_decl_line
	.byte	0                               @ DW_AT_data_member_location
	.byte	0                               @ End Of Children Mark
	.byte	0                               @ End Of Children Mark
	.byte	27                              @ Abbrev [27] 0x2805:0x43 DW_TAG_structure_type
	.long	.Linfo_string445                @ DW_AT_name
	.byte	4                               @ DW_AT_byte_size
	.byte	2                               @ DW_AT_decl_file
	.short	8774                            @ DW_AT_decl_line
	.byte	28                              @ Abbrev [28] 0x280e:0x9 DW_TAG_member
	.long	10263                           @ DW_AT_type
	.byte	2                               @ DW_AT_decl_file
	.short	8777                            @ DW_AT_decl_line
	.byte	0                               @ DW_AT_data_member_location
	.byte	29                              @ Abbrev [29] 0x2817:0x30 DW_TAG_union_type
	.byte	4                               @ DW_AT_byte_size
	.byte	2                               @ DW_AT_decl_file
	.short	8777                            @ DW_AT_decl_line
	.byte	28                              @ Abbrev [28] 0x281c:0x9 DW_TAG_member
	.long	10277                           @ DW_AT_type
	.byte	2                               @ DW_AT_decl_file
	.short	8779                            @ DW_AT_decl_line
	.byte	0                               @ DW_AT_data_member_location
	.byte	30                              @ Abbrev [30] 0x2825:0x14 DW_TAG_structure_type
	.byte	4                               @ DW_AT_byte_size
	.byte	2                               @ DW_AT_decl_file
	.short	8779                            @ DW_AT_decl_line
	.byte	31                              @ Abbrev [31] 0x282a:0xe DW_TAG_member
	.long	.Linfo_string432                @ DW_AT_name
	.long	1206                            @ DW_AT_type
	.byte	2                               @ DW_AT_decl_file
	.short	8781                            @ DW_AT_decl_line
	.byte	32                              @ DW_AT_bit_size
	.byte	0                               @ DW_AT_data_bit_offset
	.byte	0                               @ End Of Children Mark
	.byte	25                              @ Abbrev [25] 0x2839:0xd DW_TAG_member
	.long	.Linfo_string178                @ DW_AT_name
	.long	1206                            @ DW_AT_type
	.byte	2                               @ DW_AT_decl_file
	.short	8783                            @ DW_AT_decl_line
	.byte	0                               @ DW_AT_data_member_location
	.byte	0                               @ End Of Children Mark
	.byte	0                               @ End Of Children Mark
	.byte	27                              @ Abbrev [27] 0x2848:0x43 DW_TAG_structure_type
	.long	.Linfo_string447                @ DW_AT_name
	.byte	4                               @ DW_AT_byte_size
	.byte	2                               @ DW_AT_decl_file
	.short	8836                            @ DW_AT_decl_line
	.byte	28                              @ Abbrev [28] 0x2851:0x9 DW_TAG_member
	.long	10330                           @ DW_AT_type
	.byte	2                               @ DW_AT_decl_file
	.short	8839                            @ DW_AT_decl_line
	.byte	0                               @ DW_AT_data_member_location
	.byte	29                              @ Abbrev [29] 0x285a:0x30 DW_TAG_union_type
	.byte	4                               @ DW_AT_byte_size
	.byte	2                               @ DW_AT_decl_file
	.short	8839                            @ DW_AT_decl_line
	.byte	28                              @ Abbrev [28] 0x285f:0x9 DW_TAG_member
	.long	10344                           @ DW_AT_type
	.byte	2                               @ DW_AT_decl_file
	.short	8841                            @ DW_AT_decl_line
	.byte	0                               @ DW_AT_data_member_location
	.byte	30                              @ Abbrev [30] 0x2868:0x14 DW_TAG_structure_type
	.byte	4                               @ DW_AT_byte_size
	.byte	2                               @ DW_AT_decl_file
	.short	8841                            @ DW_AT_decl_line
	.byte	31                              @ Abbrev [31] 0x286d:0xe DW_TAG_member
	.long	.Linfo_string432                @ DW_AT_name
	.long	1206                            @ DW_AT_type
	.byte	2                               @ DW_AT_decl_file
	.short	8843                            @ DW_AT_decl_line
	.byte	32                              @ DW_AT_bit_size
	.byte	0                               @ DW_AT_data_bit_offset
	.byte	0                               @ End Of Children Mark
	.byte	25                              @ Abbrev [25] 0x287c:0xd DW_TAG_member
	.long	.Linfo_string178                @ DW_AT_name
	.long	1206                            @ DW_AT_type
	.byte	2                               @ DW_AT_decl_file
	.short	8845                            @ DW_AT_decl_line
	.byte	0                               @ DW_AT_data_member_location
	.byte	0                               @ End Of Children Mark
	.byte	0                               @ End Of Children Mark
	.byte	27                              @ Abbrev [27] 0x288b:0x43 DW_TAG_structure_type
	.long	.Linfo_string449                @ DW_AT_name
	.byte	4                               @ DW_AT_byte_size
	.byte	2                               @ DW_AT_decl_file
	.short	8898                            @ DW_AT_decl_line
	.byte	28                              @ Abbrev [28] 0x2894:0x9 DW_TAG_member
	.long	10397                           @ DW_AT_type
	.byte	2                               @ DW_AT_decl_file
	.short	8901                            @ DW_AT_decl_line
	.byte	0                               @ DW_AT_data_member_location
	.byte	29                              @ Abbrev [29] 0x289d:0x30 DW_TAG_union_type
	.byte	4                               @ DW_AT_byte_size
	.byte	2                               @ DW_AT_decl_file
	.short	8901                            @ DW_AT_decl_line
	.byte	28                              @ Abbrev [28] 0x28a2:0x9 DW_TAG_member
	.long	10411                           @ DW_AT_type
	.byte	2                               @ DW_AT_decl_file
	.short	8903                            @ DW_AT_decl_line
	.byte	0                               @ DW_AT_data_member_location
	.byte	30                              @ Abbrev [30] 0x28ab:0x14 DW_TAG_structure_type
	.byte	4                               @ DW_AT_byte_size
	.byte	2                               @ DW_AT_decl_file
	.short	8903                            @ DW_AT_decl_line
	.byte	31                              @ Abbrev [31] 0x28b0:0xe DW_TAG_member
	.long	.Linfo_string432                @ DW_AT_name
	.long	1206                            @ DW_AT_type
	.byte	2                               @ DW_AT_decl_file
	.short	8905                            @ DW_AT_decl_line
	.byte	32                              @ DW_AT_bit_size
	.byte	0                               @ DW_AT_data_bit_offset
	.byte	0                               @ End Of Children Mark
	.byte	25                              @ Abbrev [25] 0x28bf:0xd DW_TAG_member
	.long	.Linfo_string178                @ DW_AT_name
	.long	1206                            @ DW_AT_type
	.byte	2                               @ DW_AT_decl_file
	.short	8907                            @ DW_AT_decl_line
	.byte	0                               @ DW_AT_data_member_location
	.byte	0                               @ End Of Children Mark
	.byte	0                               @ End Of Children Mark
	.byte	27                              @ Abbrev [27] 0x28ce:0x43 DW_TAG_structure_type
	.long	.Linfo_string451                @ DW_AT_name
	.byte	4                               @ DW_AT_byte_size
	.byte	2                               @ DW_AT_decl_file
	.short	8960                            @ DW_AT_decl_line
	.byte	28                              @ Abbrev [28] 0x28d7:0x9 DW_TAG_member
	.long	10464                           @ DW_AT_type
	.byte	2                               @ DW_AT_decl_file
	.short	8963                            @ DW_AT_decl_line
	.byte	0                               @ DW_AT_data_member_location
	.byte	29                              @ Abbrev [29] 0x28e0:0x30 DW_TAG_union_type
	.byte	4                               @ DW_AT_byte_size
	.byte	2                               @ DW_AT_decl_file
	.short	8963                            @ DW_AT_decl_line
	.byte	28                              @ Abbrev [28] 0x28e5:0x9 DW_TAG_member
	.long	10478                           @ DW_AT_type
	.byte	2                               @ DW_AT_decl_file
	.short	8965                            @ DW_AT_decl_line
	.byte	0                               @ DW_AT_data_member_location
	.byte	30                              @ Abbrev [30] 0x28ee:0x14 DW_TAG_structure_type
	.byte	4                               @ DW_AT_byte_size
	.byte	2                               @ DW_AT_decl_file
	.short	8965                            @ DW_AT_decl_line
	.byte	31                              @ Abbrev [31] 0x28f3:0xe DW_TAG_member
	.long	.Linfo_string432                @ DW_AT_name
	.long	1206                            @ DW_AT_type
	.byte	2                               @ DW_AT_decl_file
	.short	8967                            @ DW_AT_decl_line
	.byte	32                              @ DW_AT_bit_size
	.byte	0                               @ DW_AT_data_bit_offset
	.byte	0                               @ End Of Children Mark
	.byte	25                              @ Abbrev [25] 0x2902:0xd DW_TAG_member
	.long	.Linfo_string178                @ DW_AT_name
	.long	1206                            @ DW_AT_type
	.byte	2                               @ DW_AT_decl_file
	.short	8969                            @ DW_AT_decl_line
	.byte	0                               @ DW_AT_data_member_location
	.byte	0                               @ End Of Children Mark
	.byte	0                               @ End Of Children Mark
	.byte	27                              @ Abbrev [27] 0x2911:0x43 DW_TAG_structure_type
	.long	.Linfo_string453                @ DW_AT_name
	.byte	4                               @ DW_AT_byte_size
	.byte	2                               @ DW_AT_decl_file
	.short	9022                            @ DW_AT_decl_line
	.byte	28                              @ Abbrev [28] 0x291a:0x9 DW_TAG_member
	.long	10531                           @ DW_AT_type
	.byte	2                               @ DW_AT_decl_file
	.short	9025                            @ DW_AT_decl_line
	.byte	0                               @ DW_AT_data_member_location
	.byte	29                              @ Abbrev [29] 0x2923:0x30 DW_TAG_union_type
	.byte	4                               @ DW_AT_byte_size
	.byte	2                               @ DW_AT_decl_file
	.short	9025                            @ DW_AT_decl_line
	.byte	28                              @ Abbrev [28] 0x2928:0x9 DW_TAG_member
	.long	10545                           @ DW_AT_type
	.byte	2                               @ DW_AT_decl_file
	.short	9027                            @ DW_AT_decl_line
	.byte	0                               @ DW_AT_data_member_location
	.byte	30                              @ Abbrev [30] 0x2931:0x14 DW_TAG_structure_type
	.byte	4                               @ DW_AT_byte_size
	.byte	2                               @ DW_AT_decl_file
	.short	9027                            @ DW_AT_decl_line
	.byte	31                              @ Abbrev [31] 0x2936:0xe DW_TAG_member
	.long	.Linfo_string432                @ DW_AT_name
	.long	1206                            @ DW_AT_type
	.byte	2                               @ DW_AT_decl_file
	.short	9029                            @ DW_AT_decl_line
	.byte	32                              @ DW_AT_bit_size
	.byte	0                               @ DW_AT_data_bit_offset
	.byte	0                               @ End Of Children Mark
	.byte	25                              @ Abbrev [25] 0x2945:0xd DW_TAG_member
	.long	.Linfo_string178                @ DW_AT_name
	.long	1206                            @ DW_AT_type
	.byte	2                               @ DW_AT_decl_file
	.short	9031                            @ DW_AT_decl_line
	.byte	0                               @ DW_AT_data_member_location
	.byte	0                               @ End Of Children Mark
	.byte	0                               @ End Of Children Mark
	.byte	27                              @ Abbrev [27] 0x2954:0x43 DW_TAG_structure_type
	.long	.Linfo_string455                @ DW_AT_name
	.byte	4                               @ DW_AT_byte_size
	.byte	2                               @ DW_AT_decl_file
	.short	9084                            @ DW_AT_decl_line
	.byte	28                              @ Abbrev [28] 0x295d:0x9 DW_TAG_member
	.long	10598                           @ DW_AT_type
	.byte	2                               @ DW_AT_decl_file
	.short	9087                            @ DW_AT_decl_line
	.byte	0                               @ DW_AT_data_member_location
	.byte	29                              @ Abbrev [29] 0x2966:0x30 DW_TAG_union_type
	.byte	4                               @ DW_AT_byte_size
	.byte	2                               @ DW_AT_decl_file
	.short	9087                            @ DW_AT_decl_line
	.byte	28                              @ Abbrev [28] 0x296b:0x9 DW_TAG_member
	.long	10612                           @ DW_AT_type
	.byte	2                               @ DW_AT_decl_file
	.short	9089                            @ DW_AT_decl_line
	.byte	0                               @ DW_AT_data_member_location
	.byte	30                              @ Abbrev [30] 0x2974:0x14 DW_TAG_structure_type
	.byte	4                               @ DW_AT_byte_size
	.byte	2                               @ DW_AT_decl_file
	.short	9089                            @ DW_AT_decl_line
	.byte	31                              @ Abbrev [31] 0x2979:0xe DW_TAG_member
	.long	.Linfo_string432                @ DW_AT_name
	.long	1206                            @ DW_AT_type
	.byte	2                               @ DW_AT_decl_file
	.short	9091                            @ DW_AT_decl_line
	.byte	32                              @ DW_AT_bit_size
	.byte	0                               @ DW_AT_data_bit_offset
	.byte	0                               @ End Of Children Mark
	.byte	25                              @ Abbrev [25] 0x2988:0xd DW_TAG_member
	.long	.Linfo_string178                @ DW_AT_name
	.long	1206                            @ DW_AT_type
	.byte	2                               @ DW_AT_decl_file
	.short	9093                            @ DW_AT_decl_line
	.byte	0                               @ DW_AT_data_member_location
	.byte	0                               @ End Of Children Mark
	.byte	0                               @ End Of Children Mark
	.byte	27                              @ Abbrev [27] 0x2997:0x43 DW_TAG_structure_type
	.long	.Linfo_string457                @ DW_AT_name
	.byte	4                               @ DW_AT_byte_size
	.byte	2                               @ DW_AT_decl_file
	.short	9146                            @ DW_AT_decl_line
	.byte	28                              @ Abbrev [28] 0x29a0:0x9 DW_TAG_member
	.long	10665                           @ DW_AT_type
	.byte	2                               @ DW_AT_decl_file
	.short	9149                            @ DW_AT_decl_line
	.byte	0                               @ DW_AT_data_member_location
	.byte	29                              @ Abbrev [29] 0x29a9:0x30 DW_TAG_union_type
	.byte	4                               @ DW_AT_byte_size
	.byte	2                               @ DW_AT_decl_file
	.short	9149                            @ DW_AT_decl_line
	.byte	28                              @ Abbrev [28] 0x29ae:0x9 DW_TAG_member
	.long	10679                           @ DW_AT_type
	.byte	2                               @ DW_AT_decl_file
	.short	9151                            @ DW_AT_decl_line
	.byte	0                               @ DW_AT_data_member_location
	.byte	30                              @ Abbrev [30] 0x29b7:0x14 DW_TAG_structure_type
	.byte	4                               @ DW_AT_byte_size
	.byte	2                               @ DW_AT_decl_file
	.short	9151                            @ DW_AT_decl_line
	.byte	31                              @ Abbrev [31] 0x29bc:0xe DW_TAG_member
	.long	.Linfo_string432                @ DW_AT_name
	.long	1206                            @ DW_AT_type
	.byte	2                               @ DW_AT_decl_file
	.short	9153                            @ DW_AT_decl_line
	.byte	32                              @ DW_AT_bit_size
	.byte	0                               @ DW_AT_data_bit_offset
	.byte	0                               @ End Of Children Mark
	.byte	25                              @ Abbrev [25] 0x29cb:0xd DW_TAG_member
	.long	.Linfo_string178                @ DW_AT_name
	.long	1206                            @ DW_AT_type
	.byte	2                               @ DW_AT_decl_file
	.short	9155                            @ DW_AT_decl_line
	.byte	0                               @ DW_AT_data_member_location
	.byte	0                               @ End Of Children Mark
	.byte	0                               @ End Of Children Mark
	.byte	27                              @ Abbrev [27] 0x29da:0x43 DW_TAG_structure_type
	.long	.Linfo_string459                @ DW_AT_name
	.byte	4                               @ DW_AT_byte_size
	.byte	2                               @ DW_AT_decl_file
	.short	9208                            @ DW_AT_decl_line
	.byte	28                              @ Abbrev [28] 0x29e3:0x9 DW_TAG_member
	.long	10732                           @ DW_AT_type
	.byte	2                               @ DW_AT_decl_file
	.short	9211                            @ DW_AT_decl_line
	.byte	0                               @ DW_AT_data_member_location
	.byte	29                              @ Abbrev [29] 0x29ec:0x30 DW_TAG_union_type
	.byte	4                               @ DW_AT_byte_size
	.byte	2                               @ DW_AT_decl_file
	.short	9211                            @ DW_AT_decl_line
	.byte	28                              @ Abbrev [28] 0x29f1:0x9 DW_TAG_member
	.long	10746                           @ DW_AT_type
	.byte	2                               @ DW_AT_decl_file
	.short	9213                            @ DW_AT_decl_line
	.byte	0                               @ DW_AT_data_member_location
	.byte	30                              @ Abbrev [30] 0x29fa:0x14 DW_TAG_structure_type
	.byte	4                               @ DW_AT_byte_size
	.byte	2                               @ DW_AT_decl_file
	.short	9213                            @ DW_AT_decl_line
	.byte	31                              @ Abbrev [31] 0x29ff:0xe DW_TAG_member
	.long	.Linfo_string432                @ DW_AT_name
	.long	1206                            @ DW_AT_type
	.byte	2                               @ DW_AT_decl_file
	.short	9215                            @ DW_AT_decl_line
	.byte	32                              @ DW_AT_bit_size
	.byte	0                               @ DW_AT_data_bit_offset
	.byte	0                               @ End Of Children Mark
	.byte	25                              @ Abbrev [25] 0x2a0e:0xd DW_TAG_member
	.long	.Linfo_string178                @ DW_AT_name
	.long	1206                            @ DW_AT_type
	.byte	2                               @ DW_AT_decl_file
	.short	9217                            @ DW_AT_decl_line
	.byte	0                               @ DW_AT_data_member_location
	.byte	0                               @ End Of Children Mark
	.byte	0                               @ End Of Children Mark
	.byte	27                              @ Abbrev [27] 0x2a1d:0x43 DW_TAG_structure_type
	.long	.Linfo_string461                @ DW_AT_name
	.byte	4                               @ DW_AT_byte_size
	.byte	2                               @ DW_AT_decl_file
	.short	9270                            @ DW_AT_decl_line
	.byte	28                              @ Abbrev [28] 0x2a26:0x9 DW_TAG_member
	.long	10799                           @ DW_AT_type
	.byte	2                               @ DW_AT_decl_file
	.short	9273                            @ DW_AT_decl_line
	.byte	0                               @ DW_AT_data_member_location
	.byte	29                              @ Abbrev [29] 0x2a2f:0x30 DW_TAG_union_type
	.byte	4                               @ DW_AT_byte_size
	.byte	2                               @ DW_AT_decl_file
	.short	9273                            @ DW_AT_decl_line
	.byte	28                              @ Abbrev [28] 0x2a34:0x9 DW_TAG_member
	.long	10813                           @ DW_AT_type
	.byte	2                               @ DW_AT_decl_file
	.short	9275                            @ DW_AT_decl_line
	.byte	0                               @ DW_AT_data_member_location
	.byte	30                              @ Abbrev [30] 0x2a3d:0x14 DW_TAG_structure_type
	.byte	4                               @ DW_AT_byte_size
	.byte	2                               @ DW_AT_decl_file
	.short	9275                            @ DW_AT_decl_line
	.byte	31                              @ Abbrev [31] 0x2a42:0xe DW_TAG_member
	.long	.Linfo_string432                @ DW_AT_name
	.long	1206                            @ DW_AT_type
	.byte	2                               @ DW_AT_decl_file
	.short	9277                            @ DW_AT_decl_line
	.byte	32                              @ DW_AT_bit_size
	.byte	0                               @ DW_AT_data_bit_offset
	.byte	0                               @ End Of Children Mark
	.byte	25                              @ Abbrev [25] 0x2a51:0xd DW_TAG_member
	.long	.Linfo_string178                @ DW_AT_name
	.long	1206                            @ DW_AT_type
	.byte	2                               @ DW_AT_decl_file
	.short	9279                            @ DW_AT_decl_line
	.byte	0                               @ DW_AT_data_member_location
	.byte	0                               @ End Of Children Mark
	.byte	0                               @ End Of Children Mark
	.byte	27                              @ Abbrev [27] 0x2a60:0x43 DW_TAG_structure_type
	.long	.Linfo_string463                @ DW_AT_name
	.byte	4                               @ DW_AT_byte_size
	.byte	2                               @ DW_AT_decl_file
	.short	9332                            @ DW_AT_decl_line
	.byte	28                              @ Abbrev [28] 0x2a69:0x9 DW_TAG_member
	.long	10866                           @ DW_AT_type
	.byte	2                               @ DW_AT_decl_file
	.short	9335                            @ DW_AT_decl_line
	.byte	0                               @ DW_AT_data_member_location
	.byte	29                              @ Abbrev [29] 0x2a72:0x30 DW_TAG_union_type
	.byte	4                               @ DW_AT_byte_size
	.byte	2                               @ DW_AT_decl_file
	.short	9335                            @ DW_AT_decl_line
	.byte	28                              @ Abbrev [28] 0x2a77:0x9 DW_TAG_member
	.long	10880                           @ DW_AT_type
	.byte	2                               @ DW_AT_decl_file
	.short	9337                            @ DW_AT_decl_line
	.byte	0                               @ DW_AT_data_member_location
	.byte	30                              @ Abbrev [30] 0x2a80:0x14 DW_TAG_structure_type
	.byte	4                               @ DW_AT_byte_size
	.byte	2                               @ DW_AT_decl_file
	.short	9337                            @ DW_AT_decl_line
	.byte	31                              @ Abbrev [31] 0x2a85:0xe DW_TAG_member
	.long	.Linfo_string432                @ DW_AT_name
	.long	1206                            @ DW_AT_type
	.byte	2                               @ DW_AT_decl_file
	.short	9339                            @ DW_AT_decl_line
	.byte	32                              @ DW_AT_bit_size
	.byte	0                               @ DW_AT_data_bit_offset
	.byte	0                               @ End Of Children Mark
	.byte	25                              @ Abbrev [25] 0x2a94:0xd DW_TAG_member
	.long	.Linfo_string178                @ DW_AT_name
	.long	1206                            @ DW_AT_type
	.byte	2                               @ DW_AT_decl_file
	.short	9341                            @ DW_AT_decl_line
	.byte	0                               @ DW_AT_data_member_location
	.byte	0                               @ End Of Children Mark
	.byte	0                               @ End Of Children Mark
	.byte	27                              @ Abbrev [27] 0x2aa3:0x51 DW_TAG_structure_type
	.long	.Linfo_string465                @ DW_AT_name
	.byte	8                               @ DW_AT_byte_size
	.byte	2                               @ DW_AT_decl_file
	.short	9394                            @ DW_AT_decl_line
	.byte	28                              @ Abbrev [28] 0x2aac:0x9 DW_TAG_member
	.long	10933                           @ DW_AT_type
	.byte	2                               @ DW_AT_decl_file
	.short	9397                            @ DW_AT_decl_line
	.byte	0                               @ DW_AT_data_member_location
	.byte	29                              @ Abbrev [29] 0x2ab5:0x3e DW_TAG_union_type
	.byte	8                               @ DW_AT_byte_size
	.byte	2                               @ DW_AT_decl_file
	.short	9397                            @ DW_AT_decl_line
	.byte	28                              @ Abbrev [28] 0x2aba:0x9 DW_TAG_member
	.long	10947                           @ DW_AT_type
	.byte	2                               @ DW_AT_decl_file
	.short	9399                            @ DW_AT_decl_line
	.byte	0                               @ DW_AT_data_member_location
	.byte	30                              @ Abbrev [30] 0x2ac3:0x22 DW_TAG_structure_type
	.byte	8                               @ DW_AT_byte_size
	.byte	2                               @ DW_AT_decl_file
	.short	9399                            @ DW_AT_decl_line
	.byte	31                              @ Abbrev [31] 0x2ac8:0xe DW_TAG_member
	.long	.Linfo_string208                @ DW_AT_name
	.long	1206                            @ DW_AT_type
	.byte	2                               @ DW_AT_decl_file
	.short	9401                            @ DW_AT_decl_line
	.byte	32                              @ DW_AT_bit_size
	.byte	0                               @ DW_AT_data_bit_offset
	.byte	31                              @ Abbrev [31] 0x2ad6:0xe DW_TAG_member
	.long	.Linfo_string190                @ DW_AT_name
	.long	1206                            @ DW_AT_type
	.byte	2                               @ DW_AT_decl_file
	.short	9402                            @ DW_AT_decl_line
	.byte	32                              @ DW_AT_bit_size
	.byte	32                              @ DW_AT_data_bit_offset
	.byte	0                               @ End Of Children Mark
	.byte	25                              @ Abbrev [25] 0x2ae5:0xd DW_TAG_member
	.long	.Linfo_string178                @ DW_AT_name
	.long	4998                            @ DW_AT_type
	.byte	2                               @ DW_AT_decl_file
	.short	9404                            @ DW_AT_decl_line
	.byte	0                               @ DW_AT_data_member_location
	.byte	0                               @ End Of Children Mark
	.byte	0                               @ End Of Children Mark
	.byte	27                              @ Abbrev [27] 0x2af4:0x43 DW_TAG_structure_type
	.long	.Linfo_string467                @ DW_AT_name
	.byte	4                               @ DW_AT_byte_size
	.byte	2                               @ DW_AT_decl_file
	.short	9444                            @ DW_AT_decl_line
	.byte	28                              @ Abbrev [28] 0x2afd:0x9 DW_TAG_member
	.long	11014                           @ DW_AT_type
	.byte	2                               @ DW_AT_decl_file
	.short	9447                            @ DW_AT_decl_line
	.byte	0                               @ DW_AT_data_member_location
	.byte	29                              @ Abbrev [29] 0x2b06:0x30 DW_TAG_union_type
	.byte	4                               @ DW_AT_byte_size
	.byte	2                               @ DW_AT_decl_file
	.short	9447                            @ DW_AT_decl_line
	.byte	28                              @ Abbrev [28] 0x2b0b:0x9 DW_TAG_member
	.long	11028                           @ DW_AT_type
	.byte	2                               @ DW_AT_decl_file
	.short	9449                            @ DW_AT_decl_line
	.byte	0                               @ DW_AT_data_member_location
	.byte	30                              @ Abbrev [30] 0x2b14:0x14 DW_TAG_structure_type
	.byte	4                               @ DW_AT_byte_size
	.byte	2                               @ DW_AT_decl_file
	.short	9449                            @ DW_AT_decl_line
	.byte	31                              @ Abbrev [31] 0x2b19:0xe DW_TAG_member
	.long	.Linfo_string432                @ DW_AT_name
	.long	1206                            @ DW_AT_type
	.byte	2                               @ DW_AT_decl_file
	.short	9451                            @ DW_AT_decl_line
	.byte	32                              @ DW_AT_bit_size
	.byte	0                               @ DW_AT_data_bit_offset
	.byte	0                               @ End Of Children Mark
	.byte	25                              @ Abbrev [25] 0x2b28:0xd DW_TAG_member
	.long	.Linfo_string178                @ DW_AT_name
	.long	1206                            @ DW_AT_type
	.byte	2                               @ DW_AT_decl_file
	.short	9453                            @ DW_AT_decl_line
	.byte	0                               @ DW_AT_data_member_location
	.byte	0                               @ End Of Children Mark
	.byte	0                               @ End Of Children Mark
	.byte	27                              @ Abbrev [27] 0x2b37:0x43 DW_TAG_structure_type
	.long	.Linfo_string469                @ DW_AT_name
	.byte	4                               @ DW_AT_byte_size
	.byte	2                               @ DW_AT_decl_file
	.short	9506                            @ DW_AT_decl_line
	.byte	28                              @ Abbrev [28] 0x2b40:0x9 DW_TAG_member
	.long	11081                           @ DW_AT_type
	.byte	2                               @ DW_AT_decl_file
	.short	9509                            @ DW_AT_decl_line
	.byte	0                               @ DW_AT_data_member_location
	.byte	29                              @ Abbrev [29] 0x2b49:0x30 DW_TAG_union_type
	.byte	4                               @ DW_AT_byte_size
	.byte	2                               @ DW_AT_decl_file
	.short	9509                            @ DW_AT_decl_line
	.byte	28                              @ Abbrev [28] 0x2b4e:0x9 DW_TAG_member
	.long	11095                           @ DW_AT_type
	.byte	2                               @ DW_AT_decl_file
	.short	9511                            @ DW_AT_decl_line
	.byte	0                               @ DW_AT_data_member_location
	.byte	30                              @ Abbrev [30] 0x2b57:0x14 DW_TAG_structure_type
	.byte	4                               @ DW_AT_byte_size
	.byte	2                               @ DW_AT_decl_file
	.short	9511                            @ DW_AT_decl_line
	.byte	31                              @ Abbrev [31] 0x2b5c:0xe DW_TAG_member
	.long	.Linfo_string432                @ DW_AT_name
	.long	1206                            @ DW_AT_type
	.byte	2                               @ DW_AT_decl_file
	.short	9513                            @ DW_AT_decl_line
	.byte	32                              @ DW_AT_bit_size
	.byte	0                               @ DW_AT_data_bit_offset
	.byte	0                               @ End Of Children Mark
	.byte	25                              @ Abbrev [25] 0x2b6b:0xd DW_TAG_member
	.long	.Linfo_string178                @ DW_AT_name
	.long	1206                            @ DW_AT_type
	.byte	2                               @ DW_AT_decl_file
	.short	9515                            @ DW_AT_decl_line
	.byte	0                               @ DW_AT_data_member_location
	.byte	0                               @ End Of Children Mark
	.byte	0                               @ End Of Children Mark
	.byte	27                              @ Abbrev [27] 0x2b7a:0x51 DW_TAG_structure_type
	.long	.Linfo_string471                @ DW_AT_name
	.byte	8                               @ DW_AT_byte_size
	.byte	2                               @ DW_AT_decl_file
	.short	9568                            @ DW_AT_decl_line
	.byte	28                              @ Abbrev [28] 0x2b83:0x9 DW_TAG_member
	.long	11148                           @ DW_AT_type
	.byte	2                               @ DW_AT_decl_file
	.short	9571                            @ DW_AT_decl_line
	.byte	0                               @ DW_AT_data_member_location
	.byte	29                              @ Abbrev [29] 0x2b8c:0x3e DW_TAG_union_type
	.byte	8                               @ DW_AT_byte_size
	.byte	2                               @ DW_AT_decl_file
	.short	9571                            @ DW_AT_decl_line
	.byte	28                              @ Abbrev [28] 0x2b91:0x9 DW_TAG_member
	.long	11162                           @ DW_AT_type
	.byte	2                               @ DW_AT_decl_file
	.short	9573                            @ DW_AT_decl_line
	.byte	0                               @ DW_AT_data_member_location
	.byte	30                              @ Abbrev [30] 0x2b9a:0x22 DW_TAG_structure_type
	.byte	8                               @ DW_AT_byte_size
	.byte	2                               @ DW_AT_decl_file
	.short	9573                            @ DW_AT_decl_line
	.byte	31                              @ Abbrev [31] 0x2b9f:0xe DW_TAG_member
	.long	.Linfo_string208                @ DW_AT_name
	.long	1206                            @ DW_AT_type
	.byte	2                               @ DW_AT_decl_file
	.short	9575                            @ DW_AT_decl_line
	.byte	32                              @ DW_AT_bit_size
	.byte	0                               @ DW_AT_data_bit_offset
	.byte	31                              @ Abbrev [31] 0x2bad:0xe DW_TAG_member
	.long	.Linfo_string190                @ DW_AT_name
	.long	1206                            @ DW_AT_type
	.byte	2                               @ DW_AT_decl_file
	.short	9576                            @ DW_AT_decl_line
	.byte	32                              @ DW_AT_bit_size
	.byte	32                              @ DW_AT_data_bit_offset
	.byte	0                               @ End Of Children Mark
	.byte	25                              @ Abbrev [25] 0x2bbc:0xd DW_TAG_member
	.long	.Linfo_string178                @ DW_AT_name
	.long	4998                            @ DW_AT_type
	.byte	2                               @ DW_AT_decl_file
	.short	9578                            @ DW_AT_decl_line
	.byte	0                               @ DW_AT_data_member_location
	.byte	0                               @ End Of Children Mark
	.byte	0                               @ End Of Children Mark
	.byte	27                              @ Abbrev [27] 0x2bcb:0x51 DW_TAG_structure_type
	.long	.Linfo_string473                @ DW_AT_name
	.byte	8                               @ DW_AT_byte_size
	.byte	2                               @ DW_AT_decl_file
	.short	9618                            @ DW_AT_decl_line
	.byte	28                              @ Abbrev [28] 0x2bd4:0x9 DW_TAG_member
	.long	11229                           @ DW_AT_type
	.byte	2                               @ DW_AT_decl_file
	.short	9621                            @ DW_AT_decl_line
	.byte	0                               @ DW_AT_data_member_location
	.byte	29                              @ Abbrev [29] 0x2bdd:0x3e DW_TAG_union_type
	.byte	8                               @ DW_AT_byte_size
	.byte	2                               @ DW_AT_decl_file
	.short	9621                            @ DW_AT_decl_line
	.byte	28                              @ Abbrev [28] 0x2be2:0x9 DW_TAG_member
	.long	11243                           @ DW_AT_type
	.byte	2                               @ DW_AT_decl_file
	.short	9623                            @ DW_AT_decl_line
	.byte	0                               @ DW_AT_data_member_location
	.byte	30                              @ Abbrev [30] 0x2beb:0x22 DW_TAG_structure_type
	.byte	8                               @ DW_AT_byte_size
	.byte	2                               @ DW_AT_decl_file
	.short	9623                            @ DW_AT_decl_line
	.byte	31                              @ Abbrev [31] 0x2bf0:0xe DW_TAG_member
	.long	.Linfo_string208                @ DW_AT_name
	.long	1206                            @ DW_AT_type
	.byte	2                               @ DW_AT_decl_file
	.short	9625                            @ DW_AT_decl_line
	.byte	32                              @ DW_AT_bit_size
	.byte	0                               @ DW_AT_data_bit_offset
	.byte	31                              @ Abbrev [31] 0x2bfe:0xe DW_TAG_member
	.long	.Linfo_string190                @ DW_AT_name
	.long	1206                            @ DW_AT_type
	.byte	2                               @ DW_AT_decl_file
	.short	9626                            @ DW_AT_decl_line
	.byte	32                              @ DW_AT_bit_size
	.byte	32                              @ DW_AT_data_bit_offset
	.byte	0                               @ End Of Children Mark
	.byte	25                              @ Abbrev [25] 0x2c0d:0xd DW_TAG_member
	.long	.Linfo_string178                @ DW_AT_name
	.long	4998                            @ DW_AT_type
	.byte	2                               @ DW_AT_decl_file
	.short	9628                            @ DW_AT_decl_line
	.byte	0                               @ DW_AT_data_member_location
	.byte	0                               @ End Of Children Mark
	.byte	0                               @ End Of Children Mark
	.byte	27                              @ Abbrev [27] 0x2c1c:0x51 DW_TAG_structure_type
	.long	.Linfo_string475                @ DW_AT_name
	.byte	8                               @ DW_AT_byte_size
	.byte	2                               @ DW_AT_decl_file
	.short	9668                            @ DW_AT_decl_line
	.byte	28                              @ Abbrev [28] 0x2c25:0x9 DW_TAG_member
	.long	11310                           @ DW_AT_type
	.byte	2                               @ DW_AT_decl_file
	.short	9671                            @ DW_AT_decl_line
	.byte	0                               @ DW_AT_data_member_location
	.byte	29                              @ Abbrev [29] 0x2c2e:0x3e DW_TAG_union_type
	.byte	8                               @ DW_AT_byte_size
	.byte	2                               @ DW_AT_decl_file
	.short	9671                            @ DW_AT_decl_line
	.byte	28                              @ Abbrev [28] 0x2c33:0x9 DW_TAG_member
	.long	11324                           @ DW_AT_type
	.byte	2                               @ DW_AT_decl_file
	.short	9673                            @ DW_AT_decl_line
	.byte	0                               @ DW_AT_data_member_location
	.byte	30                              @ Abbrev [30] 0x2c3c:0x22 DW_TAG_structure_type
	.byte	8                               @ DW_AT_byte_size
	.byte	2                               @ DW_AT_decl_file
	.short	9673                            @ DW_AT_decl_line
	.byte	31                              @ Abbrev [31] 0x2c41:0xe DW_TAG_member
	.long	.Linfo_string208                @ DW_AT_name
	.long	1206                            @ DW_AT_type
	.byte	2                               @ DW_AT_decl_file
	.short	9675                            @ DW_AT_decl_line
	.byte	32                              @ DW_AT_bit_size
	.byte	0                               @ DW_AT_data_bit_offset
	.byte	31                              @ Abbrev [31] 0x2c4f:0xe DW_TAG_member
	.long	.Linfo_string190                @ DW_AT_name
	.long	1206                            @ DW_AT_type
	.byte	2                               @ DW_AT_decl_file
	.short	9676                            @ DW_AT_decl_line
	.byte	32                              @ DW_AT_bit_size
	.byte	32                              @ DW_AT_data_bit_offset
	.byte	0                               @ End Of Children Mark
	.byte	25                              @ Abbrev [25] 0x2c5e:0xd DW_TAG_member
	.long	.Linfo_string178                @ DW_AT_name
	.long	4998                            @ DW_AT_type
	.byte	2                               @ DW_AT_decl_file
	.short	9678                            @ DW_AT_decl_line
	.byte	0                               @ DW_AT_data_member_location
	.byte	0                               @ End Of Children Mark
	.byte	0                               @ End Of Children Mark
	.byte	27                              @ Abbrev [27] 0x2c6d:0x43 DW_TAG_structure_type
	.long	.Linfo_string477                @ DW_AT_name
	.byte	4                               @ DW_AT_byte_size
	.byte	2                               @ DW_AT_decl_file
	.short	9718                            @ DW_AT_decl_line
	.byte	28                              @ Abbrev [28] 0x2c76:0x9 DW_TAG_member
	.long	11391                           @ DW_AT_type
	.byte	2                               @ DW_AT_decl_file
	.short	9721                            @ DW_AT_decl_line
	.byte	0                               @ DW_AT_data_member_location
	.byte	29                              @ Abbrev [29] 0x2c7f:0x30 DW_TAG_union_type
	.byte	4                               @ DW_AT_byte_size
	.byte	2                               @ DW_AT_decl_file
	.short	9721                            @ DW_AT_decl_line
	.byte	28                              @ Abbrev [28] 0x2c84:0x9 DW_TAG_member
	.long	11405                           @ DW_AT_type
	.byte	2                               @ DW_AT_decl_file
	.short	9723                            @ DW_AT_decl_line
	.byte	0                               @ DW_AT_data_member_location
	.byte	30                              @ Abbrev [30] 0x2c8d:0x14 DW_TAG_structure_type
	.byte	4                               @ DW_AT_byte_size
	.byte	2                               @ DW_AT_decl_file
	.short	9723                            @ DW_AT_decl_line
	.byte	31                              @ Abbrev [31] 0x2c92:0xe DW_TAG_member
	.long	.Linfo_string432                @ DW_AT_name
	.long	1206                            @ DW_AT_type
	.byte	2                               @ DW_AT_decl_file
	.short	9725                            @ DW_AT_decl_line
	.byte	32                              @ DW_AT_bit_size
	.byte	0                               @ DW_AT_data_bit_offset
	.byte	0                               @ End Of Children Mark
	.byte	25                              @ Abbrev [25] 0x2ca1:0xd DW_TAG_member
	.long	.Linfo_string178                @ DW_AT_name
	.long	1206                            @ DW_AT_type
	.byte	2                               @ DW_AT_decl_file
	.short	9727                            @ DW_AT_decl_line
	.byte	0                               @ DW_AT_data_member_location
	.byte	0                               @ End Of Children Mark
	.byte	0                               @ End Of Children Mark
	.byte	27                              @ Abbrev [27] 0x2cb0:0x51 DW_TAG_structure_type
	.long	.Linfo_string479                @ DW_AT_name
	.byte	8                               @ DW_AT_byte_size
	.byte	2                               @ DW_AT_decl_file
	.short	9780                            @ DW_AT_decl_line
	.byte	28                              @ Abbrev [28] 0x2cb9:0x9 DW_TAG_member
	.long	11458                           @ DW_AT_type
	.byte	2                               @ DW_AT_decl_file
	.short	9783                            @ DW_AT_decl_line
	.byte	0                               @ DW_AT_data_member_location
	.byte	29                              @ Abbrev [29] 0x2cc2:0x3e DW_TAG_union_type
	.byte	8                               @ DW_AT_byte_size
	.byte	2                               @ DW_AT_decl_file
	.short	9783                            @ DW_AT_decl_line
	.byte	28                              @ Abbrev [28] 0x2cc7:0x9 DW_TAG_member
	.long	11472                           @ DW_AT_type
	.byte	2                               @ DW_AT_decl_file
	.short	9785                            @ DW_AT_decl_line
	.byte	0                               @ DW_AT_data_member_location
	.byte	30                              @ Abbrev [30] 0x2cd0:0x22 DW_TAG_structure_type
	.byte	8                               @ DW_AT_byte_size
	.byte	2                               @ DW_AT_decl_file
	.short	9785                            @ DW_AT_decl_line
	.byte	31                              @ Abbrev [31] 0x2cd5:0xe DW_TAG_member
	.long	.Linfo_string208                @ DW_AT_name
	.long	1206                            @ DW_AT_type
	.byte	2                               @ DW_AT_decl_file
	.short	9787                            @ DW_AT_decl_line
	.byte	32                              @ DW_AT_bit_size
	.byte	0                               @ DW_AT_data_bit_offset
	.byte	31                              @ Abbrev [31] 0x2ce3:0xe DW_TAG_member
	.long	.Linfo_string190                @ DW_AT_name
	.long	1206                            @ DW_AT_type
	.byte	2                               @ DW_AT_decl_file
	.short	9788                            @ DW_AT_decl_line
	.byte	32                              @ DW_AT_bit_size
	.byte	32                              @ DW_AT_data_bit_offset
	.byte	0                               @ End Of Children Mark
	.byte	25                              @ Abbrev [25] 0x2cf2:0xd DW_TAG_member
	.long	.Linfo_string178                @ DW_AT_name
	.long	4998                            @ DW_AT_type
	.byte	2                               @ DW_AT_decl_file
	.short	9790                            @ DW_AT_decl_line
	.byte	0                               @ DW_AT_data_member_location
	.byte	0                               @ End Of Children Mark
	.byte	0                               @ End Of Children Mark
	.byte	27                              @ Abbrev [27] 0x2d01:0x51 DW_TAG_structure_type
	.long	.Linfo_string481                @ DW_AT_name
	.byte	8                               @ DW_AT_byte_size
	.byte	2                               @ DW_AT_decl_file
	.short	9830                            @ DW_AT_decl_line
	.byte	28                              @ Abbrev [28] 0x2d0a:0x9 DW_TAG_member
	.long	11539                           @ DW_AT_type
	.byte	2                               @ DW_AT_decl_file
	.short	9833                            @ DW_AT_decl_line
	.byte	0                               @ DW_AT_data_member_location
	.byte	29                              @ Abbrev [29] 0x2d13:0x3e DW_TAG_union_type
	.byte	8                               @ DW_AT_byte_size
	.byte	2                               @ DW_AT_decl_file
	.short	9833                            @ DW_AT_decl_line
	.byte	28                              @ Abbrev [28] 0x2d18:0x9 DW_TAG_member
	.long	11553                           @ DW_AT_type
	.byte	2                               @ DW_AT_decl_file
	.short	9835                            @ DW_AT_decl_line
	.byte	0                               @ DW_AT_data_member_location
	.byte	30                              @ Abbrev [30] 0x2d21:0x22 DW_TAG_structure_type
	.byte	8                               @ DW_AT_byte_size
	.byte	2                               @ DW_AT_decl_file
	.short	9835                            @ DW_AT_decl_line
	.byte	31                              @ Abbrev [31] 0x2d26:0xe DW_TAG_member
	.long	.Linfo_string208                @ DW_AT_name
	.long	1206                            @ DW_AT_type
	.byte	2                               @ DW_AT_decl_file
	.short	9837                            @ DW_AT_decl_line
	.byte	32                              @ DW_AT_bit_size
	.byte	0                               @ DW_AT_data_bit_offset
	.byte	31                              @ Abbrev [31] 0x2d34:0xe DW_TAG_member
	.long	.Linfo_string190                @ DW_AT_name
	.long	1206                            @ DW_AT_type
	.byte	2                               @ DW_AT_decl_file
	.short	9838                            @ DW_AT_decl_line
	.byte	32                              @ DW_AT_bit_size
	.byte	32                              @ DW_AT_data_bit_offset
	.byte	0                               @ End Of Children Mark
	.byte	25                              @ Abbrev [25] 0x2d43:0xd DW_TAG_member
	.long	.Linfo_string178                @ DW_AT_name
	.long	4998                            @ DW_AT_type
	.byte	2                               @ DW_AT_decl_file
	.short	9840                            @ DW_AT_decl_line
	.byte	0                               @ DW_AT_data_member_location
	.byte	0                               @ End Of Children Mark
	.byte	0                               @ End Of Children Mark
	.byte	27                              @ Abbrev [27] 0x2d52:0x43 DW_TAG_structure_type
	.long	.Linfo_string483                @ DW_AT_name
	.byte	4                               @ DW_AT_byte_size
	.byte	2                               @ DW_AT_decl_file
	.short	9880                            @ DW_AT_decl_line
	.byte	28                              @ Abbrev [28] 0x2d5b:0x9 DW_TAG_member
	.long	11620                           @ DW_AT_type
	.byte	2                               @ DW_AT_decl_file
	.short	9883                            @ DW_AT_decl_line
	.byte	0                               @ DW_AT_data_member_location
	.byte	29                              @ Abbrev [29] 0x2d64:0x30 DW_TAG_union_type
	.byte	4                               @ DW_AT_byte_size
	.byte	2                               @ DW_AT_decl_file
	.short	9883                            @ DW_AT_decl_line
	.byte	28                              @ Abbrev [28] 0x2d69:0x9 DW_TAG_member
	.long	11634                           @ DW_AT_type
	.byte	2                               @ DW_AT_decl_file
	.short	9885                            @ DW_AT_decl_line
	.byte	0                               @ DW_AT_data_member_location
	.byte	30                              @ Abbrev [30] 0x2d72:0x14 DW_TAG_structure_type
	.byte	4                               @ DW_AT_byte_size
	.byte	2                               @ DW_AT_decl_file
	.short	9885                            @ DW_AT_decl_line
	.byte	31                              @ Abbrev [31] 0x2d77:0xe DW_TAG_member
	.long	.Linfo_string432                @ DW_AT_name
	.long	1206                            @ DW_AT_type
	.byte	2                               @ DW_AT_decl_file
	.short	9887                            @ DW_AT_decl_line
	.byte	32                              @ DW_AT_bit_size
	.byte	0                               @ DW_AT_data_bit_offset
	.byte	0                               @ End Of Children Mark
	.byte	25                              @ Abbrev [25] 0x2d86:0xd DW_TAG_member
	.long	.Linfo_string178                @ DW_AT_name
	.long	1206                            @ DW_AT_type
	.byte	2                               @ DW_AT_decl_file
	.short	9889                            @ DW_AT_decl_line
	.byte	0                               @ DW_AT_data_member_location
	.byte	0                               @ End Of Children Mark
	.byte	0                               @ End Of Children Mark
	.byte	27                              @ Abbrev [27] 0x2d95:0x51 DW_TAG_structure_type
	.long	.Linfo_string485                @ DW_AT_name
	.byte	8                               @ DW_AT_byte_size
	.byte	2                               @ DW_AT_decl_file
	.short	9942                            @ DW_AT_decl_line
	.byte	28                              @ Abbrev [28] 0x2d9e:0x9 DW_TAG_member
	.long	11687                           @ DW_AT_type
	.byte	2                               @ DW_AT_decl_file
	.short	9945                            @ DW_AT_decl_line
	.byte	0                               @ DW_AT_data_member_location
	.byte	29                              @ Abbrev [29] 0x2da7:0x3e DW_TAG_union_type
	.byte	8                               @ DW_AT_byte_size
	.byte	2                               @ DW_AT_decl_file
	.short	9945                            @ DW_AT_decl_line
	.byte	28                              @ Abbrev [28] 0x2dac:0x9 DW_TAG_member
	.long	11701                           @ DW_AT_type
	.byte	2                               @ DW_AT_decl_file
	.short	9947                            @ DW_AT_decl_line
	.byte	0                               @ DW_AT_data_member_location
	.byte	30                              @ Abbrev [30] 0x2db5:0x22 DW_TAG_structure_type
	.byte	8                               @ DW_AT_byte_size
	.byte	2                               @ DW_AT_decl_file
	.short	9947                            @ DW_AT_decl_line
	.byte	31                              @ Abbrev [31] 0x2dba:0xe DW_TAG_member
	.long	.Linfo_string208                @ DW_AT_name
	.long	1206                            @ DW_AT_type
	.byte	2                               @ DW_AT_decl_file
	.short	9949                            @ DW_AT_decl_line
	.byte	32                              @ DW_AT_bit_size
	.byte	0                               @ DW_AT_data_bit_offset
	.byte	31                              @ Abbrev [31] 0x2dc8:0xe DW_TAG_member
	.long	.Linfo_string190                @ DW_AT_name
	.long	1206                            @ DW_AT_type
	.byte	2                               @ DW_AT_decl_file
	.short	9950                            @ DW_AT_decl_line
	.byte	32                              @ DW_AT_bit_size
	.byte	32                              @ DW_AT_data_bit_offset
	.byte	0                               @ End Of Children Mark
	.byte	25                              @ Abbrev [25] 0x2dd7:0xd DW_TAG_member
	.long	.Linfo_string178                @ DW_AT_name
	.long	4998                            @ DW_AT_type
	.byte	2                               @ DW_AT_decl_file
	.short	9952                            @ DW_AT_decl_line
	.byte	0                               @ DW_AT_data_member_location
	.byte	0                               @ End Of Children Mark
	.byte	0                               @ End Of Children Mark
	.byte	27                              @ Abbrev [27] 0x2de6:0x43 DW_TAG_structure_type
	.long	.Linfo_string488                @ DW_AT_name
	.byte	4                               @ DW_AT_byte_size
	.byte	2                               @ DW_AT_decl_file
	.short	9992                            @ DW_AT_decl_line
	.byte	28                              @ Abbrev [28] 0x2def:0x9 DW_TAG_member
	.long	11768                           @ DW_AT_type
	.byte	2                               @ DW_AT_decl_file
	.short	9995                            @ DW_AT_decl_line
	.byte	0                               @ DW_AT_data_member_location
	.byte	29                              @ Abbrev [29] 0x2df8:0x30 DW_TAG_union_type
	.byte	4                               @ DW_AT_byte_size
	.byte	2                               @ DW_AT_decl_file
	.short	9995                            @ DW_AT_decl_line
	.byte	28                              @ Abbrev [28] 0x2dfd:0x9 DW_TAG_member
	.long	11782                           @ DW_AT_type
	.byte	2                               @ DW_AT_decl_file
	.short	9997                            @ DW_AT_decl_line
	.byte	0                               @ DW_AT_data_member_location
	.byte	30                              @ Abbrev [30] 0x2e06:0x14 DW_TAG_structure_type
	.byte	4                               @ DW_AT_byte_size
	.byte	2                               @ DW_AT_decl_file
	.short	9997                            @ DW_AT_decl_line
	.byte	31                              @ Abbrev [31] 0x2e0b:0xe DW_TAG_member
	.long	.Linfo_string432                @ DW_AT_name
	.long	1206                            @ DW_AT_type
	.byte	2                               @ DW_AT_decl_file
	.short	9999                            @ DW_AT_decl_line
	.byte	32                              @ DW_AT_bit_size
	.byte	0                               @ DW_AT_data_bit_offset
	.byte	0                               @ End Of Children Mark
	.byte	25                              @ Abbrev [25] 0x2e1a:0xd DW_TAG_member
	.long	.Linfo_string178                @ DW_AT_name
	.long	1206                            @ DW_AT_type
	.byte	2                               @ DW_AT_decl_file
	.short	10001                           @ DW_AT_decl_line
	.byte	0                               @ DW_AT_data_member_location
	.byte	0                               @ End Of Children Mark
	.byte	0                               @ End Of Children Mark
	.byte	27                              @ Abbrev [27] 0x2e29:0x43 DW_TAG_structure_type
	.long	.Linfo_string490                @ DW_AT_name
	.byte	4                               @ DW_AT_byte_size
	.byte	2                               @ DW_AT_decl_file
	.short	10054                           @ DW_AT_decl_line
	.byte	28                              @ Abbrev [28] 0x2e32:0x9 DW_TAG_member
	.long	11835                           @ DW_AT_type
	.byte	2                               @ DW_AT_decl_file
	.short	10057                           @ DW_AT_decl_line
	.byte	0                               @ DW_AT_data_member_location
	.byte	29                              @ Abbrev [29] 0x2e3b:0x30 DW_TAG_union_type
	.byte	4                               @ DW_AT_byte_size
	.byte	2                               @ DW_AT_decl_file
	.short	10057                           @ DW_AT_decl_line
	.byte	28                              @ Abbrev [28] 0x2e40:0x9 DW_TAG_member
	.long	11849                           @ DW_AT_type
	.byte	2                               @ DW_AT_decl_file
	.short	10059                           @ DW_AT_decl_line
	.byte	0                               @ DW_AT_data_member_location
	.byte	30                              @ Abbrev [30] 0x2e49:0x14 DW_TAG_structure_type
	.byte	4                               @ DW_AT_byte_size
	.byte	2                               @ DW_AT_decl_file
	.short	10059                           @ DW_AT_decl_line
	.byte	31                              @ Abbrev [31] 0x2e4e:0xe DW_TAG_member
	.long	.Linfo_string432                @ DW_AT_name
	.long	1206                            @ DW_AT_type
	.byte	2                               @ DW_AT_decl_file
	.short	10061                           @ DW_AT_decl_line
	.byte	32                              @ DW_AT_bit_size
	.byte	0                               @ DW_AT_data_bit_offset
	.byte	0                               @ End Of Children Mark
	.byte	25                              @ Abbrev [25] 0x2e5d:0xd DW_TAG_member
	.long	.Linfo_string178                @ DW_AT_name
	.long	1206                            @ DW_AT_type
	.byte	2                               @ DW_AT_decl_file
	.short	10063                           @ DW_AT_decl_line
	.byte	0                               @ DW_AT_data_member_location
	.byte	0                               @ End Of Children Mark
	.byte	0                               @ End Of Children Mark
	.byte	27                              @ Abbrev [27] 0x2e6c:0x43 DW_TAG_structure_type
	.long	.Linfo_string492                @ DW_AT_name
	.byte	4                               @ DW_AT_byte_size
	.byte	2                               @ DW_AT_decl_file
	.short	10116                           @ DW_AT_decl_line
	.byte	28                              @ Abbrev [28] 0x2e75:0x9 DW_TAG_member
	.long	11902                           @ DW_AT_type
	.byte	2                               @ DW_AT_decl_file
	.short	10119                           @ DW_AT_decl_line
	.byte	0                               @ DW_AT_data_member_location
	.byte	29                              @ Abbrev [29] 0x2e7e:0x30 DW_TAG_union_type
	.byte	4                               @ DW_AT_byte_size
	.byte	2                               @ DW_AT_decl_file
	.short	10119                           @ DW_AT_decl_line
	.byte	28                              @ Abbrev [28] 0x2e83:0x9 DW_TAG_member
	.long	11916                           @ DW_AT_type
	.byte	2                               @ DW_AT_decl_file
	.short	10121                           @ DW_AT_decl_line
	.byte	0                               @ DW_AT_data_member_location
	.byte	30                              @ Abbrev [30] 0x2e8c:0x14 DW_TAG_structure_type
	.byte	4                               @ DW_AT_byte_size
	.byte	2                               @ DW_AT_decl_file
	.short	10121                           @ DW_AT_decl_line
	.byte	31                              @ Abbrev [31] 0x2e91:0xe DW_TAG_member
	.long	.Linfo_string432                @ DW_AT_name
	.long	1206                            @ DW_AT_type
	.byte	2                               @ DW_AT_decl_file
	.short	10123                           @ DW_AT_decl_line
	.byte	32                              @ DW_AT_bit_size
	.byte	0                               @ DW_AT_data_bit_offset
	.byte	0                               @ End Of Children Mark
	.byte	25                              @ Abbrev [25] 0x2ea0:0xd DW_TAG_member
	.long	.Linfo_string178                @ DW_AT_name
	.long	1206                            @ DW_AT_type
	.byte	2                               @ DW_AT_decl_file
	.short	10125                           @ DW_AT_decl_line
	.byte	0                               @ DW_AT_data_member_location
	.byte	0                               @ End Of Children Mark
	.byte	0                               @ End Of Children Mark
	.byte	3                               @ Abbrev [3] 0x2eaf:0xc DW_TAG_array_type
	.long	11963                           @ DW_AT_type
	.byte	4                               @ Abbrev [4] 0x2eb4:0x6 DW_TAG_subrange_type
	.long	70                              @ DW_AT_type
	.byte	4                               @ DW_AT_count
	.byte	0                               @ End Of Children Mark
	.byte	27                              @ Abbrev [27] 0x2ebb:0x43 DW_TAG_structure_type
	.long	.Linfo_string496                @ DW_AT_name
	.byte	4                               @ DW_AT_byte_size
	.byte	2                               @ DW_AT_decl_file
	.short	10178                           @ DW_AT_decl_line
	.byte	28                              @ Abbrev [28] 0x2ec4:0x9 DW_TAG_member
	.long	11981                           @ DW_AT_type
	.byte	2                               @ DW_AT_decl_file
	.short	10181                           @ DW_AT_decl_line
	.byte	0                               @ DW_AT_data_member_location
	.byte	29                              @ Abbrev [29] 0x2ecd:0x30 DW_TAG_union_type
	.byte	4                               @ DW_AT_byte_size
	.byte	2                               @ DW_AT_decl_file
	.short	10181                           @ DW_AT_decl_line
	.byte	28                              @ Abbrev [28] 0x2ed2:0x9 DW_TAG_member
	.long	11995                           @ DW_AT_type
	.byte	2                               @ DW_AT_decl_file
	.short	10183                           @ DW_AT_decl_line
	.byte	0                               @ DW_AT_data_member_location
	.byte	30                              @ Abbrev [30] 0x2edb:0x14 DW_TAG_structure_type
	.byte	4                               @ DW_AT_byte_size
	.byte	2                               @ DW_AT_decl_file
	.short	10183                           @ DW_AT_decl_line
	.byte	31                              @ Abbrev [31] 0x2ee0:0xe DW_TAG_member
	.long	.Linfo_string495                @ DW_AT_name
	.long	1206                            @ DW_AT_type
	.byte	2                               @ DW_AT_decl_file
	.short	10185                           @ DW_AT_decl_line
	.byte	32                              @ DW_AT_bit_size
	.byte	0                               @ DW_AT_data_bit_offset
	.byte	0                               @ End Of Children Mark
	.byte	25                              @ Abbrev [25] 0x2eef:0xd DW_TAG_member
	.long	.Linfo_string178                @ DW_AT_name
	.long	1206                            @ DW_AT_type
	.byte	2                               @ DW_AT_decl_file
	.short	10187                           @ DW_AT_decl_line
	.byte	0                               @ DW_AT_data_member_location
	.byte	0                               @ End Of Children Mark
	.byte	0                               @ End Of Children Mark
	.byte	3                               @ Abbrev [3] 0x2efe:0xc DW_TAG_array_type
	.long	1206                            @ DW_AT_type
	.byte	4                               @ Abbrev [4] 0x2f03:0x6 DW_TAG_subrange_type
	.long	70                              @ DW_AT_type
	.byte	28                              @ DW_AT_count
	.byte	0                               @ End Of Children Mark
	.byte	3                               @ Abbrev [3] 0x2f0a:0xc DW_TAG_array_type
	.long	12054                           @ DW_AT_type
	.byte	4                               @ Abbrev [4] 0x2f0f:0x6 DW_TAG_subrange_type
	.long	70                              @ DW_AT_type
	.byte	4                               @ DW_AT_count
	.byte	0                               @ End Of Children Mark
	.byte	27                              @ Abbrev [27] 0x2f16:0x51 DW_TAG_structure_type
	.long	.Linfo_string500                @ DW_AT_name
	.byte	4                               @ DW_AT_byte_size
	.byte	2                               @ DW_AT_decl_file
	.short	10240                           @ DW_AT_decl_line
	.byte	28                              @ Abbrev [28] 0x2f1f:0x9 DW_TAG_member
	.long	12072                           @ DW_AT_type
	.byte	2                               @ DW_AT_decl_file
	.short	10243                           @ DW_AT_decl_line
	.byte	0                               @ DW_AT_data_member_location
	.byte	29                              @ Abbrev [29] 0x2f28:0x3e DW_TAG_union_type
	.byte	4                               @ DW_AT_byte_size
	.byte	2                               @ DW_AT_decl_file
	.short	10243                           @ DW_AT_decl_line
	.byte	28                              @ Abbrev [28] 0x2f2d:0x9 DW_TAG_member
	.long	12086                           @ DW_AT_type
	.byte	2                               @ DW_AT_decl_file
	.short	10245                           @ DW_AT_decl_line
	.byte	0                               @ DW_AT_data_member_location
	.byte	30                              @ Abbrev [30] 0x2f36:0x22 DW_TAG_structure_type
	.byte	4                               @ DW_AT_byte_size
	.byte	2                               @ DW_AT_decl_file
	.short	10245                           @ DW_AT_decl_line
	.byte	31                              @ Abbrev [31] 0x2f3b:0xe DW_TAG_member
	.long	.Linfo_string499                @ DW_AT_name
	.long	1206                            @ DW_AT_type
	.byte	2                               @ DW_AT_decl_file
	.short	10247                           @ DW_AT_decl_line
	.byte	10                              @ DW_AT_bit_size
	.byte	0                               @ DW_AT_data_bit_offset
	.byte	31                              @ Abbrev [31] 0x2f49:0xe DW_TAG_member
	.long	.Linfo_string190                @ DW_AT_name
	.long	1206                            @ DW_AT_type
	.byte	2                               @ DW_AT_decl_file
	.short	10248                           @ DW_AT_decl_line
	.byte	22                              @ DW_AT_bit_size
	.byte	10                              @ DW_AT_data_bit_offset
	.byte	0                               @ End Of Children Mark
	.byte	25                              @ Abbrev [25] 0x2f58:0xd DW_TAG_member
	.long	.Linfo_string178                @ DW_AT_name
	.long	1206                            @ DW_AT_type
	.byte	2                               @ DW_AT_decl_file
	.short	10250                           @ DW_AT_decl_line
	.byte	0                               @ DW_AT_data_member_location
	.byte	0                               @ End Of Children Mark
	.byte	0                               @ End Of Children Mark
	.byte	3                               @ Abbrev [3] 0x2f67:0xd DW_TAG_array_type
	.long	12148                           @ DW_AT_type
	.byte	32                              @ Abbrev [32] 0x2f6c:0x7 DW_TAG_subrange_type
	.long	70                              @ DW_AT_type
	.short	256                             @ DW_AT_count
	.byte	0                               @ End Of Children Mark
	.byte	27                              @ Abbrev [27] 0x2f74:0x43 DW_TAG_structure_type
	.long	.Linfo_string504                @ DW_AT_name
	.byte	4                               @ DW_AT_byte_size
	.byte	2                               @ DW_AT_decl_file
	.short	10303                           @ DW_AT_decl_line
	.byte	28                              @ Abbrev [28] 0x2f7d:0x9 DW_TAG_member
	.long	12166                           @ DW_AT_type
	.byte	2                               @ DW_AT_decl_file
	.short	10306                           @ DW_AT_decl_line
	.byte	0                               @ DW_AT_data_member_location
	.byte	29                              @ Abbrev [29] 0x2f86:0x30 DW_TAG_union_type
	.byte	4                               @ DW_AT_byte_size
	.byte	2                               @ DW_AT_decl_file
	.short	10306                           @ DW_AT_decl_line
	.byte	28                              @ Abbrev [28] 0x2f8b:0x9 DW_TAG_member
	.long	12180                           @ DW_AT_type
	.byte	2                               @ DW_AT_decl_file
	.short	10308                           @ DW_AT_decl_line
	.byte	0                               @ DW_AT_data_member_location
	.byte	30                              @ Abbrev [30] 0x2f94:0x14 DW_TAG_structure_type
	.byte	4                               @ DW_AT_byte_size
	.byte	2                               @ DW_AT_decl_file
	.short	10308                           @ DW_AT_decl_line
	.byte	31                              @ Abbrev [31] 0x2f99:0xe DW_TAG_member
	.long	.Linfo_string503                @ DW_AT_name
	.long	1206                            @ DW_AT_type
	.byte	2                               @ DW_AT_decl_file
	.short	10310                           @ DW_AT_decl_line
	.byte	32                              @ DW_AT_bit_size
	.byte	0                               @ DW_AT_data_bit_offset
	.byte	0                               @ End Of Children Mark
	.byte	25                              @ Abbrev [25] 0x2fa8:0xd DW_TAG_member
	.long	.Linfo_string178                @ DW_AT_name
	.long	1206                            @ DW_AT_type
	.byte	2                               @ DW_AT_decl_file
	.short	10312                           @ DW_AT_decl_line
	.byte	0                               @ DW_AT_data_member_location
	.byte	0                               @ End Of Children Mark
	.byte	0                               @ End Of Children Mark
	.byte	27                              @ Abbrev [27] 0x2fb7:0x43 DW_TAG_structure_type
	.long	.Linfo_string506                @ DW_AT_name
	.byte	4                               @ DW_AT_byte_size
	.byte	2                               @ DW_AT_decl_file
	.short	10365                           @ DW_AT_decl_line
	.byte	28                              @ Abbrev [28] 0x2fc0:0x9 DW_TAG_member
	.long	12233                           @ DW_AT_type
	.byte	2                               @ DW_AT_decl_file
	.short	10368                           @ DW_AT_decl_line
	.byte	0                               @ DW_AT_data_member_location
	.byte	29                              @ Abbrev [29] 0x2fc9:0x30 DW_TAG_union_type
	.byte	4                               @ DW_AT_byte_size
	.byte	2                               @ DW_AT_decl_file
	.short	10368                           @ DW_AT_decl_line
	.byte	28                              @ Abbrev [28] 0x2fce:0x9 DW_TAG_member
	.long	12247                           @ DW_AT_type
	.byte	2                               @ DW_AT_decl_file
	.short	10370                           @ DW_AT_decl_line
	.byte	0                               @ DW_AT_data_member_location
	.byte	30                              @ Abbrev [30] 0x2fd7:0x14 DW_TAG_structure_type
	.byte	4                               @ DW_AT_byte_size
	.byte	2                               @ DW_AT_decl_file
	.short	10370                           @ DW_AT_decl_line
	.byte	31                              @ Abbrev [31] 0x2fdc:0xe DW_TAG_member
	.long	.Linfo_string432                @ DW_AT_name
	.long	1206                            @ DW_AT_type
	.byte	2                               @ DW_AT_decl_file
	.short	10372                           @ DW_AT_decl_line
	.byte	32                              @ DW_AT_bit_size
	.byte	0                               @ DW_AT_data_bit_offset
	.byte	0                               @ End Of Children Mark
	.byte	25                              @ Abbrev [25] 0x2feb:0xd DW_TAG_member
	.long	.Linfo_string178                @ DW_AT_name
	.long	1206                            @ DW_AT_type
	.byte	2                               @ DW_AT_decl_file
	.short	10374                           @ DW_AT_decl_line
	.byte	0                               @ DW_AT_data_member_location
	.byte	0                               @ End Of Children Mark
	.byte	0                               @ End Of Children Mark
	.byte	27                              @ Abbrev [27] 0x2ffa:0x43 DW_TAG_structure_type
	.long	.Linfo_string508                @ DW_AT_name
	.byte	4                               @ DW_AT_byte_size
	.byte	2                               @ DW_AT_decl_file
	.short	10427                           @ DW_AT_decl_line
	.byte	28                              @ Abbrev [28] 0x3003:0x9 DW_TAG_member
	.long	12300                           @ DW_AT_type
	.byte	2                               @ DW_AT_decl_file
	.short	10430                           @ DW_AT_decl_line
	.byte	0                               @ DW_AT_data_member_location
	.byte	29                              @ Abbrev [29] 0x300c:0x30 DW_TAG_union_type
	.byte	4                               @ DW_AT_byte_size
	.byte	2                               @ DW_AT_decl_file
	.short	10430                           @ DW_AT_decl_line
	.byte	28                              @ Abbrev [28] 0x3011:0x9 DW_TAG_member
	.long	12314                           @ DW_AT_type
	.byte	2                               @ DW_AT_decl_file
	.short	10432                           @ DW_AT_decl_line
	.byte	0                               @ DW_AT_data_member_location
	.byte	30                              @ Abbrev [30] 0x301a:0x14 DW_TAG_structure_type
	.byte	4                               @ DW_AT_byte_size
	.byte	2                               @ DW_AT_decl_file
	.short	10432                           @ DW_AT_decl_line
	.byte	31                              @ Abbrev [31] 0x301f:0xe DW_TAG_member
	.long	.Linfo_string432                @ DW_AT_name
	.long	1206                            @ DW_AT_type
	.byte	2                               @ DW_AT_decl_file
	.short	10434                           @ DW_AT_decl_line
	.byte	32                              @ DW_AT_bit_size
	.byte	0                               @ DW_AT_data_bit_offset
	.byte	0                               @ End Of Children Mark
	.byte	25                              @ Abbrev [25] 0x302e:0xd DW_TAG_member
	.long	.Linfo_string178                @ DW_AT_name
	.long	1206                            @ DW_AT_type
	.byte	2                               @ DW_AT_decl_file
	.short	10436                           @ DW_AT_decl_line
	.byte	0                               @ DW_AT_data_member_location
	.byte	0                               @ End Of Children Mark
	.byte	0                               @ End Of Children Mark
	.byte	27                              @ Abbrev [27] 0x303d:0x43 DW_TAG_structure_type
	.long	.Linfo_string510                @ DW_AT_name
	.byte	4                               @ DW_AT_byte_size
	.byte	2                               @ DW_AT_decl_file
	.short	10489                           @ DW_AT_decl_line
	.byte	28                              @ Abbrev [28] 0x3046:0x9 DW_TAG_member
	.long	12367                           @ DW_AT_type
	.byte	2                               @ DW_AT_decl_file
	.short	10492                           @ DW_AT_decl_line
	.byte	0                               @ DW_AT_data_member_location
	.byte	29                              @ Abbrev [29] 0x304f:0x30 DW_TAG_union_type
	.byte	4                               @ DW_AT_byte_size
	.byte	2                               @ DW_AT_decl_file
	.short	10492                           @ DW_AT_decl_line
	.byte	28                              @ Abbrev [28] 0x3054:0x9 DW_TAG_member
	.long	12381                           @ DW_AT_type
	.byte	2                               @ DW_AT_decl_file
	.short	10494                           @ DW_AT_decl_line
	.byte	0                               @ DW_AT_data_member_location
	.byte	30                              @ Abbrev [30] 0x305d:0x14 DW_TAG_structure_type
	.byte	4                               @ DW_AT_byte_size
	.byte	2                               @ DW_AT_decl_file
	.short	10494                           @ DW_AT_decl_line
	.byte	31                              @ Abbrev [31] 0x3062:0xe DW_TAG_member
	.long	.Linfo_string432                @ DW_AT_name
	.long	1206                            @ DW_AT_type
	.byte	2                               @ DW_AT_decl_file
	.short	10496                           @ DW_AT_decl_line
	.byte	32                              @ DW_AT_bit_size
	.byte	0                               @ DW_AT_data_bit_offset
	.byte	0                               @ End Of Children Mark
	.byte	25                              @ Abbrev [25] 0x3071:0xd DW_TAG_member
	.long	.Linfo_string178                @ DW_AT_name
	.long	1206                            @ DW_AT_type
	.byte	2                               @ DW_AT_decl_file
	.short	10498                           @ DW_AT_decl_line
	.byte	0                               @ DW_AT_data_member_location
	.byte	0                               @ End Of Children Mark
	.byte	0                               @ End Of Children Mark
	.byte	27                              @ Abbrev [27] 0x3080:0x43 DW_TAG_structure_type
	.long	.Linfo_string512                @ DW_AT_name
	.byte	4                               @ DW_AT_byte_size
	.byte	2                               @ DW_AT_decl_file
	.short	10551                           @ DW_AT_decl_line
	.byte	28                              @ Abbrev [28] 0x3089:0x9 DW_TAG_member
	.long	12434                           @ DW_AT_type
	.byte	2                               @ DW_AT_decl_file
	.short	10554                           @ DW_AT_decl_line
	.byte	0                               @ DW_AT_data_member_location
	.byte	29                              @ Abbrev [29] 0x3092:0x30 DW_TAG_union_type
	.byte	4                               @ DW_AT_byte_size
	.byte	2                               @ DW_AT_decl_file
	.short	10554                           @ DW_AT_decl_line
	.byte	28                              @ Abbrev [28] 0x3097:0x9 DW_TAG_member
	.long	12448                           @ DW_AT_type
	.byte	2                               @ DW_AT_decl_file
	.short	10556                           @ DW_AT_decl_line
	.byte	0                               @ DW_AT_data_member_location
	.byte	30                              @ Abbrev [30] 0x30a0:0x14 DW_TAG_structure_type
	.byte	4                               @ DW_AT_byte_size
	.byte	2                               @ DW_AT_decl_file
	.short	10556                           @ DW_AT_decl_line
	.byte	31                              @ Abbrev [31] 0x30a5:0xe DW_TAG_member
	.long	.Linfo_string432                @ DW_AT_name
	.long	1206                            @ DW_AT_type
	.byte	2                               @ DW_AT_decl_file
	.short	10558                           @ DW_AT_decl_line
	.byte	32                              @ DW_AT_bit_size
	.byte	0                               @ DW_AT_data_bit_offset
	.byte	0                               @ End Of Children Mark
	.byte	25                              @ Abbrev [25] 0x30b4:0xd DW_TAG_member
	.long	.Linfo_string178                @ DW_AT_name
	.long	1206                            @ DW_AT_type
	.byte	2                               @ DW_AT_decl_file
	.short	10560                           @ DW_AT_decl_line
	.byte	0                               @ DW_AT_data_member_location
	.byte	0                               @ End Of Children Mark
	.byte	0                               @ End Of Children Mark
	.byte	27                              @ Abbrev [27] 0x30c3:0x43 DW_TAG_structure_type
	.long	.Linfo_string514                @ DW_AT_name
	.byte	4                               @ DW_AT_byte_size
	.byte	2                               @ DW_AT_decl_file
	.short	10613                           @ DW_AT_decl_line
	.byte	28                              @ Abbrev [28] 0x30cc:0x9 DW_TAG_member
	.long	12501                           @ DW_AT_type
	.byte	2                               @ DW_AT_decl_file
	.short	10616                           @ DW_AT_decl_line
	.byte	0                               @ DW_AT_data_member_location
	.byte	29                              @ Abbrev [29] 0x30d5:0x30 DW_TAG_union_type
	.byte	4                               @ DW_AT_byte_size
	.byte	2                               @ DW_AT_decl_file
	.short	10616                           @ DW_AT_decl_line
	.byte	28                              @ Abbrev [28] 0x30da:0x9 DW_TAG_member
	.long	12515                           @ DW_AT_type
	.byte	2                               @ DW_AT_decl_file
	.short	10618                           @ DW_AT_decl_line
	.byte	0                               @ DW_AT_data_member_location
	.byte	30                              @ Abbrev [30] 0x30e3:0x14 DW_TAG_structure_type
	.byte	4                               @ DW_AT_byte_size
	.byte	2                               @ DW_AT_decl_file
	.short	10618                           @ DW_AT_decl_line
	.byte	31                              @ Abbrev [31] 0x30e8:0xe DW_TAG_member
	.long	.Linfo_string432                @ DW_AT_name
	.long	1206                            @ DW_AT_type
	.byte	2                               @ DW_AT_decl_file
	.short	10620                           @ DW_AT_decl_line
	.byte	32                              @ DW_AT_bit_size
	.byte	0                               @ DW_AT_data_bit_offset
	.byte	0                               @ End Of Children Mark
	.byte	25                              @ Abbrev [25] 0x30f7:0xd DW_TAG_member
	.long	.Linfo_string178                @ DW_AT_name
	.long	1206                            @ DW_AT_type
	.byte	2                               @ DW_AT_decl_file
	.short	10622                           @ DW_AT_decl_line
	.byte	0                               @ DW_AT_data_member_location
	.byte	0                               @ End Of Children Mark
	.byte	0                               @ End Of Children Mark
	.byte	27                              @ Abbrev [27] 0x3106:0x43 DW_TAG_structure_type
	.long	.Linfo_string516                @ DW_AT_name
	.byte	4                               @ DW_AT_byte_size
	.byte	2                               @ DW_AT_decl_file
	.short	10675                           @ DW_AT_decl_line
	.byte	28                              @ Abbrev [28] 0x310f:0x9 DW_TAG_member
	.long	12568                           @ DW_AT_type
	.byte	2                               @ DW_AT_decl_file
	.short	10678                           @ DW_AT_decl_line
	.byte	0                               @ DW_AT_data_member_location
	.byte	29                              @ Abbrev [29] 0x3118:0x30 DW_TAG_union_type
	.byte	4                               @ DW_AT_byte_size
	.byte	2                               @ DW_AT_decl_file
	.short	10678                           @ DW_AT_decl_line
	.byte	28                              @ Abbrev [28] 0x311d:0x9 DW_TAG_member
	.long	12582                           @ DW_AT_type
	.byte	2                               @ DW_AT_decl_file
	.short	10680                           @ DW_AT_decl_line
	.byte	0                               @ DW_AT_data_member_location
	.byte	30                              @ Abbrev [30] 0x3126:0x14 DW_TAG_structure_type
	.byte	4                               @ DW_AT_byte_size
	.byte	2                               @ DW_AT_decl_file
	.short	10680                           @ DW_AT_decl_line
	.byte	31                              @ Abbrev [31] 0x312b:0xe DW_TAG_member
	.long	.Linfo_string432                @ DW_AT_name
	.long	1206                            @ DW_AT_type
	.byte	2                               @ DW_AT_decl_file
	.short	10682                           @ DW_AT_decl_line
	.byte	32                              @ DW_AT_bit_size
	.byte	0                               @ DW_AT_data_bit_offset
	.byte	0                               @ End Of Children Mark
	.byte	25                              @ Abbrev [25] 0x313a:0xd DW_TAG_member
	.long	.Linfo_string178                @ DW_AT_name
	.long	1206                            @ DW_AT_type
	.byte	2                               @ DW_AT_decl_file
	.short	10684                           @ DW_AT_decl_line
	.byte	0                               @ DW_AT_data_member_location
	.byte	0                               @ End Of Children Mark
	.byte	0                               @ End Of Children Mark
	.byte	27                              @ Abbrev [27] 0x3149:0x43 DW_TAG_structure_type
	.long	.Linfo_string519                @ DW_AT_name
	.byte	4                               @ DW_AT_byte_size
	.byte	2                               @ DW_AT_decl_file
	.short	10737                           @ DW_AT_decl_line
	.byte	28                              @ Abbrev [28] 0x3152:0x9 DW_TAG_member
	.long	12635                           @ DW_AT_type
	.byte	2                               @ DW_AT_decl_file
	.short	10740                           @ DW_AT_decl_line
	.byte	0                               @ DW_AT_data_member_location
	.byte	29                              @ Abbrev [29] 0x315b:0x30 DW_TAG_union_type
	.byte	4                               @ DW_AT_byte_size
	.byte	2                               @ DW_AT_decl_file
	.short	10740                           @ DW_AT_decl_line
	.byte	28                              @ Abbrev [28] 0x3160:0x9 DW_TAG_member
	.long	12649                           @ DW_AT_type
	.byte	2                               @ DW_AT_decl_file
	.short	10742                           @ DW_AT_decl_line
	.byte	0                               @ DW_AT_data_member_location
	.byte	30                              @ Abbrev [30] 0x3169:0x14 DW_TAG_structure_type
	.byte	4                               @ DW_AT_byte_size
	.byte	2                               @ DW_AT_decl_file
	.short	10742                           @ DW_AT_decl_line
	.byte	31                              @ Abbrev [31] 0x316e:0xe DW_TAG_member
	.long	.Linfo_string432                @ DW_AT_name
	.long	1206                            @ DW_AT_type
	.byte	2                               @ DW_AT_decl_file
	.short	10744                           @ DW_AT_decl_line
	.byte	32                              @ DW_AT_bit_size
	.byte	0                               @ DW_AT_data_bit_offset
	.byte	0                               @ End Of Children Mark
	.byte	25                              @ Abbrev [25] 0x317d:0xd DW_TAG_member
	.long	.Linfo_string178                @ DW_AT_name
	.long	1206                            @ DW_AT_type
	.byte	2                               @ DW_AT_decl_file
	.short	10746                           @ DW_AT_decl_line
	.byte	0                               @ DW_AT_data_member_location
	.byte	0                               @ End Of Children Mark
	.byte	0                               @ End Of Children Mark
	.byte	27                              @ Abbrev [27] 0x318c:0x43 DW_TAG_structure_type
	.long	.Linfo_string522                @ DW_AT_name
	.byte	4                               @ DW_AT_byte_size
	.byte	2                               @ DW_AT_decl_file
	.short	10799                           @ DW_AT_decl_line
	.byte	28                              @ Abbrev [28] 0x3195:0x9 DW_TAG_member
	.long	12702                           @ DW_AT_type
	.byte	2                               @ DW_AT_decl_file
	.short	10802                           @ DW_AT_decl_line
	.byte	0                               @ DW_AT_data_member_location
	.byte	29                              @ Abbrev [29] 0x319e:0x30 DW_TAG_union_type
	.byte	4                               @ DW_AT_byte_size
	.byte	2                               @ DW_AT_decl_file
	.short	10802                           @ DW_AT_decl_line
	.byte	28                              @ Abbrev [28] 0x31a3:0x9 DW_TAG_member
	.long	12716                           @ DW_AT_type
	.byte	2                               @ DW_AT_decl_file
	.short	10804                           @ DW_AT_decl_line
	.byte	0                               @ DW_AT_data_member_location
	.byte	30                              @ Abbrev [30] 0x31ac:0x14 DW_TAG_structure_type
	.byte	4                               @ DW_AT_byte_size
	.byte	2                               @ DW_AT_decl_file
	.short	10804                           @ DW_AT_decl_line
	.byte	31                              @ Abbrev [31] 0x31b1:0xe DW_TAG_member
	.long	.Linfo_string432                @ DW_AT_name
	.long	1206                            @ DW_AT_type
	.byte	2                               @ DW_AT_decl_file
	.short	10806                           @ DW_AT_decl_line
	.byte	32                              @ DW_AT_bit_size
	.byte	0                               @ DW_AT_data_bit_offset
	.byte	0                               @ End Of Children Mark
	.byte	25                              @ Abbrev [25] 0x31c0:0xd DW_TAG_member
	.long	.Linfo_string178                @ DW_AT_name
	.long	1206                            @ DW_AT_type
	.byte	2                               @ DW_AT_decl_file
	.short	10808                           @ DW_AT_decl_line
	.byte	0                               @ DW_AT_data_member_location
	.byte	0                               @ End Of Children Mark
	.byte	0                               @ End Of Children Mark
	.byte	27                              @ Abbrev [27] 0x31cf:0x43 DW_TAG_structure_type
	.long	.Linfo_string524                @ DW_AT_name
	.byte	4                               @ DW_AT_byte_size
	.byte	2                               @ DW_AT_decl_file
	.short	10861                           @ DW_AT_decl_line
	.byte	28                              @ Abbrev [28] 0x31d8:0x9 DW_TAG_member
	.long	12769                           @ DW_AT_type
	.byte	2                               @ DW_AT_decl_file
	.short	10864                           @ DW_AT_decl_line
	.byte	0                               @ DW_AT_data_member_location
	.byte	29                              @ Abbrev [29] 0x31e1:0x30 DW_TAG_union_type
	.byte	4                               @ DW_AT_byte_size
	.byte	2                               @ DW_AT_decl_file
	.short	10864                           @ DW_AT_decl_line
	.byte	28                              @ Abbrev [28] 0x31e6:0x9 DW_TAG_member
	.long	12783                           @ DW_AT_type
	.byte	2                               @ DW_AT_decl_file
	.short	10866                           @ DW_AT_decl_line
	.byte	0                               @ DW_AT_data_member_location
	.byte	30                              @ Abbrev [30] 0x31ef:0x14 DW_TAG_structure_type
	.byte	4                               @ DW_AT_byte_size
	.byte	2                               @ DW_AT_decl_file
	.short	10866                           @ DW_AT_decl_line
	.byte	31                              @ Abbrev [31] 0x31f4:0xe DW_TAG_member
	.long	.Linfo_string432                @ DW_AT_name
	.long	1206                            @ DW_AT_type
	.byte	2                               @ DW_AT_decl_file
	.short	10868                           @ DW_AT_decl_line
	.byte	32                              @ DW_AT_bit_size
	.byte	0                               @ DW_AT_data_bit_offset
	.byte	0                               @ End Of Children Mark
	.byte	25                              @ Abbrev [25] 0x3203:0xd DW_TAG_member
	.long	.Linfo_string178                @ DW_AT_name
	.long	1206                            @ DW_AT_type
	.byte	2                               @ DW_AT_decl_file
	.short	10870                           @ DW_AT_decl_line
	.byte	0                               @ DW_AT_data_member_location
	.byte	0                               @ End Of Children Mark
	.byte	0                               @ End Of Children Mark
	.byte	27                              @ Abbrev [27] 0x3212:0x43 DW_TAG_structure_type
	.long	.Linfo_string526                @ DW_AT_name
	.byte	4                               @ DW_AT_byte_size
	.byte	2                               @ DW_AT_decl_file
	.short	10923                           @ DW_AT_decl_line
	.byte	28                              @ Abbrev [28] 0x321b:0x9 DW_TAG_member
	.long	12836                           @ DW_AT_type
	.byte	2                               @ DW_AT_decl_file
	.short	10926                           @ DW_AT_decl_line
	.byte	0                               @ DW_AT_data_member_location
	.byte	29                              @ Abbrev [29] 0x3224:0x30 DW_TAG_union_type
	.byte	4                               @ DW_AT_byte_size
	.byte	2                               @ DW_AT_decl_file
	.short	10926                           @ DW_AT_decl_line
	.byte	28                              @ Abbrev [28] 0x3229:0x9 DW_TAG_member
	.long	12850                           @ DW_AT_type
	.byte	2                               @ DW_AT_decl_file
	.short	10928                           @ DW_AT_decl_line
	.byte	0                               @ DW_AT_data_member_location
	.byte	30                              @ Abbrev [30] 0x3232:0x14 DW_TAG_structure_type
	.byte	4                               @ DW_AT_byte_size
	.byte	2                               @ DW_AT_decl_file
	.short	10928                           @ DW_AT_decl_line
	.byte	31                              @ Abbrev [31] 0x3237:0xe DW_TAG_member
	.long	.Linfo_string432                @ DW_AT_name
	.long	1206                            @ DW_AT_type
	.byte	2                               @ DW_AT_decl_file
	.short	10930                           @ DW_AT_decl_line
	.byte	32                              @ DW_AT_bit_size
	.byte	0                               @ DW_AT_data_bit_offset
	.byte	0                               @ End Of Children Mark
	.byte	25                              @ Abbrev [25] 0x3246:0xd DW_TAG_member
	.long	.Linfo_string178                @ DW_AT_name
	.long	1206                            @ DW_AT_type
	.byte	2                               @ DW_AT_decl_file
	.short	10932                           @ DW_AT_decl_line
	.byte	0                               @ DW_AT_data_member_location
	.byte	0                               @ End Of Children Mark
	.byte	0                               @ End Of Children Mark
	.byte	27                              @ Abbrev [27] 0x3255:0x43 DW_TAG_structure_type
	.long	.Linfo_string528                @ DW_AT_name
	.byte	4                               @ DW_AT_byte_size
	.byte	2                               @ DW_AT_decl_file
	.short	10985                           @ DW_AT_decl_line
	.byte	28                              @ Abbrev [28] 0x325e:0x9 DW_TAG_member
	.long	12903                           @ DW_AT_type
	.byte	2                               @ DW_AT_decl_file
	.short	10988                           @ DW_AT_decl_line
	.byte	0                               @ DW_AT_data_member_location
	.byte	29                              @ Abbrev [29] 0x3267:0x30 DW_TAG_union_type
	.byte	4                               @ DW_AT_byte_size
	.byte	2                               @ DW_AT_decl_file
	.short	10988                           @ DW_AT_decl_line
	.byte	28                              @ Abbrev [28] 0x326c:0x9 DW_TAG_member
	.long	12917                           @ DW_AT_type
	.byte	2                               @ DW_AT_decl_file
	.short	10990                           @ DW_AT_decl_line
	.byte	0                               @ DW_AT_data_member_location
	.byte	30                              @ Abbrev [30] 0x3275:0x14 DW_TAG_structure_type
	.byte	4                               @ DW_AT_byte_size
	.byte	2                               @ DW_AT_decl_file
	.short	10990                           @ DW_AT_decl_line
	.byte	31                              @ Abbrev [31] 0x327a:0xe DW_TAG_member
	.long	.Linfo_string432                @ DW_AT_name
	.long	1206                            @ DW_AT_type
	.byte	2                               @ DW_AT_decl_file
	.short	10992                           @ DW_AT_decl_line
	.byte	32                              @ DW_AT_bit_size
	.byte	0                               @ DW_AT_data_bit_offset
	.byte	0                               @ End Of Children Mark
	.byte	25                              @ Abbrev [25] 0x3289:0xd DW_TAG_member
	.long	.Linfo_string178                @ DW_AT_name
	.long	1206                            @ DW_AT_type
	.byte	2                               @ DW_AT_decl_file
	.short	10994                           @ DW_AT_decl_line
	.byte	0                               @ DW_AT_data_member_location
	.byte	0                               @ End Of Children Mark
	.byte	0                               @ End Of Children Mark
	.byte	27                              @ Abbrev [27] 0x3298:0x43 DW_TAG_structure_type
	.long	.Linfo_string530                @ DW_AT_name
	.byte	4                               @ DW_AT_byte_size
	.byte	2                               @ DW_AT_decl_file
	.short	11047                           @ DW_AT_decl_line
	.byte	28                              @ Abbrev [28] 0x32a1:0x9 DW_TAG_member
	.long	12970                           @ DW_AT_type
	.byte	2                               @ DW_AT_decl_file
	.short	11050                           @ DW_AT_decl_line
	.byte	0                               @ DW_AT_data_member_location
	.byte	29                              @ Abbrev [29] 0x32aa:0x30 DW_TAG_union_type
	.byte	4                               @ DW_AT_byte_size
	.byte	2                               @ DW_AT_decl_file
	.short	11050                           @ DW_AT_decl_line
	.byte	28                              @ Abbrev [28] 0x32af:0x9 DW_TAG_member
	.long	12984                           @ DW_AT_type
	.byte	2                               @ DW_AT_decl_file
	.short	11052                           @ DW_AT_decl_line
	.byte	0                               @ DW_AT_data_member_location
	.byte	30                              @ Abbrev [30] 0x32b8:0x14 DW_TAG_structure_type
	.byte	4                               @ DW_AT_byte_size
	.byte	2                               @ DW_AT_decl_file
	.short	11052                           @ DW_AT_decl_line
	.byte	31                              @ Abbrev [31] 0x32bd:0xe DW_TAG_member
	.long	.Linfo_string432                @ DW_AT_name
	.long	1206                            @ DW_AT_type
	.byte	2                               @ DW_AT_decl_file
	.short	11054                           @ DW_AT_decl_line
	.byte	32                              @ DW_AT_bit_size
	.byte	0                               @ DW_AT_data_bit_offset
	.byte	0                               @ End Of Children Mark
	.byte	25                              @ Abbrev [25] 0x32cc:0xd DW_TAG_member
	.long	.Linfo_string178                @ DW_AT_name
	.long	1206                            @ DW_AT_type
	.byte	2                               @ DW_AT_decl_file
	.short	11056                           @ DW_AT_decl_line
	.byte	0                               @ DW_AT_data_member_location
	.byte	0                               @ End Of Children Mark
	.byte	0                               @ End Of Children Mark
	.byte	27                              @ Abbrev [27] 0x32db:0x43 DW_TAG_structure_type
	.long	.Linfo_string533                @ DW_AT_name
	.byte	4                               @ DW_AT_byte_size
	.byte	2                               @ DW_AT_decl_file
	.short	11109                           @ DW_AT_decl_line
	.byte	28                              @ Abbrev [28] 0x32e4:0x9 DW_TAG_member
	.long	13037                           @ DW_AT_type
	.byte	2                               @ DW_AT_decl_file
	.short	11112                           @ DW_AT_decl_line
	.byte	0                               @ DW_AT_data_member_location
	.byte	29                              @ Abbrev [29] 0x32ed:0x30 DW_TAG_union_type
	.byte	4                               @ DW_AT_byte_size
	.byte	2                               @ DW_AT_decl_file
	.short	11112                           @ DW_AT_decl_line
	.byte	28                              @ Abbrev [28] 0x32f2:0x9 DW_TAG_member
	.long	13051                           @ DW_AT_type
	.byte	2                               @ DW_AT_decl_file
	.short	11114                           @ DW_AT_decl_line
	.byte	0                               @ DW_AT_data_member_location
	.byte	30                              @ Abbrev [30] 0x32fb:0x14 DW_TAG_structure_type
	.byte	4                               @ DW_AT_byte_size
	.byte	2                               @ DW_AT_decl_file
	.short	11114                           @ DW_AT_decl_line
	.byte	31                              @ Abbrev [31] 0x3300:0xe DW_TAG_member
	.long	.Linfo_string432                @ DW_AT_name
	.long	1206                            @ DW_AT_type
	.byte	2                               @ DW_AT_decl_file
	.short	11116                           @ DW_AT_decl_line
	.byte	32                              @ DW_AT_bit_size
	.byte	0                               @ DW_AT_data_bit_offset
	.byte	0                               @ End Of Children Mark
	.byte	25                              @ Abbrev [25] 0x330f:0xd DW_TAG_member
	.long	.Linfo_string178                @ DW_AT_name
	.long	1206                            @ DW_AT_type
	.byte	2                               @ DW_AT_decl_file
	.short	11118                           @ DW_AT_decl_line
	.byte	0                               @ DW_AT_data_member_location
	.byte	0                               @ End Of Children Mark
	.byte	0                               @ End Of Children Mark
	.byte	27                              @ Abbrev [27] 0x331e:0x43 DW_TAG_structure_type
	.long	.Linfo_string536                @ DW_AT_name
	.byte	4                               @ DW_AT_byte_size
	.byte	2                               @ DW_AT_decl_file
	.short	11171                           @ DW_AT_decl_line
	.byte	28                              @ Abbrev [28] 0x3327:0x9 DW_TAG_member
	.long	13104                           @ DW_AT_type
	.byte	2                               @ DW_AT_decl_file
	.short	11174                           @ DW_AT_decl_line
	.byte	0                               @ DW_AT_data_member_location
	.byte	29                              @ Abbrev [29] 0x3330:0x30 DW_TAG_union_type
	.byte	4                               @ DW_AT_byte_size
	.byte	2                               @ DW_AT_decl_file
	.short	11174                           @ DW_AT_decl_line
	.byte	28                              @ Abbrev [28] 0x3335:0x9 DW_TAG_member
	.long	13118                           @ DW_AT_type
	.byte	2                               @ DW_AT_decl_file
	.short	11176                           @ DW_AT_decl_line
	.byte	0                               @ DW_AT_data_member_location
	.byte	30                              @ Abbrev [30] 0x333e:0x14 DW_TAG_structure_type
	.byte	4                               @ DW_AT_byte_size
	.byte	2                               @ DW_AT_decl_file
	.short	11176                           @ DW_AT_decl_line
	.byte	31                              @ Abbrev [31] 0x3343:0xe DW_TAG_member
	.long	.Linfo_string432                @ DW_AT_name
	.long	1206                            @ DW_AT_type
	.byte	2                               @ DW_AT_decl_file
	.short	11178                           @ DW_AT_decl_line
	.byte	32                              @ DW_AT_bit_size
	.byte	0                               @ DW_AT_data_bit_offset
	.byte	0                               @ End Of Children Mark
	.byte	25                              @ Abbrev [25] 0x3352:0xd DW_TAG_member
	.long	.Linfo_string178                @ DW_AT_name
	.long	1206                            @ DW_AT_type
	.byte	2                               @ DW_AT_decl_file
	.short	11180                           @ DW_AT_decl_line
	.byte	0                               @ DW_AT_data_member_location
	.byte	0                               @ End Of Children Mark
	.byte	0                               @ End Of Children Mark
	.byte	27                              @ Abbrev [27] 0x3361:0x43 DW_TAG_structure_type
	.long	.Linfo_string538                @ DW_AT_name
	.byte	4                               @ DW_AT_byte_size
	.byte	2                               @ DW_AT_decl_file
	.short	11233                           @ DW_AT_decl_line
	.byte	28                              @ Abbrev [28] 0x336a:0x9 DW_TAG_member
	.long	13171                           @ DW_AT_type
	.byte	2                               @ DW_AT_decl_file
	.short	11236                           @ DW_AT_decl_line
	.byte	0                               @ DW_AT_data_member_location
	.byte	29                              @ Abbrev [29] 0x3373:0x30 DW_TAG_union_type
	.byte	4                               @ DW_AT_byte_size
	.byte	2                               @ DW_AT_decl_file
	.short	11236                           @ DW_AT_decl_line
	.byte	28                              @ Abbrev [28] 0x3378:0x9 DW_TAG_member
	.long	13185                           @ DW_AT_type
	.byte	2                               @ DW_AT_decl_file
	.short	11238                           @ DW_AT_decl_line
	.byte	0                               @ DW_AT_data_member_location
	.byte	30                              @ Abbrev [30] 0x3381:0x14 DW_TAG_structure_type
	.byte	4                               @ DW_AT_byte_size
	.byte	2                               @ DW_AT_decl_file
	.short	11238                           @ DW_AT_decl_line
	.byte	31                              @ Abbrev [31] 0x3386:0xe DW_TAG_member
	.long	.Linfo_string432                @ DW_AT_name
	.long	1206                            @ DW_AT_type
	.byte	2                               @ DW_AT_decl_file
	.short	11240                           @ DW_AT_decl_line
	.byte	32                              @ DW_AT_bit_size
	.byte	0                               @ DW_AT_data_bit_offset
	.byte	0                               @ End Of Children Mark
	.byte	25                              @ Abbrev [25] 0x3395:0xd DW_TAG_member
	.long	.Linfo_string178                @ DW_AT_name
	.long	1206                            @ DW_AT_type
	.byte	2                               @ DW_AT_decl_file
	.short	11242                           @ DW_AT_decl_line
	.byte	0                               @ DW_AT_data_member_location
	.byte	0                               @ End Of Children Mark
	.byte	0                               @ End Of Children Mark
	.byte	27                              @ Abbrev [27] 0x33a4:0x43 DW_TAG_structure_type
	.long	.Linfo_string540                @ DW_AT_name
	.byte	4                               @ DW_AT_byte_size
	.byte	2                               @ DW_AT_decl_file
	.short	11295                           @ DW_AT_decl_line
	.byte	28                              @ Abbrev [28] 0x33ad:0x9 DW_TAG_member
	.long	13238                           @ DW_AT_type
	.byte	2                               @ DW_AT_decl_file
	.short	11298                           @ DW_AT_decl_line
	.byte	0                               @ DW_AT_data_member_location
	.byte	29                              @ Abbrev [29] 0x33b6:0x30 DW_TAG_union_type
	.byte	4                               @ DW_AT_byte_size
	.byte	2                               @ DW_AT_decl_file
	.short	11298                           @ DW_AT_decl_line
	.byte	28                              @ Abbrev [28] 0x33bb:0x9 DW_TAG_member
	.long	13252                           @ DW_AT_type
	.byte	2                               @ DW_AT_decl_file
	.short	11300                           @ DW_AT_decl_line
	.byte	0                               @ DW_AT_data_member_location
	.byte	30                              @ Abbrev [30] 0x33c4:0x14 DW_TAG_structure_type
	.byte	4                               @ DW_AT_byte_size
	.byte	2                               @ DW_AT_decl_file
	.short	11300                           @ DW_AT_decl_line
	.byte	31                              @ Abbrev [31] 0x33c9:0xe DW_TAG_member
	.long	.Linfo_string432                @ DW_AT_name
	.long	1206                            @ DW_AT_type
	.byte	2                               @ DW_AT_decl_file
	.short	11302                           @ DW_AT_decl_line
	.byte	32                              @ DW_AT_bit_size
	.byte	0                               @ DW_AT_data_bit_offset
	.byte	0                               @ End Of Children Mark
	.byte	25                              @ Abbrev [25] 0x33d8:0xd DW_TAG_member
	.long	.Linfo_string178                @ DW_AT_name
	.long	1206                            @ DW_AT_type
	.byte	2                               @ DW_AT_decl_file
	.short	11304                           @ DW_AT_decl_line
	.byte	0                               @ DW_AT_data_member_location
	.byte	0                               @ End Of Children Mark
	.byte	0                               @ End Of Children Mark
	.byte	27                              @ Abbrev [27] 0x33e7:0x43 DW_TAG_structure_type
	.long	.Linfo_string542                @ DW_AT_name
	.byte	4                               @ DW_AT_byte_size
	.byte	2                               @ DW_AT_decl_file
	.short	11357                           @ DW_AT_decl_line
	.byte	28                              @ Abbrev [28] 0x33f0:0x9 DW_TAG_member
	.long	13305                           @ DW_AT_type
	.byte	2                               @ DW_AT_decl_file
	.short	11360                           @ DW_AT_decl_line
	.byte	0                               @ DW_AT_data_member_location
	.byte	29                              @ Abbrev [29] 0x33f9:0x30 DW_TAG_union_type
	.byte	4                               @ DW_AT_byte_size
	.byte	2                               @ DW_AT_decl_file
	.short	11360                           @ DW_AT_decl_line
	.byte	28                              @ Abbrev [28] 0x33fe:0x9 DW_TAG_member
	.long	13319                           @ DW_AT_type
	.byte	2                               @ DW_AT_decl_file
	.short	11362                           @ DW_AT_decl_line
	.byte	0                               @ DW_AT_data_member_location
	.byte	30                              @ Abbrev [30] 0x3407:0x14 DW_TAG_structure_type
	.byte	4                               @ DW_AT_byte_size
	.byte	2                               @ DW_AT_decl_file
	.short	11362                           @ DW_AT_decl_line
	.byte	31                              @ Abbrev [31] 0x340c:0xe DW_TAG_member
	.long	.Linfo_string432                @ DW_AT_name
	.long	1206                            @ DW_AT_type
	.byte	2                               @ DW_AT_decl_file
	.short	11364                           @ DW_AT_decl_line
	.byte	32                              @ DW_AT_bit_size
	.byte	0                               @ DW_AT_data_bit_offset
	.byte	0                               @ End Of Children Mark
	.byte	25                              @ Abbrev [25] 0x341b:0xd DW_TAG_member
	.long	.Linfo_string178                @ DW_AT_name
	.long	1206                            @ DW_AT_type
	.byte	2                               @ DW_AT_decl_file
	.short	11366                           @ DW_AT_decl_line
	.byte	0                               @ DW_AT_data_member_location
	.byte	0                               @ End Of Children Mark
	.byte	0                               @ End Of Children Mark
	.byte	27                              @ Abbrev [27] 0x342a:0x43 DW_TAG_structure_type
	.long	.Linfo_string544                @ DW_AT_name
	.byte	4                               @ DW_AT_byte_size
	.byte	2                               @ DW_AT_decl_file
	.short	11419                           @ DW_AT_decl_line
	.byte	28                              @ Abbrev [28] 0x3433:0x9 DW_TAG_member
	.long	13372                           @ DW_AT_type
	.byte	2                               @ DW_AT_decl_file
	.short	11422                           @ DW_AT_decl_line
	.byte	0                               @ DW_AT_data_member_location
	.byte	29                              @ Abbrev [29] 0x343c:0x30 DW_TAG_union_type
	.byte	4                               @ DW_AT_byte_size
	.byte	2                               @ DW_AT_decl_file
	.short	11422                           @ DW_AT_decl_line
	.byte	28                              @ Abbrev [28] 0x3441:0x9 DW_TAG_member
	.long	13386                           @ DW_AT_type
	.byte	2                               @ DW_AT_decl_file
	.short	11424                           @ DW_AT_decl_line
	.byte	0                               @ DW_AT_data_member_location
	.byte	30                              @ Abbrev [30] 0x344a:0x14 DW_TAG_structure_type
	.byte	4                               @ DW_AT_byte_size
	.byte	2                               @ DW_AT_decl_file
	.short	11424                           @ DW_AT_decl_line
	.byte	31                              @ Abbrev [31] 0x344f:0xe DW_TAG_member
	.long	.Linfo_string432                @ DW_AT_name
	.long	1206                            @ DW_AT_type
	.byte	2                               @ DW_AT_decl_file
	.short	11426                           @ DW_AT_decl_line
	.byte	32                              @ DW_AT_bit_size
	.byte	0                               @ DW_AT_data_bit_offset
	.byte	0                               @ End Of Children Mark
	.byte	25                              @ Abbrev [25] 0x345e:0xd DW_TAG_member
	.long	.Linfo_string178                @ DW_AT_name
	.long	1206                            @ DW_AT_type
	.byte	2                               @ DW_AT_decl_file
	.short	11428                           @ DW_AT_decl_line
	.byte	0                               @ DW_AT_data_member_location
	.byte	0                               @ End Of Children Mark
	.byte	0                               @ End Of Children Mark
	.byte	27                              @ Abbrev [27] 0x346d:0x43 DW_TAG_structure_type
	.long	.Linfo_string546                @ DW_AT_name
	.byte	4                               @ DW_AT_byte_size
	.byte	2                               @ DW_AT_decl_file
	.short	11481                           @ DW_AT_decl_line
	.byte	28                              @ Abbrev [28] 0x3476:0x9 DW_TAG_member
	.long	13439                           @ DW_AT_type
	.byte	2                               @ DW_AT_decl_file
	.short	11484                           @ DW_AT_decl_line
	.byte	0                               @ DW_AT_data_member_location
	.byte	29                              @ Abbrev [29] 0x347f:0x30 DW_TAG_union_type
	.byte	4                               @ DW_AT_byte_size
	.byte	2                               @ DW_AT_decl_file
	.short	11484                           @ DW_AT_decl_line
	.byte	28                              @ Abbrev [28] 0x3484:0x9 DW_TAG_member
	.long	13453                           @ DW_AT_type
	.byte	2                               @ DW_AT_decl_file
	.short	11486                           @ DW_AT_decl_line
	.byte	0                               @ DW_AT_data_member_location
	.byte	30                              @ Abbrev [30] 0x348d:0x14 DW_TAG_structure_type
	.byte	4                               @ DW_AT_byte_size
	.byte	2                               @ DW_AT_decl_file
	.short	11486                           @ DW_AT_decl_line
	.byte	31                              @ Abbrev [31] 0x3492:0xe DW_TAG_member
	.long	.Linfo_string432                @ DW_AT_name
	.long	1206                            @ DW_AT_type
	.byte	2                               @ DW_AT_decl_file
	.short	11488                           @ DW_AT_decl_line
	.byte	32                              @ DW_AT_bit_size
	.byte	0                               @ DW_AT_data_bit_offset
	.byte	0                               @ End Of Children Mark
	.byte	25                              @ Abbrev [25] 0x34a1:0xd DW_TAG_member
	.long	.Linfo_string178                @ DW_AT_name
	.long	1206                            @ DW_AT_type
	.byte	2                               @ DW_AT_decl_file
	.short	11490                           @ DW_AT_decl_line
	.byte	0                               @ DW_AT_data_member_location
	.byte	0                               @ End Of Children Mark
	.byte	0                               @ End Of Children Mark
	.byte	27                              @ Abbrev [27] 0x34b0:0x43 DW_TAG_structure_type
	.long	.Linfo_string548                @ DW_AT_name
	.byte	4                               @ DW_AT_byte_size
	.byte	2                               @ DW_AT_decl_file
	.short	11543                           @ DW_AT_decl_line
	.byte	28                              @ Abbrev [28] 0x34b9:0x9 DW_TAG_member
	.long	13506                           @ DW_AT_type
	.byte	2                               @ DW_AT_decl_file
	.short	11546                           @ DW_AT_decl_line
	.byte	0                               @ DW_AT_data_member_location
	.byte	29                              @ Abbrev [29] 0x34c2:0x30 DW_TAG_union_type
	.byte	4                               @ DW_AT_byte_size
	.byte	2                               @ DW_AT_decl_file
	.short	11546                           @ DW_AT_decl_line
	.byte	28                              @ Abbrev [28] 0x34c7:0x9 DW_TAG_member
	.long	13520                           @ DW_AT_type
	.byte	2                               @ DW_AT_decl_file
	.short	11548                           @ DW_AT_decl_line
	.byte	0                               @ DW_AT_data_member_location
	.byte	30                              @ Abbrev [30] 0x34d0:0x14 DW_TAG_structure_type
	.byte	4                               @ DW_AT_byte_size
	.byte	2                               @ DW_AT_decl_file
	.short	11548                           @ DW_AT_decl_line
	.byte	31                              @ Abbrev [31] 0x34d5:0xe DW_TAG_member
	.long	.Linfo_string432                @ DW_AT_name
	.long	1206                            @ DW_AT_type
	.byte	2                               @ DW_AT_decl_file
	.short	11550                           @ DW_AT_decl_line
	.byte	32                              @ DW_AT_bit_size
	.byte	0                               @ DW_AT_data_bit_offset
	.byte	0                               @ End Of Children Mark
	.byte	25                              @ Abbrev [25] 0x34e4:0xd DW_TAG_member
	.long	.Linfo_string178                @ DW_AT_name
	.long	1206                            @ DW_AT_type
	.byte	2                               @ DW_AT_decl_file
	.short	11552                           @ DW_AT_decl_line
	.byte	0                               @ DW_AT_data_member_location
	.byte	0                               @ End Of Children Mark
	.byte	0                               @ End Of Children Mark
	.byte	27                              @ Abbrev [27] 0x34f3:0x43 DW_TAG_structure_type
	.long	.Linfo_string550                @ DW_AT_name
	.byte	4                               @ DW_AT_byte_size
	.byte	2                               @ DW_AT_decl_file
	.short	11605                           @ DW_AT_decl_line
	.byte	28                              @ Abbrev [28] 0x34fc:0x9 DW_TAG_member
	.long	13573                           @ DW_AT_type
	.byte	2                               @ DW_AT_decl_file
	.short	11608                           @ DW_AT_decl_line
	.byte	0                               @ DW_AT_data_member_location
	.byte	29                              @ Abbrev [29] 0x3505:0x30 DW_TAG_union_type
	.byte	4                               @ DW_AT_byte_size
	.byte	2                               @ DW_AT_decl_file
	.short	11608                           @ DW_AT_decl_line
	.byte	28                              @ Abbrev [28] 0x350a:0x9 DW_TAG_member
	.long	13587                           @ DW_AT_type
	.byte	2                               @ DW_AT_decl_file
	.short	11610                           @ DW_AT_decl_line
	.byte	0                               @ DW_AT_data_member_location
	.byte	30                              @ Abbrev [30] 0x3513:0x14 DW_TAG_structure_type
	.byte	4                               @ DW_AT_byte_size
	.byte	2                               @ DW_AT_decl_file
	.short	11610                           @ DW_AT_decl_line
	.byte	31                              @ Abbrev [31] 0x3518:0xe DW_TAG_member
	.long	.Linfo_string432                @ DW_AT_name
	.long	1206                            @ DW_AT_type
	.byte	2                               @ DW_AT_decl_file
	.short	11612                           @ DW_AT_decl_line
	.byte	32                              @ DW_AT_bit_size
	.byte	0                               @ DW_AT_data_bit_offset
	.byte	0                               @ End Of Children Mark
	.byte	25                              @ Abbrev [25] 0x3527:0xd DW_TAG_member
	.long	.Linfo_string178                @ DW_AT_name
	.long	1206                            @ DW_AT_type
	.byte	2                               @ DW_AT_decl_file
	.short	11614                           @ DW_AT_decl_line
	.byte	0                               @ DW_AT_data_member_location
	.byte	0                               @ End Of Children Mark
	.byte	0                               @ End Of Children Mark
	.byte	27                              @ Abbrev [27] 0x3536:0x43 DW_TAG_structure_type
	.long	.Linfo_string553                @ DW_AT_name
	.byte	4                               @ DW_AT_byte_size
	.byte	2                               @ DW_AT_decl_file
	.short	11667                           @ DW_AT_decl_line
	.byte	28                              @ Abbrev [28] 0x353f:0x9 DW_TAG_member
	.long	13640                           @ DW_AT_type
	.byte	2                               @ DW_AT_decl_file
	.short	11670                           @ DW_AT_decl_line
	.byte	0                               @ DW_AT_data_member_location
	.byte	29                              @ Abbrev [29] 0x3548:0x30 DW_TAG_union_type
	.byte	4                               @ DW_AT_byte_size
	.byte	2                               @ DW_AT_decl_file
	.short	11670                           @ DW_AT_decl_line
	.byte	28                              @ Abbrev [28] 0x354d:0x9 DW_TAG_member
	.long	13654                           @ DW_AT_type
	.byte	2                               @ DW_AT_decl_file
	.short	11672                           @ DW_AT_decl_line
	.byte	0                               @ DW_AT_data_member_location
	.byte	30                              @ Abbrev [30] 0x3556:0x14 DW_TAG_structure_type
	.byte	4                               @ DW_AT_byte_size
	.byte	2                               @ DW_AT_decl_file
	.short	11672                           @ DW_AT_decl_line
	.byte	31                              @ Abbrev [31] 0x355b:0xe DW_TAG_member
	.long	.Linfo_string432                @ DW_AT_name
	.long	1206                            @ DW_AT_type
	.byte	2                               @ DW_AT_decl_file
	.short	11674                           @ DW_AT_decl_line
	.byte	32                              @ DW_AT_bit_size
	.byte	0                               @ DW_AT_data_bit_offset
	.byte	0                               @ End Of Children Mark
	.byte	25                              @ Abbrev [25] 0x356a:0xd DW_TAG_member
	.long	.Linfo_string178                @ DW_AT_name
	.long	1206                            @ DW_AT_type
	.byte	2                               @ DW_AT_decl_file
	.short	11676                           @ DW_AT_decl_line
	.byte	0                               @ DW_AT_data_member_location
	.byte	0                               @ End Of Children Mark
	.byte	0                               @ End Of Children Mark
	.byte	27                              @ Abbrev [27] 0x3579:0x43 DW_TAG_structure_type
	.long	.Linfo_string555                @ DW_AT_name
	.byte	4                               @ DW_AT_byte_size
	.byte	2                               @ DW_AT_decl_file
	.short	11729                           @ DW_AT_decl_line
	.byte	28                              @ Abbrev [28] 0x3582:0x9 DW_TAG_member
	.long	13707                           @ DW_AT_type
	.byte	2                               @ DW_AT_decl_file
	.short	11732                           @ DW_AT_decl_line
	.byte	0                               @ DW_AT_data_member_location
	.byte	29                              @ Abbrev [29] 0x358b:0x30 DW_TAG_union_type
	.byte	4                               @ DW_AT_byte_size
	.byte	2                               @ DW_AT_decl_file
	.short	11732                           @ DW_AT_decl_line
	.byte	28                              @ Abbrev [28] 0x3590:0x9 DW_TAG_member
	.long	13721                           @ DW_AT_type
	.byte	2                               @ DW_AT_decl_file
	.short	11734                           @ DW_AT_decl_line
	.byte	0                               @ DW_AT_data_member_location
	.byte	30                              @ Abbrev [30] 0x3599:0x14 DW_TAG_structure_type
	.byte	4                               @ DW_AT_byte_size
	.byte	2                               @ DW_AT_decl_file
	.short	11734                           @ DW_AT_decl_line
	.byte	31                              @ Abbrev [31] 0x359e:0xe DW_TAG_member
	.long	.Linfo_string432                @ DW_AT_name
	.long	1206                            @ DW_AT_type
	.byte	2                               @ DW_AT_decl_file
	.short	11736                           @ DW_AT_decl_line
	.byte	32                              @ DW_AT_bit_size
	.byte	0                               @ DW_AT_data_bit_offset
	.byte	0                               @ End Of Children Mark
	.byte	25                              @ Abbrev [25] 0x35ad:0xd DW_TAG_member
	.long	.Linfo_string178                @ DW_AT_name
	.long	1206                            @ DW_AT_type
	.byte	2                               @ DW_AT_decl_file
	.short	11738                           @ DW_AT_decl_line
	.byte	0                               @ DW_AT_data_member_location
	.byte	0                               @ End Of Children Mark
	.byte	0                               @ End Of Children Mark
	.byte	27                              @ Abbrev [27] 0x35bc:0x43 DW_TAG_structure_type
	.long	.Linfo_string557                @ DW_AT_name
	.byte	4                               @ DW_AT_byte_size
	.byte	2                               @ DW_AT_decl_file
	.short	11791                           @ DW_AT_decl_line
	.byte	28                              @ Abbrev [28] 0x35c5:0x9 DW_TAG_member
	.long	13774                           @ DW_AT_type
	.byte	2                               @ DW_AT_decl_file
	.short	11794                           @ DW_AT_decl_line
	.byte	0                               @ DW_AT_data_member_location
	.byte	29                              @ Abbrev [29] 0x35ce:0x30 DW_TAG_union_type
	.byte	4                               @ DW_AT_byte_size
	.byte	2                               @ DW_AT_decl_file
	.short	11794                           @ DW_AT_decl_line
	.byte	28                              @ Abbrev [28] 0x35d3:0x9 DW_TAG_member
	.long	13788                           @ DW_AT_type
	.byte	2                               @ DW_AT_decl_file
	.short	11796                           @ DW_AT_decl_line
	.byte	0                               @ DW_AT_data_member_location
	.byte	30                              @ Abbrev [30] 0x35dc:0x14 DW_TAG_structure_type
	.byte	4                               @ DW_AT_byte_size
	.byte	2                               @ DW_AT_decl_file
	.short	11796                           @ DW_AT_decl_line
	.byte	31                              @ Abbrev [31] 0x35e1:0xe DW_TAG_member
	.long	.Linfo_string432                @ DW_AT_name
	.long	1206                            @ DW_AT_type
	.byte	2                               @ DW_AT_decl_file
	.short	11798                           @ DW_AT_decl_line
	.byte	32                              @ DW_AT_bit_size
	.byte	0                               @ DW_AT_data_bit_offset
	.byte	0                               @ End Of Children Mark
	.byte	25                              @ Abbrev [25] 0x35f0:0xd DW_TAG_member
	.long	.Linfo_string178                @ DW_AT_name
	.long	1206                            @ DW_AT_type
	.byte	2                               @ DW_AT_decl_file
	.short	11800                           @ DW_AT_decl_line
	.byte	0                               @ DW_AT_data_member_location
	.byte	0                               @ End Of Children Mark
	.byte	0                               @ End Of Children Mark
	.byte	27                              @ Abbrev [27] 0x35ff:0x43 DW_TAG_structure_type
	.long	.Linfo_string560                @ DW_AT_name
	.byte	4                               @ DW_AT_byte_size
	.byte	2                               @ DW_AT_decl_file
	.short	11853                           @ DW_AT_decl_line
	.byte	28                              @ Abbrev [28] 0x3608:0x9 DW_TAG_member
	.long	13841                           @ DW_AT_type
	.byte	2                               @ DW_AT_decl_file
	.short	11856                           @ DW_AT_decl_line
	.byte	0                               @ DW_AT_data_member_location
	.byte	29                              @ Abbrev [29] 0x3611:0x30 DW_TAG_union_type
	.byte	4                               @ DW_AT_byte_size
	.byte	2                               @ DW_AT_decl_file
	.short	11856                           @ DW_AT_decl_line
	.byte	28                              @ Abbrev [28] 0x3616:0x9 DW_TAG_member
	.long	13855                           @ DW_AT_type
	.byte	2                               @ DW_AT_decl_file
	.short	11858                           @ DW_AT_decl_line
	.byte	0                               @ DW_AT_data_member_location
	.byte	30                              @ Abbrev [30] 0x361f:0x14 DW_TAG_structure_type
	.byte	4                               @ DW_AT_byte_size
	.byte	2                               @ DW_AT_decl_file
	.short	11858                           @ DW_AT_decl_line
	.byte	31                              @ Abbrev [31] 0x3624:0xe DW_TAG_member
	.long	.Linfo_string432                @ DW_AT_name
	.long	1206                            @ DW_AT_type
	.byte	2                               @ DW_AT_decl_file
	.short	11860                           @ DW_AT_decl_line
	.byte	32                              @ DW_AT_bit_size
	.byte	0                               @ DW_AT_data_bit_offset
	.byte	0                               @ End Of Children Mark
	.byte	25                              @ Abbrev [25] 0x3633:0xd DW_TAG_member
	.long	.Linfo_string178                @ DW_AT_name
	.long	1206                            @ DW_AT_type
	.byte	2                               @ DW_AT_decl_file
	.short	11862                           @ DW_AT_decl_line
	.byte	0                               @ DW_AT_data_member_location
	.byte	0                               @ End Of Children Mark
	.byte	0                               @ End Of Children Mark
	.byte	27                              @ Abbrev [27] 0x3642:0x43 DW_TAG_structure_type
	.long	.Linfo_string562                @ DW_AT_name
	.byte	4                               @ DW_AT_byte_size
	.byte	2                               @ DW_AT_decl_file
	.short	11915                           @ DW_AT_decl_line
	.byte	28                              @ Abbrev [28] 0x364b:0x9 DW_TAG_member
	.long	13908                           @ DW_AT_type
	.byte	2                               @ DW_AT_decl_file
	.short	11918                           @ DW_AT_decl_line
	.byte	0                               @ DW_AT_data_member_location
	.byte	29                              @ Abbrev [29] 0x3654:0x30 DW_TAG_union_type
	.byte	4                               @ DW_AT_byte_size
	.byte	2                               @ DW_AT_decl_file
	.short	11918                           @ DW_AT_decl_line
	.byte	28                              @ Abbrev [28] 0x3659:0x9 DW_TAG_member
	.long	13922                           @ DW_AT_type
	.byte	2                               @ DW_AT_decl_file
	.short	11920                           @ DW_AT_decl_line
	.byte	0                               @ DW_AT_data_member_location
	.byte	30                              @ Abbrev [30] 0x3662:0x14 DW_TAG_structure_type
	.byte	4                               @ DW_AT_byte_size
	.byte	2                               @ DW_AT_decl_file
	.short	11920                           @ DW_AT_decl_line
	.byte	31                              @ Abbrev [31] 0x3667:0xe DW_TAG_member
	.long	.Linfo_string432                @ DW_AT_name
	.long	1206                            @ DW_AT_type
	.byte	2                               @ DW_AT_decl_file
	.short	11922                           @ DW_AT_decl_line
	.byte	32                              @ DW_AT_bit_size
	.byte	0                               @ DW_AT_data_bit_offset
	.byte	0                               @ End Of Children Mark
	.byte	25                              @ Abbrev [25] 0x3676:0xd DW_TAG_member
	.long	.Linfo_string178                @ DW_AT_name
	.long	1206                            @ DW_AT_type
	.byte	2                               @ DW_AT_decl_file
	.short	11924                           @ DW_AT_decl_line
	.byte	0                               @ DW_AT_data_member_location
	.byte	0                               @ End Of Children Mark
	.byte	0                               @ End Of Children Mark
	.byte	27                              @ Abbrev [27] 0x3685:0x43 DW_TAG_structure_type
	.long	.Linfo_string564                @ DW_AT_name
	.byte	4                               @ DW_AT_byte_size
	.byte	2                               @ DW_AT_decl_file
	.short	11977                           @ DW_AT_decl_line
	.byte	28                              @ Abbrev [28] 0x368e:0x9 DW_TAG_member
	.long	13975                           @ DW_AT_type
	.byte	2                               @ DW_AT_decl_file
	.short	11980                           @ DW_AT_decl_line
	.byte	0                               @ DW_AT_data_member_location
	.byte	29                              @ Abbrev [29] 0x3697:0x30 DW_TAG_union_type
	.byte	4                               @ DW_AT_byte_size
	.byte	2                               @ DW_AT_decl_file
	.short	11980                           @ DW_AT_decl_line
	.byte	28                              @ Abbrev [28] 0x369c:0x9 DW_TAG_member
	.long	13989                           @ DW_AT_type
	.byte	2                               @ DW_AT_decl_file
	.short	11982                           @ DW_AT_decl_line
	.byte	0                               @ DW_AT_data_member_location
	.byte	30                              @ Abbrev [30] 0x36a5:0x14 DW_TAG_structure_type
	.byte	4                               @ DW_AT_byte_size
	.byte	2                               @ DW_AT_decl_file
	.short	11982                           @ DW_AT_decl_line
	.byte	31                              @ Abbrev [31] 0x36aa:0xe DW_TAG_member
	.long	.Linfo_string432                @ DW_AT_name
	.long	1206                            @ DW_AT_type
	.byte	2                               @ DW_AT_decl_file
	.short	11984                           @ DW_AT_decl_line
	.byte	32                              @ DW_AT_bit_size
	.byte	0                               @ DW_AT_data_bit_offset
	.byte	0                               @ End Of Children Mark
	.byte	25                              @ Abbrev [25] 0x36b9:0xd DW_TAG_member
	.long	.Linfo_string178                @ DW_AT_name
	.long	1206                            @ DW_AT_type
	.byte	2                               @ DW_AT_decl_file
	.short	11986                           @ DW_AT_decl_line
	.byte	0                               @ DW_AT_data_member_location
	.byte	0                               @ End Of Children Mark
	.byte	0                               @ End Of Children Mark
	.byte	27                              @ Abbrev [27] 0x36c8:0x43 DW_TAG_structure_type
	.long	.Linfo_string566                @ DW_AT_name
	.byte	4                               @ DW_AT_byte_size
	.byte	2                               @ DW_AT_decl_file
	.short	12039                           @ DW_AT_decl_line
	.byte	28                              @ Abbrev [28] 0x36d1:0x9 DW_TAG_member
	.long	14042                           @ DW_AT_type
	.byte	2                               @ DW_AT_decl_file
	.short	12042                           @ DW_AT_decl_line
	.byte	0                               @ DW_AT_data_member_location
	.byte	29                              @ Abbrev [29] 0x36da:0x30 DW_TAG_union_type
	.byte	4                               @ DW_AT_byte_size
	.byte	2                               @ DW_AT_decl_file
	.short	12042                           @ DW_AT_decl_line
	.byte	28                              @ Abbrev [28] 0x36df:0x9 DW_TAG_member
	.long	14056                           @ DW_AT_type
	.byte	2                               @ DW_AT_decl_file
	.short	12044                           @ DW_AT_decl_line
	.byte	0                               @ DW_AT_data_member_location
	.byte	30                              @ Abbrev [30] 0x36e8:0x14 DW_TAG_structure_type
	.byte	4                               @ DW_AT_byte_size
	.byte	2                               @ DW_AT_decl_file
	.short	12044                           @ DW_AT_decl_line
	.byte	31                              @ Abbrev [31] 0x36ed:0xe DW_TAG_member
	.long	.Linfo_string432                @ DW_AT_name
	.long	1206                            @ DW_AT_type
	.byte	2                               @ DW_AT_decl_file
	.short	12046                           @ DW_AT_decl_line
	.byte	32                              @ DW_AT_bit_size
	.byte	0                               @ DW_AT_data_bit_offset
	.byte	0                               @ End Of Children Mark
	.byte	25                              @ Abbrev [25] 0x36fc:0xd DW_TAG_member
	.long	.Linfo_string178                @ DW_AT_name
	.long	1206                            @ DW_AT_type
	.byte	2                               @ DW_AT_decl_file
	.short	12048                           @ DW_AT_decl_line
	.byte	0                               @ DW_AT_data_member_location
	.byte	0                               @ End Of Children Mark
	.byte	0                               @ End Of Children Mark
	.byte	27                              @ Abbrev [27] 0x370b:0x43 DW_TAG_structure_type
	.long	.Linfo_string569                @ DW_AT_name
	.byte	4                               @ DW_AT_byte_size
	.byte	2                               @ DW_AT_decl_file
	.short	12101                           @ DW_AT_decl_line
	.byte	28                              @ Abbrev [28] 0x3714:0x9 DW_TAG_member
	.long	14109                           @ DW_AT_type
	.byte	2                               @ DW_AT_decl_file
	.short	12104                           @ DW_AT_decl_line
	.byte	0                               @ DW_AT_data_member_location
	.byte	29                              @ Abbrev [29] 0x371d:0x30 DW_TAG_union_type
	.byte	4                               @ DW_AT_byte_size
	.byte	2                               @ DW_AT_decl_file
	.short	12104                           @ DW_AT_decl_line
	.byte	28                              @ Abbrev [28] 0x3722:0x9 DW_TAG_member
	.long	14123                           @ DW_AT_type
	.byte	2                               @ DW_AT_decl_file
	.short	12106                           @ DW_AT_decl_line
	.byte	0                               @ DW_AT_data_member_location
	.byte	30                              @ Abbrev [30] 0x372b:0x14 DW_TAG_structure_type
	.byte	4                               @ DW_AT_byte_size
	.byte	2                               @ DW_AT_decl_file
	.short	12106                           @ DW_AT_decl_line
	.byte	31                              @ Abbrev [31] 0x3730:0xe DW_TAG_member
	.long	.Linfo_string432                @ DW_AT_name
	.long	1206                            @ DW_AT_type
	.byte	2                               @ DW_AT_decl_file
	.short	12108                           @ DW_AT_decl_line
	.byte	32                              @ DW_AT_bit_size
	.byte	0                               @ DW_AT_data_bit_offset
	.byte	0                               @ End Of Children Mark
	.byte	25                              @ Abbrev [25] 0x373f:0xd DW_TAG_member
	.long	.Linfo_string178                @ DW_AT_name
	.long	1206                            @ DW_AT_type
	.byte	2                               @ DW_AT_decl_file
	.short	12110                           @ DW_AT_decl_line
	.byte	0                               @ DW_AT_data_member_location
	.byte	0                               @ End Of Children Mark
	.byte	0                               @ End Of Children Mark
	.byte	27                              @ Abbrev [27] 0x374e:0x43 DW_TAG_structure_type
	.long	.Linfo_string571                @ DW_AT_name
	.byte	4                               @ DW_AT_byte_size
	.byte	2                               @ DW_AT_decl_file
	.short	12163                           @ DW_AT_decl_line
	.byte	28                              @ Abbrev [28] 0x3757:0x9 DW_TAG_member
	.long	14176                           @ DW_AT_type
	.byte	2                               @ DW_AT_decl_file
	.short	12166                           @ DW_AT_decl_line
	.byte	0                               @ DW_AT_data_member_location
	.byte	29                              @ Abbrev [29] 0x3760:0x30 DW_TAG_union_type
	.byte	4                               @ DW_AT_byte_size
	.byte	2                               @ DW_AT_decl_file
	.short	12166                           @ DW_AT_decl_line
	.byte	28                              @ Abbrev [28] 0x3765:0x9 DW_TAG_member
	.long	14190                           @ DW_AT_type
	.byte	2                               @ DW_AT_decl_file
	.short	12168                           @ DW_AT_decl_line
	.byte	0                               @ DW_AT_data_member_location
	.byte	30                              @ Abbrev [30] 0x376e:0x14 DW_TAG_structure_type
	.byte	4                               @ DW_AT_byte_size
	.byte	2                               @ DW_AT_decl_file
	.short	12168                           @ DW_AT_decl_line
	.byte	31                              @ Abbrev [31] 0x3773:0xe DW_TAG_member
	.long	.Linfo_string432                @ DW_AT_name
	.long	1206                            @ DW_AT_type
	.byte	2                               @ DW_AT_decl_file
	.short	12170                           @ DW_AT_decl_line
	.byte	32                              @ DW_AT_bit_size
	.byte	0                               @ DW_AT_data_bit_offset
	.byte	0                               @ End Of Children Mark
	.byte	25                              @ Abbrev [25] 0x3782:0xd DW_TAG_member
	.long	.Linfo_string178                @ DW_AT_name
	.long	1206                            @ DW_AT_type
	.byte	2                               @ DW_AT_decl_file
	.short	12172                           @ DW_AT_decl_line
	.byte	0                               @ DW_AT_data_member_location
	.byte	0                               @ End Of Children Mark
	.byte	0                               @ End Of Children Mark
	.byte	27                              @ Abbrev [27] 0x3791:0x43 DW_TAG_structure_type
	.long	.Linfo_string573                @ DW_AT_name
	.byte	4                               @ DW_AT_byte_size
	.byte	2                               @ DW_AT_decl_file
	.short	12225                           @ DW_AT_decl_line
	.byte	28                              @ Abbrev [28] 0x379a:0x9 DW_TAG_member
	.long	14243                           @ DW_AT_type
	.byte	2                               @ DW_AT_decl_file
	.short	12228                           @ DW_AT_decl_line
	.byte	0                               @ DW_AT_data_member_location
	.byte	29                              @ Abbrev [29] 0x37a3:0x30 DW_TAG_union_type
	.byte	4                               @ DW_AT_byte_size
	.byte	2                               @ DW_AT_decl_file
	.short	12228                           @ DW_AT_decl_line
	.byte	28                              @ Abbrev [28] 0x37a8:0x9 DW_TAG_member
	.long	14257                           @ DW_AT_type
	.byte	2                               @ DW_AT_decl_file
	.short	12230                           @ DW_AT_decl_line
	.byte	0                               @ DW_AT_data_member_location
	.byte	30                              @ Abbrev [30] 0x37b1:0x14 DW_TAG_structure_type
	.byte	4                               @ DW_AT_byte_size
	.byte	2                               @ DW_AT_decl_file
	.short	12230                           @ DW_AT_decl_line
	.byte	31                              @ Abbrev [31] 0x37b6:0xe DW_TAG_member
	.long	.Linfo_string432                @ DW_AT_name
	.long	1206                            @ DW_AT_type
	.byte	2                               @ DW_AT_decl_file
	.short	12232                           @ DW_AT_decl_line
	.byte	32                              @ DW_AT_bit_size
	.byte	0                               @ DW_AT_data_bit_offset
	.byte	0                               @ End Of Children Mark
	.byte	25                              @ Abbrev [25] 0x37c5:0xd DW_TAG_member
	.long	.Linfo_string178                @ DW_AT_name
	.long	1206                            @ DW_AT_type
	.byte	2                               @ DW_AT_decl_file
	.short	12234                           @ DW_AT_decl_line
	.byte	0                               @ DW_AT_data_member_location
	.byte	0                               @ End Of Children Mark
	.byte	0                               @ End Of Children Mark
	.byte	27                              @ Abbrev [27] 0x37d4:0x43 DW_TAG_structure_type
	.long	.Linfo_string575                @ DW_AT_name
	.byte	4                               @ DW_AT_byte_size
	.byte	2                               @ DW_AT_decl_file
	.short	12287                           @ DW_AT_decl_line
	.byte	28                              @ Abbrev [28] 0x37dd:0x9 DW_TAG_member
	.long	14310                           @ DW_AT_type
	.byte	2                               @ DW_AT_decl_file
	.short	12290                           @ DW_AT_decl_line
	.byte	0                               @ DW_AT_data_member_location
	.byte	29                              @ Abbrev [29] 0x37e6:0x30 DW_TAG_union_type
	.byte	4                               @ DW_AT_byte_size
	.byte	2                               @ DW_AT_decl_file
	.short	12290                           @ DW_AT_decl_line
	.byte	28                              @ Abbrev [28] 0x37eb:0x9 DW_TAG_member
	.long	14324                           @ DW_AT_type
	.byte	2                               @ DW_AT_decl_file
	.short	12292                           @ DW_AT_decl_line
	.byte	0                               @ DW_AT_data_member_location
	.byte	30                              @ Abbrev [30] 0x37f4:0x14 DW_TAG_structure_type
	.byte	4                               @ DW_AT_byte_size
	.byte	2                               @ DW_AT_decl_file
	.short	12292                           @ DW_AT_decl_line
	.byte	31                              @ Abbrev [31] 0x37f9:0xe DW_TAG_member
	.long	.Linfo_string432                @ DW_AT_name
	.long	1206                            @ DW_AT_type
	.byte	2                               @ DW_AT_decl_file
	.short	12294                           @ DW_AT_decl_line
	.byte	32                              @ DW_AT_bit_size
	.byte	0                               @ DW_AT_data_bit_offset
	.byte	0                               @ End Of Children Mark
	.byte	25                              @ Abbrev [25] 0x3808:0xd DW_TAG_member
	.long	.Linfo_string178                @ DW_AT_name
	.long	1206                            @ DW_AT_type
	.byte	2                               @ DW_AT_decl_file
	.short	12296                           @ DW_AT_decl_line
	.byte	0                               @ DW_AT_data_member_location
	.byte	0                               @ End Of Children Mark
	.byte	0                               @ End Of Children Mark
	.byte	27                              @ Abbrev [27] 0x3817:0x43 DW_TAG_structure_type
	.long	.Linfo_string577                @ DW_AT_name
	.byte	4                               @ DW_AT_byte_size
	.byte	2                               @ DW_AT_decl_file
	.short	12349                           @ DW_AT_decl_line
	.byte	28                              @ Abbrev [28] 0x3820:0x9 DW_TAG_member
	.long	14377                           @ DW_AT_type
	.byte	2                               @ DW_AT_decl_file
	.short	12352                           @ DW_AT_decl_line
	.byte	0                               @ DW_AT_data_member_location
	.byte	29                              @ Abbrev [29] 0x3829:0x30 DW_TAG_union_type
	.byte	4                               @ DW_AT_byte_size
	.byte	2                               @ DW_AT_decl_file
	.short	12352                           @ DW_AT_decl_line
	.byte	28                              @ Abbrev [28] 0x382e:0x9 DW_TAG_member
	.long	14391                           @ DW_AT_type
	.byte	2                               @ DW_AT_decl_file
	.short	12354                           @ DW_AT_decl_line
	.byte	0                               @ DW_AT_data_member_location
	.byte	30                              @ Abbrev [30] 0x3837:0x14 DW_TAG_structure_type
	.byte	4                               @ DW_AT_byte_size
	.byte	2                               @ DW_AT_decl_file
	.short	12354                           @ DW_AT_decl_line
	.byte	31                              @ Abbrev [31] 0x383c:0xe DW_TAG_member
	.long	.Linfo_string432                @ DW_AT_name
	.long	1206                            @ DW_AT_type
	.byte	2                               @ DW_AT_decl_file
	.short	12356                           @ DW_AT_decl_line
	.byte	32                              @ DW_AT_bit_size
	.byte	0                               @ DW_AT_data_bit_offset
	.byte	0                               @ End Of Children Mark
	.byte	25                              @ Abbrev [25] 0x384b:0xd DW_TAG_member
	.long	.Linfo_string178                @ DW_AT_name
	.long	1206                            @ DW_AT_type
	.byte	2                               @ DW_AT_decl_file
	.short	12358                           @ DW_AT_decl_line
	.byte	0                               @ DW_AT_data_member_location
	.byte	0                               @ End Of Children Mark
	.byte	0                               @ End Of Children Mark
	.byte	27                              @ Abbrev [27] 0x385a:0x43 DW_TAG_structure_type
	.long	.Linfo_string579                @ DW_AT_name
	.byte	4                               @ DW_AT_byte_size
	.byte	2                               @ DW_AT_decl_file
	.short	12411                           @ DW_AT_decl_line
	.byte	28                              @ Abbrev [28] 0x3863:0x9 DW_TAG_member
	.long	14444                           @ DW_AT_type
	.byte	2                               @ DW_AT_decl_file
	.short	12414                           @ DW_AT_decl_line
	.byte	0                               @ DW_AT_data_member_location
	.byte	29                              @ Abbrev [29] 0x386c:0x30 DW_TAG_union_type
	.byte	4                               @ DW_AT_byte_size
	.byte	2                               @ DW_AT_decl_file
	.short	12414                           @ DW_AT_decl_line
	.byte	28                              @ Abbrev [28] 0x3871:0x9 DW_TAG_member
	.long	14458                           @ DW_AT_type
	.byte	2                               @ DW_AT_decl_file
	.short	12416                           @ DW_AT_decl_line
	.byte	0                               @ DW_AT_data_member_location
	.byte	30                              @ Abbrev [30] 0x387a:0x14 DW_TAG_structure_type
	.byte	4                               @ DW_AT_byte_size
	.byte	2                               @ DW_AT_decl_file
	.short	12416                           @ DW_AT_decl_line
	.byte	31                              @ Abbrev [31] 0x387f:0xe DW_TAG_member
	.long	.Linfo_string432                @ DW_AT_name
	.long	1206                            @ DW_AT_type
	.byte	2                               @ DW_AT_decl_file
	.short	12418                           @ DW_AT_decl_line
	.byte	32                              @ DW_AT_bit_size
	.byte	0                               @ DW_AT_data_bit_offset
	.byte	0                               @ End Of Children Mark
	.byte	25                              @ Abbrev [25] 0x388e:0xd DW_TAG_member
	.long	.Linfo_string178                @ DW_AT_name
	.long	1206                            @ DW_AT_type
	.byte	2                               @ DW_AT_decl_file
	.short	12420                           @ DW_AT_decl_line
	.byte	0                               @ DW_AT_data_member_location
	.byte	0                               @ End Of Children Mark
	.byte	0                               @ End Of Children Mark
	.byte	27                              @ Abbrev [27] 0x389d:0x43 DW_TAG_structure_type
	.long	.Linfo_string582                @ DW_AT_name
	.byte	4                               @ DW_AT_byte_size
	.byte	2                               @ DW_AT_decl_file
	.short	12473                           @ DW_AT_decl_line
	.byte	28                              @ Abbrev [28] 0x38a6:0x9 DW_TAG_member
	.long	14511                           @ DW_AT_type
	.byte	2                               @ DW_AT_decl_file
	.short	12476                           @ DW_AT_decl_line
	.byte	0                               @ DW_AT_data_member_location
	.byte	29                              @ Abbrev [29] 0x38af:0x30 DW_TAG_union_type
	.byte	4                               @ DW_AT_byte_size
	.byte	2                               @ DW_AT_decl_file
	.short	12476                           @ DW_AT_decl_line
	.byte	28                              @ Abbrev [28] 0x38b4:0x9 DW_TAG_member
	.long	14525                           @ DW_AT_type
	.byte	2                               @ DW_AT_decl_file
	.short	12478                           @ DW_AT_decl_line
	.byte	0                               @ DW_AT_data_member_location
	.byte	30                              @ Abbrev [30] 0x38bd:0x14 DW_TAG_structure_type
	.byte	4                               @ DW_AT_byte_size
	.byte	2                               @ DW_AT_decl_file
	.short	12478                           @ DW_AT_decl_line
	.byte	31                              @ Abbrev [31] 0x38c2:0xe DW_TAG_member
	.long	.Linfo_string432                @ DW_AT_name
	.long	1206                            @ DW_AT_type
	.byte	2                               @ DW_AT_decl_file
	.short	12480                           @ DW_AT_decl_line
	.byte	32                              @ DW_AT_bit_size
	.byte	0                               @ DW_AT_data_bit_offset
	.byte	0                               @ End Of Children Mark
	.byte	25                              @ Abbrev [25] 0x38d1:0xd DW_TAG_member
	.long	.Linfo_string178                @ DW_AT_name
	.long	1206                            @ DW_AT_type
	.byte	2                               @ DW_AT_decl_file
	.short	12482                           @ DW_AT_decl_line
	.byte	0                               @ DW_AT_data_member_location
	.byte	0                               @ End Of Children Mark
	.byte	0                               @ End Of Children Mark
	.byte	27                              @ Abbrev [27] 0x38e0:0x43 DW_TAG_structure_type
	.long	.Linfo_string585                @ DW_AT_name
	.byte	4                               @ DW_AT_byte_size
	.byte	2                               @ DW_AT_decl_file
	.short	12535                           @ DW_AT_decl_line
	.byte	28                              @ Abbrev [28] 0x38e9:0x9 DW_TAG_member
	.long	14578                           @ DW_AT_type
	.byte	2                               @ DW_AT_decl_file
	.short	12538                           @ DW_AT_decl_line
	.byte	0                               @ DW_AT_data_member_location
	.byte	29                              @ Abbrev [29] 0x38f2:0x30 DW_TAG_union_type
	.byte	4                               @ DW_AT_byte_size
	.byte	2                               @ DW_AT_decl_file
	.short	12538                           @ DW_AT_decl_line
	.byte	28                              @ Abbrev [28] 0x38f7:0x9 DW_TAG_member
	.long	14592                           @ DW_AT_type
	.byte	2                               @ DW_AT_decl_file
	.short	12540                           @ DW_AT_decl_line
	.byte	0                               @ DW_AT_data_member_location
	.byte	30                              @ Abbrev [30] 0x3900:0x14 DW_TAG_structure_type
	.byte	4                               @ DW_AT_byte_size
	.byte	2                               @ DW_AT_decl_file
	.short	12540                           @ DW_AT_decl_line
	.byte	31                              @ Abbrev [31] 0x3905:0xe DW_TAG_member
	.long	.Linfo_string432                @ DW_AT_name
	.long	1206                            @ DW_AT_type
	.byte	2                               @ DW_AT_decl_file
	.short	12542                           @ DW_AT_decl_line
	.byte	32                              @ DW_AT_bit_size
	.byte	0                               @ DW_AT_data_bit_offset
	.byte	0                               @ End Of Children Mark
	.byte	25                              @ Abbrev [25] 0x3914:0xd DW_TAG_member
	.long	.Linfo_string178                @ DW_AT_name
	.long	1206                            @ DW_AT_type
	.byte	2                               @ DW_AT_decl_file
	.short	12544                           @ DW_AT_decl_line
	.byte	0                               @ DW_AT_data_member_location
	.byte	0                               @ End Of Children Mark
	.byte	0                               @ End Of Children Mark
	.byte	27                              @ Abbrev [27] 0x3923:0x43 DW_TAG_structure_type
	.long	.Linfo_string587                @ DW_AT_name
	.byte	4                               @ DW_AT_byte_size
	.byte	2                               @ DW_AT_decl_file
	.short	12597                           @ DW_AT_decl_line
	.byte	28                              @ Abbrev [28] 0x392c:0x9 DW_TAG_member
	.long	14645                           @ DW_AT_type
	.byte	2                               @ DW_AT_decl_file
	.short	12600                           @ DW_AT_decl_line
	.byte	0                               @ DW_AT_data_member_location
	.byte	29                              @ Abbrev [29] 0x3935:0x30 DW_TAG_union_type
	.byte	4                               @ DW_AT_byte_size
	.byte	2                               @ DW_AT_decl_file
	.short	12600                           @ DW_AT_decl_line
	.byte	28                              @ Abbrev [28] 0x393a:0x9 DW_TAG_member
	.long	14659                           @ DW_AT_type
	.byte	2                               @ DW_AT_decl_file
	.short	12602                           @ DW_AT_decl_line
	.byte	0                               @ DW_AT_data_member_location
	.byte	30                              @ Abbrev [30] 0x3943:0x14 DW_TAG_structure_type
	.byte	4                               @ DW_AT_byte_size
	.byte	2                               @ DW_AT_decl_file
	.short	12602                           @ DW_AT_decl_line
	.byte	31                              @ Abbrev [31] 0x3948:0xe DW_TAG_member
	.long	.Linfo_string432                @ DW_AT_name
	.long	1206                            @ DW_AT_type
	.byte	2                               @ DW_AT_decl_file
	.short	12604                           @ DW_AT_decl_line
	.byte	32                              @ DW_AT_bit_size
	.byte	0                               @ DW_AT_data_bit_offset
	.byte	0                               @ End Of Children Mark
	.byte	25                              @ Abbrev [25] 0x3957:0xd DW_TAG_member
	.long	.Linfo_string178                @ DW_AT_name
	.long	1206                            @ DW_AT_type
	.byte	2                               @ DW_AT_decl_file
	.short	12606                           @ DW_AT_decl_line
	.byte	0                               @ DW_AT_data_member_location
	.byte	0                               @ End Of Children Mark
	.byte	0                               @ End Of Children Mark
	.byte	27                              @ Abbrev [27] 0x3966:0x43 DW_TAG_structure_type
	.long	.Linfo_string589                @ DW_AT_name
	.byte	4                               @ DW_AT_byte_size
	.byte	2                               @ DW_AT_decl_file
	.short	12659                           @ DW_AT_decl_line
	.byte	28                              @ Abbrev [28] 0x396f:0x9 DW_TAG_member
	.long	14712                           @ DW_AT_type
	.byte	2                               @ DW_AT_decl_file
	.short	12662                           @ DW_AT_decl_line
	.byte	0                               @ DW_AT_data_member_location
	.byte	29                              @ Abbrev [29] 0x3978:0x30 DW_TAG_union_type
	.byte	4                               @ DW_AT_byte_size
	.byte	2                               @ DW_AT_decl_file
	.short	12662                           @ DW_AT_decl_line
	.byte	28                              @ Abbrev [28] 0x397d:0x9 DW_TAG_member
	.long	14726                           @ DW_AT_type
	.byte	2                               @ DW_AT_decl_file
	.short	12664                           @ DW_AT_decl_line
	.byte	0                               @ DW_AT_data_member_location
	.byte	30                              @ Abbrev [30] 0x3986:0x14 DW_TAG_structure_type
	.byte	4                               @ DW_AT_byte_size
	.byte	2                               @ DW_AT_decl_file
	.short	12664                           @ DW_AT_decl_line
	.byte	31                              @ Abbrev [31] 0x398b:0xe DW_TAG_member
	.long	.Linfo_string432                @ DW_AT_name
	.long	1206                            @ DW_AT_type
	.byte	2                               @ DW_AT_decl_file
	.short	12666                           @ DW_AT_decl_line
	.byte	32                              @ DW_AT_bit_size
	.byte	0                               @ DW_AT_data_bit_offset
	.byte	0                               @ End Of Children Mark
	.byte	25                              @ Abbrev [25] 0x399a:0xd DW_TAG_member
	.long	.Linfo_string178                @ DW_AT_name
	.long	1206                            @ DW_AT_type
	.byte	2                               @ DW_AT_decl_file
	.short	12668                           @ DW_AT_decl_line
	.byte	0                               @ DW_AT_data_member_location
	.byte	0                               @ End Of Children Mark
	.byte	0                               @ End Of Children Mark
	.byte	27                              @ Abbrev [27] 0x39a9:0x43 DW_TAG_structure_type
	.long	.Linfo_string591                @ DW_AT_name
	.byte	4                               @ DW_AT_byte_size
	.byte	2                               @ DW_AT_decl_file
	.short	12721                           @ DW_AT_decl_line
	.byte	28                              @ Abbrev [28] 0x39b2:0x9 DW_TAG_member
	.long	14779                           @ DW_AT_type
	.byte	2                               @ DW_AT_decl_file
	.short	12724                           @ DW_AT_decl_line
	.byte	0                               @ DW_AT_data_member_location
	.byte	29                              @ Abbrev [29] 0x39bb:0x30 DW_TAG_union_type
	.byte	4                               @ DW_AT_byte_size
	.byte	2                               @ DW_AT_decl_file
	.short	12724                           @ DW_AT_decl_line
	.byte	28                              @ Abbrev [28] 0x39c0:0x9 DW_TAG_member
	.long	14793                           @ DW_AT_type
	.byte	2                               @ DW_AT_decl_file
	.short	12726                           @ DW_AT_decl_line
	.byte	0                               @ DW_AT_data_member_location
	.byte	30                              @ Abbrev [30] 0x39c9:0x14 DW_TAG_structure_type
	.byte	4                               @ DW_AT_byte_size
	.byte	2                               @ DW_AT_decl_file
	.short	12726                           @ DW_AT_decl_line
	.byte	31                              @ Abbrev [31] 0x39ce:0xe DW_TAG_member
	.long	.Linfo_string432                @ DW_AT_name
	.long	1206                            @ DW_AT_type
	.byte	2                               @ DW_AT_decl_file
	.short	12728                           @ DW_AT_decl_line
	.byte	32                              @ DW_AT_bit_size
	.byte	0                               @ DW_AT_data_bit_offset
	.byte	0                               @ End Of Children Mark
	.byte	25                              @ Abbrev [25] 0x39dd:0xd DW_TAG_member
	.long	.Linfo_string178                @ DW_AT_name
	.long	1206                            @ DW_AT_type
	.byte	2                               @ DW_AT_decl_file
	.short	12730                           @ DW_AT_decl_line
	.byte	0                               @ DW_AT_data_member_location
	.byte	0                               @ End Of Children Mark
	.byte	0                               @ End Of Children Mark
	.byte	27                              @ Abbrev [27] 0x39ec:0x43 DW_TAG_structure_type
	.long	.Linfo_string593                @ DW_AT_name
	.byte	4                               @ DW_AT_byte_size
	.byte	2                               @ DW_AT_decl_file
	.short	12783                           @ DW_AT_decl_line
	.byte	28                              @ Abbrev [28] 0x39f5:0x9 DW_TAG_member
	.long	14846                           @ DW_AT_type
	.byte	2                               @ DW_AT_decl_file
	.short	12786                           @ DW_AT_decl_line
	.byte	0                               @ DW_AT_data_member_location
	.byte	29                              @ Abbrev [29] 0x39fe:0x30 DW_TAG_union_type
	.byte	4                               @ DW_AT_byte_size
	.byte	2                               @ DW_AT_decl_file
	.short	12786                           @ DW_AT_decl_line
	.byte	28                              @ Abbrev [28] 0x3a03:0x9 DW_TAG_member
	.long	14860                           @ DW_AT_type
	.byte	2                               @ DW_AT_decl_file
	.short	12788                           @ DW_AT_decl_line
	.byte	0                               @ DW_AT_data_member_location
	.byte	30                              @ Abbrev [30] 0x3a0c:0x14 DW_TAG_structure_type
	.byte	4                               @ DW_AT_byte_size
	.byte	2                               @ DW_AT_decl_file
	.short	12788                           @ DW_AT_decl_line
	.byte	31                              @ Abbrev [31] 0x3a11:0xe DW_TAG_member
	.long	.Linfo_string432                @ DW_AT_name
	.long	1206                            @ DW_AT_type
	.byte	2                               @ DW_AT_decl_file
	.short	12790                           @ DW_AT_decl_line
	.byte	32                              @ DW_AT_bit_size
	.byte	0                               @ DW_AT_data_bit_offset
	.byte	0                               @ End Of Children Mark
	.byte	25                              @ Abbrev [25] 0x3a20:0xd DW_TAG_member
	.long	.Linfo_string178                @ DW_AT_name
	.long	1206                            @ DW_AT_type
	.byte	2                               @ DW_AT_decl_file
	.short	12792                           @ DW_AT_decl_line
	.byte	0                               @ DW_AT_data_member_location
	.byte	0                               @ End Of Children Mark
	.byte	0                               @ End Of Children Mark
	.byte	27                              @ Abbrev [27] 0x3a2f:0x43 DW_TAG_structure_type
	.long	.Linfo_string596                @ DW_AT_name
	.byte	4                               @ DW_AT_byte_size
	.byte	2                               @ DW_AT_decl_file
	.short	12845                           @ DW_AT_decl_line
	.byte	28                              @ Abbrev [28] 0x3a38:0x9 DW_TAG_member
	.long	14913                           @ DW_AT_type
	.byte	2                               @ DW_AT_decl_file
	.short	12848                           @ DW_AT_decl_line
	.byte	0                               @ DW_AT_data_member_location
	.byte	29                              @ Abbrev [29] 0x3a41:0x30 DW_TAG_union_type
	.byte	4                               @ DW_AT_byte_size
	.byte	2                               @ DW_AT_decl_file
	.short	12848                           @ DW_AT_decl_line
	.byte	28                              @ Abbrev [28] 0x3a46:0x9 DW_TAG_member
	.long	14927                           @ DW_AT_type
	.byte	2                               @ DW_AT_decl_file
	.short	12850                           @ DW_AT_decl_line
	.byte	0                               @ DW_AT_data_member_location
	.byte	30                              @ Abbrev [30] 0x3a4f:0x14 DW_TAG_structure_type
	.byte	4                               @ DW_AT_byte_size
	.byte	2                               @ DW_AT_decl_file
	.short	12850                           @ DW_AT_decl_line
	.byte	31                              @ Abbrev [31] 0x3a54:0xe DW_TAG_member
	.long	.Linfo_string432                @ DW_AT_name
	.long	1206                            @ DW_AT_type
	.byte	2                               @ DW_AT_decl_file
	.short	12852                           @ DW_AT_decl_line
	.byte	32                              @ DW_AT_bit_size
	.byte	0                               @ DW_AT_data_bit_offset
	.byte	0                               @ End Of Children Mark
	.byte	25                              @ Abbrev [25] 0x3a63:0xd DW_TAG_member
	.long	.Linfo_string178                @ DW_AT_name
	.long	1206                            @ DW_AT_type
	.byte	2                               @ DW_AT_decl_file
	.short	12854                           @ DW_AT_decl_line
	.byte	0                               @ DW_AT_data_member_location
	.byte	0                               @ End Of Children Mark
	.byte	0                               @ End Of Children Mark
	.byte	27                              @ Abbrev [27] 0x3a72:0x43 DW_TAG_structure_type
	.long	.Linfo_string598                @ DW_AT_name
	.byte	4                               @ DW_AT_byte_size
	.byte	2                               @ DW_AT_decl_file
	.short	12907                           @ DW_AT_decl_line
	.byte	28                              @ Abbrev [28] 0x3a7b:0x9 DW_TAG_member
	.long	14980                           @ DW_AT_type
	.byte	2                               @ DW_AT_decl_file
	.short	12910                           @ DW_AT_decl_line
	.byte	0                               @ DW_AT_data_member_location
	.byte	29                              @ Abbrev [29] 0x3a84:0x30 DW_TAG_union_type
	.byte	4                               @ DW_AT_byte_size
	.byte	2                               @ DW_AT_decl_file
	.short	12910                           @ DW_AT_decl_line
	.byte	28                              @ Abbrev [28] 0x3a89:0x9 DW_TAG_member
	.long	14994                           @ DW_AT_type
	.byte	2                               @ DW_AT_decl_file
	.short	12912                           @ DW_AT_decl_line
	.byte	0                               @ DW_AT_data_member_location
	.byte	30                              @ Abbrev [30] 0x3a92:0x14 DW_TAG_structure_type
	.byte	4                               @ DW_AT_byte_size
	.byte	2                               @ DW_AT_decl_file
	.short	12912                           @ DW_AT_decl_line
	.byte	31                              @ Abbrev [31] 0x3a97:0xe DW_TAG_member
	.long	.Linfo_string432                @ DW_AT_name
	.long	1206                            @ DW_AT_type
	.byte	2                               @ DW_AT_decl_file
	.short	12914                           @ DW_AT_decl_line
	.byte	32                              @ DW_AT_bit_size
	.byte	0                               @ DW_AT_data_bit_offset
	.byte	0                               @ End Of Children Mark
	.byte	25                              @ Abbrev [25] 0x3aa6:0xd DW_TAG_member
	.long	.Linfo_string178                @ DW_AT_name
	.long	1206                            @ DW_AT_type
	.byte	2                               @ DW_AT_decl_file
	.short	12916                           @ DW_AT_decl_line
	.byte	0                               @ DW_AT_data_member_location
	.byte	0                               @ End Of Children Mark
	.byte	0                               @ End Of Children Mark
	.byte	27                              @ Abbrev [27] 0x3ab5:0x43 DW_TAG_structure_type
	.long	.Linfo_string601                @ DW_AT_name
	.byte	4                               @ DW_AT_byte_size
	.byte	2                               @ DW_AT_decl_file
	.short	12969                           @ DW_AT_decl_line
	.byte	28                              @ Abbrev [28] 0x3abe:0x9 DW_TAG_member
	.long	15047                           @ DW_AT_type
	.byte	2                               @ DW_AT_decl_file
	.short	12972                           @ DW_AT_decl_line
	.byte	0                               @ DW_AT_data_member_location
	.byte	29                              @ Abbrev [29] 0x3ac7:0x30 DW_TAG_union_type
	.byte	4                               @ DW_AT_byte_size
	.byte	2                               @ DW_AT_decl_file
	.short	12972                           @ DW_AT_decl_line
	.byte	28                              @ Abbrev [28] 0x3acc:0x9 DW_TAG_member
	.long	15061                           @ DW_AT_type
	.byte	2                               @ DW_AT_decl_file
	.short	12974                           @ DW_AT_decl_line
	.byte	0                               @ DW_AT_data_member_location
	.byte	30                              @ Abbrev [30] 0x3ad5:0x14 DW_TAG_structure_type
	.byte	4                               @ DW_AT_byte_size
	.byte	2                               @ DW_AT_decl_file
	.short	12974                           @ DW_AT_decl_line
	.byte	31                              @ Abbrev [31] 0x3ada:0xe DW_TAG_member
	.long	.Linfo_string432                @ DW_AT_name
	.long	1206                            @ DW_AT_type
	.byte	2                               @ DW_AT_decl_file
	.short	12976                           @ DW_AT_decl_line
	.byte	32                              @ DW_AT_bit_size
	.byte	0                               @ DW_AT_data_bit_offset
	.byte	0                               @ End Of Children Mark
	.byte	25                              @ Abbrev [25] 0x3ae9:0xd DW_TAG_member
	.long	.Linfo_string178                @ DW_AT_name
	.long	1206                            @ DW_AT_type
	.byte	2                               @ DW_AT_decl_file
	.short	12978                           @ DW_AT_decl_line
	.byte	0                               @ DW_AT_data_member_location
	.byte	0                               @ End Of Children Mark
	.byte	0                               @ End Of Children Mark
	.byte	27                              @ Abbrev [27] 0x3af8:0x43 DW_TAG_structure_type
	.long	.Linfo_string604                @ DW_AT_name
	.byte	4                               @ DW_AT_byte_size
	.byte	2                               @ DW_AT_decl_file
	.short	13031                           @ DW_AT_decl_line
	.byte	28                              @ Abbrev [28] 0x3b01:0x9 DW_TAG_member
	.long	15114                           @ DW_AT_type
	.byte	2                               @ DW_AT_decl_file
	.short	13034                           @ DW_AT_decl_line
	.byte	0                               @ DW_AT_data_member_location
	.byte	29                              @ Abbrev [29] 0x3b0a:0x30 DW_TAG_union_type
	.byte	4                               @ DW_AT_byte_size
	.byte	2                               @ DW_AT_decl_file
	.short	13034                           @ DW_AT_decl_line
	.byte	28                              @ Abbrev [28] 0x3b0f:0x9 DW_TAG_member
	.long	15128                           @ DW_AT_type
	.byte	2                               @ DW_AT_decl_file
	.short	13036                           @ DW_AT_decl_line
	.byte	0                               @ DW_AT_data_member_location
	.byte	30                              @ Abbrev [30] 0x3b18:0x14 DW_TAG_structure_type
	.byte	4                               @ DW_AT_byte_size
	.byte	2                               @ DW_AT_decl_file
	.short	13036                           @ DW_AT_decl_line
	.byte	31                              @ Abbrev [31] 0x3b1d:0xe DW_TAG_member
	.long	.Linfo_string432                @ DW_AT_name
	.long	1206                            @ DW_AT_type
	.byte	2                               @ DW_AT_decl_file
	.short	13038                           @ DW_AT_decl_line
	.byte	32                              @ DW_AT_bit_size
	.byte	0                               @ DW_AT_data_bit_offset
	.byte	0                               @ End Of Children Mark
	.byte	25                              @ Abbrev [25] 0x3b2c:0xd DW_TAG_member
	.long	.Linfo_string178                @ DW_AT_name
	.long	1206                            @ DW_AT_type
	.byte	2                               @ DW_AT_decl_file
	.short	13040                           @ DW_AT_decl_line
	.byte	0                               @ DW_AT_data_member_location
	.byte	0                               @ End Of Children Mark
	.byte	0                               @ End Of Children Mark
	.byte	27                              @ Abbrev [27] 0x3b3b:0x43 DW_TAG_structure_type
	.long	.Linfo_string606                @ DW_AT_name
	.byte	4                               @ DW_AT_byte_size
	.byte	2                               @ DW_AT_decl_file
	.short	13093                           @ DW_AT_decl_line
	.byte	28                              @ Abbrev [28] 0x3b44:0x9 DW_TAG_member
	.long	15181                           @ DW_AT_type
	.byte	2                               @ DW_AT_decl_file
	.short	13096                           @ DW_AT_decl_line
	.byte	0                               @ DW_AT_data_member_location
	.byte	29                              @ Abbrev [29] 0x3b4d:0x30 DW_TAG_union_type
	.byte	4                               @ DW_AT_byte_size
	.byte	2                               @ DW_AT_decl_file
	.short	13096                           @ DW_AT_decl_line
	.byte	28                              @ Abbrev [28] 0x3b52:0x9 DW_TAG_member
	.long	15195                           @ DW_AT_type
	.byte	2                               @ DW_AT_decl_file
	.short	13098                           @ DW_AT_decl_line
	.byte	0                               @ DW_AT_data_member_location
	.byte	30                              @ Abbrev [30] 0x3b5b:0x14 DW_TAG_structure_type
	.byte	4                               @ DW_AT_byte_size
	.byte	2                               @ DW_AT_decl_file
	.short	13098                           @ DW_AT_decl_line
	.byte	31                              @ Abbrev [31] 0x3b60:0xe DW_TAG_member
	.long	.Linfo_string432                @ DW_AT_name
	.long	1206                            @ DW_AT_type
	.byte	2                               @ DW_AT_decl_file
	.short	13100                           @ DW_AT_decl_line
	.byte	32                              @ DW_AT_bit_size
	.byte	0                               @ DW_AT_data_bit_offset
	.byte	0                               @ End Of Children Mark
	.byte	25                              @ Abbrev [25] 0x3b6f:0xd DW_TAG_member
	.long	.Linfo_string178                @ DW_AT_name
	.long	1206                            @ DW_AT_type
	.byte	2                               @ DW_AT_decl_file
	.short	13102                           @ DW_AT_decl_line
	.byte	0                               @ DW_AT_data_member_location
	.byte	0                               @ End Of Children Mark
	.byte	0                               @ End Of Children Mark
	.byte	27                              @ Abbrev [27] 0x3b7e:0x43 DW_TAG_structure_type
	.long	.Linfo_string608                @ DW_AT_name
	.byte	4                               @ DW_AT_byte_size
	.byte	2                               @ DW_AT_decl_file
	.short	13155                           @ DW_AT_decl_line
	.byte	28                              @ Abbrev [28] 0x3b87:0x9 DW_TAG_member
	.long	15248                           @ DW_AT_type
	.byte	2                               @ DW_AT_decl_file
	.short	13158                           @ DW_AT_decl_line
	.byte	0                               @ DW_AT_data_member_location
	.byte	29                              @ Abbrev [29] 0x3b90:0x30 DW_TAG_union_type
	.byte	4                               @ DW_AT_byte_size
	.byte	2                               @ DW_AT_decl_file
	.short	13158                           @ DW_AT_decl_line
	.byte	28                              @ Abbrev [28] 0x3b95:0x9 DW_TAG_member
	.long	15262                           @ DW_AT_type
	.byte	2                               @ DW_AT_decl_file
	.short	13160                           @ DW_AT_decl_line
	.byte	0                               @ DW_AT_data_member_location
	.byte	30                              @ Abbrev [30] 0x3b9e:0x14 DW_TAG_structure_type
	.byte	4                               @ DW_AT_byte_size
	.byte	2                               @ DW_AT_decl_file
	.short	13160                           @ DW_AT_decl_line
	.byte	31                              @ Abbrev [31] 0x3ba3:0xe DW_TAG_member
	.long	.Linfo_string432                @ DW_AT_name
	.long	1206                            @ DW_AT_type
	.byte	2                               @ DW_AT_decl_file
	.short	13162                           @ DW_AT_decl_line
	.byte	32                              @ DW_AT_bit_size
	.byte	0                               @ DW_AT_data_bit_offset
	.byte	0                               @ End Of Children Mark
	.byte	25                              @ Abbrev [25] 0x3bb2:0xd DW_TAG_member
	.long	.Linfo_string178                @ DW_AT_name
	.long	1206                            @ DW_AT_type
	.byte	2                               @ DW_AT_decl_file
	.short	13164                           @ DW_AT_decl_line
	.byte	0                               @ DW_AT_data_member_location
	.byte	0                               @ End Of Children Mark
	.byte	0                               @ End Of Children Mark
	.byte	27                              @ Abbrev [27] 0x3bc1:0x43 DW_TAG_structure_type
	.long	.Linfo_string610                @ DW_AT_name
	.byte	4                               @ DW_AT_byte_size
	.byte	2                               @ DW_AT_decl_file
	.short	13217                           @ DW_AT_decl_line
	.byte	28                              @ Abbrev [28] 0x3bca:0x9 DW_TAG_member
	.long	15315                           @ DW_AT_type
	.byte	2                               @ DW_AT_decl_file
	.short	13220                           @ DW_AT_decl_line
	.byte	0                               @ DW_AT_data_member_location
	.byte	29                              @ Abbrev [29] 0x3bd3:0x30 DW_TAG_union_type
	.byte	4                               @ DW_AT_byte_size
	.byte	2                               @ DW_AT_decl_file
	.short	13220                           @ DW_AT_decl_line
	.byte	28                              @ Abbrev [28] 0x3bd8:0x9 DW_TAG_member
	.long	15329                           @ DW_AT_type
	.byte	2                               @ DW_AT_decl_file
	.short	13222                           @ DW_AT_decl_line
	.byte	0                               @ DW_AT_data_member_location
	.byte	30                              @ Abbrev [30] 0x3be1:0x14 DW_TAG_structure_type
	.byte	4                               @ DW_AT_byte_size
	.byte	2                               @ DW_AT_decl_file
	.short	13222                           @ DW_AT_decl_line
	.byte	31                              @ Abbrev [31] 0x3be6:0xe DW_TAG_member
	.long	.Linfo_string432                @ DW_AT_name
	.long	1206                            @ DW_AT_type
	.byte	2                               @ DW_AT_decl_file
	.short	13224                           @ DW_AT_decl_line
	.byte	32                              @ DW_AT_bit_size
	.byte	0                               @ DW_AT_data_bit_offset
	.byte	0                               @ End Of Children Mark
	.byte	25                              @ Abbrev [25] 0x3bf5:0xd DW_TAG_member
	.long	.Linfo_string178                @ DW_AT_name
	.long	1206                            @ DW_AT_type
	.byte	2                               @ DW_AT_decl_file
	.short	13226                           @ DW_AT_decl_line
	.byte	0                               @ DW_AT_data_member_location
	.byte	0                               @ End Of Children Mark
	.byte	0                               @ End Of Children Mark
	.byte	27                              @ Abbrev [27] 0x3c04:0x43 DW_TAG_structure_type
	.long	.Linfo_string612                @ DW_AT_name
	.byte	4                               @ DW_AT_byte_size
	.byte	2                               @ DW_AT_decl_file
	.short	13279                           @ DW_AT_decl_line
	.byte	28                              @ Abbrev [28] 0x3c0d:0x9 DW_TAG_member
	.long	15382                           @ DW_AT_type
	.byte	2                               @ DW_AT_decl_file
	.short	13282                           @ DW_AT_decl_line
	.byte	0                               @ DW_AT_data_member_location
	.byte	29                              @ Abbrev [29] 0x3c16:0x30 DW_TAG_union_type
	.byte	4                               @ DW_AT_byte_size
	.byte	2                               @ DW_AT_decl_file
	.short	13282                           @ DW_AT_decl_line
	.byte	28                              @ Abbrev [28] 0x3c1b:0x9 DW_TAG_member
	.long	15396                           @ DW_AT_type
	.byte	2                               @ DW_AT_decl_file
	.short	13284                           @ DW_AT_decl_line
	.byte	0                               @ DW_AT_data_member_location
	.byte	30                              @ Abbrev [30] 0x3c24:0x14 DW_TAG_structure_type
	.byte	4                               @ DW_AT_byte_size
	.byte	2                               @ DW_AT_decl_file
	.short	13284                           @ DW_AT_decl_line
	.byte	31                              @ Abbrev [31] 0x3c29:0xe DW_TAG_member
	.long	.Linfo_string432                @ DW_AT_name
	.long	1206                            @ DW_AT_type
	.byte	2                               @ DW_AT_decl_file
	.short	13286                           @ DW_AT_decl_line
	.byte	32                              @ DW_AT_bit_size
	.byte	0                               @ DW_AT_data_bit_offset
	.byte	0                               @ End Of Children Mark
	.byte	25                              @ Abbrev [25] 0x3c38:0xd DW_TAG_member
	.long	.Linfo_string178                @ DW_AT_name
	.long	1206                            @ DW_AT_type
	.byte	2                               @ DW_AT_decl_file
	.short	13288                           @ DW_AT_decl_line
	.byte	0                               @ DW_AT_data_member_location
	.byte	0                               @ End Of Children Mark
	.byte	0                               @ End Of Children Mark
	.byte	27                              @ Abbrev [27] 0x3c47:0x43 DW_TAG_structure_type
	.long	.Linfo_string615                @ DW_AT_name
	.byte	4                               @ DW_AT_byte_size
	.byte	2                               @ DW_AT_decl_file
	.short	13341                           @ DW_AT_decl_line
	.byte	28                              @ Abbrev [28] 0x3c50:0x9 DW_TAG_member
	.long	15449                           @ DW_AT_type
	.byte	2                               @ DW_AT_decl_file
	.short	13344                           @ DW_AT_decl_line
	.byte	0                               @ DW_AT_data_member_location
	.byte	29                              @ Abbrev [29] 0x3c59:0x30 DW_TAG_union_type
	.byte	4                               @ DW_AT_byte_size
	.byte	2                               @ DW_AT_decl_file
	.short	13344                           @ DW_AT_decl_line
	.byte	28                              @ Abbrev [28] 0x3c5e:0x9 DW_TAG_member
	.long	15463                           @ DW_AT_type
	.byte	2                               @ DW_AT_decl_file
	.short	13346                           @ DW_AT_decl_line
	.byte	0                               @ DW_AT_data_member_location
	.byte	30                              @ Abbrev [30] 0x3c67:0x14 DW_TAG_structure_type
	.byte	4                               @ DW_AT_byte_size
	.byte	2                               @ DW_AT_decl_file
	.short	13346                           @ DW_AT_decl_line
	.byte	31                              @ Abbrev [31] 0x3c6c:0xe DW_TAG_member
	.long	.Linfo_string432                @ DW_AT_name
	.long	1206                            @ DW_AT_type
	.byte	2                               @ DW_AT_decl_file
	.short	13348                           @ DW_AT_decl_line
	.byte	32                              @ DW_AT_bit_size
	.byte	0                               @ DW_AT_data_bit_offset
	.byte	0                               @ End Of Children Mark
	.byte	25                              @ Abbrev [25] 0x3c7b:0xd DW_TAG_member
	.long	.Linfo_string178                @ DW_AT_name
	.long	1206                            @ DW_AT_type
	.byte	2                               @ DW_AT_decl_file
	.short	13350                           @ DW_AT_decl_line
	.byte	0                               @ DW_AT_data_member_location
	.byte	0                               @ End Of Children Mark
	.byte	0                               @ End Of Children Mark
	.byte	3                               @ Abbrev [3] 0x3c8a:0xc DW_TAG_array_type
	.long	1206                            @ DW_AT_type
	.byte	4                               @ Abbrev [4] 0x3c8f:0x6 DW_TAG_subrange_type
	.long	70                              @ DW_AT_type
	.byte	48                              @ DW_AT_count
	.byte	0                               @ End Of Children Mark
	.byte	27                              @ Abbrev [27] 0x3c96:0x51 DW_TAG_structure_type
	.long	.Linfo_string620                @ DW_AT_name
	.byte	8                               @ DW_AT_byte_size
	.byte	2                               @ DW_AT_decl_file
	.short	13403                           @ DW_AT_decl_line
	.byte	28                              @ Abbrev [28] 0x3c9f:0x9 DW_TAG_member
	.long	15528                           @ DW_AT_type
	.byte	2                               @ DW_AT_decl_file
	.short	13406                           @ DW_AT_decl_line
	.byte	0                               @ DW_AT_data_member_location
	.byte	29                              @ Abbrev [29] 0x3ca8:0x3e DW_TAG_union_type
	.byte	8                               @ DW_AT_byte_size
	.byte	2                               @ DW_AT_decl_file
	.short	13406                           @ DW_AT_decl_line
	.byte	28                              @ Abbrev [28] 0x3cad:0x9 DW_TAG_member
	.long	15542                           @ DW_AT_type
	.byte	2                               @ DW_AT_decl_file
	.short	13408                           @ DW_AT_decl_line
	.byte	0                               @ DW_AT_data_member_location
	.byte	30                              @ Abbrev [30] 0x3cb6:0x22 DW_TAG_structure_type
	.byte	8                               @ DW_AT_byte_size
	.byte	2                               @ DW_AT_decl_file
	.short	13408                           @ DW_AT_decl_line
	.byte	31                              @ Abbrev [31] 0x3cbb:0xe DW_TAG_member
	.long	.Linfo_string618                @ DW_AT_name
	.long	1206                            @ DW_AT_type
	.byte	2                               @ DW_AT_decl_file
	.short	13410                           @ DW_AT_decl_line
	.byte	32                              @ DW_AT_bit_size
	.byte	0                               @ DW_AT_data_bit_offset
	.byte	31                              @ Abbrev [31] 0x3cc9:0xe DW_TAG_member
	.long	.Linfo_string619                @ DW_AT_name
	.long	1206                            @ DW_AT_type
	.byte	2                               @ DW_AT_decl_file
	.short	13411                           @ DW_AT_decl_line
	.byte	32                              @ DW_AT_bit_size
	.byte	32                              @ DW_AT_data_bit_offset
	.byte	0                               @ End Of Children Mark
	.byte	25                              @ Abbrev [25] 0x3cd8:0xd DW_TAG_member
	.long	.Linfo_string178                @ DW_AT_name
	.long	4998                            @ DW_AT_type
	.byte	2                               @ DW_AT_decl_file
	.short	13413                           @ DW_AT_decl_line
	.byte	0                               @ DW_AT_data_member_location
	.byte	0                               @ End Of Children Mark
	.byte	0                               @ End Of Children Mark
	.byte	27                              @ Abbrev [27] 0x3ce7:0x51 DW_TAG_structure_type
	.long	.Linfo_string622                @ DW_AT_name
	.byte	8                               @ DW_AT_byte_size
	.byte	2                               @ DW_AT_decl_file
	.short	13453                           @ DW_AT_decl_line
	.byte	28                              @ Abbrev [28] 0x3cf0:0x9 DW_TAG_member
	.long	15609                           @ DW_AT_type
	.byte	2                               @ DW_AT_decl_file
	.short	13456                           @ DW_AT_decl_line
	.byte	0                               @ DW_AT_data_member_location
	.byte	29                              @ Abbrev [29] 0x3cf9:0x3e DW_TAG_union_type
	.byte	8                               @ DW_AT_byte_size
	.byte	2                               @ DW_AT_decl_file
	.short	13456                           @ DW_AT_decl_line
	.byte	28                              @ Abbrev [28] 0x3cfe:0x9 DW_TAG_member
	.long	15623                           @ DW_AT_type
	.byte	2                               @ DW_AT_decl_file
	.short	13458                           @ DW_AT_decl_line
	.byte	0                               @ DW_AT_data_member_location
	.byte	30                              @ Abbrev [30] 0x3d07:0x22 DW_TAG_structure_type
	.byte	8                               @ DW_AT_byte_size
	.byte	2                               @ DW_AT_decl_file
	.short	13458                           @ DW_AT_decl_line
	.byte	31                              @ Abbrev [31] 0x3d0c:0xe DW_TAG_member
	.long	.Linfo_string618                @ DW_AT_name
	.long	1206                            @ DW_AT_type
	.byte	2                               @ DW_AT_decl_file
	.short	13460                           @ DW_AT_decl_line
	.byte	32                              @ DW_AT_bit_size
	.byte	0                               @ DW_AT_data_bit_offset
	.byte	31                              @ Abbrev [31] 0x3d1a:0xe DW_TAG_member
	.long	.Linfo_string619                @ DW_AT_name
	.long	1206                            @ DW_AT_type
	.byte	2                               @ DW_AT_decl_file
	.short	13461                           @ DW_AT_decl_line
	.byte	32                              @ DW_AT_bit_size
	.byte	32                              @ DW_AT_data_bit_offset
	.byte	0                               @ End Of Children Mark
	.byte	25                              @ Abbrev [25] 0x3d29:0xd DW_TAG_member
	.long	.Linfo_string178                @ DW_AT_name
	.long	4998                            @ DW_AT_type
	.byte	2                               @ DW_AT_decl_file
	.short	13463                           @ DW_AT_decl_line
	.byte	0                               @ DW_AT_data_member_location
	.byte	0                               @ End Of Children Mark
	.byte	0                               @ End Of Children Mark
	.byte	27                              @ Abbrev [27] 0x3d38:0x51 DW_TAG_structure_type
	.long	.Linfo_string624                @ DW_AT_name
	.byte	8                               @ DW_AT_byte_size
	.byte	2                               @ DW_AT_decl_file
	.short	13503                           @ DW_AT_decl_line
	.byte	28                              @ Abbrev [28] 0x3d41:0x9 DW_TAG_member
	.long	15690                           @ DW_AT_type
	.byte	2                               @ DW_AT_decl_file
	.short	13506                           @ DW_AT_decl_line
	.byte	0                               @ DW_AT_data_member_location
	.byte	29                              @ Abbrev [29] 0x3d4a:0x3e DW_TAG_union_type
	.byte	8                               @ DW_AT_byte_size
	.byte	2                               @ DW_AT_decl_file
	.short	13506                           @ DW_AT_decl_line
	.byte	28                              @ Abbrev [28] 0x3d4f:0x9 DW_TAG_member
	.long	15704                           @ DW_AT_type
	.byte	2                               @ DW_AT_decl_file
	.short	13508                           @ DW_AT_decl_line
	.byte	0                               @ DW_AT_data_member_location
	.byte	30                              @ Abbrev [30] 0x3d58:0x22 DW_TAG_structure_type
	.byte	8                               @ DW_AT_byte_size
	.byte	2                               @ DW_AT_decl_file
	.short	13508                           @ DW_AT_decl_line
	.byte	31                              @ Abbrev [31] 0x3d5d:0xe DW_TAG_member
	.long	.Linfo_string618                @ DW_AT_name
	.long	1206                            @ DW_AT_type
	.byte	2                               @ DW_AT_decl_file
	.short	13510                           @ DW_AT_decl_line
	.byte	32                              @ DW_AT_bit_size
	.byte	0                               @ DW_AT_data_bit_offset
	.byte	31                              @ Abbrev [31] 0x3d6b:0xe DW_TAG_member
	.long	.Linfo_string619                @ DW_AT_name
	.long	1206                            @ DW_AT_type
	.byte	2                               @ DW_AT_decl_file
	.short	13511                           @ DW_AT_decl_line
	.byte	32                              @ DW_AT_bit_size
	.byte	32                              @ DW_AT_data_bit_offset
	.byte	0                               @ End Of Children Mark
	.byte	25                              @ Abbrev [25] 0x3d7a:0xd DW_TAG_member
	.long	.Linfo_string178                @ DW_AT_name
	.long	4998                            @ DW_AT_type
	.byte	2                               @ DW_AT_decl_file
	.short	13513                           @ DW_AT_decl_line
	.byte	0                               @ DW_AT_data_member_location
	.byte	0                               @ End Of Children Mark
	.byte	0                               @ End Of Children Mark
	.byte	27                              @ Abbrev [27] 0x3d89:0x51 DW_TAG_structure_type
	.long	.Linfo_string626                @ DW_AT_name
	.byte	8                               @ DW_AT_byte_size
	.byte	2                               @ DW_AT_decl_file
	.short	13553                           @ DW_AT_decl_line
	.byte	28                              @ Abbrev [28] 0x3d92:0x9 DW_TAG_member
	.long	15771                           @ DW_AT_type
	.byte	2                               @ DW_AT_decl_file
	.short	13556                           @ DW_AT_decl_line
	.byte	0                               @ DW_AT_data_member_location
	.byte	29                              @ Abbrev [29] 0x3d9b:0x3e DW_TAG_union_type
	.byte	8                               @ DW_AT_byte_size
	.byte	2                               @ DW_AT_decl_file
	.short	13556                           @ DW_AT_decl_line
	.byte	28                              @ Abbrev [28] 0x3da0:0x9 DW_TAG_member
	.long	15785                           @ DW_AT_type
	.byte	2                               @ DW_AT_decl_file
	.short	13558                           @ DW_AT_decl_line
	.byte	0                               @ DW_AT_data_member_location
	.byte	30                              @ Abbrev [30] 0x3da9:0x22 DW_TAG_structure_type
	.byte	8                               @ DW_AT_byte_size
	.byte	2                               @ DW_AT_decl_file
	.short	13558                           @ DW_AT_decl_line
	.byte	31                              @ Abbrev [31] 0x3dae:0xe DW_TAG_member
	.long	.Linfo_string618                @ DW_AT_name
	.long	1206                            @ DW_AT_type
	.byte	2                               @ DW_AT_decl_file
	.short	13560                           @ DW_AT_decl_line
	.byte	32                              @ DW_AT_bit_size
	.byte	0                               @ DW_AT_data_bit_offset
	.byte	31                              @ Abbrev [31] 0x3dbc:0xe DW_TAG_member
	.long	.Linfo_string619                @ DW_AT_name
	.long	1206                            @ DW_AT_type
	.byte	2                               @ DW_AT_decl_file
	.short	13561                           @ DW_AT_decl_line
	.byte	32                              @ DW_AT_bit_size
	.byte	32                              @ DW_AT_data_bit_offset
	.byte	0                               @ End Of Children Mark
	.byte	25                              @ Abbrev [25] 0x3dcb:0xd DW_TAG_member
	.long	.Linfo_string178                @ DW_AT_name
	.long	4998                            @ DW_AT_type
	.byte	2                               @ DW_AT_decl_file
	.short	13563                           @ DW_AT_decl_line
	.byte	0                               @ DW_AT_data_member_location
	.byte	0                               @ End Of Children Mark
	.byte	0                               @ End Of Children Mark
	.byte	27                              @ Abbrev [27] 0x3dda:0x51 DW_TAG_structure_type
	.long	.Linfo_string628                @ DW_AT_name
	.byte	8                               @ DW_AT_byte_size
	.byte	2                               @ DW_AT_decl_file
	.short	13603                           @ DW_AT_decl_line
	.byte	28                              @ Abbrev [28] 0x3de3:0x9 DW_TAG_member
	.long	15852                           @ DW_AT_type
	.byte	2                               @ DW_AT_decl_file
	.short	13606                           @ DW_AT_decl_line
	.byte	0                               @ DW_AT_data_member_location
	.byte	29                              @ Abbrev [29] 0x3dec:0x3e DW_TAG_union_type
	.byte	8                               @ DW_AT_byte_size
	.byte	2                               @ DW_AT_decl_file
	.short	13606                           @ DW_AT_decl_line
	.byte	28                              @ Abbrev [28] 0x3df1:0x9 DW_TAG_member
	.long	15866                           @ DW_AT_type
	.byte	2                               @ DW_AT_decl_file
	.short	13608                           @ DW_AT_decl_line
	.byte	0                               @ DW_AT_data_member_location
	.byte	30                              @ Abbrev [30] 0x3dfa:0x22 DW_TAG_structure_type
	.byte	8                               @ DW_AT_byte_size
	.byte	2                               @ DW_AT_decl_file
	.short	13608                           @ DW_AT_decl_line
	.byte	31                              @ Abbrev [31] 0x3dff:0xe DW_TAG_member
	.long	.Linfo_string618                @ DW_AT_name
	.long	1206                            @ DW_AT_type
	.byte	2                               @ DW_AT_decl_file
	.short	13610                           @ DW_AT_decl_line
	.byte	32                              @ DW_AT_bit_size
	.byte	0                               @ DW_AT_data_bit_offset
	.byte	31                              @ Abbrev [31] 0x3e0d:0xe DW_TAG_member
	.long	.Linfo_string619                @ DW_AT_name
	.long	1206                            @ DW_AT_type
	.byte	2                               @ DW_AT_decl_file
	.short	13611                           @ DW_AT_decl_line
	.byte	32                              @ DW_AT_bit_size
	.byte	32                              @ DW_AT_data_bit_offset
	.byte	0                               @ End Of Children Mark
	.byte	25                              @ Abbrev [25] 0x3e1c:0xd DW_TAG_member
	.long	.Linfo_string178                @ DW_AT_name
	.long	4998                            @ DW_AT_type
	.byte	2                               @ DW_AT_decl_file
	.short	13613                           @ DW_AT_decl_line
	.byte	0                               @ DW_AT_data_member_location
	.byte	0                               @ End Of Children Mark
	.byte	0                               @ End Of Children Mark
	.byte	27                              @ Abbrev [27] 0x3e2b:0x51 DW_TAG_structure_type
	.long	.Linfo_string630                @ DW_AT_name
	.byte	8                               @ DW_AT_byte_size
	.byte	2                               @ DW_AT_decl_file
	.short	13653                           @ DW_AT_decl_line
	.byte	28                              @ Abbrev [28] 0x3e34:0x9 DW_TAG_member
	.long	15933                           @ DW_AT_type
	.byte	2                               @ DW_AT_decl_file
	.short	13656                           @ DW_AT_decl_line
	.byte	0                               @ DW_AT_data_member_location
	.byte	29                              @ Abbrev [29] 0x3e3d:0x3e DW_TAG_union_type
	.byte	8                               @ DW_AT_byte_size
	.byte	2                               @ DW_AT_decl_file
	.short	13656                           @ DW_AT_decl_line
	.byte	28                              @ Abbrev [28] 0x3e42:0x9 DW_TAG_member
	.long	15947                           @ DW_AT_type
	.byte	2                               @ DW_AT_decl_file
	.short	13658                           @ DW_AT_decl_line
	.byte	0                               @ DW_AT_data_member_location
	.byte	30                              @ Abbrev [30] 0x3e4b:0x22 DW_TAG_structure_type
	.byte	8                               @ DW_AT_byte_size
	.byte	2                               @ DW_AT_decl_file
	.short	13658                           @ DW_AT_decl_line
	.byte	31                              @ Abbrev [31] 0x3e50:0xe DW_TAG_member
	.long	.Linfo_string618                @ DW_AT_name
	.long	1206                            @ DW_AT_type
	.byte	2                               @ DW_AT_decl_file
	.short	13660                           @ DW_AT_decl_line
	.byte	32                              @ DW_AT_bit_size
	.byte	0                               @ DW_AT_data_bit_offset
	.byte	31                              @ Abbrev [31] 0x3e5e:0xe DW_TAG_member
	.long	.Linfo_string619                @ DW_AT_name
	.long	1206                            @ DW_AT_type
	.byte	2                               @ DW_AT_decl_file
	.short	13661                           @ DW_AT_decl_line
	.byte	32                              @ DW_AT_bit_size
	.byte	32                              @ DW_AT_data_bit_offset
	.byte	0                               @ End Of Children Mark
	.byte	25                              @ Abbrev [25] 0x3e6d:0xd DW_TAG_member
	.long	.Linfo_string178                @ DW_AT_name
	.long	4998                            @ DW_AT_type
	.byte	2                               @ DW_AT_decl_file
	.short	13663                           @ DW_AT_decl_line
	.byte	0                               @ DW_AT_data_member_location
	.byte	0                               @ End Of Children Mark
	.byte	0                               @ End Of Children Mark
	.byte	27                              @ Abbrev [27] 0x3e7c:0x51 DW_TAG_structure_type
	.long	.Linfo_string632                @ DW_AT_name
	.byte	8                               @ DW_AT_byte_size
	.byte	2                               @ DW_AT_decl_file
	.short	13703                           @ DW_AT_decl_line
	.byte	28                              @ Abbrev [28] 0x3e85:0x9 DW_TAG_member
	.long	16014                           @ DW_AT_type
	.byte	2                               @ DW_AT_decl_file
	.short	13706                           @ DW_AT_decl_line
	.byte	0                               @ DW_AT_data_member_location
	.byte	29                              @ Abbrev [29] 0x3e8e:0x3e DW_TAG_union_type
	.byte	8                               @ DW_AT_byte_size
	.byte	2                               @ DW_AT_decl_file
	.short	13706                           @ DW_AT_decl_line
	.byte	28                              @ Abbrev [28] 0x3e93:0x9 DW_TAG_member
	.long	16028                           @ DW_AT_type
	.byte	2                               @ DW_AT_decl_file
	.short	13708                           @ DW_AT_decl_line
	.byte	0                               @ DW_AT_data_member_location
	.byte	30                              @ Abbrev [30] 0x3e9c:0x22 DW_TAG_structure_type
	.byte	8                               @ DW_AT_byte_size
	.byte	2                               @ DW_AT_decl_file
	.short	13708                           @ DW_AT_decl_line
	.byte	31                              @ Abbrev [31] 0x3ea1:0xe DW_TAG_member
	.long	.Linfo_string618                @ DW_AT_name
	.long	1206                            @ DW_AT_type
	.byte	2                               @ DW_AT_decl_file
	.short	13710                           @ DW_AT_decl_line
	.byte	32                              @ DW_AT_bit_size
	.byte	0                               @ DW_AT_data_bit_offset
	.byte	31                              @ Abbrev [31] 0x3eaf:0xe DW_TAG_member
	.long	.Linfo_string619                @ DW_AT_name
	.long	1206                            @ DW_AT_type
	.byte	2                               @ DW_AT_decl_file
	.short	13711                           @ DW_AT_decl_line
	.byte	32                              @ DW_AT_bit_size
	.byte	32                              @ DW_AT_data_bit_offset
	.byte	0                               @ End Of Children Mark
	.byte	25                              @ Abbrev [25] 0x3ebe:0xd DW_TAG_member
	.long	.Linfo_string178                @ DW_AT_name
	.long	4998                            @ DW_AT_type
	.byte	2                               @ DW_AT_decl_file
	.short	13713                           @ DW_AT_decl_line
	.byte	0                               @ DW_AT_data_member_location
	.byte	0                               @ End Of Children Mark
	.byte	0                               @ End Of Children Mark
	.byte	27                              @ Abbrev [27] 0x3ecd:0x51 DW_TAG_structure_type
	.long	.Linfo_string635                @ DW_AT_name
	.byte	8                               @ DW_AT_byte_size
	.byte	2                               @ DW_AT_decl_file
	.short	13753                           @ DW_AT_decl_line
	.byte	28                              @ Abbrev [28] 0x3ed6:0x9 DW_TAG_member
	.long	16095                           @ DW_AT_type
	.byte	2                               @ DW_AT_decl_file
	.short	13756                           @ DW_AT_decl_line
	.byte	0                               @ DW_AT_data_member_location
	.byte	29                              @ Abbrev [29] 0x3edf:0x3e DW_TAG_union_type
	.byte	8                               @ DW_AT_byte_size
	.byte	2                               @ DW_AT_decl_file
	.short	13756                           @ DW_AT_decl_line
	.byte	28                              @ Abbrev [28] 0x3ee4:0x9 DW_TAG_member
	.long	16109                           @ DW_AT_type
	.byte	2                               @ DW_AT_decl_file
	.short	13758                           @ DW_AT_decl_line
	.byte	0                               @ DW_AT_data_member_location
	.byte	30                              @ Abbrev [30] 0x3eed:0x22 DW_TAG_structure_type
	.byte	8                               @ DW_AT_byte_size
	.byte	2                               @ DW_AT_decl_file
	.short	13758                           @ DW_AT_decl_line
	.byte	31                              @ Abbrev [31] 0x3ef2:0xe DW_TAG_member
	.long	.Linfo_string618                @ DW_AT_name
	.long	1206                            @ DW_AT_type
	.byte	2                               @ DW_AT_decl_file
	.short	13760                           @ DW_AT_decl_line
	.byte	32                              @ DW_AT_bit_size
	.byte	0                               @ DW_AT_data_bit_offset
	.byte	31                              @ Abbrev [31] 0x3f00:0xe DW_TAG_member
	.long	.Linfo_string619                @ DW_AT_name
	.long	1206                            @ DW_AT_type
	.byte	2                               @ DW_AT_decl_file
	.short	13761                           @ DW_AT_decl_line
	.byte	32                              @ DW_AT_bit_size
	.byte	32                              @ DW_AT_data_bit_offset
	.byte	0                               @ End Of Children Mark
	.byte	25                              @ Abbrev [25] 0x3f0f:0xd DW_TAG_member
	.long	.Linfo_string178                @ DW_AT_name
	.long	4998                            @ DW_AT_type
	.byte	2                               @ DW_AT_decl_file
	.short	13763                           @ DW_AT_decl_line
	.byte	0                               @ DW_AT_data_member_location
	.byte	0                               @ End Of Children Mark
	.byte	0                               @ End Of Children Mark
	.byte	27                              @ Abbrev [27] 0x3f1e:0x51 DW_TAG_structure_type
	.long	.Linfo_string637                @ DW_AT_name
	.byte	8                               @ DW_AT_byte_size
	.byte	2                               @ DW_AT_decl_file
	.short	13803                           @ DW_AT_decl_line
	.byte	28                              @ Abbrev [28] 0x3f27:0x9 DW_TAG_member
	.long	16176                           @ DW_AT_type
	.byte	2                               @ DW_AT_decl_file
	.short	13806                           @ DW_AT_decl_line
	.byte	0                               @ DW_AT_data_member_location
	.byte	29                              @ Abbrev [29] 0x3f30:0x3e DW_TAG_union_type
	.byte	8                               @ DW_AT_byte_size
	.byte	2                               @ DW_AT_decl_file
	.short	13806                           @ DW_AT_decl_line
	.byte	28                              @ Abbrev [28] 0x3f35:0x9 DW_TAG_member
	.long	16190                           @ DW_AT_type
	.byte	2                               @ DW_AT_decl_file
	.short	13808                           @ DW_AT_decl_line
	.byte	0                               @ DW_AT_data_member_location
	.byte	30                              @ Abbrev [30] 0x3f3e:0x22 DW_TAG_structure_type
	.byte	8                               @ DW_AT_byte_size
	.byte	2                               @ DW_AT_decl_file
	.short	13808                           @ DW_AT_decl_line
	.byte	31                              @ Abbrev [31] 0x3f43:0xe DW_TAG_member
	.long	.Linfo_string618                @ DW_AT_name
	.long	1206                            @ DW_AT_type
	.byte	2                               @ DW_AT_decl_file
	.short	13810                           @ DW_AT_decl_line
	.byte	32                              @ DW_AT_bit_size
	.byte	0                               @ DW_AT_data_bit_offset
	.byte	31                              @ Abbrev [31] 0x3f51:0xe DW_TAG_member
	.long	.Linfo_string619                @ DW_AT_name
	.long	1206                            @ DW_AT_type
	.byte	2                               @ DW_AT_decl_file
	.short	13811                           @ DW_AT_decl_line
	.byte	32                              @ DW_AT_bit_size
	.byte	32                              @ DW_AT_data_bit_offset
	.byte	0                               @ End Of Children Mark
	.byte	25                              @ Abbrev [25] 0x3f60:0xd DW_TAG_member
	.long	.Linfo_string178                @ DW_AT_name
	.long	4998                            @ DW_AT_type
	.byte	2                               @ DW_AT_decl_file
	.short	13813                           @ DW_AT_decl_line
	.byte	0                               @ DW_AT_data_member_location
	.byte	0                               @ End Of Children Mark
	.byte	0                               @ End Of Children Mark
	.byte	27                              @ Abbrev [27] 0x3f6f:0x51 DW_TAG_structure_type
	.long	.Linfo_string639                @ DW_AT_name
	.byte	8                               @ DW_AT_byte_size
	.byte	2                               @ DW_AT_decl_file
	.short	13853                           @ DW_AT_decl_line
	.byte	28                              @ Abbrev [28] 0x3f78:0x9 DW_TAG_member
	.long	16257                           @ DW_AT_type
	.byte	2                               @ DW_AT_decl_file
	.short	13856                           @ DW_AT_decl_line
	.byte	0                               @ DW_AT_data_member_location
	.byte	29                              @ Abbrev [29] 0x3f81:0x3e DW_TAG_union_type
	.byte	8                               @ DW_AT_byte_size
	.byte	2                               @ DW_AT_decl_file
	.short	13856                           @ DW_AT_decl_line
	.byte	28                              @ Abbrev [28] 0x3f86:0x9 DW_TAG_member
	.long	16271                           @ DW_AT_type
	.byte	2                               @ DW_AT_decl_file
	.short	13858                           @ DW_AT_decl_line
	.byte	0                               @ DW_AT_data_member_location
	.byte	30                              @ Abbrev [30] 0x3f8f:0x22 DW_TAG_structure_type
	.byte	8                               @ DW_AT_byte_size
	.byte	2                               @ DW_AT_decl_file
	.short	13858                           @ DW_AT_decl_line
	.byte	31                              @ Abbrev [31] 0x3f94:0xe DW_TAG_member
	.long	.Linfo_string618                @ DW_AT_name
	.long	1206                            @ DW_AT_type
	.byte	2                               @ DW_AT_decl_file
	.short	13860                           @ DW_AT_decl_line
	.byte	32                              @ DW_AT_bit_size
	.byte	0                               @ DW_AT_data_bit_offset
	.byte	31                              @ Abbrev [31] 0x3fa2:0xe DW_TAG_member
	.long	.Linfo_string619                @ DW_AT_name
	.long	1206                            @ DW_AT_type
	.byte	2                               @ DW_AT_decl_file
	.short	13861                           @ DW_AT_decl_line
	.byte	32                              @ DW_AT_bit_size
	.byte	32                              @ DW_AT_data_bit_offset
	.byte	0                               @ End Of Children Mark
	.byte	25                              @ Abbrev [25] 0x3fb1:0xd DW_TAG_member
	.long	.Linfo_string178                @ DW_AT_name
	.long	4998                            @ DW_AT_type
	.byte	2                               @ DW_AT_decl_file
	.short	13863                           @ DW_AT_decl_line
	.byte	0                               @ DW_AT_data_member_location
	.byte	0                               @ End Of Children Mark
	.byte	0                               @ End Of Children Mark
	.byte	27                              @ Abbrev [27] 0x3fc0:0x51 DW_TAG_structure_type
	.long	.Linfo_string641                @ DW_AT_name
	.byte	8                               @ DW_AT_byte_size
	.byte	2                               @ DW_AT_decl_file
	.short	13903                           @ DW_AT_decl_line
	.byte	28                              @ Abbrev [28] 0x3fc9:0x9 DW_TAG_member
	.long	16338                           @ DW_AT_type
	.byte	2                               @ DW_AT_decl_file
	.short	13906                           @ DW_AT_decl_line
	.byte	0                               @ DW_AT_data_member_location
	.byte	29                              @ Abbrev [29] 0x3fd2:0x3e DW_TAG_union_type
	.byte	8                               @ DW_AT_byte_size
	.byte	2                               @ DW_AT_decl_file
	.short	13906                           @ DW_AT_decl_line
	.byte	28                              @ Abbrev [28] 0x3fd7:0x9 DW_TAG_member
	.long	16352                           @ DW_AT_type
	.byte	2                               @ DW_AT_decl_file
	.short	13908                           @ DW_AT_decl_line
	.byte	0                               @ DW_AT_data_member_location
	.byte	30                              @ Abbrev [30] 0x3fe0:0x22 DW_TAG_structure_type
	.byte	8                               @ DW_AT_byte_size
	.byte	2                               @ DW_AT_decl_file
	.short	13908                           @ DW_AT_decl_line
	.byte	31                              @ Abbrev [31] 0x3fe5:0xe DW_TAG_member
	.long	.Linfo_string618                @ DW_AT_name
	.long	1206                            @ DW_AT_type
	.byte	2                               @ DW_AT_decl_file
	.short	13910                           @ DW_AT_decl_line
	.byte	32                              @ DW_AT_bit_size
	.byte	0                               @ DW_AT_data_bit_offset
	.byte	31                              @ Abbrev [31] 0x3ff3:0xe DW_TAG_member
	.long	.Linfo_string619                @ DW_AT_name
	.long	1206                            @ DW_AT_type
	.byte	2                               @ DW_AT_decl_file
	.short	13911                           @ DW_AT_decl_line
	.byte	32                              @ DW_AT_bit_size
	.byte	32                              @ DW_AT_data_bit_offset
	.byte	0                               @ End Of Children Mark
	.byte	25                              @ Abbrev [25] 0x4002:0xd DW_TAG_member
	.long	.Linfo_string178                @ DW_AT_name
	.long	4998                            @ DW_AT_type
	.byte	2                               @ DW_AT_decl_file
	.short	13913                           @ DW_AT_decl_line
	.byte	0                               @ DW_AT_data_member_location
	.byte	0                               @ End Of Children Mark
	.byte	0                               @ End Of Children Mark
	.byte	27                              @ Abbrev [27] 0x4011:0x51 DW_TAG_structure_type
	.long	.Linfo_string643                @ DW_AT_name
	.byte	8                               @ DW_AT_byte_size
	.byte	2                               @ DW_AT_decl_file
	.short	13953                           @ DW_AT_decl_line
	.byte	28                              @ Abbrev [28] 0x401a:0x9 DW_TAG_member
	.long	16419                           @ DW_AT_type
	.byte	2                               @ DW_AT_decl_file
	.short	13956                           @ DW_AT_decl_line
	.byte	0                               @ DW_AT_data_member_location
	.byte	29                              @ Abbrev [29] 0x4023:0x3e DW_TAG_union_type
	.byte	8                               @ DW_AT_byte_size
	.byte	2                               @ DW_AT_decl_file
	.short	13956                           @ DW_AT_decl_line
	.byte	28                              @ Abbrev [28] 0x4028:0x9 DW_TAG_member
	.long	16433                           @ DW_AT_type
	.byte	2                               @ DW_AT_decl_file
	.short	13958                           @ DW_AT_decl_line
	.byte	0                               @ DW_AT_data_member_location
	.byte	30                              @ Abbrev [30] 0x4031:0x22 DW_TAG_structure_type
	.byte	8                               @ DW_AT_byte_size
	.byte	2                               @ DW_AT_decl_file
	.short	13958                           @ DW_AT_decl_line
	.byte	31                              @ Abbrev [31] 0x4036:0xe DW_TAG_member
	.long	.Linfo_string618                @ DW_AT_name
	.long	1206                            @ DW_AT_type
	.byte	2                               @ DW_AT_decl_file
	.short	13960                           @ DW_AT_decl_line
	.byte	32                              @ DW_AT_bit_size
	.byte	0                               @ DW_AT_data_bit_offset
	.byte	31                              @ Abbrev [31] 0x4044:0xe DW_TAG_member
	.long	.Linfo_string619                @ DW_AT_name
	.long	1206                            @ DW_AT_type
	.byte	2                               @ DW_AT_decl_file
	.short	13961                           @ DW_AT_decl_line
	.byte	32                              @ DW_AT_bit_size
	.byte	32                              @ DW_AT_data_bit_offset
	.byte	0                               @ End Of Children Mark
	.byte	25                              @ Abbrev [25] 0x4053:0xd DW_TAG_member
	.long	.Linfo_string178                @ DW_AT_name
	.long	4998                            @ DW_AT_type
	.byte	2                               @ DW_AT_decl_file
	.short	13963                           @ DW_AT_decl_line
	.byte	0                               @ DW_AT_data_member_location
	.byte	0                               @ End Of Children Mark
	.byte	0                               @ End Of Children Mark
	.byte	27                              @ Abbrev [27] 0x4062:0x51 DW_TAG_structure_type
	.long	.Linfo_string645                @ DW_AT_name
	.byte	8                               @ DW_AT_byte_size
	.byte	2                               @ DW_AT_decl_file
	.short	14003                           @ DW_AT_decl_line
	.byte	28                              @ Abbrev [28] 0x406b:0x9 DW_TAG_member
	.long	16500                           @ DW_AT_type
	.byte	2                               @ DW_AT_decl_file
	.short	14006                           @ DW_AT_decl_line
	.byte	0                               @ DW_AT_data_member_location
	.byte	29                              @ Abbrev [29] 0x4074:0x3e DW_TAG_union_type
	.byte	8                               @ DW_AT_byte_size
	.byte	2                               @ DW_AT_decl_file
	.short	14006                           @ DW_AT_decl_line
	.byte	28                              @ Abbrev [28] 0x4079:0x9 DW_TAG_member
	.long	16514                           @ DW_AT_type
	.byte	2                               @ DW_AT_decl_file
	.short	14008                           @ DW_AT_decl_line
	.byte	0                               @ DW_AT_data_member_location
	.byte	30                              @ Abbrev [30] 0x4082:0x22 DW_TAG_structure_type
	.byte	8                               @ DW_AT_byte_size
	.byte	2                               @ DW_AT_decl_file
	.short	14008                           @ DW_AT_decl_line
	.byte	31                              @ Abbrev [31] 0x4087:0xe DW_TAG_member
	.long	.Linfo_string618                @ DW_AT_name
	.long	1206                            @ DW_AT_type
	.byte	2                               @ DW_AT_decl_file
	.short	14010                           @ DW_AT_decl_line
	.byte	32                              @ DW_AT_bit_size
	.byte	0                               @ DW_AT_data_bit_offset
	.byte	31                              @ Abbrev [31] 0x4095:0xe DW_TAG_member
	.long	.Linfo_string619                @ DW_AT_name
	.long	1206                            @ DW_AT_type
	.byte	2                               @ DW_AT_decl_file
	.short	14011                           @ DW_AT_decl_line
	.byte	32                              @ DW_AT_bit_size
	.byte	32                              @ DW_AT_data_bit_offset
	.byte	0                               @ End Of Children Mark
	.byte	25                              @ Abbrev [25] 0x40a4:0xd DW_TAG_member
	.long	.Linfo_string178                @ DW_AT_name
	.long	4998                            @ DW_AT_type
	.byte	2                               @ DW_AT_decl_file
	.short	14013                           @ DW_AT_decl_line
	.byte	0                               @ DW_AT_data_member_location
	.byte	0                               @ End Of Children Mark
	.byte	0                               @ End Of Children Mark
	.byte	27                              @ Abbrev [27] 0x40b3:0x51 DW_TAG_structure_type
	.long	.Linfo_string647                @ DW_AT_name
	.byte	8                               @ DW_AT_byte_size
	.byte	2                               @ DW_AT_decl_file
	.short	14053                           @ DW_AT_decl_line
	.byte	28                              @ Abbrev [28] 0x40bc:0x9 DW_TAG_member
	.long	16581                           @ DW_AT_type
	.byte	2                               @ DW_AT_decl_file
	.short	14056                           @ DW_AT_decl_line
	.byte	0                               @ DW_AT_data_member_location
	.byte	29                              @ Abbrev [29] 0x40c5:0x3e DW_TAG_union_type
	.byte	8                               @ DW_AT_byte_size
	.byte	2                               @ DW_AT_decl_file
	.short	14056                           @ DW_AT_decl_line
	.byte	28                              @ Abbrev [28] 0x40ca:0x9 DW_TAG_member
	.long	16595                           @ DW_AT_type
	.byte	2                               @ DW_AT_decl_file
	.short	14058                           @ DW_AT_decl_line
	.byte	0                               @ DW_AT_data_member_location
	.byte	30                              @ Abbrev [30] 0x40d3:0x22 DW_TAG_structure_type
	.byte	8                               @ DW_AT_byte_size
	.byte	2                               @ DW_AT_decl_file
	.short	14058                           @ DW_AT_decl_line
	.byte	31                              @ Abbrev [31] 0x40d8:0xe DW_TAG_member
	.long	.Linfo_string618                @ DW_AT_name
	.long	1206                            @ DW_AT_type
	.byte	2                               @ DW_AT_decl_file
	.short	14060                           @ DW_AT_decl_line
	.byte	32                              @ DW_AT_bit_size
	.byte	0                               @ DW_AT_data_bit_offset
	.byte	31                              @ Abbrev [31] 0x40e6:0xe DW_TAG_member
	.long	.Linfo_string619                @ DW_AT_name
	.long	1206                            @ DW_AT_type
	.byte	2                               @ DW_AT_decl_file
	.short	14061                           @ DW_AT_decl_line
	.byte	32                              @ DW_AT_bit_size
	.byte	32                              @ DW_AT_data_bit_offset
	.byte	0                               @ End Of Children Mark
	.byte	25                              @ Abbrev [25] 0x40f5:0xd DW_TAG_member
	.long	.Linfo_string178                @ DW_AT_name
	.long	4998                            @ DW_AT_type
	.byte	2                               @ DW_AT_decl_file
	.short	14063                           @ DW_AT_decl_line
	.byte	0                               @ DW_AT_data_member_location
	.byte	0                               @ End Of Children Mark
	.byte	0                               @ End Of Children Mark
	.byte	27                              @ Abbrev [27] 0x4104:0x51 DW_TAG_structure_type
	.long	.Linfo_string650                @ DW_AT_name
	.byte	8                               @ DW_AT_byte_size
	.byte	2                               @ DW_AT_decl_file
	.short	14103                           @ DW_AT_decl_line
	.byte	28                              @ Abbrev [28] 0x410d:0x9 DW_TAG_member
	.long	16662                           @ DW_AT_type
	.byte	2                               @ DW_AT_decl_file
	.short	14106                           @ DW_AT_decl_line
	.byte	0                               @ DW_AT_data_member_location
	.byte	29                              @ Abbrev [29] 0x4116:0x3e DW_TAG_union_type
	.byte	8                               @ DW_AT_byte_size
	.byte	2                               @ DW_AT_decl_file
	.short	14106                           @ DW_AT_decl_line
	.byte	28                              @ Abbrev [28] 0x411b:0x9 DW_TAG_member
	.long	16676                           @ DW_AT_type
	.byte	2                               @ DW_AT_decl_file
	.short	14108                           @ DW_AT_decl_line
	.byte	0                               @ DW_AT_data_member_location
	.byte	30                              @ Abbrev [30] 0x4124:0x22 DW_TAG_structure_type
	.byte	8                               @ DW_AT_byte_size
	.byte	2                               @ DW_AT_decl_file
	.short	14108                           @ DW_AT_decl_line
	.byte	31                              @ Abbrev [31] 0x4129:0xe DW_TAG_member
	.long	.Linfo_string618                @ DW_AT_name
	.long	1206                            @ DW_AT_type
	.byte	2                               @ DW_AT_decl_file
	.short	14110                           @ DW_AT_decl_line
	.byte	32                              @ DW_AT_bit_size
	.byte	0                               @ DW_AT_data_bit_offset
	.byte	31                              @ Abbrev [31] 0x4137:0xe DW_TAG_member
	.long	.Linfo_string619                @ DW_AT_name
	.long	1206                            @ DW_AT_type
	.byte	2                               @ DW_AT_decl_file
	.short	14111                           @ DW_AT_decl_line
	.byte	32                              @ DW_AT_bit_size
	.byte	32                              @ DW_AT_data_bit_offset
	.byte	0                               @ End Of Children Mark
	.byte	25                              @ Abbrev [25] 0x4146:0xd DW_TAG_member
	.long	.Linfo_string178                @ DW_AT_name
	.long	4998                            @ DW_AT_type
	.byte	2                               @ DW_AT_decl_file
	.short	14113                           @ DW_AT_decl_line
	.byte	0                               @ DW_AT_data_member_location
	.byte	0                               @ End Of Children Mark
	.byte	0                               @ End Of Children Mark
	.byte	27                              @ Abbrev [27] 0x4155:0x51 DW_TAG_structure_type
	.long	.Linfo_string652                @ DW_AT_name
	.byte	8                               @ DW_AT_byte_size
	.byte	2                               @ DW_AT_decl_file
	.short	14153                           @ DW_AT_decl_line
	.byte	28                              @ Abbrev [28] 0x415e:0x9 DW_TAG_member
	.long	16743                           @ DW_AT_type
	.byte	2                               @ DW_AT_decl_file
	.short	14156                           @ DW_AT_decl_line
	.byte	0                               @ DW_AT_data_member_location
	.byte	29                              @ Abbrev [29] 0x4167:0x3e DW_TAG_union_type
	.byte	8                               @ DW_AT_byte_size
	.byte	2                               @ DW_AT_decl_file
	.short	14156                           @ DW_AT_decl_line
	.byte	28                              @ Abbrev [28] 0x416c:0x9 DW_TAG_member
	.long	16757                           @ DW_AT_type
	.byte	2                               @ DW_AT_decl_file
	.short	14158                           @ DW_AT_decl_line
	.byte	0                               @ DW_AT_data_member_location
	.byte	30                              @ Abbrev [30] 0x4175:0x22 DW_TAG_structure_type
	.byte	8                               @ DW_AT_byte_size
	.byte	2                               @ DW_AT_decl_file
	.short	14158                           @ DW_AT_decl_line
	.byte	31                              @ Abbrev [31] 0x417a:0xe DW_TAG_member
	.long	.Linfo_string618                @ DW_AT_name
	.long	1206                            @ DW_AT_type
	.byte	2                               @ DW_AT_decl_file
	.short	14160                           @ DW_AT_decl_line
	.byte	32                              @ DW_AT_bit_size
	.byte	0                               @ DW_AT_data_bit_offset
	.byte	31                              @ Abbrev [31] 0x4188:0xe DW_TAG_member
	.long	.Linfo_string619                @ DW_AT_name
	.long	1206                            @ DW_AT_type
	.byte	2                               @ DW_AT_decl_file
	.short	14161                           @ DW_AT_decl_line
	.byte	32                              @ DW_AT_bit_size
	.byte	32                              @ DW_AT_data_bit_offset
	.byte	0                               @ End Of Children Mark
	.byte	25                              @ Abbrev [25] 0x4197:0xd DW_TAG_member
	.long	.Linfo_string178                @ DW_AT_name
	.long	4998                            @ DW_AT_type
	.byte	2                               @ DW_AT_decl_file
	.short	14163                           @ DW_AT_decl_line
	.byte	0                               @ DW_AT_data_member_location
	.byte	0                               @ End Of Children Mark
	.byte	0                               @ End Of Children Mark
	.byte	27                              @ Abbrev [27] 0x41a6:0x51 DW_TAG_structure_type
	.long	.Linfo_string654                @ DW_AT_name
	.byte	8                               @ DW_AT_byte_size
	.byte	2                               @ DW_AT_decl_file
	.short	14203                           @ DW_AT_decl_line
	.byte	28                              @ Abbrev [28] 0x41af:0x9 DW_TAG_member
	.long	16824                           @ DW_AT_type
	.byte	2                               @ DW_AT_decl_file
	.short	14206                           @ DW_AT_decl_line
	.byte	0                               @ DW_AT_data_member_location
	.byte	29                              @ Abbrev [29] 0x41b8:0x3e DW_TAG_union_type
	.byte	8                               @ DW_AT_byte_size
	.byte	2                               @ DW_AT_decl_file
	.short	14206                           @ DW_AT_decl_line
	.byte	28                              @ Abbrev [28] 0x41bd:0x9 DW_TAG_member
	.long	16838                           @ DW_AT_type
	.byte	2                               @ DW_AT_decl_file
	.short	14208                           @ DW_AT_decl_line
	.byte	0                               @ DW_AT_data_member_location
	.byte	30                              @ Abbrev [30] 0x41c6:0x22 DW_TAG_structure_type
	.byte	8                               @ DW_AT_byte_size
	.byte	2                               @ DW_AT_decl_file
	.short	14208                           @ DW_AT_decl_line
	.byte	31                              @ Abbrev [31] 0x41cb:0xe DW_TAG_member
	.long	.Linfo_string618                @ DW_AT_name
	.long	1206                            @ DW_AT_type
	.byte	2                               @ DW_AT_decl_file
	.short	14210                           @ DW_AT_decl_line
	.byte	32                              @ DW_AT_bit_size
	.byte	0                               @ DW_AT_data_bit_offset
	.byte	31                              @ Abbrev [31] 0x41d9:0xe DW_TAG_member
	.long	.Linfo_string619                @ DW_AT_name
	.long	1206                            @ DW_AT_type
	.byte	2                               @ DW_AT_decl_file
	.short	14211                           @ DW_AT_decl_line
	.byte	32                              @ DW_AT_bit_size
	.byte	32                              @ DW_AT_data_bit_offset
	.byte	0                               @ End Of Children Mark
	.byte	25                              @ Abbrev [25] 0x41e8:0xd DW_TAG_member
	.long	.Linfo_string178                @ DW_AT_name
	.long	4998                            @ DW_AT_type
	.byte	2                               @ DW_AT_decl_file
	.short	14213                           @ DW_AT_decl_line
	.byte	0                               @ DW_AT_data_member_location
	.byte	0                               @ End Of Children Mark
	.byte	0                               @ End Of Children Mark
	.byte	27                              @ Abbrev [27] 0x41f7:0x51 DW_TAG_structure_type
	.long	.Linfo_string656                @ DW_AT_name
	.byte	8                               @ DW_AT_byte_size
	.byte	2                               @ DW_AT_decl_file
	.short	14253                           @ DW_AT_decl_line
	.byte	28                              @ Abbrev [28] 0x4200:0x9 DW_TAG_member
	.long	16905                           @ DW_AT_type
	.byte	2                               @ DW_AT_decl_file
	.short	14256                           @ DW_AT_decl_line
	.byte	0                               @ DW_AT_data_member_location
	.byte	29                              @ Abbrev [29] 0x4209:0x3e DW_TAG_union_type
	.byte	8                               @ DW_AT_byte_size
	.byte	2                               @ DW_AT_decl_file
	.short	14256                           @ DW_AT_decl_line
	.byte	28                              @ Abbrev [28] 0x420e:0x9 DW_TAG_member
	.long	16919                           @ DW_AT_type
	.byte	2                               @ DW_AT_decl_file
	.short	14258                           @ DW_AT_decl_line
	.byte	0                               @ DW_AT_data_member_location
	.byte	30                              @ Abbrev [30] 0x4217:0x22 DW_TAG_structure_type
	.byte	8                               @ DW_AT_byte_size
	.byte	2                               @ DW_AT_decl_file
	.short	14258                           @ DW_AT_decl_line
	.byte	31                              @ Abbrev [31] 0x421c:0xe DW_TAG_member
	.long	.Linfo_string618                @ DW_AT_name
	.long	1206                            @ DW_AT_type
	.byte	2                               @ DW_AT_decl_file
	.short	14260                           @ DW_AT_decl_line
	.byte	32                              @ DW_AT_bit_size
	.byte	0                               @ DW_AT_data_bit_offset
	.byte	31                              @ Abbrev [31] 0x422a:0xe DW_TAG_member
	.long	.Linfo_string619                @ DW_AT_name
	.long	1206                            @ DW_AT_type
	.byte	2                               @ DW_AT_decl_file
	.short	14261                           @ DW_AT_decl_line
	.byte	32                              @ DW_AT_bit_size
	.byte	32                              @ DW_AT_data_bit_offset
	.byte	0                               @ End Of Children Mark
	.byte	25                              @ Abbrev [25] 0x4239:0xd DW_TAG_member
	.long	.Linfo_string178                @ DW_AT_name
	.long	4998                            @ DW_AT_type
	.byte	2                               @ DW_AT_decl_file
	.short	14263                           @ DW_AT_decl_line
	.byte	0                               @ DW_AT_data_member_location
	.byte	0                               @ End Of Children Mark
	.byte	0                               @ End Of Children Mark
	.byte	27                              @ Abbrev [27] 0x4248:0x43 DW_TAG_structure_type
	.long	.Linfo_string658                @ DW_AT_name
	.byte	4                               @ DW_AT_byte_size
	.byte	2                               @ DW_AT_decl_file
	.short	14303                           @ DW_AT_decl_line
	.byte	28                              @ Abbrev [28] 0x4251:0x9 DW_TAG_member
	.long	16986                           @ DW_AT_type
	.byte	2                               @ DW_AT_decl_file
	.short	14306                           @ DW_AT_decl_line
	.byte	0                               @ DW_AT_data_member_location
	.byte	29                              @ Abbrev [29] 0x425a:0x30 DW_TAG_union_type
	.byte	4                               @ DW_AT_byte_size
	.byte	2                               @ DW_AT_decl_file
	.short	14306                           @ DW_AT_decl_line
	.byte	28                              @ Abbrev [28] 0x425f:0x9 DW_TAG_member
	.long	17000                           @ DW_AT_type
	.byte	2                               @ DW_AT_decl_file
	.short	14308                           @ DW_AT_decl_line
	.byte	0                               @ DW_AT_data_member_location
	.byte	30                              @ Abbrev [30] 0x4268:0x14 DW_TAG_structure_type
	.byte	4                               @ DW_AT_byte_size
	.byte	2                               @ DW_AT_decl_file
	.short	14308                           @ DW_AT_decl_line
	.byte	31                              @ Abbrev [31] 0x426d:0xe DW_TAG_member
	.long	.Linfo_string432                @ DW_AT_name
	.long	1206                            @ DW_AT_type
	.byte	2                               @ DW_AT_decl_file
	.short	14310                           @ DW_AT_decl_line
	.byte	32                              @ DW_AT_bit_size
	.byte	0                               @ DW_AT_data_bit_offset
	.byte	0                               @ End Of Children Mark
	.byte	25                              @ Abbrev [25] 0x427c:0xd DW_TAG_member
	.long	.Linfo_string178                @ DW_AT_name
	.long	1206                            @ DW_AT_type
	.byte	2                               @ DW_AT_decl_file
	.short	14312                           @ DW_AT_decl_line
	.byte	0                               @ DW_AT_data_member_location
	.byte	0                               @ End Of Children Mark
	.byte	0                               @ End Of Children Mark
	.byte	27                              @ Abbrev [27] 0x428b:0x43 DW_TAG_structure_type
	.long	.Linfo_string660                @ DW_AT_name
	.byte	4                               @ DW_AT_byte_size
	.byte	2                               @ DW_AT_decl_file
	.short	14365                           @ DW_AT_decl_line
	.byte	28                              @ Abbrev [28] 0x4294:0x9 DW_TAG_member
	.long	17053                           @ DW_AT_type
	.byte	2                               @ DW_AT_decl_file
	.short	14368                           @ DW_AT_decl_line
	.byte	0                               @ DW_AT_data_member_location
	.byte	29                              @ Abbrev [29] 0x429d:0x30 DW_TAG_union_type
	.byte	4                               @ DW_AT_byte_size
	.byte	2                               @ DW_AT_decl_file
	.short	14368                           @ DW_AT_decl_line
	.byte	28                              @ Abbrev [28] 0x42a2:0x9 DW_TAG_member
	.long	17067                           @ DW_AT_type
	.byte	2                               @ DW_AT_decl_file
	.short	14370                           @ DW_AT_decl_line
	.byte	0                               @ DW_AT_data_member_location
	.byte	30                              @ Abbrev [30] 0x42ab:0x14 DW_TAG_structure_type
	.byte	4                               @ DW_AT_byte_size
	.byte	2                               @ DW_AT_decl_file
	.short	14370                           @ DW_AT_decl_line
	.byte	31                              @ Abbrev [31] 0x42b0:0xe DW_TAG_member
	.long	.Linfo_string432                @ DW_AT_name
	.long	1206                            @ DW_AT_type
	.byte	2                               @ DW_AT_decl_file
	.short	14372                           @ DW_AT_decl_line
	.byte	32                              @ DW_AT_bit_size
	.byte	0                               @ DW_AT_data_bit_offset
	.byte	0                               @ End Of Children Mark
	.byte	25                              @ Abbrev [25] 0x42bf:0xd DW_TAG_member
	.long	.Linfo_string178                @ DW_AT_name
	.long	1206                            @ DW_AT_type
	.byte	2                               @ DW_AT_decl_file
	.short	14374                           @ DW_AT_decl_line
	.byte	0                               @ DW_AT_data_member_location
	.byte	0                               @ End Of Children Mark
	.byte	0                               @ End Of Children Mark
	.byte	27                              @ Abbrev [27] 0x42ce:0x43 DW_TAG_structure_type
	.long	.Linfo_string662                @ DW_AT_name
	.byte	4                               @ DW_AT_byte_size
	.byte	2                               @ DW_AT_decl_file
	.short	14427                           @ DW_AT_decl_line
	.byte	28                              @ Abbrev [28] 0x42d7:0x9 DW_TAG_member
	.long	17120                           @ DW_AT_type
	.byte	2                               @ DW_AT_decl_file
	.short	14430                           @ DW_AT_decl_line
	.byte	0                               @ DW_AT_data_member_location
	.byte	29                              @ Abbrev [29] 0x42e0:0x30 DW_TAG_union_type
	.byte	4                               @ DW_AT_byte_size
	.byte	2                               @ DW_AT_decl_file
	.short	14430                           @ DW_AT_decl_line
	.byte	28                              @ Abbrev [28] 0x42e5:0x9 DW_TAG_member
	.long	17134                           @ DW_AT_type
	.byte	2                               @ DW_AT_decl_file
	.short	14432                           @ DW_AT_decl_line
	.byte	0                               @ DW_AT_data_member_location
	.byte	30                              @ Abbrev [30] 0x42ee:0x14 DW_TAG_structure_type
	.byte	4                               @ DW_AT_byte_size
	.byte	2                               @ DW_AT_decl_file
	.short	14432                           @ DW_AT_decl_line
	.byte	31                              @ Abbrev [31] 0x42f3:0xe DW_TAG_member
	.long	.Linfo_string432                @ DW_AT_name
	.long	1206                            @ DW_AT_type
	.byte	2                               @ DW_AT_decl_file
	.short	14434                           @ DW_AT_decl_line
	.byte	32                              @ DW_AT_bit_size
	.byte	0                               @ DW_AT_data_bit_offset
	.byte	0                               @ End Of Children Mark
	.byte	25                              @ Abbrev [25] 0x4302:0xd DW_TAG_member
	.long	.Linfo_string178                @ DW_AT_name
	.long	1206                            @ DW_AT_type
	.byte	2                               @ DW_AT_decl_file
	.short	14436                           @ DW_AT_decl_line
	.byte	0                               @ DW_AT_data_member_location
	.byte	0                               @ End Of Children Mark
	.byte	0                               @ End Of Children Mark
	.byte	27                              @ Abbrev [27] 0x4311:0x43 DW_TAG_structure_type
	.long	.Linfo_string664                @ DW_AT_name
	.byte	4                               @ DW_AT_byte_size
	.byte	2                               @ DW_AT_decl_file
	.short	14489                           @ DW_AT_decl_line
	.byte	28                              @ Abbrev [28] 0x431a:0x9 DW_TAG_member
	.long	17187                           @ DW_AT_type
	.byte	2                               @ DW_AT_decl_file
	.short	14492                           @ DW_AT_decl_line
	.byte	0                               @ DW_AT_data_member_location
	.byte	29                              @ Abbrev [29] 0x4323:0x30 DW_TAG_union_type
	.byte	4                               @ DW_AT_byte_size
	.byte	2                               @ DW_AT_decl_file
	.short	14492                           @ DW_AT_decl_line
	.byte	28                              @ Abbrev [28] 0x4328:0x9 DW_TAG_member
	.long	17201                           @ DW_AT_type
	.byte	2                               @ DW_AT_decl_file
	.short	14494                           @ DW_AT_decl_line
	.byte	0                               @ DW_AT_data_member_location
	.byte	30                              @ Abbrev [30] 0x4331:0x14 DW_TAG_structure_type
	.byte	4                               @ DW_AT_byte_size
	.byte	2                               @ DW_AT_decl_file
	.short	14494                           @ DW_AT_decl_line
	.byte	31                              @ Abbrev [31] 0x4336:0xe DW_TAG_member
	.long	.Linfo_string432                @ DW_AT_name
	.long	1206                            @ DW_AT_type
	.byte	2                               @ DW_AT_decl_file
	.short	14496                           @ DW_AT_decl_line
	.byte	32                              @ DW_AT_bit_size
	.byte	0                               @ DW_AT_data_bit_offset
	.byte	0                               @ End Of Children Mark
	.byte	25                              @ Abbrev [25] 0x4345:0xd DW_TAG_member
	.long	.Linfo_string178                @ DW_AT_name
	.long	1206                            @ DW_AT_type
	.byte	2                               @ DW_AT_decl_file
	.short	14498                           @ DW_AT_decl_line
	.byte	0                               @ DW_AT_data_member_location
	.byte	0                               @ End Of Children Mark
	.byte	0                               @ End Of Children Mark
	.byte	27                              @ Abbrev [27] 0x4354:0x43 DW_TAG_structure_type
	.long	.Linfo_string666                @ DW_AT_name
	.byte	4                               @ DW_AT_byte_size
	.byte	2                               @ DW_AT_decl_file
	.short	14551                           @ DW_AT_decl_line
	.byte	28                              @ Abbrev [28] 0x435d:0x9 DW_TAG_member
	.long	17254                           @ DW_AT_type
	.byte	2                               @ DW_AT_decl_file
	.short	14554                           @ DW_AT_decl_line
	.byte	0                               @ DW_AT_data_member_location
	.byte	29                              @ Abbrev [29] 0x4366:0x30 DW_TAG_union_type
	.byte	4                               @ DW_AT_byte_size
	.byte	2                               @ DW_AT_decl_file
	.short	14554                           @ DW_AT_decl_line
	.byte	28                              @ Abbrev [28] 0x436b:0x9 DW_TAG_member
	.long	17268                           @ DW_AT_type
	.byte	2                               @ DW_AT_decl_file
	.short	14556                           @ DW_AT_decl_line
	.byte	0                               @ DW_AT_data_member_location
	.byte	30                              @ Abbrev [30] 0x4374:0x14 DW_TAG_structure_type
	.byte	4                               @ DW_AT_byte_size
	.byte	2                               @ DW_AT_decl_file
	.short	14556                           @ DW_AT_decl_line
	.byte	31                              @ Abbrev [31] 0x4379:0xe DW_TAG_member
	.long	.Linfo_string432                @ DW_AT_name
	.long	1206                            @ DW_AT_type
	.byte	2                               @ DW_AT_decl_file
	.short	14558                           @ DW_AT_decl_line
	.byte	32                              @ DW_AT_bit_size
	.byte	0                               @ DW_AT_data_bit_offset
	.byte	0                               @ End Of Children Mark
	.byte	25                              @ Abbrev [25] 0x4388:0xd DW_TAG_member
	.long	.Linfo_string178                @ DW_AT_name
	.long	1206                            @ DW_AT_type
	.byte	2                               @ DW_AT_decl_file
	.short	14560                           @ DW_AT_decl_line
	.byte	0                               @ DW_AT_data_member_location
	.byte	0                               @ End Of Children Mark
	.byte	0                               @ End Of Children Mark
	.byte	27                              @ Abbrev [27] 0x4397:0x51 DW_TAG_structure_type
	.long	.Linfo_string669                @ DW_AT_name
	.byte	8                               @ DW_AT_byte_size
	.byte	2                               @ DW_AT_decl_file
	.short	14613                           @ DW_AT_decl_line
	.byte	28                              @ Abbrev [28] 0x43a0:0x9 DW_TAG_member
	.long	17321                           @ DW_AT_type
	.byte	2                               @ DW_AT_decl_file
	.short	14616                           @ DW_AT_decl_line
	.byte	0                               @ DW_AT_data_member_location
	.byte	29                              @ Abbrev [29] 0x43a9:0x3e DW_TAG_union_type
	.byte	8                               @ DW_AT_byte_size
	.byte	2                               @ DW_AT_decl_file
	.short	14616                           @ DW_AT_decl_line
	.byte	28                              @ Abbrev [28] 0x43ae:0x9 DW_TAG_member
	.long	17335                           @ DW_AT_type
	.byte	2                               @ DW_AT_decl_file
	.short	14618                           @ DW_AT_decl_line
	.byte	0                               @ DW_AT_data_member_location
	.byte	30                              @ Abbrev [30] 0x43b7:0x22 DW_TAG_structure_type
	.byte	8                               @ DW_AT_byte_size
	.byte	2                               @ DW_AT_decl_file
	.short	14618                           @ DW_AT_decl_line
	.byte	31                              @ Abbrev [31] 0x43bc:0xe DW_TAG_member
	.long	.Linfo_string618                @ DW_AT_name
	.long	1206                            @ DW_AT_type
	.byte	2                               @ DW_AT_decl_file
	.short	14620                           @ DW_AT_decl_line
	.byte	32                              @ DW_AT_bit_size
	.byte	0                               @ DW_AT_data_bit_offset
	.byte	31                              @ Abbrev [31] 0x43ca:0xe DW_TAG_member
	.long	.Linfo_string619                @ DW_AT_name
	.long	1206                            @ DW_AT_type
	.byte	2                               @ DW_AT_decl_file
	.short	14621                           @ DW_AT_decl_line
	.byte	32                              @ DW_AT_bit_size
	.byte	32                              @ DW_AT_data_bit_offset
	.byte	0                               @ End Of Children Mark
	.byte	25                              @ Abbrev [25] 0x43d9:0xd DW_TAG_member
	.long	.Linfo_string178                @ DW_AT_name
	.long	4998                            @ DW_AT_type
	.byte	2                               @ DW_AT_decl_file
	.short	14623                           @ DW_AT_decl_line
	.byte	0                               @ DW_AT_data_member_location
	.byte	0                               @ End Of Children Mark
	.byte	0                               @ End Of Children Mark
	.byte	27                              @ Abbrev [27] 0x43e8:0x51 DW_TAG_structure_type
	.long	.Linfo_string671                @ DW_AT_name
	.byte	8                               @ DW_AT_byte_size
	.byte	2                               @ DW_AT_decl_file
	.short	14663                           @ DW_AT_decl_line
	.byte	28                              @ Abbrev [28] 0x43f1:0x9 DW_TAG_member
	.long	17402                           @ DW_AT_type
	.byte	2                               @ DW_AT_decl_file
	.short	14666                           @ DW_AT_decl_line
	.byte	0                               @ DW_AT_data_member_location
	.byte	29                              @ Abbrev [29] 0x43fa:0x3e DW_TAG_union_type
	.byte	8                               @ DW_AT_byte_size
	.byte	2                               @ DW_AT_decl_file
	.short	14666                           @ DW_AT_decl_line
	.byte	28                              @ Abbrev [28] 0x43ff:0x9 DW_TAG_member
	.long	17416                           @ DW_AT_type
	.byte	2                               @ DW_AT_decl_file
	.short	14668                           @ DW_AT_decl_line
	.byte	0                               @ DW_AT_data_member_location
	.byte	30                              @ Abbrev [30] 0x4408:0x22 DW_TAG_structure_type
	.byte	8                               @ DW_AT_byte_size
	.byte	2                               @ DW_AT_decl_file
	.short	14668                           @ DW_AT_decl_line
	.byte	31                              @ Abbrev [31] 0x440d:0xe DW_TAG_member
	.long	.Linfo_string618                @ DW_AT_name
	.long	1206                            @ DW_AT_type
	.byte	2                               @ DW_AT_decl_file
	.short	14670                           @ DW_AT_decl_line
	.byte	32                              @ DW_AT_bit_size
	.byte	0                               @ DW_AT_data_bit_offset
	.byte	31                              @ Abbrev [31] 0x441b:0xe DW_TAG_member
	.long	.Linfo_string619                @ DW_AT_name
	.long	1206                            @ DW_AT_type
	.byte	2                               @ DW_AT_decl_file
	.short	14671                           @ DW_AT_decl_line
	.byte	32                              @ DW_AT_bit_size
	.byte	32                              @ DW_AT_data_bit_offset
	.byte	0                               @ End Of Children Mark
	.byte	25                              @ Abbrev [25] 0x442a:0xd DW_TAG_member
	.long	.Linfo_string178                @ DW_AT_name
	.long	4998                            @ DW_AT_type
	.byte	2                               @ DW_AT_decl_file
	.short	14673                           @ DW_AT_decl_line
	.byte	0                               @ DW_AT_data_member_location
	.byte	0                               @ End Of Children Mark
	.byte	0                               @ End Of Children Mark
	.byte	27                              @ Abbrev [27] 0x4439:0x51 DW_TAG_structure_type
	.long	.Linfo_string673                @ DW_AT_name
	.byte	8                               @ DW_AT_byte_size
	.byte	2                               @ DW_AT_decl_file
	.short	14713                           @ DW_AT_decl_line
	.byte	28                              @ Abbrev [28] 0x4442:0x9 DW_TAG_member
	.long	17483                           @ DW_AT_type
	.byte	2                               @ DW_AT_decl_file
	.short	14716                           @ DW_AT_decl_line
	.byte	0                               @ DW_AT_data_member_location
	.byte	29                              @ Abbrev [29] 0x444b:0x3e DW_TAG_union_type
	.byte	8                               @ DW_AT_byte_size
	.byte	2                               @ DW_AT_decl_file
	.short	14716                           @ DW_AT_decl_line
	.byte	28                              @ Abbrev [28] 0x4450:0x9 DW_TAG_member
	.long	17497                           @ DW_AT_type
	.byte	2                               @ DW_AT_decl_file
	.short	14718                           @ DW_AT_decl_line
	.byte	0                               @ DW_AT_data_member_location
	.byte	30                              @ Abbrev [30] 0x4459:0x22 DW_TAG_structure_type
	.byte	8                               @ DW_AT_byte_size
	.byte	2                               @ DW_AT_decl_file
	.short	14718                           @ DW_AT_decl_line
	.byte	31                              @ Abbrev [31] 0x445e:0xe DW_TAG_member
	.long	.Linfo_string618                @ DW_AT_name
	.long	1206                            @ DW_AT_type
	.byte	2                               @ DW_AT_decl_file
	.short	14720                           @ DW_AT_decl_line
	.byte	32                              @ DW_AT_bit_size
	.byte	0                               @ DW_AT_data_bit_offset
	.byte	31                              @ Abbrev [31] 0x446c:0xe DW_TAG_member
	.long	.Linfo_string619                @ DW_AT_name
	.long	1206                            @ DW_AT_type
	.byte	2                               @ DW_AT_decl_file
	.short	14721                           @ DW_AT_decl_line
	.byte	32                              @ DW_AT_bit_size
	.byte	32                              @ DW_AT_data_bit_offset
	.byte	0                               @ End Of Children Mark
	.byte	25                              @ Abbrev [25] 0x447b:0xd DW_TAG_member
	.long	.Linfo_string178                @ DW_AT_name
	.long	4998                            @ DW_AT_type
	.byte	2                               @ DW_AT_decl_file
	.short	14723                           @ DW_AT_decl_line
	.byte	0                               @ DW_AT_data_member_location
	.byte	0                               @ End Of Children Mark
	.byte	0                               @ End Of Children Mark
	.byte	27                              @ Abbrev [27] 0x448a:0x51 DW_TAG_structure_type
	.long	.Linfo_string676                @ DW_AT_name
	.byte	8                               @ DW_AT_byte_size
	.byte	2                               @ DW_AT_decl_file
	.short	14763                           @ DW_AT_decl_line
	.byte	28                              @ Abbrev [28] 0x4493:0x9 DW_TAG_member
	.long	17564                           @ DW_AT_type
	.byte	2                               @ DW_AT_decl_file
	.short	14766                           @ DW_AT_decl_line
	.byte	0                               @ DW_AT_data_member_location
	.byte	29                              @ Abbrev [29] 0x449c:0x3e DW_TAG_union_type
	.byte	8                               @ DW_AT_byte_size
	.byte	2                               @ DW_AT_decl_file
	.short	14766                           @ DW_AT_decl_line
	.byte	28                              @ Abbrev [28] 0x44a1:0x9 DW_TAG_member
	.long	17578                           @ DW_AT_type
	.byte	2                               @ DW_AT_decl_file
	.short	14768                           @ DW_AT_decl_line
	.byte	0                               @ DW_AT_data_member_location
	.byte	30                              @ Abbrev [30] 0x44aa:0x22 DW_TAG_structure_type
	.byte	8                               @ DW_AT_byte_size
	.byte	2                               @ DW_AT_decl_file
	.short	14768                           @ DW_AT_decl_line
	.byte	31                              @ Abbrev [31] 0x44af:0xe DW_TAG_member
	.long	.Linfo_string618                @ DW_AT_name
	.long	1206                            @ DW_AT_type
	.byte	2                               @ DW_AT_decl_file
	.short	14770                           @ DW_AT_decl_line
	.byte	32                              @ DW_AT_bit_size
	.byte	0                               @ DW_AT_data_bit_offset
	.byte	31                              @ Abbrev [31] 0x44bd:0xe DW_TAG_member
	.long	.Linfo_string619                @ DW_AT_name
	.long	1206                            @ DW_AT_type
	.byte	2                               @ DW_AT_decl_file
	.short	14771                           @ DW_AT_decl_line
	.byte	32                              @ DW_AT_bit_size
	.byte	32                              @ DW_AT_data_bit_offset
	.byte	0                               @ End Of Children Mark
	.byte	25                              @ Abbrev [25] 0x44cc:0xd DW_TAG_member
	.long	.Linfo_string178                @ DW_AT_name
	.long	4998                            @ DW_AT_type
	.byte	2                               @ DW_AT_decl_file
	.short	14773                           @ DW_AT_decl_line
	.byte	0                               @ DW_AT_data_member_location
	.byte	0                               @ End Of Children Mark
	.byte	0                               @ End Of Children Mark
	.byte	27                              @ Abbrev [27] 0x44db:0x51 DW_TAG_structure_type
	.long	.Linfo_string678                @ DW_AT_name
	.byte	8                               @ DW_AT_byte_size
	.byte	2                               @ DW_AT_decl_file
	.short	14813                           @ DW_AT_decl_line
	.byte	28                              @ Abbrev [28] 0x44e4:0x9 DW_TAG_member
	.long	17645                           @ DW_AT_type
	.byte	2                               @ DW_AT_decl_file
	.short	14816                           @ DW_AT_decl_line
	.byte	0                               @ DW_AT_data_member_location
	.byte	29                              @ Abbrev [29] 0x44ed:0x3e DW_TAG_union_type
	.byte	8                               @ DW_AT_byte_size
	.byte	2                               @ DW_AT_decl_file
	.short	14816                           @ DW_AT_decl_line
	.byte	28                              @ Abbrev [28] 0x44f2:0x9 DW_TAG_member
	.long	17659                           @ DW_AT_type
	.byte	2                               @ DW_AT_decl_file
	.short	14818                           @ DW_AT_decl_line
	.byte	0                               @ DW_AT_data_member_location
	.byte	30                              @ Abbrev [30] 0x44fb:0x22 DW_TAG_structure_type
	.byte	8                               @ DW_AT_byte_size
	.byte	2                               @ DW_AT_decl_file
	.short	14818                           @ DW_AT_decl_line
	.byte	31                              @ Abbrev [31] 0x4500:0xe DW_TAG_member
	.long	.Linfo_string618                @ DW_AT_name
	.long	1206                            @ DW_AT_type
	.byte	2                               @ DW_AT_decl_file
	.short	14820                           @ DW_AT_decl_line
	.byte	32                              @ DW_AT_bit_size
	.byte	0                               @ DW_AT_data_bit_offset
	.byte	31                              @ Abbrev [31] 0x450e:0xe DW_TAG_member
	.long	.Linfo_string619                @ DW_AT_name
	.long	1206                            @ DW_AT_type
	.byte	2                               @ DW_AT_decl_file
	.short	14821                           @ DW_AT_decl_line
	.byte	32                              @ DW_AT_bit_size
	.byte	32                              @ DW_AT_data_bit_offset
	.byte	0                               @ End Of Children Mark
	.byte	25                              @ Abbrev [25] 0x451d:0xd DW_TAG_member
	.long	.Linfo_string178                @ DW_AT_name
	.long	4998                            @ DW_AT_type
	.byte	2                               @ DW_AT_decl_file
	.short	14823                           @ DW_AT_decl_line
	.byte	0                               @ DW_AT_data_member_location
	.byte	0                               @ End Of Children Mark
	.byte	0                               @ End Of Children Mark
	.byte	27                              @ Abbrev [27] 0x452c:0x51 DW_TAG_structure_type
	.long	.Linfo_string680                @ DW_AT_name
	.byte	8                               @ DW_AT_byte_size
	.byte	2                               @ DW_AT_decl_file
	.short	14863                           @ DW_AT_decl_line
	.byte	28                              @ Abbrev [28] 0x4535:0x9 DW_TAG_member
	.long	17726                           @ DW_AT_type
	.byte	2                               @ DW_AT_decl_file
	.short	14866                           @ DW_AT_decl_line
	.byte	0                               @ DW_AT_data_member_location
	.byte	29                              @ Abbrev [29] 0x453e:0x3e DW_TAG_union_type
	.byte	8                               @ DW_AT_byte_size
	.byte	2                               @ DW_AT_decl_file
	.short	14866                           @ DW_AT_decl_line
	.byte	28                              @ Abbrev [28] 0x4543:0x9 DW_TAG_member
	.long	17740                           @ DW_AT_type
	.byte	2                               @ DW_AT_decl_file
	.short	14868                           @ DW_AT_decl_line
	.byte	0                               @ DW_AT_data_member_location
	.byte	30                              @ Abbrev [30] 0x454c:0x22 DW_TAG_structure_type
	.byte	8                               @ DW_AT_byte_size
	.byte	2                               @ DW_AT_decl_file
	.short	14868                           @ DW_AT_decl_line
	.byte	31                              @ Abbrev [31] 0x4551:0xe DW_TAG_member
	.long	.Linfo_string618                @ DW_AT_name
	.long	1206                            @ DW_AT_type
	.byte	2                               @ DW_AT_decl_file
	.short	14870                           @ DW_AT_decl_line
	.byte	32                              @ DW_AT_bit_size
	.byte	0                               @ DW_AT_data_bit_offset
	.byte	31                              @ Abbrev [31] 0x455f:0xe DW_TAG_member
	.long	.Linfo_string619                @ DW_AT_name
	.long	1206                            @ DW_AT_type
	.byte	2                               @ DW_AT_decl_file
	.short	14871                           @ DW_AT_decl_line
	.byte	32                              @ DW_AT_bit_size
	.byte	32                              @ DW_AT_data_bit_offset
	.byte	0                               @ End Of Children Mark
	.byte	25                              @ Abbrev [25] 0x456e:0xd DW_TAG_member
	.long	.Linfo_string178                @ DW_AT_name
	.long	4998                            @ DW_AT_type
	.byte	2                               @ DW_AT_decl_file
	.short	14873                           @ DW_AT_decl_line
	.byte	0                               @ DW_AT_data_member_location
	.byte	0                               @ End Of Children Mark
	.byte	0                               @ End Of Children Mark
	.byte	27                              @ Abbrev [27] 0x457d:0x51 DW_TAG_structure_type
	.long	.Linfo_string682                @ DW_AT_name
	.byte	8                               @ DW_AT_byte_size
	.byte	2                               @ DW_AT_decl_file
	.short	14913                           @ DW_AT_decl_line
	.byte	28                              @ Abbrev [28] 0x4586:0x9 DW_TAG_member
	.long	17807                           @ DW_AT_type
	.byte	2                               @ DW_AT_decl_file
	.short	14916                           @ DW_AT_decl_line
	.byte	0                               @ DW_AT_data_member_location
	.byte	29                              @ Abbrev [29] 0x458f:0x3e DW_TAG_union_type
	.byte	8                               @ DW_AT_byte_size
	.byte	2                               @ DW_AT_decl_file
	.short	14916                           @ DW_AT_decl_line
	.byte	28                              @ Abbrev [28] 0x4594:0x9 DW_TAG_member
	.long	17821                           @ DW_AT_type
	.byte	2                               @ DW_AT_decl_file
	.short	14918                           @ DW_AT_decl_line
	.byte	0                               @ DW_AT_data_member_location
	.byte	30                              @ Abbrev [30] 0x459d:0x22 DW_TAG_structure_type
	.byte	8                               @ DW_AT_byte_size
	.byte	2                               @ DW_AT_decl_file
	.short	14918                           @ DW_AT_decl_line
	.byte	31                              @ Abbrev [31] 0x45a2:0xe DW_TAG_member
	.long	.Linfo_string618                @ DW_AT_name
	.long	1206                            @ DW_AT_type
	.byte	2                               @ DW_AT_decl_file
	.short	14920                           @ DW_AT_decl_line
	.byte	32                              @ DW_AT_bit_size
	.byte	0                               @ DW_AT_data_bit_offset
	.byte	31                              @ Abbrev [31] 0x45b0:0xe DW_TAG_member
	.long	.Linfo_string619                @ DW_AT_name
	.long	1206                            @ DW_AT_type
	.byte	2                               @ DW_AT_decl_file
	.short	14921                           @ DW_AT_decl_line
	.byte	32                              @ DW_AT_bit_size
	.byte	32                              @ DW_AT_data_bit_offset
	.byte	0                               @ End Of Children Mark
	.byte	25                              @ Abbrev [25] 0x45bf:0xd DW_TAG_member
	.long	.Linfo_string178                @ DW_AT_name
	.long	4998                            @ DW_AT_type
	.byte	2                               @ DW_AT_decl_file
	.short	14923                           @ DW_AT_decl_line
	.byte	0                               @ DW_AT_data_member_location
	.byte	0                               @ End Of Children Mark
	.byte	0                               @ End Of Children Mark
	.byte	27                              @ Abbrev [27] 0x45ce:0x51 DW_TAG_structure_type
	.long	.Linfo_string684                @ DW_AT_name
	.byte	8                               @ DW_AT_byte_size
	.byte	2                               @ DW_AT_decl_file
	.short	14963                           @ DW_AT_decl_line
	.byte	28                              @ Abbrev [28] 0x45d7:0x9 DW_TAG_member
	.long	17888                           @ DW_AT_type
	.byte	2                               @ DW_AT_decl_file
	.short	14966                           @ DW_AT_decl_line
	.byte	0                               @ DW_AT_data_member_location
	.byte	29                              @ Abbrev [29] 0x45e0:0x3e DW_TAG_union_type
	.byte	8                               @ DW_AT_byte_size
	.byte	2                               @ DW_AT_decl_file
	.short	14966                           @ DW_AT_decl_line
	.byte	28                              @ Abbrev [28] 0x45e5:0x9 DW_TAG_member
	.long	17902                           @ DW_AT_type
	.byte	2                               @ DW_AT_decl_file
	.short	14968                           @ DW_AT_decl_line
	.byte	0                               @ DW_AT_data_member_location
	.byte	30                              @ Abbrev [30] 0x45ee:0x22 DW_TAG_structure_type
	.byte	8                               @ DW_AT_byte_size
	.byte	2                               @ DW_AT_decl_file
	.short	14968                           @ DW_AT_decl_line
	.byte	31                              @ Abbrev [31] 0x45f3:0xe DW_TAG_member
	.long	.Linfo_string618                @ DW_AT_name
	.long	1206                            @ DW_AT_type
	.byte	2                               @ DW_AT_decl_file
	.short	14970                           @ DW_AT_decl_line
	.byte	32                              @ DW_AT_bit_size
	.byte	0                               @ DW_AT_data_bit_offset
	.byte	31                              @ Abbrev [31] 0x4601:0xe DW_TAG_member
	.long	.Linfo_string619                @ DW_AT_name
	.long	1206                            @ DW_AT_type
	.byte	2                               @ DW_AT_decl_file
	.short	14971                           @ DW_AT_decl_line
	.byte	32                              @ DW_AT_bit_size
	.byte	32                              @ DW_AT_data_bit_offset
	.byte	0                               @ End Of Children Mark
	.byte	25                              @ Abbrev [25] 0x4610:0xd DW_TAG_member
	.long	.Linfo_string178                @ DW_AT_name
	.long	4998                            @ DW_AT_type
	.byte	2                               @ DW_AT_decl_file
	.short	14973                           @ DW_AT_decl_line
	.byte	0                               @ DW_AT_data_member_location
	.byte	0                               @ End Of Children Mark
	.byte	0                               @ End Of Children Mark
	.byte	27                              @ Abbrev [27] 0x461f:0x51 DW_TAG_structure_type
	.long	.Linfo_string686                @ DW_AT_name
	.byte	8                               @ DW_AT_byte_size
	.byte	2                               @ DW_AT_decl_file
	.short	15013                           @ DW_AT_decl_line
	.byte	28                              @ Abbrev [28] 0x4628:0x9 DW_TAG_member
	.long	17969                           @ DW_AT_type
	.byte	2                               @ DW_AT_decl_file
	.short	15016                           @ DW_AT_decl_line
	.byte	0                               @ DW_AT_data_member_location
	.byte	29                              @ Abbrev [29] 0x4631:0x3e DW_TAG_union_type
	.byte	8                               @ DW_AT_byte_size
	.byte	2                               @ DW_AT_decl_file
	.short	15016                           @ DW_AT_decl_line
	.byte	28                              @ Abbrev [28] 0x4636:0x9 DW_TAG_member
	.long	17983                           @ DW_AT_type
	.byte	2                               @ DW_AT_decl_file
	.short	15018                           @ DW_AT_decl_line
	.byte	0                               @ DW_AT_data_member_location
	.byte	30                              @ Abbrev [30] 0x463f:0x22 DW_TAG_structure_type
	.byte	8                               @ DW_AT_byte_size
	.byte	2                               @ DW_AT_decl_file
	.short	15018                           @ DW_AT_decl_line
	.byte	31                              @ Abbrev [31] 0x4644:0xe DW_TAG_member
	.long	.Linfo_string618                @ DW_AT_name
	.long	1206                            @ DW_AT_type
	.byte	2                               @ DW_AT_decl_file
	.short	15020                           @ DW_AT_decl_line
	.byte	32                              @ DW_AT_bit_size
	.byte	0                               @ DW_AT_data_bit_offset
	.byte	31                              @ Abbrev [31] 0x4652:0xe DW_TAG_member
	.long	.Linfo_string619                @ DW_AT_name
	.long	1206                            @ DW_AT_type
	.byte	2                               @ DW_AT_decl_file
	.short	15021                           @ DW_AT_decl_line
	.byte	32                              @ DW_AT_bit_size
	.byte	32                              @ DW_AT_data_bit_offset
	.byte	0                               @ End Of Children Mark
	.byte	25                              @ Abbrev [25] 0x4661:0xd DW_TAG_member
	.long	.Linfo_string178                @ DW_AT_name
	.long	4998                            @ DW_AT_type
	.byte	2                               @ DW_AT_decl_file
	.short	15023                           @ DW_AT_decl_line
	.byte	0                               @ DW_AT_data_member_location
	.byte	0                               @ End Of Children Mark
	.byte	0                               @ End Of Children Mark
	.byte	27                              @ Abbrev [27] 0x4670:0x51 DW_TAG_structure_type
	.long	.Linfo_string688                @ DW_AT_name
	.byte	8                               @ DW_AT_byte_size
	.byte	2                               @ DW_AT_decl_file
	.short	15063                           @ DW_AT_decl_line
	.byte	28                              @ Abbrev [28] 0x4679:0x9 DW_TAG_member
	.long	18050                           @ DW_AT_type
	.byte	2                               @ DW_AT_decl_file
	.short	15066                           @ DW_AT_decl_line
	.byte	0                               @ DW_AT_data_member_location
	.byte	29                              @ Abbrev [29] 0x4682:0x3e DW_TAG_union_type
	.byte	8                               @ DW_AT_byte_size
	.byte	2                               @ DW_AT_decl_file
	.short	15066                           @ DW_AT_decl_line
	.byte	28                              @ Abbrev [28] 0x4687:0x9 DW_TAG_member
	.long	18064                           @ DW_AT_type
	.byte	2                               @ DW_AT_decl_file
	.short	15068                           @ DW_AT_decl_line
	.byte	0                               @ DW_AT_data_member_location
	.byte	30                              @ Abbrev [30] 0x4690:0x22 DW_TAG_structure_type
	.byte	8                               @ DW_AT_byte_size
	.byte	2                               @ DW_AT_decl_file
	.short	15068                           @ DW_AT_decl_line
	.byte	31                              @ Abbrev [31] 0x4695:0xe DW_TAG_member
	.long	.Linfo_string618                @ DW_AT_name
	.long	1206                            @ DW_AT_type
	.byte	2                               @ DW_AT_decl_file
	.short	15070                           @ DW_AT_decl_line
	.byte	32                              @ DW_AT_bit_size
	.byte	0                               @ DW_AT_data_bit_offset
	.byte	31                              @ Abbrev [31] 0x46a3:0xe DW_TAG_member
	.long	.Linfo_string619                @ DW_AT_name
	.long	1206                            @ DW_AT_type
	.byte	2                               @ DW_AT_decl_file
	.short	15071                           @ DW_AT_decl_line
	.byte	32                              @ DW_AT_bit_size
	.byte	32                              @ DW_AT_data_bit_offset
	.byte	0                               @ End Of Children Mark
	.byte	25                              @ Abbrev [25] 0x46b2:0xd DW_TAG_member
	.long	.Linfo_string178                @ DW_AT_name
	.long	4998                            @ DW_AT_type
	.byte	2                               @ DW_AT_decl_file
	.short	15073                           @ DW_AT_decl_line
	.byte	0                               @ DW_AT_data_member_location
	.byte	0                               @ End Of Children Mark
	.byte	0                               @ End Of Children Mark
	.byte	3                               @ Abbrev [3] 0x46c1:0xc DW_TAG_array_type
	.long	1206                            @ DW_AT_type
	.byte	4                               @ Abbrev [4] 0x46c6:0x6 DW_TAG_subrange_type
	.long	70                              @ DW_AT_type
	.byte	18                              @ DW_AT_count
	.byte	0                               @ End Of Children Mark
	.byte	3                               @ Abbrev [3] 0x46cd:0xd DW_TAG_array_type
	.long	1206                            @ DW_AT_type
	.byte	32                              @ Abbrev [32] 0x46d2:0x7 DW_TAG_subrange_type
	.long	70                              @ DW_AT_type
	.short	256                             @ DW_AT_count
	.byte	0                               @ End Of Children Mark
	.byte	27                              @ Abbrev [27] 0x46da:0x43 DW_TAG_structure_type
	.long	.Linfo_string693                @ DW_AT_name
	.byte	4                               @ DW_AT_byte_size
	.byte	2                               @ DW_AT_decl_file
	.short	15113                           @ DW_AT_decl_line
	.byte	28                              @ Abbrev [28] 0x46e3:0x9 DW_TAG_member
	.long	18156                           @ DW_AT_type
	.byte	2                               @ DW_AT_decl_file
	.short	15116                           @ DW_AT_decl_line
	.byte	0                               @ DW_AT_data_member_location
	.byte	29                              @ Abbrev [29] 0x46ec:0x30 DW_TAG_union_type
	.byte	4                               @ DW_AT_byte_size
	.byte	2                               @ DW_AT_decl_file
	.short	15116                           @ DW_AT_decl_line
	.byte	28                              @ Abbrev [28] 0x46f1:0x9 DW_TAG_member
	.long	18170                           @ DW_AT_type
	.byte	2                               @ DW_AT_decl_file
	.short	15118                           @ DW_AT_decl_line
	.byte	0                               @ DW_AT_data_member_location
	.byte	30                              @ Abbrev [30] 0x46fa:0x14 DW_TAG_structure_type
	.byte	4                               @ DW_AT_byte_size
	.byte	2                               @ DW_AT_decl_file
	.short	15118                           @ DW_AT_decl_line
	.byte	31                              @ Abbrev [31] 0x46ff:0xe DW_TAG_member
	.long	.Linfo_string432                @ DW_AT_name
	.long	1206                            @ DW_AT_type
	.byte	2                               @ DW_AT_decl_file
	.short	15120                           @ DW_AT_decl_line
	.byte	32                              @ DW_AT_bit_size
	.byte	0                               @ DW_AT_data_bit_offset
	.byte	0                               @ End Of Children Mark
	.byte	25                              @ Abbrev [25] 0x470e:0xd DW_TAG_member
	.long	.Linfo_string178                @ DW_AT_name
	.long	1206                            @ DW_AT_type
	.byte	2                               @ DW_AT_decl_file
	.short	15122                           @ DW_AT_decl_line
	.byte	0                               @ DW_AT_data_member_location
	.byte	0                               @ End Of Children Mark
	.byte	0                               @ End Of Children Mark
	.byte	27                              @ Abbrev [27] 0x471d:0x43 DW_TAG_structure_type
	.long	.Linfo_string696                @ DW_AT_name
	.byte	4                               @ DW_AT_byte_size
	.byte	2                               @ DW_AT_decl_file
	.short	15175                           @ DW_AT_decl_line
	.byte	28                              @ Abbrev [28] 0x4726:0x9 DW_TAG_member
	.long	18223                           @ DW_AT_type
	.byte	2                               @ DW_AT_decl_file
	.short	15178                           @ DW_AT_decl_line
	.byte	0                               @ DW_AT_data_member_location
	.byte	29                              @ Abbrev [29] 0x472f:0x30 DW_TAG_union_type
	.byte	4                               @ DW_AT_byte_size
	.byte	2                               @ DW_AT_decl_file
	.short	15178                           @ DW_AT_decl_line
	.byte	28                              @ Abbrev [28] 0x4734:0x9 DW_TAG_member
	.long	18237                           @ DW_AT_type
	.byte	2                               @ DW_AT_decl_file
	.short	15180                           @ DW_AT_decl_line
	.byte	0                               @ DW_AT_data_member_location
	.byte	30                              @ Abbrev [30] 0x473d:0x14 DW_TAG_structure_type
	.byte	4                               @ DW_AT_byte_size
	.byte	2                               @ DW_AT_decl_file
	.short	15180                           @ DW_AT_decl_line
	.byte	31                              @ Abbrev [31] 0x4742:0xe DW_TAG_member
	.long	.Linfo_string695                @ DW_AT_name
	.long	1206                            @ DW_AT_type
	.byte	2                               @ DW_AT_decl_file
	.short	15182                           @ DW_AT_decl_line
	.byte	32                              @ DW_AT_bit_size
	.byte	0                               @ DW_AT_data_bit_offset
	.byte	0                               @ End Of Children Mark
	.byte	25                              @ Abbrev [25] 0x4751:0xd DW_TAG_member
	.long	.Linfo_string178                @ DW_AT_name
	.long	1206                            @ DW_AT_type
	.byte	2                               @ DW_AT_decl_file
	.short	15184                           @ DW_AT_decl_line
	.byte	0                               @ DW_AT_data_member_location
	.byte	0                               @ End Of Children Mark
	.byte	0                               @ End Of Children Mark
	.byte	27                              @ Abbrev [27] 0x4760:0x43 DW_TAG_structure_type
	.long	.Linfo_string698                @ DW_AT_name
	.byte	4                               @ DW_AT_byte_size
	.byte	2                               @ DW_AT_decl_file
	.short	15237                           @ DW_AT_decl_line
	.byte	28                              @ Abbrev [28] 0x4769:0x9 DW_TAG_member
	.long	18290                           @ DW_AT_type
	.byte	2                               @ DW_AT_decl_file
	.short	15240                           @ DW_AT_decl_line
	.byte	0                               @ DW_AT_data_member_location
	.byte	29                              @ Abbrev [29] 0x4772:0x30 DW_TAG_union_type
	.byte	4                               @ DW_AT_byte_size
	.byte	2                               @ DW_AT_decl_file
	.short	15240                           @ DW_AT_decl_line
	.byte	28                              @ Abbrev [28] 0x4777:0x9 DW_TAG_member
	.long	18304                           @ DW_AT_type
	.byte	2                               @ DW_AT_decl_file
	.short	15242                           @ DW_AT_decl_line
	.byte	0                               @ DW_AT_data_member_location
	.byte	30                              @ Abbrev [30] 0x4780:0x14 DW_TAG_structure_type
	.byte	4                               @ DW_AT_byte_size
	.byte	2                               @ DW_AT_decl_file
	.short	15242                           @ DW_AT_decl_line
	.byte	31                              @ Abbrev [31] 0x4785:0xe DW_TAG_member
	.long	.Linfo_string697                @ DW_AT_name
	.long	1206                            @ DW_AT_type
	.byte	2                               @ DW_AT_decl_file
	.short	15244                           @ DW_AT_decl_line
	.byte	32                              @ DW_AT_bit_size
	.byte	0                               @ DW_AT_data_bit_offset
	.byte	0                               @ End Of Children Mark
	.byte	25                              @ Abbrev [25] 0x4794:0xd DW_TAG_member
	.long	.Linfo_string178                @ DW_AT_name
	.long	1206                            @ DW_AT_type
	.byte	2                               @ DW_AT_decl_file
	.short	15246                           @ DW_AT_decl_line
	.byte	0                               @ DW_AT_data_member_location
	.byte	0                               @ End Of Children Mark
	.byte	0                               @ End Of Children Mark
	.byte	27                              @ Abbrev [27] 0x47a3:0x43 DW_TAG_structure_type
	.long	.Linfo_string700                @ DW_AT_name
	.byte	4                               @ DW_AT_byte_size
	.byte	2                               @ DW_AT_decl_file
	.short	15299                           @ DW_AT_decl_line
	.byte	28                              @ Abbrev [28] 0x47ac:0x9 DW_TAG_member
	.long	18357                           @ DW_AT_type
	.byte	2                               @ DW_AT_decl_file
	.short	15302                           @ DW_AT_decl_line
	.byte	0                               @ DW_AT_data_member_location
	.byte	29                              @ Abbrev [29] 0x47b5:0x30 DW_TAG_union_type
	.byte	4                               @ DW_AT_byte_size
	.byte	2                               @ DW_AT_decl_file
	.short	15302                           @ DW_AT_decl_line
	.byte	28                              @ Abbrev [28] 0x47ba:0x9 DW_TAG_member
	.long	18371                           @ DW_AT_type
	.byte	2                               @ DW_AT_decl_file
	.short	15304                           @ DW_AT_decl_line
	.byte	0                               @ DW_AT_data_member_location
	.byte	30                              @ Abbrev [30] 0x47c3:0x14 DW_TAG_structure_type
	.byte	4                               @ DW_AT_byte_size
	.byte	2                               @ DW_AT_decl_file
	.short	15304                           @ DW_AT_decl_line
	.byte	31                              @ Abbrev [31] 0x47c8:0xe DW_TAG_member
	.long	.Linfo_string699                @ DW_AT_name
	.long	1206                            @ DW_AT_type
	.byte	2                               @ DW_AT_decl_file
	.short	15306                           @ DW_AT_decl_line
	.byte	32                              @ DW_AT_bit_size
	.byte	0                               @ DW_AT_data_bit_offset
	.byte	0                               @ End Of Children Mark
	.byte	25                              @ Abbrev [25] 0x47d7:0xd DW_TAG_member
	.long	.Linfo_string178                @ DW_AT_name
	.long	1206                            @ DW_AT_type
	.byte	2                               @ DW_AT_decl_file
	.short	15308                           @ DW_AT_decl_line
	.byte	0                               @ DW_AT_data_member_location
	.byte	0                               @ End Of Children Mark
	.byte	0                               @ End Of Children Mark
	.byte	27                              @ Abbrev [27] 0x47e6:0x43 DW_TAG_structure_type
	.long	.Linfo_string702                @ DW_AT_name
	.byte	4                               @ DW_AT_byte_size
	.byte	2                               @ DW_AT_decl_file
	.short	15361                           @ DW_AT_decl_line
	.byte	28                              @ Abbrev [28] 0x47ef:0x9 DW_TAG_member
	.long	18424                           @ DW_AT_type
	.byte	2                               @ DW_AT_decl_file
	.short	15364                           @ DW_AT_decl_line
	.byte	0                               @ DW_AT_data_member_location
	.byte	29                              @ Abbrev [29] 0x47f8:0x30 DW_TAG_union_type
	.byte	4                               @ DW_AT_byte_size
	.byte	2                               @ DW_AT_decl_file
	.short	15364                           @ DW_AT_decl_line
	.byte	28                              @ Abbrev [28] 0x47fd:0x9 DW_TAG_member
	.long	18438                           @ DW_AT_type
	.byte	2                               @ DW_AT_decl_file
	.short	15366                           @ DW_AT_decl_line
	.byte	0                               @ DW_AT_data_member_location
	.byte	30                              @ Abbrev [30] 0x4806:0x14 DW_TAG_structure_type
	.byte	4                               @ DW_AT_byte_size
	.byte	2                               @ DW_AT_decl_file
	.short	15366                           @ DW_AT_decl_line
	.byte	31                              @ Abbrev [31] 0x480b:0xe DW_TAG_member
	.long	.Linfo_string701                @ DW_AT_name
	.long	1206                            @ DW_AT_type
	.byte	2                               @ DW_AT_decl_file
	.short	15368                           @ DW_AT_decl_line
	.byte	32                              @ DW_AT_bit_size
	.byte	0                               @ DW_AT_data_bit_offset
	.byte	0                               @ End Of Children Mark
	.byte	25                              @ Abbrev [25] 0x481a:0xd DW_TAG_member
	.long	.Linfo_string178                @ DW_AT_name
	.long	1206                            @ DW_AT_type
	.byte	2                               @ DW_AT_decl_file
	.short	15370                           @ DW_AT_decl_line
	.byte	0                               @ DW_AT_data_member_location
	.byte	0                               @ End Of Children Mark
	.byte	0                               @ End Of Children Mark
	.byte	27                              @ Abbrev [27] 0x4829:0x43 DW_TAG_structure_type
	.long	.Linfo_string704                @ DW_AT_name
	.byte	4                               @ DW_AT_byte_size
	.byte	2                               @ DW_AT_decl_file
	.short	15423                           @ DW_AT_decl_line
	.byte	28                              @ Abbrev [28] 0x4832:0x9 DW_TAG_member
	.long	18491                           @ DW_AT_type
	.byte	2                               @ DW_AT_decl_file
	.short	15426                           @ DW_AT_decl_line
	.byte	0                               @ DW_AT_data_member_location
	.byte	29                              @ Abbrev [29] 0x483b:0x30 DW_TAG_union_type
	.byte	4                               @ DW_AT_byte_size
	.byte	2                               @ DW_AT_decl_file
	.short	15426                           @ DW_AT_decl_line
	.byte	28                              @ Abbrev [28] 0x4840:0x9 DW_TAG_member
	.long	18505                           @ DW_AT_type
	.byte	2                               @ DW_AT_decl_file
	.short	15428                           @ DW_AT_decl_line
	.byte	0                               @ DW_AT_data_member_location
	.byte	30                              @ Abbrev [30] 0x4849:0x14 DW_TAG_structure_type
	.byte	4                               @ DW_AT_byte_size
	.byte	2                               @ DW_AT_decl_file
	.short	15428                           @ DW_AT_decl_line
	.byte	31                              @ Abbrev [31] 0x484e:0xe DW_TAG_member
	.long	.Linfo_string703                @ DW_AT_name
	.long	1206                            @ DW_AT_type
	.byte	2                               @ DW_AT_decl_file
	.short	15430                           @ DW_AT_decl_line
	.byte	32                              @ DW_AT_bit_size
	.byte	0                               @ DW_AT_data_bit_offset
	.byte	0                               @ End Of Children Mark
	.byte	25                              @ Abbrev [25] 0x485d:0xd DW_TAG_member
	.long	.Linfo_string178                @ DW_AT_name
	.long	1206                            @ DW_AT_type
	.byte	2                               @ DW_AT_decl_file
	.short	15432                           @ DW_AT_decl_line
	.byte	0                               @ DW_AT_data_member_location
	.byte	0                               @ End Of Children Mark
	.byte	0                               @ End Of Children Mark
	.byte	27                              @ Abbrev [27] 0x486c:0x43 DW_TAG_structure_type
	.long	.Linfo_string706                @ DW_AT_name
	.byte	4                               @ DW_AT_byte_size
	.byte	2                               @ DW_AT_decl_file
	.short	15486                           @ DW_AT_decl_line
	.byte	28                              @ Abbrev [28] 0x4875:0x9 DW_TAG_member
	.long	18558                           @ DW_AT_type
	.byte	2                               @ DW_AT_decl_file
	.short	15489                           @ DW_AT_decl_line
	.byte	0                               @ DW_AT_data_member_location
	.byte	29                              @ Abbrev [29] 0x487e:0x30 DW_TAG_union_type
	.byte	4                               @ DW_AT_byte_size
	.byte	2                               @ DW_AT_decl_file
	.short	15489                           @ DW_AT_decl_line
	.byte	28                              @ Abbrev [28] 0x4883:0x9 DW_TAG_member
	.long	18572                           @ DW_AT_type
	.byte	2                               @ DW_AT_decl_file
	.short	15491                           @ DW_AT_decl_line
	.byte	0                               @ DW_AT_data_member_location
	.byte	30                              @ Abbrev [30] 0x488c:0x14 DW_TAG_structure_type
	.byte	4                               @ DW_AT_byte_size
	.byte	2                               @ DW_AT_decl_file
	.short	15491                           @ DW_AT_decl_line
	.byte	31                              @ Abbrev [31] 0x4891:0xe DW_TAG_member
	.long	.Linfo_string705                @ DW_AT_name
	.long	1206                            @ DW_AT_type
	.byte	2                               @ DW_AT_decl_file
	.short	15493                           @ DW_AT_decl_line
	.byte	32                              @ DW_AT_bit_size
	.byte	0                               @ DW_AT_data_bit_offset
	.byte	0                               @ End Of Children Mark
	.byte	25                              @ Abbrev [25] 0x48a0:0xd DW_TAG_member
	.long	.Linfo_string178                @ DW_AT_name
	.long	1206                            @ DW_AT_type
	.byte	2                               @ DW_AT_decl_file
	.short	15495                           @ DW_AT_decl_line
	.byte	0                               @ DW_AT_data_member_location
	.byte	0                               @ End Of Children Mark
	.byte	0                               @ End Of Children Mark
	.byte	27                              @ Abbrev [27] 0x48af:0x43 DW_TAG_structure_type
	.long	.Linfo_string708                @ DW_AT_name
	.byte	4                               @ DW_AT_byte_size
	.byte	2                               @ DW_AT_decl_file
	.short	15548                           @ DW_AT_decl_line
	.byte	28                              @ Abbrev [28] 0x48b8:0x9 DW_TAG_member
	.long	18625                           @ DW_AT_type
	.byte	2                               @ DW_AT_decl_file
	.short	15551                           @ DW_AT_decl_line
	.byte	0                               @ DW_AT_data_member_location
	.byte	29                              @ Abbrev [29] 0x48c1:0x30 DW_TAG_union_type
	.byte	4                               @ DW_AT_byte_size
	.byte	2                               @ DW_AT_decl_file
	.short	15551                           @ DW_AT_decl_line
	.byte	28                              @ Abbrev [28] 0x48c6:0x9 DW_TAG_member
	.long	18639                           @ DW_AT_type
	.byte	2                               @ DW_AT_decl_file
	.short	15553                           @ DW_AT_decl_line
	.byte	0                               @ DW_AT_data_member_location
	.byte	30                              @ Abbrev [30] 0x48cf:0x14 DW_TAG_structure_type
	.byte	4                               @ DW_AT_byte_size
	.byte	2                               @ DW_AT_decl_file
	.short	15553                           @ DW_AT_decl_line
	.byte	31                              @ Abbrev [31] 0x48d4:0xe DW_TAG_member
	.long	.Linfo_string707                @ DW_AT_name
	.long	1206                            @ DW_AT_type
	.byte	2                               @ DW_AT_decl_file
	.short	15555                           @ DW_AT_decl_line
	.byte	32                              @ DW_AT_bit_size
	.byte	0                               @ DW_AT_data_bit_offset
	.byte	0                               @ End Of Children Mark
	.byte	25                              @ Abbrev [25] 0x48e3:0xd DW_TAG_member
	.long	.Linfo_string178                @ DW_AT_name
	.long	1206                            @ DW_AT_type
	.byte	2                               @ DW_AT_decl_file
	.short	15557                           @ DW_AT_decl_line
	.byte	0                               @ DW_AT_data_member_location
	.byte	0                               @ End Of Children Mark
	.byte	0                               @ End Of Children Mark
	.byte	27                              @ Abbrev [27] 0x48f2:0x43 DW_TAG_structure_type
	.long	.Linfo_string710                @ DW_AT_name
	.byte	4                               @ DW_AT_byte_size
	.byte	2                               @ DW_AT_decl_file
	.short	15610                           @ DW_AT_decl_line
	.byte	28                              @ Abbrev [28] 0x48fb:0x9 DW_TAG_member
	.long	18692                           @ DW_AT_type
	.byte	2                               @ DW_AT_decl_file
	.short	15613                           @ DW_AT_decl_line
	.byte	0                               @ DW_AT_data_member_location
	.byte	29                              @ Abbrev [29] 0x4904:0x30 DW_TAG_union_type
	.byte	4                               @ DW_AT_byte_size
	.byte	2                               @ DW_AT_decl_file
	.short	15613                           @ DW_AT_decl_line
	.byte	28                              @ Abbrev [28] 0x4909:0x9 DW_TAG_member
	.long	18706                           @ DW_AT_type
	.byte	2                               @ DW_AT_decl_file
	.short	15615                           @ DW_AT_decl_line
	.byte	0                               @ DW_AT_data_member_location
	.byte	30                              @ Abbrev [30] 0x4912:0x14 DW_TAG_structure_type
	.byte	4                               @ DW_AT_byte_size
	.byte	2                               @ DW_AT_decl_file
	.short	15615                           @ DW_AT_decl_line
	.byte	31                              @ Abbrev [31] 0x4917:0xe DW_TAG_member
	.long	.Linfo_string709                @ DW_AT_name
	.long	1206                            @ DW_AT_type
	.byte	2                               @ DW_AT_decl_file
	.short	15617                           @ DW_AT_decl_line
	.byte	32                              @ DW_AT_bit_size
	.byte	0                               @ DW_AT_data_bit_offset
	.byte	0                               @ End Of Children Mark
	.byte	25                              @ Abbrev [25] 0x4926:0xd DW_TAG_member
	.long	.Linfo_string178                @ DW_AT_name
	.long	1206                            @ DW_AT_type
	.byte	2                               @ DW_AT_decl_file
	.short	15619                           @ DW_AT_decl_line
	.byte	0                               @ DW_AT_data_member_location
	.byte	0                               @ End Of Children Mark
	.byte	0                               @ End Of Children Mark
	.byte	27                              @ Abbrev [27] 0x4935:0x43 DW_TAG_structure_type
	.long	.Linfo_string712                @ DW_AT_name
	.byte	4                               @ DW_AT_byte_size
	.byte	2                               @ DW_AT_decl_file
	.short	15672                           @ DW_AT_decl_line
	.byte	28                              @ Abbrev [28] 0x493e:0x9 DW_TAG_member
	.long	18759                           @ DW_AT_type
	.byte	2                               @ DW_AT_decl_file
	.short	15675                           @ DW_AT_decl_line
	.byte	0                               @ DW_AT_data_member_location
	.byte	29                              @ Abbrev [29] 0x4947:0x30 DW_TAG_union_type
	.byte	4                               @ DW_AT_byte_size
	.byte	2                               @ DW_AT_decl_file
	.short	15675                           @ DW_AT_decl_line
	.byte	28                              @ Abbrev [28] 0x494c:0x9 DW_TAG_member
	.long	18773                           @ DW_AT_type
	.byte	2                               @ DW_AT_decl_file
	.short	15677                           @ DW_AT_decl_line
	.byte	0                               @ DW_AT_data_member_location
	.byte	30                              @ Abbrev [30] 0x4955:0x14 DW_TAG_structure_type
	.byte	4                               @ DW_AT_byte_size
	.byte	2                               @ DW_AT_decl_file
	.short	15677                           @ DW_AT_decl_line
	.byte	31                              @ Abbrev [31] 0x495a:0xe DW_TAG_member
	.long	.Linfo_string711                @ DW_AT_name
	.long	1206                            @ DW_AT_type
	.byte	2                               @ DW_AT_decl_file
	.short	15679                           @ DW_AT_decl_line
	.byte	32                              @ DW_AT_bit_size
	.byte	0                               @ DW_AT_data_bit_offset
	.byte	0                               @ End Of Children Mark
	.byte	25                              @ Abbrev [25] 0x4969:0xd DW_TAG_member
	.long	.Linfo_string178                @ DW_AT_name
	.long	1206                            @ DW_AT_type
	.byte	2                               @ DW_AT_decl_file
	.short	15681                           @ DW_AT_decl_line
	.byte	0                               @ DW_AT_data_member_location
	.byte	0                               @ End Of Children Mark
	.byte	0                               @ End Of Children Mark
	.byte	27                              @ Abbrev [27] 0x4978:0x43 DW_TAG_structure_type
	.long	.Linfo_string714                @ DW_AT_name
	.byte	4                               @ DW_AT_byte_size
	.byte	2                               @ DW_AT_decl_file
	.short	15734                           @ DW_AT_decl_line
	.byte	28                              @ Abbrev [28] 0x4981:0x9 DW_TAG_member
	.long	18826                           @ DW_AT_type
	.byte	2                               @ DW_AT_decl_file
	.short	15737                           @ DW_AT_decl_line
	.byte	0                               @ DW_AT_data_member_location
	.byte	29                              @ Abbrev [29] 0x498a:0x30 DW_TAG_union_type
	.byte	4                               @ DW_AT_byte_size
	.byte	2                               @ DW_AT_decl_file
	.short	15737                           @ DW_AT_decl_line
	.byte	28                              @ Abbrev [28] 0x498f:0x9 DW_TAG_member
	.long	18840                           @ DW_AT_type
	.byte	2                               @ DW_AT_decl_file
	.short	15739                           @ DW_AT_decl_line
	.byte	0                               @ DW_AT_data_member_location
	.byte	30                              @ Abbrev [30] 0x4998:0x14 DW_TAG_structure_type
	.byte	4                               @ DW_AT_byte_size
	.byte	2                               @ DW_AT_decl_file
	.short	15739                           @ DW_AT_decl_line
	.byte	31                              @ Abbrev [31] 0x499d:0xe DW_TAG_member
	.long	.Linfo_string713                @ DW_AT_name
	.long	1206                            @ DW_AT_type
	.byte	2                               @ DW_AT_decl_file
	.short	15741                           @ DW_AT_decl_line
	.byte	32                              @ DW_AT_bit_size
	.byte	0                               @ DW_AT_data_bit_offset
	.byte	0                               @ End Of Children Mark
	.byte	25                              @ Abbrev [25] 0x49ac:0xd DW_TAG_member
	.long	.Linfo_string178                @ DW_AT_name
	.long	1206                            @ DW_AT_type
	.byte	2                               @ DW_AT_decl_file
	.short	15743                           @ DW_AT_decl_line
	.byte	0                               @ DW_AT_data_member_location
	.byte	0                               @ End Of Children Mark
	.byte	0                               @ End Of Children Mark
	.byte	27                              @ Abbrev [27] 0x49bb:0x43 DW_TAG_structure_type
	.long	.Linfo_string716                @ DW_AT_name
	.byte	4                               @ DW_AT_byte_size
	.byte	2                               @ DW_AT_decl_file
	.short	15796                           @ DW_AT_decl_line
	.byte	28                              @ Abbrev [28] 0x49c4:0x9 DW_TAG_member
	.long	18893                           @ DW_AT_type
	.byte	2                               @ DW_AT_decl_file
	.short	15799                           @ DW_AT_decl_line
	.byte	0                               @ DW_AT_data_member_location
	.byte	29                              @ Abbrev [29] 0x49cd:0x30 DW_TAG_union_type
	.byte	4                               @ DW_AT_byte_size
	.byte	2                               @ DW_AT_decl_file
	.short	15799                           @ DW_AT_decl_line
	.byte	28                              @ Abbrev [28] 0x49d2:0x9 DW_TAG_member
	.long	18907                           @ DW_AT_type
	.byte	2                               @ DW_AT_decl_file
	.short	15801                           @ DW_AT_decl_line
	.byte	0                               @ DW_AT_data_member_location
	.byte	30                              @ Abbrev [30] 0x49db:0x14 DW_TAG_structure_type
	.byte	4                               @ DW_AT_byte_size
	.byte	2                               @ DW_AT_decl_file
	.short	15801                           @ DW_AT_decl_line
	.byte	31                              @ Abbrev [31] 0x49e0:0xe DW_TAG_member
	.long	.Linfo_string715                @ DW_AT_name
	.long	1206                            @ DW_AT_type
	.byte	2                               @ DW_AT_decl_file
	.short	15803                           @ DW_AT_decl_line
	.byte	32                              @ DW_AT_bit_size
	.byte	0                               @ DW_AT_data_bit_offset
	.byte	0                               @ End Of Children Mark
	.byte	25                              @ Abbrev [25] 0x49ef:0xd DW_TAG_member
	.long	.Linfo_string178                @ DW_AT_name
	.long	1206                            @ DW_AT_type
	.byte	2                               @ DW_AT_decl_file
	.short	15805                           @ DW_AT_decl_line
	.byte	0                               @ DW_AT_data_member_location
	.byte	0                               @ End Of Children Mark
	.byte	0                               @ End Of Children Mark
	.byte	27                              @ Abbrev [27] 0x49fe:0x43 DW_TAG_structure_type
	.long	.Linfo_string718                @ DW_AT_name
	.byte	4                               @ DW_AT_byte_size
	.byte	2                               @ DW_AT_decl_file
	.short	15858                           @ DW_AT_decl_line
	.byte	28                              @ Abbrev [28] 0x4a07:0x9 DW_TAG_member
	.long	18960                           @ DW_AT_type
	.byte	2                               @ DW_AT_decl_file
	.short	15861                           @ DW_AT_decl_line
	.byte	0                               @ DW_AT_data_member_location
	.byte	29                              @ Abbrev [29] 0x4a10:0x30 DW_TAG_union_type
	.byte	4                               @ DW_AT_byte_size
	.byte	2                               @ DW_AT_decl_file
	.short	15861                           @ DW_AT_decl_line
	.byte	28                              @ Abbrev [28] 0x4a15:0x9 DW_TAG_member
	.long	18974                           @ DW_AT_type
	.byte	2                               @ DW_AT_decl_file
	.short	15863                           @ DW_AT_decl_line
	.byte	0                               @ DW_AT_data_member_location
	.byte	30                              @ Abbrev [30] 0x4a1e:0x14 DW_TAG_structure_type
	.byte	4                               @ DW_AT_byte_size
	.byte	2                               @ DW_AT_decl_file
	.short	15863                           @ DW_AT_decl_line
	.byte	31                              @ Abbrev [31] 0x4a23:0xe DW_TAG_member
	.long	.Linfo_string717                @ DW_AT_name
	.long	1206                            @ DW_AT_type
	.byte	2                               @ DW_AT_decl_file
	.short	15865                           @ DW_AT_decl_line
	.byte	32                              @ DW_AT_bit_size
	.byte	0                               @ DW_AT_data_bit_offset
	.byte	0                               @ End Of Children Mark
	.byte	25                              @ Abbrev [25] 0x4a32:0xd DW_TAG_member
	.long	.Linfo_string178                @ DW_AT_name
	.long	1206                            @ DW_AT_type
	.byte	2                               @ DW_AT_decl_file
	.short	15867                           @ DW_AT_decl_line
	.byte	0                               @ DW_AT_data_member_location
	.byte	0                               @ End Of Children Mark
	.byte	0                               @ End Of Children Mark
	.byte	21                              @ Abbrev [21] 0x4a41:0x5d DW_TAG_structure_type
	.long	.Linfo_string733                @ DW_AT_name
	.byte	28                              @ DW_AT_byte_size
	.byte	3                               @ DW_AT_decl_file
	.byte	58                              @ DW_AT_decl_line
	.byte	22                              @ Abbrev [22] 0x4a49:0xc DW_TAG_member
	.long	.Linfo_string181                @ DW_AT_name
	.long	19102                           @ DW_AT_type
	.byte	3                               @ DW_AT_decl_file
	.byte	60                              @ DW_AT_decl_line
	.byte	0                               @ DW_AT_data_member_location
	.byte	22                              @ Abbrev [22] 0x4a55:0xc DW_TAG_member
	.long	.Linfo_string725                @ DW_AT_name
	.long	19107                           @ DW_AT_type
	.byte	3                               @ DW_AT_decl_file
	.byte	61                              @ DW_AT_decl_line
	.byte	4                               @ DW_AT_data_member_location
	.byte	22                              @ Abbrev [22] 0x4a61:0xc DW_TAG_member
	.long	.Linfo_string726                @ DW_AT_name
	.long	19113                           @ DW_AT_type
	.byte	3                               @ DW_AT_decl_file
	.byte	62                              @ DW_AT_decl_line
	.byte	8                               @ DW_AT_data_member_location
	.byte	22                              @ Abbrev [22] 0x4a6d:0xc DW_TAG_member
	.long	.Linfo_string728                @ DW_AT_name
	.long	19120                           @ DW_AT_type
	.byte	3                               @ DW_AT_decl_file
	.byte	63                              @ DW_AT_decl_line
	.byte	12                              @ DW_AT_data_member_location
	.byte	22                              @ Abbrev [22] 0x4a79:0xc DW_TAG_member
	.long	.Linfo_string729                @ DW_AT_name
	.long	19130                           @ DW_AT_type
	.byte	3                               @ DW_AT_decl_file
	.byte	64                              @ DW_AT_decl_line
	.byte	16                              @ DW_AT_data_member_location
	.byte	22                              @ Abbrev [22] 0x4a85:0xc DW_TAG_member
	.long	.Linfo_string731                @ DW_AT_name
	.long	19113                           @ DW_AT_type
	.byte	3                               @ DW_AT_decl_file
	.byte	65                              @ DW_AT_decl_line
	.byte	20                              @ DW_AT_data_member_location
	.byte	22                              @ Abbrev [22] 0x4a91:0xc DW_TAG_member
	.long	.Linfo_string732                @ DW_AT_name
	.long	19151                           @ DW_AT_type
	.byte	3                               @ DW_AT_decl_file
	.byte	66                              @ DW_AT_decl_line
	.byte	24                              @ DW_AT_data_member_location
	.byte	0                               @ End Of Children Mark
	.byte	23                              @ Abbrev [23] 0x4a9e:0x5 DW_TAG_volatile_type
	.long	687                             @ DW_AT_type
	.byte	20                              @ Abbrev [20] 0x4aa3:0x5 DW_TAG_pointer_type
	.long	19112                           @ DW_AT_type
	.byte	33                              @ Abbrev [33] 0x4aa8:0x1 DW_TAG_const_type
	.byte	5                               @ Abbrev [5] 0x4aa9:0x7 DW_TAG_base_type
	.long	.Linfo_string727                @ DW_AT_name
	.byte	5                               @ DW_AT_encoding
	.byte	4                               @ DW_AT_byte_size
	.byte	20                              @ Abbrev [20] 0x4ab0:0x5 DW_TAG_pointer_type
	.long	19125                           @ DW_AT_type
	.byte	8                               @ Abbrev [8] 0x4ab5:0x5 DW_TAG_const_type
	.long	1188                            @ DW_AT_type
	.byte	20                              @ Abbrev [20] 0x4aba:0x5 DW_TAG_pointer_type
	.long	19135                           @ DW_AT_type
	.byte	8                               @ Abbrev [8] 0x4abf:0x5 DW_TAG_const_type
	.long	19140                           @ DW_AT_type
	.byte	12                              @ Abbrev [12] 0x4ac4:0xb DW_TAG_typedef
	.long	1217                            @ DW_AT_type
	.long	.Linfo_string730                @ DW_AT_name
	.byte	7                               @ DW_AT_decl_file
	.byte	53                              @ DW_AT_decl_line
	.byte	34                              @ Abbrev [34] 0x4acf:0x1 DW_TAG_pointer_type
	.byte	5                               @ Abbrev [5] 0x4ad0:0x7 DW_TAG_base_type
	.long	.Linfo_string739                @ DW_AT_name
	.byte	2                               @ DW_AT_encoding
	.byte	1                               @ DW_AT_byte_size
	.byte	35                              @ Abbrev [35] 0x4ad7:0x15 DW_TAG_subprogram
	.long	.Lfunc_begin2                   @ DW_AT_low_pc
	.long	.Lfunc_end2-.Lfunc_begin2       @ DW_AT_high_pc
	.byte	1                               @ DW_AT_frame_base
	.byte	93
                                        @ DW_AT_GNU_all_call_sites
	.long	.Linfo_string761                @ DW_AT_name
	.byte	1                               @ DW_AT_decl_file
	.byte	106                             @ DW_AT_decl_line
                                        @ DW_AT_prototyped
	.long	1206                            @ DW_AT_type
                                        @ DW_AT_external
	.byte	36                              @ Abbrev [36] 0x4aec:0x23 DW_TAG_subprogram
	.long	.Linfo_string742                @ DW_AT_name
	.byte	1                               @ DW_AT_decl_file
	.byte	72                              @ DW_AT_decl_line
                                        @ DW_AT_prototyped
	.long	1206                            @ DW_AT_type
	.byte	1                               @ DW_AT_inline
	.byte	37                              @ Abbrev [37] 0x4af8:0xb DW_TAG_formal_parameter
	.long	.Linfo_string743                @ DW_AT_name
	.byte	1                               @ DW_AT_decl_file
	.byte	72                              @ DW_AT_decl_line
	.long	725                             @ DW_AT_type
	.byte	38                              @ Abbrev [38] 0x4b03:0xb DW_TAG_variable
	.long	.Linfo_string744                @ DW_AT_name
	.byte	1                               @ DW_AT_decl_file
	.byte	74                              @ DW_AT_decl_line
	.long	19113                           @ DW_AT_type
	.byte	0                               @ End Of Children Mark
	.byte	13                              @ Abbrev [13] 0x4b0f:0x71 DW_TAG_subprogram
	.long	.Lfunc_begin3                   @ DW_AT_low_pc
	.long	.Lfunc_end3-.Lfunc_begin3       @ DW_AT_high_pc
	.byte	1                               @ DW_AT_frame_base
	.byte	93
                                        @ DW_AT_GNU_all_call_sites
	.long	.Linfo_string762                @ DW_AT_name
	.byte	1                               @ DW_AT_decl_file
	.byte	111                             @ DW_AT_decl_line
                                        @ DW_AT_prototyped
                                        @ DW_AT_external
	.byte	14                              @ Abbrev [14] 0x4b20:0xf DW_TAG_formal_parameter
	.long	.Ldebug_loc2                    @ DW_AT_location
	.long	.Linfo_string748                @ DW_AT_name
	.byte	1                               @ DW_AT_decl_file
	.byte	111                             @ DW_AT_decl_line
	.long	1326                            @ DW_AT_type
	.byte	14                              @ Abbrev [14] 0x4b2f:0xf DW_TAG_formal_parameter
	.long	.Ldebug_loc3                    @ DW_AT_location
	.long	.Linfo_string754                @ DW_AT_name
	.byte	1                               @ DW_AT_decl_file
	.byte	111                             @ DW_AT_decl_line
	.long	1206                            @ DW_AT_type
	.byte	14                              @ Abbrev [14] 0x4b3e:0xf DW_TAG_formal_parameter
	.long	.Ldebug_loc4                    @ DW_AT_location
	.long	.Linfo_string779                @ DW_AT_name
	.byte	1                               @ DW_AT_decl_file
	.byte	111                             @ DW_AT_decl_line
	.long	725                             @ DW_AT_type
	.byte	15                              @ Abbrev [15] 0x4b4d:0xf DW_TAG_variable
	.long	.Ldebug_loc7                    @ DW_AT_location
	.long	.Linfo_string755                @ DW_AT_name
	.byte	1                               @ DW_AT_decl_file
	.byte	114                             @ DW_AT_decl_line
	.long	1206                            @ DW_AT_type
	.byte	39                              @ Abbrev [39] 0x4b5c:0x23 DW_TAG_inlined_subroutine
	.long	19180                           @ DW_AT_abstract_origin
	.long	.Ltmp6                          @ DW_AT_low_pc
	.long	.Ltmp8-.Ltmp6                   @ DW_AT_high_pc
	.byte	1                               @ DW_AT_call_file
	.byte	114                             @ DW_AT_call_line
	.byte	20                              @ DW_AT_call_column
	.byte	40                              @ Abbrev [40] 0x4b6c:0x9 DW_TAG_formal_parameter
	.long	.Ldebug_loc5                    @ DW_AT_location
	.long	19192                           @ DW_AT_abstract_origin
	.byte	41                              @ Abbrev [41] 0x4b75:0x9 DW_TAG_variable
	.long	.Ldebug_loc6                    @ DW_AT_location
	.long	19203                           @ DW_AT_abstract_origin
	.byte	0                               @ End Of Children Mark
	.byte	0                               @ End Of Children Mark
	.byte	36                              @ Abbrev [36] 0x4b80:0x18 DW_TAG_subprogram
	.long	.Linfo_string745                @ DW_AT_name
	.byte	1                               @ DW_AT_decl_file
	.byte	59                              @ DW_AT_decl_line
                                        @ DW_AT_prototyped
	.long	725                             @ DW_AT_type
	.byte	1                               @ DW_AT_inline
	.byte	37                              @ Abbrev [37] 0x4b8c:0xb DW_TAG_formal_parameter
	.long	.Linfo_string746                @ DW_AT_name
	.byte	1                               @ DW_AT_decl_file
	.byte	59                              @ DW_AT_decl_line
	.long	1206                            @ DW_AT_type
	.byte	0                               @ End Of Children Mark
	.byte	42                              @ Abbrev [42] 0x4b98:0x68 DW_TAG_subprogram
	.long	.Lfunc_begin4                   @ DW_AT_low_pc
	.long	.Lfunc_end4-.Lfunc_begin4       @ DW_AT_high_pc
	.byte	1                               @ DW_AT_frame_base
	.byte	93
                                        @ DW_AT_GNU_all_call_sites
	.long	.Linfo_string763                @ DW_AT_name
	.byte	1                               @ DW_AT_decl_file
	.byte	119                             @ DW_AT_decl_line
                                        @ DW_AT_prototyped
	.long	725                             @ DW_AT_type
                                        @ DW_AT_external
	.byte	14                              @ Abbrev [14] 0x4bad:0xf DW_TAG_formal_parameter
	.long	.Ldebug_loc8                    @ DW_AT_location
	.long	.Linfo_string748                @ DW_AT_name
	.byte	1                               @ DW_AT_decl_file
	.byte	119                             @ DW_AT_decl_line
	.long	1326                            @ DW_AT_type
	.byte	14                              @ Abbrev [14] 0x4bbc:0xf DW_TAG_formal_parameter
	.long	.Ldebug_loc9                    @ DW_AT_location
	.long	.Linfo_string754                @ DW_AT_name
	.byte	1                               @ DW_AT_decl_file
	.byte	119                             @ DW_AT_decl_line
	.long	1206                            @ DW_AT_type
	.byte	15                              @ Abbrev [15] 0x4bcb:0xf DW_TAG_variable
	.long	.Ldebug_loc11                   @ DW_AT_location
	.long	.Linfo_string755                @ DW_AT_name
	.byte	1                               @ DW_AT_decl_file
	.byte	122                             @ DW_AT_decl_line
	.long	1206                            @ DW_AT_type
	.byte	15                              @ Abbrev [15] 0x4bda:0xf DW_TAG_variable
	.long	.Ldebug_loc12                   @ DW_AT_location
	.long	.Linfo_string779                @ DW_AT_name
	.byte	1                               @ DW_AT_decl_file
	.byte	123                             @ DW_AT_decl_line
	.long	725                             @ DW_AT_type
	.byte	43                              @ Abbrev [43] 0x4be9:0x16 DW_TAG_inlined_subroutine
	.long	19328                           @ DW_AT_abstract_origin
	.long	.Ldebug_ranges0                 @ DW_AT_ranges
	.byte	1                               @ DW_AT_call_file
	.byte	123                             @ DW_AT_call_line
	.byte	39                              @ DW_AT_call_column
	.byte	40                              @ Abbrev [40] 0x4bf5:0x9 DW_TAG_formal_parameter
	.long	.Ldebug_loc10                   @ DW_AT_location
	.long	19340                           @ DW_AT_abstract_origin
	.byte	0                               @ End Of Children Mark
	.byte	0                               @ End Of Children Mark
	.byte	13                              @ Abbrev [13] 0x4c00:0x30 DW_TAG_subprogram
	.long	.Lfunc_begin5                   @ DW_AT_low_pc
	.long	.Lfunc_end5-.Lfunc_begin5       @ DW_AT_high_pc
	.byte	1                               @ DW_AT_frame_base
	.byte	93
                                        @ DW_AT_GNU_all_call_sites
	.long	.Linfo_string764                @ DW_AT_name
	.byte	1                               @ DW_AT_decl_file
	.byte	128                             @ DW_AT_decl_line
                                        @ DW_AT_prototyped
                                        @ DW_AT_external
	.byte	14                              @ Abbrev [14] 0x4c11:0xf DW_TAG_formal_parameter
	.long	.Ldebug_loc13                   @ DW_AT_location
	.long	.Linfo_string748                @ DW_AT_name
	.byte	1                               @ DW_AT_decl_file
	.byte	128                             @ DW_AT_decl_line
	.long	1326                            @ DW_AT_type
	.byte	15                              @ Abbrev [15] 0x4c20:0xf DW_TAG_variable
	.long	.Ldebug_loc14                   @ DW_AT_location
	.long	.Linfo_string778                @ DW_AT_name
	.byte	1                               @ DW_AT_decl_file
	.byte	131                             @ DW_AT_decl_line
	.long	8531                            @ DW_AT_type
	.byte	0                               @ End Of Children Mark
	.byte	13                              @ Abbrev [13] 0x4c30:0x30 DW_TAG_subprogram
	.long	.Lfunc_begin6                   @ DW_AT_low_pc
	.long	.Lfunc_end6-.Lfunc_begin6       @ DW_AT_high_pc
	.byte	1                               @ DW_AT_frame_base
	.byte	93
                                        @ DW_AT_GNU_all_call_sites
	.long	.Linfo_string765                @ DW_AT_name
	.byte	1                               @ DW_AT_decl_file
	.byte	137                             @ DW_AT_decl_line
                                        @ DW_AT_prototyped
                                        @ DW_AT_external
	.byte	14                              @ Abbrev [14] 0x4c41:0xf DW_TAG_formal_parameter
	.long	.Ldebug_loc15                   @ DW_AT_location
	.long	.Linfo_string748                @ DW_AT_name
	.byte	1                               @ DW_AT_decl_file
	.byte	137                             @ DW_AT_decl_line
	.long	1326                            @ DW_AT_type
	.byte	15                              @ Abbrev [15] 0x4c50:0xf DW_TAG_variable
	.long	.Ldebug_loc16                   @ DW_AT_location
	.long	.Linfo_string778                @ DW_AT_name
	.byte	1                               @ DW_AT_decl_file
	.byte	140                             @ DW_AT_decl_line
	.long	8531                            @ DW_AT_type
	.byte	0                               @ End Of Children Mark
	.byte	44                              @ Abbrev [44] 0x4c60:0x20 DW_TAG_subprogram
	.long	.Lfunc_begin7                   @ DW_AT_low_pc
	.long	.Lfunc_end7-.Lfunc_begin7       @ DW_AT_high_pc
	.byte	1                               @ DW_AT_frame_base
	.byte	93
                                        @ DW_AT_GNU_all_call_sites
	.long	19764                           @ DW_AT_abstract_origin
	.byte	40                              @ Abbrev [40] 0x4c6f:0x9 DW_TAG_formal_parameter
	.long	.Ldebug_loc17                   @ DW_AT_location
	.long	19772                           @ DW_AT_abstract_origin
	.byte	45                              @ Abbrev [45] 0x4c78:0x7 DW_TAG_formal_parameter
	.byte	1                               @ DW_AT_location
	.byte	81
	.long	19783                           @ DW_AT_abstract_origin
	.byte	0                               @ End Of Children Mark
	.byte	44                              @ Abbrev [44] 0x4c80:0x20 DW_TAG_subprogram
	.long	.Lfunc_begin8                   @ DW_AT_low_pc
	.long	.Lfunc_end8-.Lfunc_begin8       @ DW_AT_high_pc
	.byte	1                               @ DW_AT_frame_base
	.byte	93
                                        @ DW_AT_GNU_all_call_sites
	.long	19733                           @ DW_AT_abstract_origin
	.byte	40                              @ Abbrev [40] 0x4c8f:0x9 DW_TAG_formal_parameter
	.long	.Ldebug_loc18                   @ DW_AT_location
	.long	19741                           @ DW_AT_abstract_origin
	.byte	45                              @ Abbrev [45] 0x4c98:0x7 DW_TAG_formal_parameter
	.byte	1                               @ DW_AT_location
	.byte	81
	.long	19752                           @ DW_AT_abstract_origin
	.byte	0                               @ End Of Children Mark
	.byte	44                              @ Abbrev [44] 0x4ca0:0x22 DW_TAG_subprogram
	.long	.Lfunc_begin9                   @ DW_AT_low_pc
	.long	.Lfunc_end9-.Lfunc_begin9       @ DW_AT_high_pc
	.byte	1                               @ DW_AT_frame_base
	.byte	93
                                        @ DW_AT_GNU_all_call_sites
	.long	19698                           @ DW_AT_abstract_origin
	.byte	40                              @ Abbrev [40] 0x4caf:0x9 DW_TAG_formal_parameter
	.long	.Ldebug_loc19                   @ DW_AT_location
	.long	19710                           @ DW_AT_abstract_origin
	.byte	41                              @ Abbrev [41] 0x4cb8:0x9 DW_TAG_variable
	.long	.Ldebug_loc20                   @ DW_AT_location
	.long	19721                           @ DW_AT_abstract_origin
	.byte	0                               @ End Of Children Mark
	.byte	44                              @ Abbrev [44] 0x4cc2:0x30 DW_TAG_subprogram
	.long	.Lfunc_begin10                  @ DW_AT_low_pc
	.long	.Lfunc_end10-.Lfunc_begin10     @ DW_AT_high_pc
	.byte	1                               @ DW_AT_frame_base
	.byte	93
                                        @ DW_AT_GNU_all_call_sites
	.long	20337                           @ DW_AT_abstract_origin
	.byte	40                              @ Abbrev [40] 0x4cd1:0x9 DW_TAG_formal_parameter
	.long	.Ldebug_loc21                   @ DW_AT_location
	.long	20349                           @ DW_AT_abstract_origin
	.byte	41                              @ Abbrev [41] 0x4cda:0x9 DW_TAG_variable
	.long	.Ldebug_loc22                   @ DW_AT_location
	.long	20382                           @ DW_AT_abstract_origin
	.byte	41                              @ Abbrev [41] 0x4ce3:0x9 DW_TAG_variable
	.long	.Ldebug_loc23                   @ DW_AT_location
	.long	20360                           @ DW_AT_abstract_origin
	.byte	46                              @ Abbrev [46] 0x4cec:0x5 DW_TAG_variable
	.long	20371                           @ DW_AT_abstract_origin
	.byte	0                               @ End Of Children Mark
	.byte	47                              @ Abbrev [47] 0x4cf2:0x23 DW_TAG_subprogram
	.long	.Linfo_string747                @ DW_AT_name
	.byte	1                               @ DW_AT_decl_file
	.byte	158                             @ DW_AT_decl_line
                                        @ DW_AT_prototyped
	.long	1206                            @ DW_AT_type
                                        @ DW_AT_external
	.byte	1                               @ DW_AT_inline
	.byte	37                              @ Abbrev [37] 0x4cfe:0xb DW_TAG_formal_parameter
	.long	.Linfo_string748                @ DW_AT_name
	.byte	1                               @ DW_AT_decl_file
	.byte	158                             @ DW_AT_decl_line
	.long	1326                            @ DW_AT_type
	.byte	38                              @ Abbrev [38] 0x4d09:0xb DW_TAG_variable
	.long	.Linfo_string749                @ DW_AT_name
	.byte	1                               @ DW_AT_decl_file
	.byte	160                             @ DW_AT_decl_line
	.long	1206                            @ DW_AT_type
	.byte	0                               @ End Of Children Mark
	.byte	48                              @ Abbrev [48] 0x4d15:0x1f DW_TAG_subprogram
	.long	.Linfo_string750                @ DW_AT_name
	.byte	1                               @ DW_AT_decl_file
	.byte	152                             @ DW_AT_decl_line
                                        @ DW_AT_prototyped
                                        @ DW_AT_external
	.byte	1                               @ DW_AT_inline
	.byte	37                              @ Abbrev [37] 0x4d1d:0xb DW_TAG_formal_parameter
	.long	.Linfo_string748                @ DW_AT_name
	.byte	1                               @ DW_AT_decl_file
	.byte	152                             @ DW_AT_decl_line
	.long	1326                            @ DW_AT_type
	.byte	37                              @ Abbrev [37] 0x4d28:0xb DW_TAG_formal_parameter
	.long	.Linfo_string751                @ DW_AT_name
	.byte	1                               @ DW_AT_decl_file
	.byte	152                             @ DW_AT_decl_line
	.long	1206                            @ DW_AT_type
	.byte	0                               @ End Of Children Mark
	.byte	48                              @ Abbrev [48] 0x4d34:0x1f DW_TAG_subprogram
	.long	.Linfo_string752                @ DW_AT_name
	.byte	1                               @ DW_AT_decl_file
	.byte	146                             @ DW_AT_decl_line
                                        @ DW_AT_prototyped
                                        @ DW_AT_external
	.byte	1                               @ DW_AT_inline
	.byte	37                              @ Abbrev [37] 0x4d3c:0xb DW_TAG_formal_parameter
	.long	.Linfo_string748                @ DW_AT_name
	.byte	1                               @ DW_AT_decl_file
	.byte	146                             @ DW_AT_decl_line
	.long	1326                            @ DW_AT_type
	.byte	37                              @ Abbrev [37] 0x4d47:0xb DW_TAG_formal_parameter
	.long	.Linfo_string751                @ DW_AT_name
	.byte	1                               @ DW_AT_decl_file
	.byte	146                             @ DW_AT_decl_line
	.long	1206                            @ DW_AT_type
	.byte	0                               @ End Of Children Mark
	.byte	13                              @ Abbrev [13] 0x4d53:0xa3 DW_TAG_subprogram
	.long	.Lfunc_begin11                  @ DW_AT_low_pc
	.long	.Lfunc_end11-.Lfunc_begin11     @ DW_AT_high_pc
	.byte	1                               @ DW_AT_frame_base
	.byte	93
                                        @ DW_AT_GNU_all_call_sites
	.long	.Linfo_string766                @ DW_AT_name
	.byte	1                               @ DW_AT_decl_file
	.byte	175                             @ DW_AT_decl_line
                                        @ DW_AT_prototyped
                                        @ DW_AT_external
	.byte	14                              @ Abbrev [14] 0x4d64:0xf DW_TAG_formal_parameter
	.long	.Ldebug_loc24                   @ DW_AT_location
	.long	.Linfo_string748                @ DW_AT_name
	.byte	1                               @ DW_AT_decl_file
	.byte	175                             @ DW_AT_decl_line
	.long	1326                            @ DW_AT_type
	.byte	37                              @ Abbrev [37] 0x4d73:0xb DW_TAG_formal_parameter
	.long	.Linfo_string755                @ DW_AT_name
	.byte	1                               @ DW_AT_decl_file
	.byte	175                             @ DW_AT_decl_line
	.long	1188                            @ DW_AT_type
	.byte	15                              @ Abbrev [15] 0x4d7e:0xf DW_TAG_variable
	.long	.Ldebug_loc25                   @ DW_AT_location
	.long	.Linfo_string780                @ DW_AT_name
	.byte	1                               @ DW_AT_decl_file
	.byte	177                             @ DW_AT_decl_line
	.long	1206                            @ DW_AT_type
	.byte	39                              @ Abbrev [39] 0x4d8d:0x18 DW_TAG_inlined_subroutine
	.long	19698                           @ DW_AT_abstract_origin
	.long	.Ltmp194                        @ DW_AT_low_pc
	.long	.Ltmp195-.Ltmp194               @ DW_AT_high_pc
	.byte	1                               @ DW_AT_call_file
	.byte	177                             @ DW_AT_call_line
	.byte	23                              @ DW_AT_call_column
	.byte	45                              @ Abbrev [45] 0x4d9d:0x7 DW_TAG_formal_parameter
	.byte	1                               @ DW_AT_location
	.byte	80
	.long	19710                           @ DW_AT_abstract_origin
	.byte	0                               @ End Of Children Mark
	.byte	39                              @ Abbrev [39] 0x4da5:0x27 DW_TAG_inlined_subroutine
	.long	19733                           @ DW_AT_abstract_origin
	.long	.Ltmp197                        @ DW_AT_low_pc
	.long	.Ltmp198-.Ltmp197               @ DW_AT_high_pc
	.byte	1                               @ DW_AT_call_file
	.byte	183                             @ DW_AT_call_line
	.byte	9                               @ DW_AT_call_column
	.byte	45                              @ Abbrev [45] 0x4db5:0x7 DW_TAG_formal_parameter
	.byte	1                               @ DW_AT_location
	.byte	80
	.long	19741                           @ DW_AT_abstract_origin
	.byte	49                              @ Abbrev [49] 0x4dbc:0xf DW_TAG_formal_parameter
	.ascii	"\200\200\200\200\370\377\377\377\377\001" @ DW_AT_const_value
	.long	19752                           @ DW_AT_abstract_origin
	.byte	0                               @ End Of Children Mark
	.byte	39                              @ Abbrev [39] 0x4dcc:0x29 DW_TAG_inlined_subroutine
	.long	19764                           @ DW_AT_abstract_origin
	.long	.Ltmp200                        @ DW_AT_low_pc
	.long	.Ltmp202-.Ltmp200               @ DW_AT_high_pc
	.byte	1                               @ DW_AT_call_file
	.byte	191                             @ DW_AT_call_line
	.byte	9                               @ DW_AT_call_column
	.byte	40                              @ Abbrev [40] 0x4ddc:0x9 DW_TAG_formal_parameter
	.long	.Ldebug_loc26                   @ DW_AT_location
	.long	19772                           @ DW_AT_abstract_origin
	.byte	49                              @ Abbrev [49] 0x4de5:0xf DW_TAG_formal_parameter
	.ascii	"\200\200\200\200\370\377\377\377\377\001" @ DW_AT_const_value
	.long	19783                           @ DW_AT_abstract_origin
	.byte	0                               @ End Of Children Mark
	.byte	0                               @ End Of Children Mark
	.byte	44                              @ Abbrev [44] 0x4df6:0x2b DW_TAG_subprogram
	.long	.Lfunc_begin12                  @ DW_AT_low_pc
	.long	.Lfunc_end12-.Lfunc_begin12     @ DW_AT_high_pc
	.byte	1                               @ DW_AT_frame_base
	.byte	93
                                        @ DW_AT_GNU_all_call_sites
	.long	20291                           @ DW_AT_abstract_origin
	.byte	40                              @ Abbrev [40] 0x4e05:0x9 DW_TAG_formal_parameter
	.long	.Ldebug_loc27                   @ DW_AT_location
	.long	20303                           @ DW_AT_abstract_origin
	.byte	40                              @ Abbrev [40] 0x4e0e:0x9 DW_TAG_formal_parameter
	.long	.Ldebug_loc28                   @ DW_AT_location
	.long	20314                           @ DW_AT_abstract_origin
	.byte	41                              @ Abbrev [41] 0x4e17:0x9 DW_TAG_variable
	.long	.Ldebug_loc29                   @ DW_AT_location
	.long	20325                           @ DW_AT_abstract_origin
	.byte	0                               @ End Of Children Mark
	.byte	13                              @ Abbrev [13] 0x4e21:0x3f DW_TAG_subprogram
	.long	.Lfunc_begin13                  @ DW_AT_low_pc
	.long	.Lfunc_end13-.Lfunc_begin13     @ DW_AT_high_pc
	.byte	1                               @ DW_AT_frame_base
	.byte	93
                                        @ DW_AT_GNU_all_call_sites
	.long	.Linfo_string767                @ DW_AT_name
	.byte	1                               @ DW_AT_decl_file
	.byte	204                             @ DW_AT_decl_line
                                        @ DW_AT_prototyped
                                        @ DW_AT_external
	.byte	14                              @ Abbrev [14] 0x4e32:0xf DW_TAG_formal_parameter
	.long	.Ldebug_loc30                   @ DW_AT_location
	.long	.Linfo_string748                @ DW_AT_name
	.byte	1                               @ DW_AT_decl_file
	.byte	204                             @ DW_AT_decl_line
	.long	1326                            @ DW_AT_type
	.byte	14                              @ Abbrev [14] 0x4e41:0xf DW_TAG_formal_parameter
	.long	.Ldebug_loc31                   @ DW_AT_location
	.long	.Linfo_string754                @ DW_AT_name
	.byte	1                               @ DW_AT_decl_file
	.byte	204                             @ DW_AT_decl_line
	.long	1206                            @ DW_AT_type
	.byte	14                              @ Abbrev [14] 0x4e50:0xf DW_TAG_formal_parameter
	.long	.Ldebug_loc32                   @ DW_AT_location
	.long	.Linfo_string755                @ DW_AT_name
	.byte	1                               @ DW_AT_decl_file
	.byte	204                             @ DW_AT_decl_line
	.long	1206                            @ DW_AT_type
	.byte	0                               @ End Of Children Mark
	.byte	42                              @ Abbrev [42] 0x4e60:0x25 DW_TAG_subprogram
	.long	.Lfunc_begin14                  @ DW_AT_low_pc
	.long	.Lfunc_end14-.Lfunc_begin14     @ DW_AT_high_pc
	.byte	1                               @ DW_AT_frame_base
	.byte	93
                                        @ DW_AT_GNU_all_call_sites
	.long	.Linfo_string768                @ DW_AT_name
	.byte	1                               @ DW_AT_decl_file
	.byte	211                             @ DW_AT_decl_line
                                        @ DW_AT_prototyped
	.long	1206                            @ DW_AT_type
                                        @ DW_AT_external
	.byte	14                              @ Abbrev [14] 0x4e75:0xf DW_TAG_formal_parameter
	.long	.Ldebug_loc33                   @ DW_AT_location
	.long	.Linfo_string748                @ DW_AT_name
	.byte	1                               @ DW_AT_decl_file
	.byte	211                             @ DW_AT_decl_line
	.long	1326                            @ DW_AT_type
	.byte	0                               @ End Of Children Mark
	.byte	13                              @ Abbrev [13] 0x4e85:0x2e DW_TAG_subprogram
	.long	.Lfunc_begin15                  @ DW_AT_low_pc
	.long	.Lfunc_end15-.Lfunc_begin15     @ DW_AT_high_pc
	.byte	1                               @ DW_AT_frame_base
	.byte	93
                                        @ DW_AT_GNU_all_call_sites
	.long	.Linfo_string769                @ DW_AT_name
	.byte	1                               @ DW_AT_decl_file
	.byte	217                             @ DW_AT_decl_line
                                        @ DW_AT_prototyped
                                        @ DW_AT_external
	.byte	14                              @ Abbrev [14] 0x4e96:0xf DW_TAG_formal_parameter
	.long	.Ldebug_loc34                   @ DW_AT_location
	.long	.Linfo_string748                @ DW_AT_name
	.byte	1                               @ DW_AT_decl_file
	.byte	217                             @ DW_AT_decl_line
	.long	1326                            @ DW_AT_type
	.byte	16                              @ Abbrev [16] 0x4ea5:0xd DW_TAG_formal_parameter
	.byte	1                               @ DW_AT_location
	.byte	81
	.long	.Linfo_string751                @ DW_AT_name
	.byte	1                               @ DW_AT_decl_file
	.byte	217                             @ DW_AT_decl_line
	.long	1206                            @ DW_AT_type
	.byte	0                               @ End Of Children Mark
	.byte	13                              @ Abbrev [13] 0x4eb3:0x2e DW_TAG_subprogram
	.long	.Lfunc_begin16                  @ DW_AT_low_pc
	.long	.Lfunc_end16-.Lfunc_begin16     @ DW_AT_high_pc
	.byte	1                               @ DW_AT_frame_base
	.byte	93
                                        @ DW_AT_GNU_all_call_sites
	.long	.Linfo_string770                @ DW_AT_name
	.byte	1                               @ DW_AT_decl_file
	.byte	223                             @ DW_AT_decl_line
                                        @ DW_AT_prototyped
                                        @ DW_AT_external
	.byte	14                              @ Abbrev [14] 0x4ec4:0xf DW_TAG_formal_parameter
	.long	.Ldebug_loc35                   @ DW_AT_location
	.long	.Linfo_string748                @ DW_AT_name
	.byte	1                               @ DW_AT_decl_file
	.byte	223                             @ DW_AT_decl_line
	.long	1326                            @ DW_AT_type
	.byte	16                              @ Abbrev [16] 0x4ed3:0xd DW_TAG_formal_parameter
	.byte	1                               @ DW_AT_location
	.byte	81
	.long	.Linfo_string751                @ DW_AT_name
	.byte	1                               @ DW_AT_decl_file
	.byte	223                             @ DW_AT_decl_line
	.long	1206                            @ DW_AT_type
	.byte	0                               @ End Of Children Mark
	.byte	13                              @ Abbrev [13] 0x4ee1:0x2e DW_TAG_subprogram
	.long	.Lfunc_begin17                  @ DW_AT_low_pc
	.long	.Lfunc_end17-.Lfunc_begin17     @ DW_AT_high_pc
	.byte	1                               @ DW_AT_frame_base
	.byte	93
                                        @ DW_AT_GNU_all_call_sites
	.long	.Linfo_string771                @ DW_AT_name
	.byte	1                               @ DW_AT_decl_file
	.byte	229                             @ DW_AT_decl_line
                                        @ DW_AT_prototyped
                                        @ DW_AT_external
	.byte	14                              @ Abbrev [14] 0x4ef2:0xf DW_TAG_formal_parameter
	.long	.Ldebug_loc36                   @ DW_AT_location
	.long	.Linfo_string748                @ DW_AT_name
	.byte	1                               @ DW_AT_decl_file
	.byte	229                             @ DW_AT_decl_line
	.long	1326                            @ DW_AT_type
	.byte	16                              @ Abbrev [16] 0x4f01:0xd DW_TAG_formal_parameter
	.byte	1                               @ DW_AT_location
	.byte	81
	.long	.Linfo_string751                @ DW_AT_name
	.byte	1                               @ DW_AT_decl_file
	.byte	229                             @ DW_AT_decl_line
	.long	1206                            @ DW_AT_type
	.byte	0                               @ End Of Children Mark
	.byte	42                              @ Abbrev [42] 0x4f0f:0x34 DW_TAG_subprogram
	.long	.Lfunc_begin18                  @ DW_AT_low_pc
	.long	.Lfunc_end18-.Lfunc_begin18     @ DW_AT_high_pc
	.byte	1                               @ DW_AT_frame_base
	.byte	93
                                        @ DW_AT_GNU_all_call_sites
	.long	.Linfo_string772                @ DW_AT_name
	.byte	1                               @ DW_AT_decl_file
	.byte	235                             @ DW_AT_decl_line
                                        @ DW_AT_prototyped
	.long	1206                            @ DW_AT_type
                                        @ DW_AT_external
	.byte	14                              @ Abbrev [14] 0x4f24:0xf DW_TAG_formal_parameter
	.long	.Ldebug_loc37                   @ DW_AT_location
	.long	.Linfo_string748                @ DW_AT_name
	.byte	1                               @ DW_AT_decl_file
	.byte	235                             @ DW_AT_decl_line
	.long	1326                            @ DW_AT_type
	.byte	15                              @ Abbrev [15] 0x4f33:0xf DW_TAG_variable
	.long	.Ldebug_loc38                   @ DW_AT_location
	.long	.Linfo_string781                @ DW_AT_name
	.byte	1                               @ DW_AT_decl_file
	.byte	237                             @ DW_AT_decl_line
	.long	1206                            @ DW_AT_type
	.byte	0                               @ End Of Children Mark
	.byte	47                              @ Abbrev [47] 0x4f43:0x2e DW_TAG_subprogram
	.long	.Linfo_string753                @ DW_AT_name
	.byte	1                               @ DW_AT_decl_file
	.byte	195                             @ DW_AT_decl_line
                                        @ DW_AT_prototyped
	.long	1206                            @ DW_AT_type
                                        @ DW_AT_external
	.byte	1                               @ DW_AT_inline
	.byte	37                              @ Abbrev [37] 0x4f4f:0xb DW_TAG_formal_parameter
	.long	.Linfo_string748                @ DW_AT_name
	.byte	1                               @ DW_AT_decl_file
	.byte	195                             @ DW_AT_decl_line
	.long	1326                            @ DW_AT_type
	.byte	37                              @ Abbrev [37] 0x4f5a:0xb DW_TAG_formal_parameter
	.long	.Linfo_string754                @ DW_AT_name
	.byte	1                               @ DW_AT_decl_file
	.byte	195                             @ DW_AT_decl_line
	.long	1206                            @ DW_AT_type
	.byte	38                              @ Abbrev [38] 0x4f65:0xb DW_TAG_variable
	.long	.Linfo_string755                @ DW_AT_name
	.byte	1                               @ DW_AT_decl_file
	.byte	198                             @ DW_AT_decl_line
	.long	1206                            @ DW_AT_type
	.byte	0                               @ End Of Children Mark
	.byte	47                              @ Abbrev [47] 0x4f71:0x39 DW_TAG_subprogram
	.long	.Linfo_string756                @ DW_AT_name
	.byte	1                               @ DW_AT_decl_file
	.byte	165                             @ DW_AT_decl_line
                                        @ DW_AT_prototyped
	.long	1188                            @ DW_AT_type
                                        @ DW_AT_external
	.byte	1                               @ DW_AT_inline
	.byte	37                              @ Abbrev [37] 0x4f7d:0xb DW_TAG_formal_parameter
	.long	.Linfo_string748                @ DW_AT_name
	.byte	1                               @ DW_AT_decl_file
	.byte	165                             @ DW_AT_decl_line
	.long	1326                            @ DW_AT_type
	.byte	38                              @ Abbrev [38] 0x4f88:0xb DW_TAG_variable
	.long	.Linfo_string757                @ DW_AT_name
	.byte	1                               @ DW_AT_decl_file
	.byte	168                             @ DW_AT_decl_line
	.long	1206                            @ DW_AT_type
	.byte	38                              @ Abbrev [38] 0x4f93:0xb DW_TAG_variable
	.long	.Linfo_string758                @ DW_AT_name
	.byte	1                               @ DW_AT_decl_file
	.byte	167                             @ DW_AT_decl_line
	.long	1206                            @ DW_AT_type
	.byte	38                              @ Abbrev [38] 0x4f9e:0xb DW_TAG_variable
	.long	.Linfo_string755                @ DW_AT_name
	.byte	1                               @ DW_AT_decl_file
	.byte	169                             @ DW_AT_decl_line
	.long	1188                            @ DW_AT_type
	.byte	0                               @ End Of Children Mark
	.byte	13                              @ Abbrev [13] 0x4faa:0x116 DW_TAG_subprogram
	.long	.Lfunc_begin19                  @ DW_AT_low_pc
	.long	.Lfunc_end19-.Lfunc_begin19     @ DW_AT_high_pc
	.byte	1                               @ DW_AT_frame_base
	.byte	93
                                        @ DW_AT_GNU_all_call_sites
	.long	.Linfo_string773                @ DW_AT_name
	.byte	1                               @ DW_AT_decl_file
	.byte	242                             @ DW_AT_decl_line
                                        @ DW_AT_prototyped
                                        @ DW_AT_external
	.byte	14                              @ Abbrev [14] 0x4fbb:0xf DW_TAG_formal_parameter
	.long	.Ldebug_loc39                   @ DW_AT_location
	.long	.Linfo_string748                @ DW_AT_name
	.byte	1                               @ DW_AT_decl_file
	.byte	242                             @ DW_AT_decl_line
	.long	1326                            @ DW_AT_type
	.byte	14                              @ Abbrev [14] 0x4fca:0xf DW_TAG_formal_parameter
	.long	.Ldebug_loc40                   @ DW_AT_location
	.long	.Linfo_string751                @ DW_AT_name
	.byte	1                               @ DW_AT_decl_file
	.byte	242                             @ DW_AT_decl_line
	.long	1206                            @ DW_AT_type
	.byte	15                              @ Abbrev [15] 0x4fd9:0xf DW_TAG_variable
	.long	.Ldebug_loc41                   @ DW_AT_location
	.long	.Linfo_string782                @ DW_AT_name
	.byte	1                               @ DW_AT_decl_file
	.byte	245                             @ DW_AT_decl_line
	.long	1206                            @ DW_AT_type
	.byte	43                              @ Abbrev [43] 0x4fe8:0x14 DW_TAG_inlined_subroutine
	.long	19698                           @ DW_AT_abstract_origin
	.long	.Ldebug_ranges1                 @ DW_AT_ranges
	.byte	1                               @ DW_AT_call_file
	.byte	245                             @ DW_AT_call_line
	.byte	29                              @ DW_AT_call_column
	.byte	45                              @ Abbrev [45] 0x4ff4:0x7 DW_TAG_formal_parameter
	.byte	1                               @ DW_AT_location
	.byte	80
	.long	19710                           @ DW_AT_abstract_origin
	.byte	0                               @ End Of Children Mark
	.byte	39                              @ Abbrev [39] 0x4ffc:0x1f DW_TAG_inlined_subroutine
	.long	19733                           @ DW_AT_abstract_origin
	.long	.Ltmp232                        @ DW_AT_low_pc
	.long	.Ltmp233-.Ltmp232               @ DW_AT_high_pc
	.byte	1                               @ DW_AT_call_file
	.byte	248                             @ DW_AT_call_line
	.byte	5                               @ DW_AT_call_column
	.byte	45                              @ Abbrev [45] 0x500c:0x7 DW_TAG_formal_parameter
	.byte	1                               @ DW_AT_location
	.byte	80
	.long	19741                           @ DW_AT_abstract_origin
	.byte	45                              @ Abbrev [45] 0x5013:0x7 DW_TAG_formal_parameter
	.byte	1                               @ DW_AT_location
	.byte	81
	.long	19752                           @ DW_AT_abstract_origin
	.byte	0                               @ End Of Children Mark
	.byte	50                              @ Abbrev [50] 0x501b:0x4c DW_TAG_lexical_block
	.long	.Ldebug_ranges2                 @ DW_AT_ranges
	.byte	51                              @ Abbrev [51] 0x5020:0x10 DW_TAG_variable
	.long	.Ldebug_loc42                   @ DW_AT_location
	.long	.Linfo_string783                @ DW_AT_name
	.byte	1                               @ DW_AT_decl_file
	.short	258                             @ DW_AT_decl_line
	.long	19113                           @ DW_AT_type
	.byte	50                              @ Abbrev [50] 0x5030:0x36 DW_TAG_lexical_block
	.long	.Ldebug_ranges3                 @ DW_AT_ranges
	.byte	51                              @ Abbrev [51] 0x5035:0x10 DW_TAG_variable
	.long	.Ldebug_loc45                   @ DW_AT_location
	.long	.Linfo_string755                @ DW_AT_name
	.byte	1                               @ DW_AT_decl_file
	.short	262                             @ DW_AT_decl_line
	.long	1206                            @ DW_AT_type
	.byte	52                              @ Abbrev [52] 0x5045:0x20 DW_TAG_inlined_subroutine
	.long	20291                           @ DW_AT_abstract_origin
	.long	.Ldebug_ranges4                 @ DW_AT_ranges
	.byte	1                               @ DW_AT_call_file
	.short	262                             @ DW_AT_call_line
	.byte	47                              @ DW_AT_call_column
	.byte	40                              @ Abbrev [40] 0x5052:0x9 DW_TAG_formal_parameter
	.long	.Ldebug_loc43                   @ DW_AT_location
	.long	20303                           @ DW_AT_abstract_origin
	.byte	40                              @ Abbrev [40] 0x505b:0x9 DW_TAG_formal_parameter
	.long	.Ldebug_loc44                   @ DW_AT_location
	.long	20314                           @ DW_AT_abstract_origin
	.byte	0                               @ End Of Children Mark
	.byte	0                               @ End Of Children Mark
	.byte	0                               @ End Of Children Mark
	.byte	53                              @ Abbrev [53] 0x5067:0x22 DW_TAG_inlined_subroutine
	.long	19764                           @ DW_AT_abstract_origin
	.long	.Ltmp242                        @ DW_AT_low_pc
	.long	.Ltmp244-.Ltmp242               @ DW_AT_high_pc
	.byte	1                               @ DW_AT_call_file
	.short	268                             @ DW_AT_call_line
	.byte	5                               @ DW_AT_call_column
	.byte	40                              @ Abbrev [40] 0x5078:0x9 DW_TAG_formal_parameter
	.long	.Ldebug_loc46                   @ DW_AT_location
	.long	19772                           @ DW_AT_abstract_origin
	.byte	45                              @ Abbrev [45] 0x5081:0x7 DW_TAG_formal_parameter
	.byte	1                               @ DW_AT_location
	.byte	92
	.long	19783                           @ DW_AT_abstract_origin
	.byte	0                               @ End Of Children Mark
	.byte	54                              @ Abbrev [54] 0x5089:0x36 DW_TAG_lexical_block
	.long	.Ltmp245                        @ DW_AT_low_pc
	.long	.Ltmp249-.Ltmp245               @ DW_AT_high_pc
	.byte	38                              @ Abbrev [38] 0x5092:0xb DW_TAG_variable
	.long	.Linfo_string755                @ DW_AT_name
	.byte	1                               @ DW_AT_decl_file
	.byte	253                             @ DW_AT_decl_line
	.long	1188                            @ DW_AT_type
	.byte	39                              @ Abbrev [39] 0x509d:0x21 DW_TAG_inlined_subroutine
	.long	20337                           @ DW_AT_abstract_origin
	.long	.Ltmp245                        @ DW_AT_low_pc
	.long	.Ltmp248-.Ltmp245               @ DW_AT_high_pc
	.byte	1                               @ DW_AT_call_file
	.byte	253                             @ DW_AT_call_line
	.byte	47                              @ DW_AT_call_column
	.byte	45                              @ Abbrev [45] 0x50ad:0x7 DW_TAG_formal_parameter
	.byte	1                               @ DW_AT_location
	.byte	80
	.long	20349                           @ DW_AT_abstract_origin
	.byte	41                              @ Abbrev [41] 0x50b4:0x9 DW_TAG_variable
	.long	.Ldebug_loc47                   @ DW_AT_location
	.long	20360                           @ DW_AT_abstract_origin
	.byte	0                               @ End Of Children Mark
	.byte	0                               @ End Of Children Mark
	.byte	0                               @ End Of Children Mark
	.byte	55                              @ Abbrev [55] 0x50c0:0x75 DW_TAG_subprogram
	.long	.Lfunc_begin20                  @ DW_AT_low_pc
	.long	.Lfunc_end20-.Lfunc_begin20     @ DW_AT_high_pc
	.byte	1                               @ DW_AT_frame_base
	.byte	93
                                        @ DW_AT_GNU_all_call_sites
	.long	.Linfo_string774                @ DW_AT_name
	.byte	1                               @ DW_AT_decl_file
	.short	271                             @ DW_AT_decl_line
                                        @ DW_AT_prototyped
                                        @ DW_AT_external
	.byte	56                              @ Abbrev [56] 0x50d2:0x10 DW_TAG_formal_parameter
	.long	.Ldebug_loc48                   @ DW_AT_location
	.long	.Linfo_string748                @ DW_AT_name
	.byte	1                               @ DW_AT_decl_file
	.short	271                             @ DW_AT_decl_line
	.long	1326                            @ DW_AT_type
	.byte	56                              @ Abbrev [56] 0x50e2:0x10 DW_TAG_formal_parameter
	.long	.Ldebug_loc49                   @ DW_AT_location
	.long	.Linfo_string784                @ DW_AT_name
	.byte	1                               @ DW_AT_decl_file
	.short	271                             @ DW_AT_decl_line
	.long	725                             @ DW_AT_type
	.byte	51                              @ Abbrev [51] 0x50f2:0x10 DW_TAG_variable
	.long	.Ldebug_loc51                   @ DW_AT_location
	.long	.Linfo_string755                @ DW_AT_name
	.byte	1                               @ DW_AT_decl_file
	.short	274                             @ DW_AT_decl_line
	.long	1206                            @ DW_AT_type
	.byte	51                              @ Abbrev [51] 0x5102:0x10 DW_TAG_variable
	.long	.Ldebug_loc52                   @ DW_AT_location
	.long	.Linfo_string785                @ DW_AT_name
	.byte	1                               @ DW_AT_decl_file
	.short	275                             @ DW_AT_decl_line
	.long	9599                            @ DW_AT_type
	.byte	53                              @ Abbrev [53] 0x5112:0x22 DW_TAG_inlined_subroutine
	.long	19180                           @ DW_AT_abstract_origin
	.long	.Lfunc_begin20                  @ DW_AT_low_pc
	.long	.Ltmp265-.Lfunc_begin20         @ DW_AT_high_pc
	.byte	1                               @ DW_AT_call_file
	.short	274                             @ DW_AT_call_line
	.byte	20                              @ DW_AT_call_column
	.byte	45                              @ Abbrev [45] 0x5123:0x7 DW_TAG_formal_parameter
	.byte	1                               @ DW_AT_location
	.byte	81
	.long	19192                           @ DW_AT_abstract_origin
	.byte	41                              @ Abbrev [41] 0x512a:0x9 DW_TAG_variable
	.long	.Ldebug_loc50                   @ DW_AT_location
	.long	19203                           @ DW_AT_abstract_origin
	.byte	0                               @ End Of Children Mark
	.byte	0                               @ End Of Children Mark
	.byte	55                              @ Abbrev [55] 0x5135:0x77 DW_TAG_subprogram
	.long	.Lfunc_begin21                  @ DW_AT_low_pc
	.long	.Lfunc_end21-.Lfunc_begin21     @ DW_AT_high_pc
	.byte	1                               @ DW_AT_frame_base
	.byte	93
                                        @ DW_AT_GNU_all_call_sites
	.long	.Linfo_string775                @ DW_AT_name
	.byte	1                               @ DW_AT_decl_file
	.short	281                             @ DW_AT_decl_line
                                        @ DW_AT_prototyped
                                        @ DW_AT_external
	.byte	56                              @ Abbrev [56] 0x5147:0x10 DW_TAG_formal_parameter
	.long	.Ldebug_loc53                   @ DW_AT_location
	.long	.Linfo_string748                @ DW_AT_name
	.byte	1                               @ DW_AT_decl_file
	.short	281                             @ DW_AT_decl_line
	.long	1326                            @ DW_AT_type
	.byte	56                              @ Abbrev [56] 0x5157:0x10 DW_TAG_formal_parameter
	.long	.Ldebug_loc54                   @ DW_AT_location
	.long	.Linfo_string786                @ DW_AT_name
	.byte	1                               @ DW_AT_decl_file
	.short	281                             @ DW_AT_decl_line
	.long	725                             @ DW_AT_type
	.byte	51                              @ Abbrev [51] 0x5167:0x10 DW_TAG_variable
	.long	.Ldebug_loc57                   @ DW_AT_location
	.long	.Linfo_string755                @ DW_AT_name
	.byte	1                               @ DW_AT_decl_file
	.short	284                             @ DW_AT_decl_line
	.long	1206                            @ DW_AT_type
	.byte	51                              @ Abbrev [51] 0x5177:0x10 DW_TAG_variable
	.long	.Ldebug_loc58                   @ DW_AT_location
	.long	.Linfo_string785                @ DW_AT_name
	.byte	1                               @ DW_AT_decl_file
	.short	285                             @ DW_AT_decl_line
	.long	9599                            @ DW_AT_type
	.byte	53                              @ Abbrev [53] 0x5187:0x24 DW_TAG_inlined_subroutine
	.long	19180                           @ DW_AT_abstract_origin
	.long	.Ltmp271                        @ DW_AT_low_pc
	.long	.Ltmp274-.Ltmp271               @ DW_AT_high_pc
	.byte	1                               @ DW_AT_call_file
	.short	284                             @ DW_AT_call_line
	.byte	20                              @ DW_AT_call_column
	.byte	40                              @ Abbrev [40] 0x5198:0x9 DW_TAG_formal_parameter
	.long	.Ldebug_loc56                   @ DW_AT_location
	.long	19192                           @ DW_AT_abstract_origin
	.byte	41                              @ Abbrev [41] 0x51a1:0x9 DW_TAG_variable
	.long	.Ldebug_loc55                   @ DW_AT_location
	.long	19203                           @ DW_AT_abstract_origin
	.byte	0                               @ End Of Children Mark
	.byte	0                               @ End Of Children Mark
	.byte	57                              @ Abbrev [57] 0x51ac:0x37 DW_TAG_subprogram
	.long	.Lfunc_begin22                  @ DW_AT_low_pc
	.long	.Lfunc_end22-.Lfunc_begin22     @ DW_AT_high_pc
	.byte	1                               @ DW_AT_frame_base
	.byte	93
                                        @ DW_AT_GNU_all_call_sites
	.long	.Linfo_string776                @ DW_AT_name
	.byte	1                               @ DW_AT_decl_file
	.short	291                             @ DW_AT_decl_line
                                        @ DW_AT_prototyped
	.long	1206                            @ DW_AT_type
                                        @ DW_AT_external
	.byte	56                              @ Abbrev [56] 0x51c2:0x10 DW_TAG_formal_parameter
	.long	.Ldebug_loc59                   @ DW_AT_location
	.long	.Linfo_string748                @ DW_AT_name
	.byte	1                               @ DW_AT_decl_file
	.short	291                             @ DW_AT_decl_line
	.long	1326                            @ DW_AT_type
	.byte	51                              @ Abbrev [51] 0x51d2:0x10 DW_TAG_variable
	.long	.Ldebug_loc60                   @ DW_AT_location
	.long	.Linfo_string755                @ DW_AT_name
	.byte	1                               @ DW_AT_decl_file
	.short	293                             @ DW_AT_decl_line
	.long	1206                            @ DW_AT_type
	.byte	0                               @ End Of Children Mark
	.byte	57                              @ Abbrev [57] 0x51e3:0x37 DW_TAG_subprogram
	.long	.Lfunc_begin23                  @ DW_AT_low_pc
	.long	.Lfunc_end23-.Lfunc_begin23     @ DW_AT_high_pc
	.byte	1                               @ DW_AT_frame_base
	.byte	93
                                        @ DW_AT_GNU_all_call_sites
	.long	.Linfo_string777                @ DW_AT_name
	.byte	1                               @ DW_AT_decl_file
	.short	298                             @ DW_AT_decl_line
                                        @ DW_AT_prototyped
	.long	1206                            @ DW_AT_type
                                        @ DW_AT_external
	.byte	56                              @ Abbrev [56] 0x51f9:0x10 DW_TAG_formal_parameter
	.long	.Ldebug_loc61                   @ DW_AT_location
	.long	.Linfo_string748                @ DW_AT_name
	.byte	1                               @ DW_AT_decl_file
	.short	298                             @ DW_AT_decl_line
	.long	1326                            @ DW_AT_type
	.byte	51                              @ Abbrev [51] 0x5209:0x10 DW_TAG_variable
	.long	.Ldebug_loc62                   @ DW_AT_location
	.long	.Linfo_string755                @ DW_AT_name
	.byte	1                               @ DW_AT_decl_file
	.short	300                             @ DW_AT_decl_line
	.long	1206                            @ DW_AT_type
	.byte	0                               @ End Of Children Mark
	.byte	0                               @ End Of Children Mark
.Ldebug_info_end0:
	.section	.debug_ranges,"",%progbits
.Ldebug_ranges0:
	.long	.Ltmp18
	.long	.Ltmp21
	.long	.Ltmp168
	.long	.Ltmp170
	.long	0
	.long	0
.Ldebug_ranges1:
	.long	.Ltmp229
	.long	.Ltmp230
	.long	.Ltmp231
	.long	.Ltmp232
	.long	0
	.long	0
.Ldebug_ranges2:
	.long	.Ltmp234
	.long	.Ltmp242
	.long	.Ltmp249
	.long	.Ltmp263
	.long	0
	.long	0
.Ldebug_ranges3:
	.long	.Ltmp239
	.long	.Ltmp242
	.long	.Ltmp250
	.long	.Ltmp253
	.long	.Ltmp254
	.long	.Ltmp257
	.long	.Ltmp258
	.long	.Ltmp261
	.long	0
	.long	0
.Ldebug_ranges4:
	.long	.Ltmp239
	.long	.Ltmp240
	.long	.Ltmp250
	.long	.Ltmp251
	.long	.Ltmp254
	.long	.Ltmp255
	.long	.Ltmp258
	.long	.Ltmp259
	.long	0
	.long	0
.Ldebug_ranges5:
	.long	.Lfunc_begin0
	.long	.Lfunc_end0
	.long	.Lfunc_begin1
	.long	.Lfunc_end1
	.long	.Lfunc_begin2
	.long	.Lfunc_end2
	.long	.Lfunc_begin3
	.long	.Lfunc_end3
	.long	.Lfunc_begin4
	.long	.Lfunc_end4
	.long	.Lfunc_begin5
	.long	.Lfunc_end5
	.long	.Lfunc_begin6
	.long	.Lfunc_end6
	.long	.Lfunc_begin7
	.long	.Lfunc_end7
	.long	.Lfunc_begin8
	.long	.Lfunc_end8
	.long	.Lfunc_begin9
	.long	.Lfunc_end9
	.long	.Lfunc_begin10
	.long	.Lfunc_end10
	.long	.Lfunc_begin11
	.long	.Lfunc_end11
	.long	.Lfunc_begin12
	.long	.Lfunc_end12
	.long	.Lfunc_begin13
	.long	.Lfunc_end13
	.long	.Lfunc_begin14
	.long	.Lfunc_end14
	.long	.Lfunc_begin15
	.long	.Lfunc_end15
	.long	.Lfunc_begin16
	.long	.Lfunc_end16
	.long	.Lfunc_begin17
	.long	.Lfunc_end17
	.long	.Lfunc_begin18
	.long	.Lfunc_end18
	.long	.Lfunc_begin19
	.long	.Lfunc_end19
	.long	.Lfunc_begin20
	.long	.Lfunc_end20
	.long	.Lfunc_begin21
	.long	.Lfunc_end21
	.long	.Lfunc_begin22
	.long	.Lfunc_end22
	.long	.Lfunc_begin23
	.long	.Lfunc_end23
	.long	0
	.long	0
	.section	.debug_str,"MS",%progbits,1
.Linfo_string0:
	.asciz	"Component: Arm Compiler for Embedded 6.22 Tool: armclang [5ee92100]" @ string offset=0
.Linfo_string1:
	.asciz	"../../../../Library/StdDriver/src/npu\\ethosu_pmu.c" @ string offset=68
.Linfo_string2:
	.asciz	"C:\\ML\\ML_M55M1_SampleCode-master 2\\ML_M55M1_SampleCode-master\\M55M1BSP-3.01.003\\SampleCode\\NuEdgeWise\\ObjectDetection_YOLOv8n\\KEIL" @ string offset=119
.Linfo_string3:
	.asciz	"char"                          @ string offset=250
.Linfo_string4:
	.asciz	"__ARRAY_SIZE_TYPE__"           @ string offset=255
.Linfo_string5:
	.asciz	"eventbyid"                     @ string offset=275
.Linfo_string6:
	.asciz	"unsigned short"                @ string offset=285
.Linfo_string7:
	.asciz	"PMU_EVENT_NO_EVENT"            @ string offset=300
.Linfo_string8:
	.asciz	"PMU_EVENT_CYCLE"               @ string offset=319
.Linfo_string9:
	.asciz	"PMU_EVENT_NPU_IDLE"            @ string offset=335
.Linfo_string10:
	.asciz	"PMU_EVENT_CC_STALLED_ON_BLOCKDEP" @ string offset=354
.Linfo_string11:
	.asciz	"PMU_EVENT_CC_STALLED_ON_SHRAM_RECONFIG" @ string offset=387
.Linfo_string12:
	.asciz	"PMU_EVENT_NPU_ACTIVE"          @ string offset=426
.Linfo_string13:
	.asciz	"PMU_EVENT_MAC_ACTIVE"          @ string offset=447
.Linfo_string14:
	.asciz	"PMU_EVENT_MAC_ACTIVE_8BIT"     @ string offset=468
.Linfo_string15:
	.asciz	"PMU_EVENT_MAC_ACTIVE_16BIT"    @ string offset=494
.Linfo_string16:
	.asciz	"PMU_EVENT_MAC_DPU_ACTIVE"      @ string offset=521
.Linfo_string17:
	.asciz	"PMU_EVENT_MAC_STALLED_BY_WD_ACC" @ string offset=546
.Linfo_string18:
	.asciz	"PMU_EVENT_MAC_STALLED_BY_WD"   @ string offset=578
.Linfo_string19:
	.asciz	"PMU_EVENT_MAC_STALLED_BY_ACC"  @ string offset=606
.Linfo_string20:
	.asciz	"PMU_EVENT_MAC_STALLED_BY_IB"   @ string offset=635
.Linfo_string21:
	.asciz	"PMU_EVENT_MAC_ACTIVE_32BIT"    @ string offset=663
.Linfo_string22:
	.asciz	"PMU_EVENT_MAC_STALLED_BY_INT_W" @ string offset=690
.Linfo_string23:
	.asciz	"PMU_EVENT_MAC_STALLED_BY_INT_ACC" @ string offset=721
.Linfo_string24:
	.asciz	"PMU_EVENT_AO_ACTIVE"           @ string offset=754
.Linfo_string25:
	.asciz	"PMU_EVENT_AO_ACTIVE_8BIT"      @ string offset=774
.Linfo_string26:
	.asciz	"PMU_EVENT_AO_ACTIVE_16BIT"     @ string offset=799
.Linfo_string27:
	.asciz	"PMU_EVENT_AO_STALLED_BY_OFMP_OB" @ string offset=825
.Linfo_string28:
	.asciz	"PMU_EVENT_AO_STALLED_BY_OFMP"  @ string offset=857
.Linfo_string29:
	.asciz	"PMU_EVENT_AO_STALLED_BY_OB"    @ string offset=886
.Linfo_string30:
	.asciz	"PMU_EVENT_AO_STALLED_BY_ACC_IB" @ string offset=913
.Linfo_string31:
	.asciz	"PMU_EVENT_AO_STALLED_BY_ACC"   @ string offset=944
.Linfo_string32:
	.asciz	"PMU_EVENT_AO_STALLED_BY_IB"    @ string offset=972
.Linfo_string33:
	.asciz	"PMU_EVENT_WD_ACTIVE"           @ string offset=999
.Linfo_string34:
	.asciz	"PMU_EVENT_WD_STALLED"          @ string offset=1019
.Linfo_string35:
	.asciz	"PMU_EVENT_WD_STALLED_BY_WS"    @ string offset=1040
.Linfo_string36:
	.asciz	"PMU_EVENT_WD_STALLED_BY_WD_BUF" @ string offset=1067
.Linfo_string37:
	.asciz	"PMU_EVENT_WD_PARSE_ACTIVE"     @ string offset=1098
.Linfo_string38:
	.asciz	"PMU_EVENT_WD_PARSE_STALLED"    @ string offset=1124
.Linfo_string39:
	.asciz	"PMU_EVENT_WD_PARSE_STALLED_IN" @ string offset=1151
.Linfo_string40:
	.asciz	"PMU_EVENT_WD_PARSE_STALLED_OUT" @ string offset=1181
.Linfo_string41:
	.asciz	"PMU_EVENT_WD_TRANS_WS"         @ string offset=1212
.Linfo_string42:
	.asciz	"PMU_EVENT_WD_TRANS_WB"         @ string offset=1234
.Linfo_string43:
	.asciz	"PMU_EVENT_WD_TRANS_DW0"        @ string offset=1256
.Linfo_string44:
	.asciz	"PMU_EVENT_WD_TRANS_DW1"        @ string offset=1279
.Linfo_string45:
	.asciz	"PMU_EVENT_AXI0_RD_TRANS_ACCEPTED" @ string offset=1302
.Linfo_string46:
	.asciz	"PMU_EVENT_AXI0_RD_TRANS_COMPLETED" @ string offset=1335
.Linfo_string47:
	.asciz	"PMU_EVENT_AXI0_RD_DATA_BEAT_RECEIVED" @ string offset=1369
.Linfo_string48:
	.asciz	"PMU_EVENT_AXI0_RD_TRAN_REQ_STALLED" @ string offset=1406
.Linfo_string49:
	.asciz	"PMU_EVENT_AXI0_WR_TRANS_ACCEPTED" @ string offset=1441
.Linfo_string50:
	.asciz	"PMU_EVENT_AXI0_WR_TRANS_COMPLETED_M" @ string offset=1474
.Linfo_string51:
	.asciz	"PMU_EVENT_AXI0_WR_TRANS_COMPLETED_S" @ string offset=1510
.Linfo_string52:
	.asciz	"PMU_EVENT_AXI0_WR_DATA_BEAT_WRITTEN" @ string offset=1546
.Linfo_string53:
	.asciz	"PMU_EVENT_AXI0_WR_TRAN_REQ_STALLED" @ string offset=1582
.Linfo_string54:
	.asciz	"PMU_EVENT_AXI0_WR_DATA_BEAT_STALLED" @ string offset=1617
.Linfo_string55:
	.asciz	"PMU_EVENT_AXI0_ENABLED_CYCLES" @ string offset=1653
.Linfo_string56:
	.asciz	"PMU_EVENT_AXI0_RD_STALL_LIMIT" @ string offset=1683
.Linfo_string57:
	.asciz	"PMU_EVENT_AXI0_WR_STALL_LIMIT" @ string offset=1713
.Linfo_string58:
	.asciz	"PMU_EVENT_AXI_LATENCY_ANY"     @ string offset=1743
.Linfo_string59:
	.asciz	"PMU_EVENT_AXI_LATENCY_32"      @ string offset=1769
.Linfo_string60:
	.asciz	"PMU_EVENT_AXI_LATENCY_64"      @ string offset=1794
.Linfo_string61:
	.asciz	"PMU_EVENT_AXI_LATENCY_128"     @ string offset=1819
.Linfo_string62:
	.asciz	"PMU_EVENT_AXI_LATENCY_256"     @ string offset=1845
.Linfo_string63:
	.asciz	"PMU_EVENT_AXI_LATENCY_512"     @ string offset=1871
.Linfo_string64:
	.asciz	"PMU_EVENT_AXI_LATENCY_1024"    @ string offset=1897
.Linfo_string65:
	.asciz	"PMU_EVENT_ECC_DMA"             @ string offset=1924
.Linfo_string66:
	.asciz	"PMU_EVENT_ECC_SB0"             @ string offset=1942
.Linfo_string67:
	.asciz	"PMU_EVENT_AXI1_RD_TRANS_ACCEPTED" @ string offset=1960
.Linfo_string68:
	.asciz	"PMU_EVENT_AXI1_RD_TRANS_COMPLETED" @ string offset=1993
.Linfo_string69:
	.asciz	"PMU_EVENT_AXI1_RD_DATA_BEAT_RECEIVED" @ string offset=2027
.Linfo_string70:
	.asciz	"PMU_EVENT_AXI1_RD_TRAN_REQ_STALLED" @ string offset=2064
.Linfo_string71:
	.asciz	"PMU_EVENT_AXI1_WR_TRANS_ACCEPTED" @ string offset=2099
.Linfo_string72:
	.asciz	"PMU_EVENT_AXI1_WR_TRANS_COMPLETED_M" @ string offset=2132
.Linfo_string73:
	.asciz	"PMU_EVENT_AXI1_WR_TRANS_COMPLETED_S" @ string offset=2168
.Linfo_string74:
	.asciz	"PMU_EVENT_AXI1_WR_DATA_BEAT_WRITTEN" @ string offset=2204
.Linfo_string75:
	.asciz	"PMU_EVENT_AXI1_WR_TRAN_REQ_STALLED" @ string offset=2240
.Linfo_string76:
	.asciz	"PMU_EVENT_AXI1_WR_DATA_BEAT_STALLED" @ string offset=2275
.Linfo_string77:
	.asciz	"PMU_EVENT_AXI1_ENABLED_CYCLES" @ string offset=2311
.Linfo_string78:
	.asciz	"PMU_EVENT_AXI1_RD_STALL_LIMIT" @ string offset=2341
.Linfo_string79:
	.asciz	"PMU_EVENT_AXI1_WR_STALL_LIMIT" @ string offset=2371
.Linfo_string80:
	.asciz	"PMU_EVENT_ECC_SB1"             @ string offset=2401
.Linfo_string81:
	.asciz	"pmu_event"                     @ string offset=2419
.Linfo_string82:
	.asciz	"unsigned char"                 @ string offset=2429
.Linfo_string83:
	.asciz	"ETHOSU_JOB_IDLE"               @ string offset=2443
.Linfo_string84:
	.asciz	"ETHOSU_JOB_RUNNING"            @ string offset=2459
.Linfo_string85:
	.asciz	"ETHOSU_JOB_DONE"               @ string offset=2478
.Linfo_string86:
	.asciz	"ethosu_job_state"              @ string offset=2494
.Linfo_string87:
	.asciz	"ETHOSU_PMU_NO_EVENT"           @ string offset=2511
.Linfo_string88:
	.asciz	"ETHOSU_PMU_CYCLE"              @ string offset=2531
.Linfo_string89:
	.asciz	"ETHOSU_PMU_NPU_IDLE"           @ string offset=2548
.Linfo_string90:
	.asciz	"ETHOSU_PMU_CC_STALLED_ON_BLOCKDEP" @ string offset=2568
.Linfo_string91:
	.asciz	"ETHOSU_PMU_CC_STALLED_ON_SHRAM_RECONFIG" @ string offset=2602
.Linfo_string92:
	.asciz	"ETHOSU_PMU_NPU_ACTIVE"         @ string offset=2642
.Linfo_string93:
	.asciz	"ETHOSU_PMU_MAC_ACTIVE"         @ string offset=2664
.Linfo_string94:
	.asciz	"ETHOSU_PMU_MAC_ACTIVE_8BIT"    @ string offset=2686
.Linfo_string95:
	.asciz	"ETHOSU_PMU_MAC_ACTIVE_16BIT"   @ string offset=2713
.Linfo_string96:
	.asciz	"ETHOSU_PMU_MAC_DPU_ACTIVE"     @ string offset=2741
.Linfo_string97:
	.asciz	"ETHOSU_PMU_MAC_STALLED_BY_WD_ACC" @ string offset=2767
.Linfo_string98:
	.asciz	"ETHOSU_PMU_MAC_STALLED_BY_WD"  @ string offset=2800
.Linfo_string99:
	.asciz	"ETHOSU_PMU_MAC_STALLED_BY_ACC" @ string offset=2829
.Linfo_string100:
	.asciz	"ETHOSU_PMU_MAC_STALLED_BY_IB"  @ string offset=2859
.Linfo_string101:
	.asciz	"ETHOSU_PMU_MAC_ACTIVE_32BIT"   @ string offset=2888
.Linfo_string102:
	.asciz	"ETHOSU_PMU_MAC_STALLED_BY_INT_W" @ string offset=2916
.Linfo_string103:
	.asciz	"ETHOSU_PMU_MAC_STALLED_BY_INT_ACC" @ string offset=2948
.Linfo_string104:
	.asciz	"ETHOSU_PMU_AO_ACTIVE"          @ string offset=2982
.Linfo_string105:
	.asciz	"ETHOSU_PMU_AO_ACTIVE_8BIT"     @ string offset=3003
.Linfo_string106:
	.asciz	"ETHOSU_PMU_AO_ACTIVE_16BIT"    @ string offset=3029
.Linfo_string107:
	.asciz	"ETHOSU_PMU_AO_STALLED_BY_OFMP_OB" @ string offset=3056
.Linfo_string108:
	.asciz	"ETHOSU_PMU_AO_STALLED_BY_OFMP" @ string offset=3089
.Linfo_string109:
	.asciz	"ETHOSU_PMU_AO_STALLED_BY_OB"   @ string offset=3119
.Linfo_string110:
	.asciz	"ETHOSU_PMU_AO_STALLED_BY_ACC_IB" @ string offset=3147
.Linfo_string111:
	.asciz	"ETHOSU_PMU_AO_STALLED_BY_ACC"  @ string offset=3179
.Linfo_string112:
	.asciz	"ETHOSU_PMU_AO_STALLED_BY_IB"   @ string offset=3208
.Linfo_string113:
	.asciz	"ETHOSU_PMU_WD_ACTIVE"          @ string offset=3236
.Linfo_string114:
	.asciz	"ETHOSU_PMU_WD_STALLED"         @ string offset=3257
.Linfo_string115:
	.asciz	"ETHOSU_PMU_WD_STALLED_BY_WS"   @ string offset=3279
.Linfo_string116:
	.asciz	"ETHOSU_PMU_WD_STALLED_BY_WD_BUF" @ string offset=3307
.Linfo_string117:
	.asciz	"ETHOSU_PMU_WD_PARSE_ACTIVE"    @ string offset=3339
.Linfo_string118:
	.asciz	"ETHOSU_PMU_WD_PARSE_STALLED"   @ string offset=3366
.Linfo_string119:
	.asciz	"ETHOSU_PMU_WD_PARSE_STALLED_IN" @ string offset=3394
.Linfo_string120:
	.asciz	"ETHOSU_PMU_WD_PARSE_STALLED_OUT" @ string offset=3425
.Linfo_string121:
	.asciz	"ETHOSU_PMU_WD_TRANS_WS"        @ string offset=3457
.Linfo_string122:
	.asciz	"ETHOSU_PMU_WD_TRANS_WB"        @ string offset=3480
.Linfo_string123:
	.asciz	"ETHOSU_PMU_WD_TRANS_DW0"       @ string offset=3503
.Linfo_string124:
	.asciz	"ETHOSU_PMU_WD_TRANS_DW1"       @ string offset=3527
.Linfo_string125:
	.asciz	"ETHOSU_PMU_AXI0_RD_TRANS_ACCEPTED" @ string offset=3551
.Linfo_string126:
	.asciz	"ETHOSU_PMU_AXI0_RD_TRANS_COMPLETED" @ string offset=3585
.Linfo_string127:
	.asciz	"ETHOSU_PMU_AXI0_RD_DATA_BEAT_RECEIVED" @ string offset=3620
.Linfo_string128:
	.asciz	"ETHOSU_PMU_AXI0_RD_TRAN_REQ_STALLED" @ string offset=3658
.Linfo_string129:
	.asciz	"ETHOSU_PMU_AXI0_WR_TRANS_ACCEPTED" @ string offset=3694
.Linfo_string130:
	.asciz	"ETHOSU_PMU_AXI0_WR_TRANS_COMPLETED_M" @ string offset=3728
.Linfo_string131:
	.asciz	"ETHOSU_PMU_AXI0_WR_TRANS_COMPLETED_S" @ string offset=3765
.Linfo_string132:
	.asciz	"ETHOSU_PMU_AXI0_WR_DATA_BEAT_WRITTEN" @ string offset=3802
.Linfo_string133:
	.asciz	"ETHOSU_PMU_AXI0_WR_TRAN_REQ_STALLED" @ string offset=3839
.Linfo_string134:
	.asciz	"ETHOSU_PMU_AXI0_WR_DATA_BEAT_STALLED" @ string offset=3875
.Linfo_string135:
	.asciz	"ETHOSU_PMU_AXI0_ENABLED_CYCLES" @ string offset=3912
.Linfo_string136:
	.asciz	"ETHOSU_PMU_AXI0_RD_STALL_LIMIT" @ string offset=3943
.Linfo_string137:
	.asciz	"ETHOSU_PMU_AXI0_WR_STALL_LIMIT" @ string offset=3974
.Linfo_string138:
	.asciz	"ETHOSU_PMU_AXI_LATENCY_ANY"    @ string offset=4005
.Linfo_string139:
	.asciz	"ETHOSU_PMU_AXI_LATENCY_32"     @ string offset=4032
.Linfo_string140:
	.asciz	"ETHOSU_PMU_AXI_LATENCY_64"     @ string offset=4058
.Linfo_string141:
	.asciz	"ETHOSU_PMU_AXI_LATENCY_128"    @ string offset=4084
.Linfo_string142:
	.asciz	"ETHOSU_PMU_AXI_LATENCY_256"    @ string offset=4111
.Linfo_string143:
	.asciz	"ETHOSU_PMU_AXI_LATENCY_512"    @ string offset=4138
.Linfo_string144:
	.asciz	"ETHOSU_PMU_AXI_LATENCY_1024"   @ string offset=4165
.Linfo_string145:
	.asciz	"ETHOSU_PMU_ECC_DMA"            @ string offset=4193
.Linfo_string146:
	.asciz	"ETHOSU_PMU_ECC_SB0"            @ string offset=4212
.Linfo_string147:
	.asciz	"ETHOSU_PMU_AXI1_RD_TRANS_ACCEPTED" @ string offset=4231
.Linfo_string148:
	.asciz	"ETHOSU_PMU_AXI1_RD_TRANS_COMPLETED" @ string offset=4265
.Linfo_string149:
	.asciz	"ETHOSU_PMU_AXI1_RD_DATA_BEAT_RECEIVED" @ string offset=4300
.Linfo_string150:
	.asciz	"ETHOSU_PMU_AXI1_RD_TRAN_REQ_STALLED" @ string offset=4338
.Linfo_string151:
	.asciz	"ETHOSU_PMU_AXI1_WR_TRANS_ACCEPTED" @ string offset=4374
.Linfo_string152:
	.asciz	"ETHOSU_PMU_AXI1_WR_TRANS_COMPLETED_M" @ string offset=4408
.Linfo_string153:
	.asciz	"ETHOSU_PMU_AXI1_WR_TRANS_COMPLETED_S" @ string offset=4445
.Linfo_string154:
	.asciz	"ETHOSU_PMU_AXI1_WR_DATA_BEAT_WRITTEN" @ string offset=4482
.Linfo_string155:
	.asciz	"ETHOSU_PMU_AXI1_WR_TRAN_REQ_STALLED" @ string offset=4519
.Linfo_string156:
	.asciz	"ETHOSU_PMU_AXI1_WR_DATA_BEAT_STALLED" @ string offset=4555
.Linfo_string157:
	.asciz	"ETHOSU_PMU_AXI1_ENABLED_CYCLES" @ string offset=4592
.Linfo_string158:
	.asciz	"ETHOSU_PMU_AXI1_RD_STALL_LIMIT" @ string offset=4623
.Linfo_string159:
	.asciz	"ETHOSU_PMU_AXI1_WR_STALL_LIMIT" @ string offset=4654
.Linfo_string160:
	.asciz	"ETHOSU_PMU_ECC_SB1"            @ string offset=4685
.Linfo_string161:
	.asciz	"ETHOSU_PMU_SENTINEL"           @ string offset=4704
.Linfo_string162:
	.asciz	"ethosu_pmu_event_type"         @ string offset=4724
.Linfo_string163:
	.asciz	"unsigned long long"            @ string offset=4746
.Linfo_string164:
	.asciz	"uint64_t"                      @ string offset=4765
.Linfo_string165:
	.asciz	"unsigned int"                  @ string offset=4774
.Linfo_string166:
	.asciz	"uint32_t"                      @ string offset=4787
.Linfo_string167:
	.asciz	"ethosu_release_power"          @ string offset=4796
.Linfo_string168:
	.asciz	"dev"                           @ string offset=4817
.Linfo_string169:
	.asciz	"reg"                           @ string offset=4821
.Linfo_string170:
	.asciz	"ID"                            @ string offset=4825
.Linfo_string171:
	.asciz	"version_status"                @ string offset=4828
.Linfo_string172:
	.asciz	"version_minor"                 @ string offset=4843
.Linfo_string173:
	.asciz	"version_major"                 @ string offset=4857
.Linfo_string174:
	.asciz	"product_major"                 @ string offset=4871
.Linfo_string175:
	.asciz	"arch_patch_rev"                @ string offset=4885
.Linfo_string176:
	.asciz	"arch_minor_rev"                @ string offset=4900
.Linfo_string177:
	.asciz	"arch_major_rev"                @ string offset=4915
.Linfo_string178:
	.asciz	"word"                          @ string offset=4930
.Linfo_string179:
	.asciz	"id_r"                          @ string offset=4935
.Linfo_string180:
	.asciz	"STATUS"                        @ string offset=4940
.Linfo_string181:
	.asciz	"state"                         @ string offset=4947
.Linfo_string182:
	.asciz	"irq_raised"                    @ string offset=4953
.Linfo_string183:
	.asciz	"bus_status"                    @ string offset=4964
.Linfo_string184:
	.asciz	"reset_status"                  @ string offset=4975
.Linfo_string185:
	.asciz	"cmd_parse_error"               @ string offset=4988
.Linfo_string186:
	.asciz	"cmd_end_reached"               @ string offset=5004
.Linfo_string187:
	.asciz	"pmu_irq_raised"                @ string offset=5020
.Linfo_string188:
	.asciz	"wd_fault"                      @ string offset=5035
.Linfo_string189:
	.asciz	"ecc_fault"                     @ string offset=5044
.Linfo_string190:
	.asciz	"reserved0"                     @ string offset=5054
.Linfo_string191:
	.asciz	"faulting_interface"            @ string offset=5064
.Linfo_string192:
	.asciz	"faulting_channel"              @ string offset=5083
.Linfo_string193:
	.asciz	"irq_history_mask"              @ string offset=5100
.Linfo_string194:
	.asciz	"status_r"                      @ string offset=5117
.Linfo_string195:
	.asciz	"CMD"                           @ string offset=5126
.Linfo_string196:
	.asciz	"transition_to_running_state"   @ string offset=5130
.Linfo_string197:
	.asciz	"clear_irq"                     @ string offset=5158
.Linfo_string198:
	.asciz	"clock_q_enable"                @ string offset=5168
.Linfo_string199:
	.asciz	"power_q_enable"                @ string offset=5183
.Linfo_string200:
	.asciz	"stop_request"                  @ string offset=5198
.Linfo_string201:
	.asciz	"clear_irq_history"             @ string offset=5211
.Linfo_string202:
	.asciz	"cmd_r"                         @ string offset=5229
.Linfo_string203:
	.asciz	"RESET"                         @ string offset=5235
.Linfo_string204:
	.asciz	"pending_CPL"                   @ string offset=5241
.Linfo_string205:
	.asciz	"pending_CSL"                   @ string offset=5253
.Linfo_string206:
	.asciz	"reset_r"                       @ string offset=5265
.Linfo_string207:
	.asciz	"QBASE"                         @ string offset=5273
.Linfo_string208:
	.asciz	"offset"                        @ string offset=5279
.Linfo_string209:
	.asciz	"qbase_r"                       @ string offset=5286
.Linfo_string210:
	.asciz	"QREAD"                         @ string offset=5294
.Linfo_string211:
	.asciz	"qread_r"                       @ string offset=5300
.Linfo_string212:
	.asciz	"QCONFIG"                       @ string offset=5308
.Linfo_string213:
	.asciz	"cmd_region0"                   @ string offset=5316
.Linfo_string214:
	.asciz	"qconfig_r"                     @ string offset=5328
.Linfo_string215:
	.asciz	"QSIZE"                         @ string offset=5338
.Linfo_string216:
	.asciz	"qsize_r"                       @ string offset=5344
.Linfo_string217:
	.asciz	"PROT"                          @ string offset=5352
.Linfo_string218:
	.asciz	"active_CPL"                    @ string offset=5357
.Linfo_string219:
	.asciz	"active_CSL"                    @ string offset=5368
.Linfo_string220:
	.asciz	"prot_r"                        @ string offset=5379
.Linfo_string221:
	.asciz	"CONFIG"                        @ string offset=5386
.Linfo_string222:
	.asciz	"macs_per_cc"                   @ string offset=5393
.Linfo_string223:
	.asciz	"cmd_stream_version"            @ string offset=5405
.Linfo_string224:
	.asciz	"shram_size"                    @ string offset=5424
.Linfo_string225:
	.asciz	"functional_safety"             @ string offset=5435
.Linfo_string226:
	.asciz	"custom_dma"                    @ string offset=5453
.Linfo_string227:
	.asciz	"product"                       @ string offset=5464
.Linfo_string228:
	.asciz	"config_r"                      @ string offset=5472
.Linfo_string229:
	.asciz	"LOCK"                          @ string offset=5481
.Linfo_string230:
	.asciz	"lock_r"                        @ string offset=5486
.Linfo_string231:
	.asciz	"unused0"                       @ string offset=5493
.Linfo_string232:
	.asciz	"REGIONCFG"                     @ string offset=5501
.Linfo_string233:
	.asciz	"region0"                       @ string offset=5511
.Linfo_string234:
	.asciz	"region1"                       @ string offset=5519
.Linfo_string235:
	.asciz	"region2"                       @ string offset=5527
.Linfo_string236:
	.asciz	"region3"                       @ string offset=5535
.Linfo_string237:
	.asciz	"region4"                       @ string offset=5543
.Linfo_string238:
	.asciz	"region5"                       @ string offset=5551
.Linfo_string239:
	.asciz	"region6"                       @ string offset=5559
.Linfo_string240:
	.asciz	"region7"                       @ string offset=5567
.Linfo_string241:
	.asciz	"regioncfg_r"                   @ string offset=5575
.Linfo_string242:
	.asciz	"AXI_LIMIT0"                    @ string offset=5587
.Linfo_string243:
	.asciz	"max_beats"                     @ string offset=5598
.Linfo_string244:
	.asciz	"memtype"                       @ string offset=5608
.Linfo_string245:
	.asciz	"reserved1"                     @ string offset=5616
.Linfo_string246:
	.asciz	"max_outstanding_read_m1"       @ string offset=5626
.Linfo_string247:
	.asciz	"reserved2"                     @ string offset=5650
.Linfo_string248:
	.asciz	"max_outstanding_write_m1"      @ string offset=5660
.Linfo_string249:
	.asciz	"reserved3"                     @ string offset=5685
.Linfo_string250:
	.asciz	"axi_limit0_r"                  @ string offset=5695
.Linfo_string251:
	.asciz	"AXI_LIMIT1"                    @ string offset=5708
.Linfo_string252:
	.asciz	"axi_limit1_r"                  @ string offset=5719
.Linfo_string253:
	.asciz	"AXI_LIMIT2"                    @ string offset=5732
.Linfo_string254:
	.asciz	"axi_limit2_r"                  @ string offset=5743
.Linfo_string255:
	.asciz	"AXI_LIMIT3"                    @ string offset=5756
.Linfo_string256:
	.asciz	"axi_limit3_r"                  @ string offset=5767
.Linfo_string257:
	.asciz	"unused1"                       @ string offset=5780
.Linfo_string258:
	.asciz	"BASEP"                         @ string offset=5788
.Linfo_string259:
	.asciz	"basep_r"                       @ string offset=5794
.Linfo_string260:
	.asciz	"unused2"                       @ string offset=5802
.Linfo_string261:
	.asciz	"WD_STATUS"                     @ string offset=5810
.Linfo_string262:
	.asciz	"core_slice_state"              @ string offset=5820
.Linfo_string263:
	.asciz	"core_idle"                     @ string offset=5837
.Linfo_string264:
	.asciz	"ctrl_state"                    @ string offset=5847
.Linfo_string265:
	.asciz	"ctrl_idle"                     @ string offset=5858
.Linfo_string266:
	.asciz	"write_buf_index0"              @ string offset=5868
.Linfo_string267:
	.asciz	"write_buf_valid0"              @ string offset=5885
.Linfo_string268:
	.asciz	"write_buf_idle0"               @ string offset=5902
.Linfo_string269:
	.asciz	"write_buf_index1"              @ string offset=5918
.Linfo_string270:
	.asciz	"write_buf_valid1"              @ string offset=5935
.Linfo_string271:
	.asciz	"write_buf_idle1"               @ string offset=5952
.Linfo_string272:
	.asciz	"events"                        @ string offset=5968
.Linfo_string273:
	.asciz	"wd_status_r"                   @ string offset=5975
.Linfo_string274:
	.asciz	"MAC_STATUS"                    @ string offset=5987
.Linfo_string275:
	.asciz	"block_cfg_valid"               @ string offset=5998
.Linfo_string276:
	.asciz	"trav_en"                       @ string offset=6014
.Linfo_string277:
	.asciz	"wait_for_ib"                   @ string offset=6022
.Linfo_string278:
	.asciz	"wait_for_acc_buf"              @ string offset=6034
.Linfo_string279:
	.asciz	"wait_for_weights"              @ string offset=6051
.Linfo_string280:
	.asciz	"stall_stripe"                  @ string offset=6068
.Linfo_string281:
	.asciz	"dw_sel"                        @ string offset=6081
.Linfo_string282:
	.asciz	"wait_for_dw0_ready"            @ string offset=6088
.Linfo_string283:
	.asciz	"wait_for_dw1_ready"            @ string offset=6107
.Linfo_string284:
	.asciz	"acc_buf_sel_ai"                @ string offset=6126
.Linfo_string285:
	.asciz	"wait_for_acc0_ready"           @ string offset=6141
.Linfo_string286:
	.asciz	"wait_for_acc1_ready"           @ string offset=6161
.Linfo_string287:
	.asciz	"acc_buf_sel_aa"                @ string offset=6181
.Linfo_string288:
	.asciz	"acc0_valid"                    @ string offset=6196
.Linfo_string289:
	.asciz	"acc1_valid"                    @ string offset=6207
.Linfo_string290:
	.asciz	"mac_status_r"                  @ string offset=6218
.Linfo_string291:
	.asciz	"AO_STATUS"                     @ string offset=6231
.Linfo_string292:
	.asciz	"cmd_sbw_valid"                 @ string offset=6241
.Linfo_string293:
	.asciz	"cmd_act_valid"                 @ string offset=6255
.Linfo_string294:
	.asciz	"cmd_ctl_valid"                 @ string offset=6269
.Linfo_string295:
	.asciz	"cmd_scl_valid"                 @ string offset=6283
.Linfo_string296:
	.asciz	"cmd_sbr_valid"                 @ string offset=6297
.Linfo_string297:
	.asciz	"cmd_ofm_valid"                 @ string offset=6311
.Linfo_string298:
	.asciz	"blk_cmd_ready"                 @ string offset=6325
.Linfo_string299:
	.asciz	"blk_cmd_valid"                 @ string offset=6339
.Linfo_string300:
	.asciz	"ao_status_r"                   @ string offset=6353
.Linfo_string301:
	.asciz	"unused3"                       @ string offset=6365
.Linfo_string302:
	.asciz	"DMA_STATUS0"                   @ string offset=6373
.Linfo_string303:
	.asciz	"cmd_idle"                      @ string offset=6385
.Linfo_string304:
	.asciz	"ifm_idle"                      @ string offset=6394
.Linfo_string305:
	.asciz	"wgt_idle_c0"                   @ string offset=6403
.Linfo_string306:
	.asciz	"bas_idle_c0"                   @ string offset=6415
.Linfo_string307:
	.asciz	"m2m_idle"                      @ string offset=6427
.Linfo_string308:
	.asciz	"ofm_idle"                      @ string offset=6436
.Linfo_string309:
	.asciz	"halt_req"                      @ string offset=6445
.Linfo_string310:
	.asciz	"halt_ack"                      @ string offset=6454
.Linfo_string311:
	.asciz	"pause_req"                     @ string offset=6463
.Linfo_string312:
	.asciz	"pause_ack"                     @ string offset=6473
.Linfo_string313:
	.asciz	"ib0_ai_valid_c0"               @ string offset=6483
.Linfo_string314:
	.asciz	"ib0_ai_ready_c0"               @ string offset=6499
.Linfo_string315:
	.asciz	"ib1_ai_valid_c0"               @ string offset=6515
.Linfo_string316:
	.asciz	"ib1_ai_ready_c0"               @ string offset=6531
.Linfo_string317:
	.asciz	"ib0_ao_valid_c0"               @ string offset=6547
.Linfo_string318:
	.asciz	"ib0_ao_ready_c0"               @ string offset=6563
.Linfo_string319:
	.asciz	"ib1_ao_valid_c0"               @ string offset=6579
.Linfo_string320:
	.asciz	"ib1_ao_ready_c0"               @ string offset=6595
.Linfo_string321:
	.asciz	"ob0_valid_c0"                  @ string offset=6611
.Linfo_string322:
	.asciz	"ob0_ready_c0"                  @ string offset=6624
.Linfo_string323:
	.asciz	"ob1_valid_c0"                  @ string offset=6637
.Linfo_string324:
	.asciz	"ob1_ready_c0"                  @ string offset=6650
.Linfo_string325:
	.asciz	"cmd_valid"                     @ string offset=6663
.Linfo_string326:
	.asciz	"cmd_ready"                     @ string offset=6673
.Linfo_string327:
	.asciz	"wd_bitstream_valid_c0"         @ string offset=6683
.Linfo_string328:
	.asciz	"wd_bitstream_ready_c0"         @ string offset=6705
.Linfo_string329:
	.asciz	"bs_bitstream_valid_c0"         @ string offset=6727
.Linfo_string330:
	.asciz	"bs_bitstream_ready_c0"         @ string offset=6749
.Linfo_string331:
	.asciz	"axi0_ar_stalled"               @ string offset=6771
.Linfo_string332:
	.asciz	"axi0_rd_limit_stall"           @ string offset=6787
.Linfo_string333:
	.asciz	"axi0_aw_stalled"               @ string offset=6807
.Linfo_string334:
	.asciz	"axi0_w_stalled"                @ string offset=6823
.Linfo_string335:
	.asciz	"dma_status0_r"                 @ string offset=6838
.Linfo_string336:
	.asciz	"DMA_STATUS1"                   @ string offset=6852
.Linfo_string337:
	.asciz	"axi0_wr_limit_stall"           @ string offset=6864
.Linfo_string338:
	.asciz	"axi1_ar_stalled"               @ string offset=6884
.Linfo_string339:
	.asciz	"axi1_rd_limit_stall"           @ string offset=6900
.Linfo_string340:
	.asciz	"axi1_wr_stalled"               @ string offset=6920
.Linfo_string341:
	.asciz	"axi1_w_stalled"                @ string offset=6936
.Linfo_string342:
	.asciz	"axi1_wr_limit_stall"           @ string offset=6951
.Linfo_string343:
	.asciz	"wgt_idle_c1"                   @ string offset=6971
.Linfo_string344:
	.asciz	"bas_idle_c1"                   @ string offset=6983
.Linfo_string345:
	.asciz	"ib0_ai_valid_c1"               @ string offset=6995
.Linfo_string346:
	.asciz	"ib0_ai_ready_c1"               @ string offset=7011
.Linfo_string347:
	.asciz	"ib1_ai_valid_c1"               @ string offset=7027
.Linfo_string348:
	.asciz	"ib1_ai_ready_c1"               @ string offset=7043
.Linfo_string349:
	.asciz	"ib0_ao_valid_c1"               @ string offset=7059
.Linfo_string350:
	.asciz	"ib0_ao_ready_c1"               @ string offset=7075
.Linfo_string351:
	.asciz	"ib1_ao_valid_c1"               @ string offset=7091
.Linfo_string352:
	.asciz	"ib1_ao_ready_c1"               @ string offset=7107
.Linfo_string353:
	.asciz	"ob0_valid_c1"                  @ string offset=7123
.Linfo_string354:
	.asciz	"ob0_ready_c1"                  @ string offset=7136
.Linfo_string355:
	.asciz	"ob1_valid_c1"                  @ string offset=7149
.Linfo_string356:
	.asciz	"ob1_ready_c1"                  @ string offset=7162
.Linfo_string357:
	.asciz	"wd_bitstream_valid_c1"         @ string offset=7175
.Linfo_string358:
	.asciz	"wd_bitstream_ready_c1"         @ string offset=7197
.Linfo_string359:
	.asciz	"bs_bitstream_valid_c1"         @ string offset=7219
.Linfo_string360:
	.asciz	"bs_bitstream_ready_c1"         @ string offset=7241
.Linfo_string361:
	.asciz	"dma_status1_r"                 @ string offset=7263
.Linfo_string362:
	.asciz	"unused4"                       @ string offset=7277
.Linfo_string363:
	.asciz	"CLKFORCE"                      @ string offset=7285
.Linfo_string364:
	.asciz	"top_level_clk"                 @ string offset=7294
.Linfo_string365:
	.asciz	"cc_clk"                        @ string offset=7308
.Linfo_string366:
	.asciz	"dma_clk"                       @ string offset=7315
.Linfo_string367:
	.asciz	"mac_clk"                       @ string offset=7323
.Linfo_string368:
	.asciz	"ao_clk"                        @ string offset=7331
.Linfo_string369:
	.asciz	"wd_clk"                        @ string offset=7338
.Linfo_string370:
	.asciz	"clkforce_r"                    @ string offset=7345
.Linfo_string371:
	.asciz	"DEBUG_ADDRESS"                 @ string offset=7356
.Linfo_string372:
	.asciz	"addr"                          @ string offset=7370
.Linfo_string373:
	.asciz	"debug_address_r"               @ string offset=7375
.Linfo_string374:
	.asciz	"DEBUG_MISC"                    @ string offset=7391
.Linfo_string375:
	.asciz	"misc"                          @ string offset=7402
.Linfo_string376:
	.asciz	"debug_misc_r"                  @ string offset=7407
.Linfo_string377:
	.asciz	"unused5"                       @ string offset=7420
.Linfo_string378:
	.asciz	"DEBUG_BLOCK"                   @ string offset=7428
.Linfo_string379:
	.asciz	"block"                         @ string offset=7440
.Linfo_string380:
	.asciz	"debug_block_r"                 @ string offset=7446
.Linfo_string381:
	.asciz	"unused6"                       @ string offset=7460
.Linfo_string382:
	.asciz	"PMCR"                          @ string offset=7468
.Linfo_string383:
	.asciz	"cnt_en"                        @ string offset=7473
.Linfo_string384:
	.asciz	"event_cnt_rst"                 @ string offset=7480
.Linfo_string385:
	.asciz	"cycle_cnt_rst"                 @ string offset=7494
.Linfo_string386:
	.asciz	"mask_en"                       @ string offset=7508
.Linfo_string387:
	.asciz	"num_event_cnt"                 @ string offset=7516
.Linfo_string388:
	.asciz	"pmcr_r"                        @ string offset=7530
.Linfo_string389:
	.asciz	"PMCNTENSET"                    @ string offset=7537
.Linfo_string390:
	.asciz	"EVENT_CNT_0"                   @ string offset=7548
.Linfo_string391:
	.asciz	"EVENT_CNT_1"                   @ string offset=7560
.Linfo_string392:
	.asciz	"EVENT_CNT_2"                   @ string offset=7572
.Linfo_string393:
	.asciz	"EVENT_CNT_3"                   @ string offset=7584
.Linfo_string394:
	.asciz	"CYCLE_CNT"                     @ string offset=7596
.Linfo_string395:
	.asciz	"pmcntenset_r"                  @ string offset=7606
.Linfo_string396:
	.asciz	"PMCNTENCLR"                    @ string offset=7619
.Linfo_string397:
	.asciz	"pmcntenclr_r"                  @ string offset=7630
.Linfo_string398:
	.asciz	"PMOVSSET"                      @ string offset=7643
.Linfo_string399:
	.asciz	"EVENT_CNT_0_OVF"               @ string offset=7652
.Linfo_string400:
	.asciz	"EVENT_CNT_1_OVF"               @ string offset=7668
.Linfo_string401:
	.asciz	"EVENT_CNT_2_OVF"               @ string offset=7684
.Linfo_string402:
	.asciz	"EVENT_CNT_3_OVF"               @ string offset=7700
.Linfo_string403:
	.asciz	"CYCLE_CNT_OVF"                 @ string offset=7716
.Linfo_string404:
	.asciz	"pmovsset_r"                    @ string offset=7730
.Linfo_string405:
	.asciz	"PMOVSCLR"                      @ string offset=7741
.Linfo_string406:
	.asciz	"pmovsclr_r"                    @ string offset=7750
.Linfo_string407:
	.asciz	"PMINTSET"                      @ string offset=7761
.Linfo_string408:
	.asciz	"EVENT_CNT_0_INT"               @ string offset=7770
.Linfo_string409:
	.asciz	"EVENT_CNT_1_INT"               @ string offset=7786
.Linfo_string410:
	.asciz	"EVENT_CNT_2_INT"               @ string offset=7802
.Linfo_string411:
	.asciz	"EVENT_CNT_3_INT"               @ string offset=7818
.Linfo_string412:
	.asciz	"CYCLE_CNT_INT"                 @ string offset=7834
.Linfo_string413:
	.asciz	"pmintset_r"                    @ string offset=7848
.Linfo_string414:
	.asciz	"PMINTCLR"                      @ string offset=7859
.Linfo_string415:
	.asciz	"pmintclr_r"                    @ string offset=7868
.Linfo_string416:
	.asciz	"unused7"                       @ string offset=7879
.Linfo_string417:
	.asciz	"PMCCNTR"                       @ string offset=7887
.Linfo_string418:
	.asciz	"CYCLE_CNT_LO"                  @ string offset=7895
.Linfo_string419:
	.asciz	"CYCLE_CNT_HI"                  @ string offset=7908
.Linfo_string420:
	.asciz	"pmccntr_r"                     @ string offset=7921
.Linfo_string421:
	.asciz	"PMCCNTR_CFG"                   @ string offset=7931
.Linfo_string422:
	.asciz	"CYCLE_CNT_CFG_START"           @ string offset=7943
.Linfo_string423:
	.asciz	"CYCLE_CNT_CFG_STOP"            @ string offset=7963
.Linfo_string424:
	.asciz	"pmccntr_cfg_r"                 @ string offset=7982
.Linfo_string425:
	.asciz	"PMCAXI_CHAN"                   @ string offset=7996
.Linfo_string426:
	.asciz	"CH_SEL"                        @ string offset=8008
.Linfo_string427:
	.asciz	"AXI_CNT_SEL"                   @ string offset=8015
.Linfo_string428:
	.asciz	"BW_CH_SEL_EN"                  @ string offset=8027
.Linfo_string429:
	.asciz	"pmcaxi_chan_r"                 @ string offset=8040
.Linfo_string430:
	.asciz	"unused8"                       @ string offset=8054
.Linfo_string431:
	.asciz	"KERNEL_X"                      @ string offset=8062
.Linfo_string432:
	.asciz	"value"                         @ string offset=8071
.Linfo_string433:
	.asciz	"kernel_x_r"                    @ string offset=8077
.Linfo_string434:
	.asciz	"KERNEL_Y"                      @ string offset=8088
.Linfo_string435:
	.asciz	"kernel_y_r"                    @ string offset=8097
.Linfo_string436:
	.asciz	"KERNEL_W_M1"                   @ string offset=8108
.Linfo_string437:
	.asciz	"kernel_w_m1_r"                 @ string offset=8120
.Linfo_string438:
	.asciz	"KERNEL_H_M1"                   @ string offset=8134
.Linfo_string439:
	.asciz	"kernel_h_m1_r"                 @ string offset=8146
.Linfo_string440:
	.asciz	"OFM_CBLK_WIDTH_M1"             @ string offset=8160
.Linfo_string441:
	.asciz	"ofm_cblk_width_m1_r"           @ string offset=8178
.Linfo_string442:
	.asciz	"OFM_CBLK_HEIGHT_M1"            @ string offset=8198
.Linfo_string443:
	.asciz	"ofm_cblk_height_m1_r"          @ string offset=8217
.Linfo_string444:
	.asciz	"OFM_CBLK_DEPTH_M1"             @ string offset=8238
.Linfo_string445:
	.asciz	"ofm_cblk_depth_m1_r"           @ string offset=8256
.Linfo_string446:
	.asciz	"IFM_CBLK_DEPTH_M1"             @ string offset=8276
.Linfo_string447:
	.asciz	"ifm_cblk_depth_m1_r"           @ string offset=8294
.Linfo_string448:
	.asciz	"OFM_X"                         @ string offset=8314
.Linfo_string449:
	.asciz	"ofm_x_r"                       @ string offset=8320
.Linfo_string450:
	.asciz	"OFM_Y"                         @ string offset=8328
.Linfo_string451:
	.asciz	"ofm_y_r"                       @ string offset=8334
.Linfo_string452:
	.asciz	"OFM_Z"                         @ string offset=8342
.Linfo_string453:
	.asciz	"ofm_z_r"                       @ string offset=8348
.Linfo_string454:
	.asciz	"IFM_Z"                         @ string offset=8356
.Linfo_string455:
	.asciz	"ifm_z_r"                       @ string offset=8362
.Linfo_string456:
	.asciz	"PAD_TOP"                       @ string offset=8370
.Linfo_string457:
	.asciz	"pad_top_r"                     @ string offset=8378
.Linfo_string458:
	.asciz	"PAD_LEFT"                      @ string offset=8388
.Linfo_string459:
	.asciz	"pad_left_r"                    @ string offset=8397
.Linfo_string460:
	.asciz	"IFM_CBLK_WIDTH"                @ string offset=8408
.Linfo_string461:
	.asciz	"ifm_cblk_width_r"              @ string offset=8423
.Linfo_string462:
	.asciz	"IFM_CBLK_HEIGHT"               @ string offset=8440
.Linfo_string463:
	.asciz	"ifm_cblk_height_r"             @ string offset=8456
.Linfo_string464:
	.asciz	"DMA_IFM_SRC"                   @ string offset=8474
.Linfo_string465:
	.asciz	"dma_ifm_src_r"                 @ string offset=8486
.Linfo_string466:
	.asciz	"DMA_IFM_DST"                   @ string offset=8500
.Linfo_string467:
	.asciz	"dma_ifm_dst_r"                 @ string offset=8512
.Linfo_string468:
	.asciz	"DMA_OFM_SRC"                   @ string offset=8526
.Linfo_string469:
	.asciz	"dma_ofm_src_r"                 @ string offset=8538
.Linfo_string470:
	.asciz	"DMA_OFM_DST"                   @ string offset=8552
.Linfo_string471:
	.asciz	"dma_ofm_dst_r"                 @ string offset=8564
.Linfo_string472:
	.asciz	"DMA_WEIGHT_SRC"                @ string offset=8578
.Linfo_string473:
	.asciz	"dma_weight_src_r"              @ string offset=8593
.Linfo_string474:
	.asciz	"DMA_CMD_SRC"                   @ string offset=8610
.Linfo_string475:
	.asciz	"dma_cmd_src_r"                 @ string offset=8622
.Linfo_string476:
	.asciz	"DMA_CMD_SIZE"                  @ string offset=8636
.Linfo_string477:
	.asciz	"dma_cmd_size_r"                @ string offset=8649
.Linfo_string478:
	.asciz	"DMA_M2M_SRC"                   @ string offset=8664
.Linfo_string479:
	.asciz	"dma_m2m_src_r"                 @ string offset=8676
.Linfo_string480:
	.asciz	"DMA_M2M_DST"                   @ string offset=8690
.Linfo_string481:
	.asciz	"dma_m2m_dst_r"                 @ string offset=8702
.Linfo_string482:
	.asciz	"CURRENT_QREAD"                 @ string offset=8716
.Linfo_string483:
	.asciz	"current_qread_r"               @ string offset=8730
.Linfo_string484:
	.asciz	"DMA_SCALE_SRC"                 @ string offset=8746
.Linfo_string485:
	.asciz	"dma_scale_src_r"               @ string offset=8760
.Linfo_string486:
	.asciz	"unused9"                       @ string offset=8776
.Linfo_string487:
	.asciz	"CURRENT_BLOCK"                 @ string offset=8784
.Linfo_string488:
	.asciz	"current_block_r"               @ string offset=8798
.Linfo_string489:
	.asciz	"CURRENT_OP"                    @ string offset=8814
.Linfo_string490:
	.asciz	"current_op_r"                  @ string offset=8825
.Linfo_string491:
	.asciz	"CURRENT_CMD"                   @ string offset=8838
.Linfo_string492:
	.asciz	"current_cmd_r"                 @ string offset=8850
.Linfo_string493:
	.asciz	"unused10"                      @ string offset=8864
.Linfo_string494:
	.asciz	"PMEVCNTR"                      @ string offset=8873
.Linfo_string495:
	.asciz	"count"                         @ string offset=8882
.Linfo_string496:
	.asciz	"pmevcntr_r"                    @ string offset=8888
.Linfo_string497:
	.asciz	"unused11"                      @ string offset=8899
.Linfo_string498:
	.asciz	"PMEVTYPER"                     @ string offset=8908
.Linfo_string499:
	.asciz	"EV_TYPE"                       @ string offset=8918
.Linfo_string500:
	.asciz	"pmevtyper_r"                   @ string offset=8926
.Linfo_string501:
	.asciz	"unused12"                      @ string offset=8938
.Linfo_string502:
	.asciz	"SHARED_BUFFER"                 @ string offset=8947
.Linfo_string503:
	.asciz	"mem_word"                      @ string offset=8961
.Linfo_string504:
	.asciz	"shared_buffer_r"               @ string offset=8970
.Linfo_string505:
	.asciz	"IFM_PAD_TOP"                   @ string offset=8986
.Linfo_string506:
	.asciz	"ifm_pad_top_r"                 @ string offset=8998
.Linfo_string507:
	.asciz	"IFM_PAD_LEFT"                  @ string offset=9012
.Linfo_string508:
	.asciz	"ifm_pad_left_r"                @ string offset=9025
.Linfo_string509:
	.asciz	"IFM_PAD_RIGHT"                 @ string offset=9040
.Linfo_string510:
	.asciz	"ifm_pad_right_r"               @ string offset=9054
.Linfo_string511:
	.asciz	"IFM_PAD_BOTTOM"                @ string offset=9070
.Linfo_string512:
	.asciz	"ifm_pad_bottom_r"              @ string offset=9085
.Linfo_string513:
	.asciz	"IFM_DEPTH_M1"                  @ string offset=9102
.Linfo_string514:
	.asciz	"ifm_depth_m1_r"                @ string offset=9115
.Linfo_string515:
	.asciz	"IFM_PRECISION"                 @ string offset=9130
.Linfo_string516:
	.asciz	"ifm_precision_r"               @ string offset=9144
.Linfo_string517:
	.asciz	"unused13"                      @ string offset=9160
.Linfo_string518:
	.asciz	"IFM_UPSCALE"                   @ string offset=9169
.Linfo_string519:
	.asciz	"ifm_upscale_r"                 @ string offset=9181
.Linfo_string520:
	.asciz	"unused14"                      @ string offset=9195
.Linfo_string521:
	.asciz	"IFM_ZERO_POINT"                @ string offset=9204
.Linfo_string522:
	.asciz	"ifm_zero_point_r"              @ string offset=9219
.Linfo_string523:
	.asciz	"IFM_WIDTH0_M1"                 @ string offset=9236
.Linfo_string524:
	.asciz	"ifm_width0_m1_r"               @ string offset=9250
.Linfo_string525:
	.asciz	"IFM_HEIGHT0_M1"                @ string offset=9266
.Linfo_string526:
	.asciz	"ifm_height0_m1_r"              @ string offset=9281
.Linfo_string527:
	.asciz	"IFM_HEIGHT1_M1"                @ string offset=9298
.Linfo_string528:
	.asciz	"ifm_height1_m1_r"              @ string offset=9313
.Linfo_string529:
	.asciz	"IFM_IB_END"                    @ string offset=9330
.Linfo_string530:
	.asciz	"ifm_ib_end_r"                  @ string offset=9341
.Linfo_string531:
	.asciz	"unused15"                      @ string offset=9354
.Linfo_string532:
	.asciz	"IFM_REGION"                    @ string offset=9363
.Linfo_string533:
	.asciz	"ifm_region_r"                  @ string offset=9374
.Linfo_string534:
	.asciz	"unused16"                      @ string offset=9387
.Linfo_string535:
	.asciz	"OFM_WIDTH_M1"                  @ string offset=9396
.Linfo_string536:
	.asciz	"ofm_width_m1_r"                @ string offset=9409
.Linfo_string537:
	.asciz	"OFM_HEIGHT_M1"                 @ string offset=9424
.Linfo_string538:
	.asciz	"ofm_height_m1_r"               @ string offset=9438
.Linfo_string539:
	.asciz	"OFM_DEPTH_M1"                  @ string offset=9454
.Linfo_string540:
	.asciz	"ofm_depth_m1_r"                @ string offset=9467
.Linfo_string541:
	.asciz	"OFM_PRECISION"                 @ string offset=9482
.Linfo_string542:
	.asciz	"ofm_precision_r"               @ string offset=9496
.Linfo_string543:
	.asciz	"OFM_BLK_WIDTH_M1"              @ string offset=9512
.Linfo_string544:
	.asciz	"ofm_blk_width_m1_r"            @ string offset=9529
.Linfo_string545:
	.asciz	"OFM_BLK_HEIGHT_M1"             @ string offset=9548
.Linfo_string546:
	.asciz	"ofm_blk_height_m1_r"           @ string offset=9566
.Linfo_string547:
	.asciz	"OFM_BLK_DEPTH_M1"              @ string offset=9586
.Linfo_string548:
	.asciz	"ofm_blk_depth_m1_r"            @ string offset=9603
.Linfo_string549:
	.asciz	"OFM_ZERO_POINT"                @ string offset=9622
.Linfo_string550:
	.asciz	"ofm_zero_point_r"              @ string offset=9637
.Linfo_string551:
	.asciz	"unused17"                      @ string offset=9654
.Linfo_string552:
	.asciz	"OFM_WIDTH0_M1"                 @ string offset=9663
.Linfo_string553:
	.asciz	"ofm_width0_m1_r"               @ string offset=9677
.Linfo_string554:
	.asciz	"OFM_HEIGHT0_M1"                @ string offset=9693
.Linfo_string555:
	.asciz	"ofm_height0_m1_r"              @ string offset=9708
.Linfo_string556:
	.asciz	"OFM_HEIGHT1_M1"                @ string offset=9725
.Linfo_string557:
	.asciz	"ofm_height1_m1_r"              @ string offset=9740
.Linfo_string558:
	.asciz	"unused18"                      @ string offset=9757
.Linfo_string559:
	.asciz	"OFM_REGION"                    @ string offset=9766
.Linfo_string560:
	.asciz	"ofm_region_r"                  @ string offset=9777
.Linfo_string561:
	.asciz	"KERNEL_WIDTH_M1"               @ string offset=9790
.Linfo_string562:
	.asciz	"kernel_width_m1_r"             @ string offset=9806
.Linfo_string563:
	.asciz	"KERNEL_HEIGHT_M1"              @ string offset=9824
.Linfo_string564:
	.asciz	"kernel_height_m1_r"            @ string offset=9841
.Linfo_string565:
	.asciz	"KERNEL_STRIDE"                 @ string offset=9860
.Linfo_string566:
	.asciz	"kernel_stride_r"               @ string offset=9874
.Linfo_string567:
	.asciz	"unused19"                      @ string offset=9890
.Linfo_string568:
	.asciz	"ACC_FORMAT"                    @ string offset=9899
.Linfo_string569:
	.asciz	"acc_format_r"                  @ string offset=9910
.Linfo_string570:
	.asciz	"ACTIVATION"                    @ string offset=9923
.Linfo_string571:
	.asciz	"activation_r"                  @ string offset=9934
.Linfo_string572:
	.asciz	"ACTIVATION_MIN"                @ string offset=9947
.Linfo_string573:
	.asciz	"activation_min_r"              @ string offset=9962
.Linfo_string574:
	.asciz	"ACTIVATION_MAX"                @ string offset=9979
.Linfo_string575:
	.asciz	"activation_max_r"              @ string offset=9994
.Linfo_string576:
	.asciz	"WEIGHT_REGION"                 @ string offset=10011
.Linfo_string577:
	.asciz	"weight_region_r"               @ string offset=10025
.Linfo_string578:
	.asciz	"SCALE_REGION"                  @ string offset=10041
.Linfo_string579:
	.asciz	"scale_region_r"                @ string offset=10054
.Linfo_string580:
	.asciz	"unused20"                      @ string offset=10069
.Linfo_string581:
	.asciz	"AB_START"                      @ string offset=10078
.Linfo_string582:
	.asciz	"ab_start_r"                    @ string offset=10087
.Linfo_string583:
	.asciz	"unused21"                      @ string offset=10098
.Linfo_string584:
	.asciz	"BLOCKDEP"                      @ string offset=10107
.Linfo_string585:
	.asciz	"blockdep_r"                    @ string offset=10116
.Linfo_string586:
	.asciz	"DMA0_SRC_REGION"               @ string offset=10127
.Linfo_string587:
	.asciz	"dma0_src_region_r"             @ string offset=10143
.Linfo_string588:
	.asciz	"DMA0_DST_REGION"               @ string offset=10161
.Linfo_string589:
	.asciz	"dma0_dst_region_r"             @ string offset=10177
.Linfo_string590:
	.asciz	"DMA0_SIZE0"                    @ string offset=10195
.Linfo_string591:
	.asciz	"dma0_size0_r"                  @ string offset=10206
.Linfo_string592:
	.asciz	"DMA0_SIZE1"                    @ string offset=10219
.Linfo_string593:
	.asciz	"dma0_size1_r"                  @ string offset=10230
.Linfo_string594:
	.asciz	"unused22"                      @ string offset=10243
.Linfo_string595:
	.asciz	"IFM2_BROADCAST"                @ string offset=10252
.Linfo_string596:
	.asciz	"ifm2_broadcast_r"              @ string offset=10267
.Linfo_string597:
	.asciz	"IFM2_SCALAR"                   @ string offset=10284
.Linfo_string598:
	.asciz	"ifm2_scalar_r"                 @ string offset=10296
.Linfo_string599:
	.asciz	"unused23"                      @ string offset=10310
.Linfo_string600:
	.asciz	"IFM2_PRECISION"                @ string offset=10319
.Linfo_string601:
	.asciz	"ifm2_precision_r"              @ string offset=10334
.Linfo_string602:
	.asciz	"unused24"                      @ string offset=10351
.Linfo_string603:
	.asciz	"IFM2_ZERO_POINT"               @ string offset=10360
.Linfo_string604:
	.asciz	"ifm2_zero_point_r"             @ string offset=10376
.Linfo_string605:
	.asciz	"IFM2_WIDTH0_M1"                @ string offset=10394
.Linfo_string606:
	.asciz	"ifm2_width0_m1_r"              @ string offset=10409
.Linfo_string607:
	.asciz	"IFM2_HEIGHT0_M1"               @ string offset=10426
.Linfo_string608:
	.asciz	"ifm2_height0_m1_r"             @ string offset=10442
.Linfo_string609:
	.asciz	"IFM2_HEIGHT1_M1"               @ string offset=10460
.Linfo_string610:
	.asciz	"ifm2_height1_m1_r"             @ string offset=10476
.Linfo_string611:
	.asciz	"IFM2_IB_START"                 @ string offset=10494
.Linfo_string612:
	.asciz	"ifm2_ib_start_r"               @ string offset=10508
.Linfo_string613:
	.asciz	"unused25"                      @ string offset=10524
.Linfo_string614:
	.asciz	"IFM2_REGION"                   @ string offset=10533
.Linfo_string615:
	.asciz	"ifm2_region_r"                 @ string offset=10545
.Linfo_string616:
	.asciz	"unused26"                      @ string offset=10559
.Linfo_string617:
	.asciz	"IFM_BASE0"                     @ string offset=10568
.Linfo_string618:
	.asciz	"value_LO"                      @ string offset=10578
.Linfo_string619:
	.asciz	"value_HI"                      @ string offset=10587
.Linfo_string620:
	.asciz	"ifm_base0_r"                   @ string offset=10596
.Linfo_string621:
	.asciz	"IFM_BASE1"                     @ string offset=10608
.Linfo_string622:
	.asciz	"ifm_base1_r"                   @ string offset=10618
.Linfo_string623:
	.asciz	"IFM_BASE2"                     @ string offset=10630
.Linfo_string624:
	.asciz	"ifm_base2_r"                   @ string offset=10640
.Linfo_string625:
	.asciz	"IFM_BASE3"                     @ string offset=10652
.Linfo_string626:
	.asciz	"ifm_base3_r"                   @ string offset=10662
.Linfo_string627:
	.asciz	"IFM_STRIDE_X"                  @ string offset=10674
.Linfo_string628:
	.asciz	"ifm_stride_x_r"                @ string offset=10687
.Linfo_string629:
	.asciz	"IFM_STRIDE_Y"                  @ string offset=10702
.Linfo_string630:
	.asciz	"ifm_stride_y_r"                @ string offset=10715
.Linfo_string631:
	.asciz	"IFM_STRIDE_C"                  @ string offset=10730
.Linfo_string632:
	.asciz	"ifm_stride_c_r"                @ string offset=10743
.Linfo_string633:
	.asciz	"unused27"                      @ string offset=10758
.Linfo_string634:
	.asciz	"OFM_BASE0"                     @ string offset=10767
.Linfo_string635:
	.asciz	"ofm_base0_r"                   @ string offset=10777
.Linfo_string636:
	.asciz	"OFM_BASE1"                     @ string offset=10789
.Linfo_string637:
	.asciz	"ofm_base1_r"                   @ string offset=10799
.Linfo_string638:
	.asciz	"OFM_BASE2"                     @ string offset=10811
.Linfo_string639:
	.asciz	"ofm_base2_r"                   @ string offset=10821
.Linfo_string640:
	.asciz	"OFM_BASE3"                     @ string offset=10833
.Linfo_string641:
	.asciz	"ofm_base3_r"                   @ string offset=10843
.Linfo_string642:
	.asciz	"OFM_STRIDE_X"                  @ string offset=10855
.Linfo_string643:
	.asciz	"ofm_stride_x_r"                @ string offset=10868
.Linfo_string644:
	.asciz	"OFM_STRIDE_Y"                  @ string offset=10883
.Linfo_string645:
	.asciz	"ofm_stride_y_r"                @ string offset=10896
.Linfo_string646:
	.asciz	"OFM_STRIDE_C"                  @ string offset=10911
.Linfo_string647:
	.asciz	"ofm_stride_c_r"                @ string offset=10924
.Linfo_string648:
	.asciz	"unused28"                      @ string offset=10939
.Linfo_string649:
	.asciz	"WEIGHT_BASE"                   @ string offset=10948
.Linfo_string650:
	.asciz	"weight_base_r"                 @ string offset=10960
.Linfo_string651:
	.asciz	"WEIGHT_LENGTH"                 @ string offset=10974
.Linfo_string652:
	.asciz	"weight_length_r"               @ string offset=10988
.Linfo_string653:
	.asciz	"SCALE_BASE"                    @ string offset=11004
.Linfo_string654:
	.asciz	"scale_base_r"                  @ string offset=11015
.Linfo_string655:
	.asciz	"SCALE_LENGTH"                  @ string offset=11028
.Linfo_string656:
	.asciz	"scale_length_r"                @ string offset=11041
.Linfo_string657:
	.asciz	"OFM_SCALE"                     @ string offset=11056
.Linfo_string658:
	.asciz	"ofm_scale_r"                   @ string offset=11066
.Linfo_string659:
	.asciz	"OFM_SCALE_SHIFT"               @ string offset=11078
.Linfo_string660:
	.asciz	"ofm_scale_shift_r"             @ string offset=11094
.Linfo_string661:
	.asciz	"OPA_SCALE"                     @ string offset=11112
.Linfo_string662:
	.asciz	"opa_scale_r"                   @ string offset=11122
.Linfo_string663:
	.asciz	"OPA_SCALE_SHIFT"               @ string offset=11134
.Linfo_string664:
	.asciz	"opa_scale_shift_r"             @ string offset=11150
.Linfo_string665:
	.asciz	"OPB_SCALE"                     @ string offset=11168
.Linfo_string666:
	.asciz	"opb_scale_r"                   @ string offset=11178
.Linfo_string667:
	.asciz	"unused29"                      @ string offset=11190
.Linfo_string668:
	.asciz	"DMA0_SRC"                      @ string offset=11199
.Linfo_string669:
	.asciz	"dma0_src_r"                    @ string offset=11208
.Linfo_string670:
	.asciz	"DMA0_DST"                      @ string offset=11219
.Linfo_string671:
	.asciz	"dma0_dst_r"                    @ string offset=11228
.Linfo_string672:
	.asciz	"DMA0_LEN"                      @ string offset=11239
.Linfo_string673:
	.asciz	"dma0_len_r"                    @ string offset=11248
.Linfo_string674:
	.asciz	"unused30"                      @ string offset=11259
.Linfo_string675:
	.asciz	"IFM2_BASE0"                    @ string offset=11268
.Linfo_string676:
	.asciz	"ifm2_base0_r"                  @ string offset=11279
.Linfo_string677:
	.asciz	"IFM2_BASE1"                    @ string offset=11292
.Linfo_string678:
	.asciz	"ifm2_base1_r"                  @ string offset=11303
.Linfo_string679:
	.asciz	"IFM2_BASE2"                    @ string offset=11316
.Linfo_string680:
	.asciz	"ifm2_base2_r"                  @ string offset=11327
.Linfo_string681:
	.asciz	"IFM2_BASE3"                    @ string offset=11340
.Linfo_string682:
	.asciz	"ifm2_base3_r"                  @ string offset=11351
.Linfo_string683:
	.asciz	"IFM2_STRIDE_X"                 @ string offset=11364
.Linfo_string684:
	.asciz	"ifm2_stride_x_r"               @ string offset=11378
.Linfo_string685:
	.asciz	"IFM2_STRIDE_Y"                 @ string offset=11394
.Linfo_string686:
	.asciz	"ifm2_stride_y_r"               @ string offset=11408
.Linfo_string687:
	.asciz	"IFM2_STRIDE_C"                 @ string offset=11424
.Linfo_string688:
	.asciz	"ifm2_stride_c_r"               @ string offset=11438
.Linfo_string689:
	.asciz	"unused31"                      @ string offset=11454
.Linfo_string690:
	.asciz	"USER_DEFINED"                  @ string offset=11463
.Linfo_string691:
	.asciz	"unused32"                      @ string offset=11476
.Linfo_string692:
	.asciz	"REVISION"                      @ string offset=11485
.Linfo_string693:
	.asciz	"revision_r"                    @ string offset=11494
.Linfo_string694:
	.asciz	"unused33"                      @ string offset=11505
.Linfo_string695:
	.asciz	"PID4"                          @ string offset=11514
.Linfo_string696:
	.asciz	"pid4_r"                        @ string offset=11519
.Linfo_string697:
	.asciz	"PID5"                          @ string offset=11526
.Linfo_string698:
	.asciz	"pid5_r"                        @ string offset=11531
.Linfo_string699:
	.asciz	"PID6"                          @ string offset=11538
.Linfo_string700:
	.asciz	"pid6_r"                        @ string offset=11543
.Linfo_string701:
	.asciz	"PID7"                          @ string offset=11550
.Linfo_string702:
	.asciz	"pid7_r"                        @ string offset=11555
.Linfo_string703:
	.asciz	"PID0"                          @ string offset=11562
.Linfo_string704:
	.asciz	"pid0_r"                        @ string offset=11567
.Linfo_string705:
	.asciz	"PID1"                          @ string offset=11574
.Linfo_string706:
	.asciz	"pid1_r"                        @ string offset=11579
.Linfo_string707:
	.asciz	"PID2"                          @ string offset=11586
.Linfo_string708:
	.asciz	"pid2_r"                        @ string offset=11591
.Linfo_string709:
	.asciz	"PID3"                          @ string offset=11598
.Linfo_string710:
	.asciz	"pid3_r"                        @ string offset=11603
.Linfo_string711:
	.asciz	"CID0"                          @ string offset=11610
.Linfo_string712:
	.asciz	"cid0_r"                        @ string offset=11615
.Linfo_string713:
	.asciz	"CID1"                          @ string offset=11622
.Linfo_string714:
	.asciz	"cid1_r"                        @ string offset=11627
.Linfo_string715:
	.asciz	"CID2"                          @ string offset=11634
.Linfo_string716:
	.asciz	"cid2_r"                        @ string offset=11639
.Linfo_string717:
	.asciz	"CID3"                          @ string offset=11646
.Linfo_string718:
	.asciz	"cid3_r"                        @ string offset=11651
.Linfo_string719:
	.asciz	"NPU_REG"                       @ string offset=11658
.Linfo_string720:
	.asciz	"secure"                        @ string offset=11666
.Linfo_string721:
	.asciz	"privileged"                    @ string offset=11673
.Linfo_string722:
	.asciz	"ethosu_device"                 @ string offset=11684
.Linfo_string723:
	.asciz	"next"                          @ string offset=11698
.Linfo_string724:
	.asciz	"job"                           @ string offset=11703
.Linfo_string725:
	.asciz	"custom_data_ptr"               @ string offset=11707
.Linfo_string726:
	.asciz	"custom_data_size"              @ string offset=11723
.Linfo_string727:
	.asciz	"int"                           @ string offset=11740
.Linfo_string728:
	.asciz	"base_addr"                     @ string offset=11744
.Linfo_string729:
	.asciz	"base_addr_size"                @ string offset=11754
.Linfo_string730:
	.asciz	"size_t"                        @ string offset=11769
.Linfo_string731:
	.asciz	"num_base_addr"                 @ string offset=11776
.Linfo_string732:
	.asciz	"user_arg"                      @ string offset=11790
.Linfo_string733:
	.asciz	"ethosu_job"                    @ string offset=11799
.Linfo_string734:
	.asciz	"semaphore"                     @ string offset=11810
.Linfo_string735:
	.asciz	"fast_memory"                   @ string offset=11820
.Linfo_string736:
	.asciz	"fast_memory_size"              @ string offset=11832
.Linfo_string737:
	.asciz	"power_request_counter"         @ string offset=11849
.Linfo_string738:
	.asciz	"status_error"                  @ string offset=11871
.Linfo_string739:
	.asciz	"_Bool"                         @ string offset=11884
.Linfo_string740:
	.asciz	"reserved"                      @ string offset=11890
.Linfo_string741:
	.asciz	"ethosu_driver"                 @ string offset=11899
.Linfo_string742:
	.asciz	"pmu_event_value"               @ string offset=11913
.Linfo_string743:
	.asciz	"event"                         @ string offset=11929
.Linfo_string744:
	.asciz	"a"                             @ string offset=11935
.Linfo_string745:
	.asciz	"pmu_event_type"                @ string offset=11937
.Linfo_string746:
	.asciz	"id"                            @ string offset=11952
.Linfo_string747:
	.asciz	"ETHOSU_PMU_CNTR_Status"        @ string offset=11955
.Linfo_string748:
	.asciz	"drv"                           @ string offset=11978
.Linfo_string749:
	.asciz	"pmcntenset"                    @ string offset=11982
.Linfo_string750:
	.asciz	"ETHOSU_PMU_CNTR_Disable"       @ string offset=11993
.Linfo_string751:
	.asciz	"mask"                          @ string offset=12017
.Linfo_string752:
	.asciz	"ETHOSU_PMU_CNTR_Enable"        @ string offset=12022
.Linfo_string753:
	.asciz	"ETHOSU_PMU_Get_EVCNTR"         @ string offset=12045
.Linfo_string754:
	.asciz	"num"                           @ string offset=12067
.Linfo_string755:
	.asciz	"val"                           @ string offset=12071
.Linfo_string756:
	.asciz	"ETHOSU_PMU_Get_CCNTR"          @ string offset=12075
.Linfo_string757:
	.asciz	"val_hi"                        @ string offset=12096
.Linfo_string758:
	.asciz	"val_lo"                        @ string offset=12103
.Linfo_string759:
	.asciz	"ETHOSU_PMU_Enable"             @ string offset=12110
.Linfo_string760:
	.asciz	"ETHOSU_PMU_Disable"            @ string offset=12128
.Linfo_string761:
	.asciz	"ETHOSU_PMU_Get_NumEventCounters" @ string offset=12147
.Linfo_string762:
	.asciz	"ETHOSU_PMU_Set_EVTYPER"        @ string offset=12179
.Linfo_string763:
	.asciz	"ETHOSU_PMU_Get_EVTYPER"        @ string offset=12202
.Linfo_string764:
	.asciz	"ETHOSU_PMU_CYCCNT_Reset"       @ string offset=12225
.Linfo_string765:
	.asciz	"ETHOSU_PMU_EVCNTR_ALL_Reset"   @ string offset=12249
.Linfo_string766:
	.asciz	"ETHOSU_PMU_Set_CCNTR"          @ string offset=12277
.Linfo_string767:
	.asciz	"ETHOSU_PMU_Set_EVCNTR"         @ string offset=12298
.Linfo_string768:
	.asciz	"ETHOSU_PMU_Get_CNTR_OVS"       @ string offset=12320
.Linfo_string769:
	.asciz	"ETHOSU_PMU_Set_CNTR_OVS"       @ string offset=12344
.Linfo_string770:
	.asciz	"ETHOSU_PMU_Set_CNTR_IRQ_Enable" @ string offset=12368
.Linfo_string771:
	.asciz	"ETHOSU_PMU_Set_CNTR_IRQ_Disable" @ string offset=12399
.Linfo_string772:
	.asciz	"ETHOSU_PMU_Get_IRQ_Enable"     @ string offset=12431
.Linfo_string773:
	.asciz	"ETHOSU_PMU_CNTR_Increment"     @ string offset=12457
.Linfo_string774:
	.asciz	"ETHOSU_PMU_PMCCNTR_CFG_Set_Start_Event" @ string offset=12483
.Linfo_string775:
	.asciz	"ETHOSU_PMU_PMCCNTR_CFG_Set_Stop_Event" @ string offset=12522
.Linfo_string776:
	.asciz	"ETHOSU_PMU_Get_QREAD"          @ string offset=12560
.Linfo_string777:
	.asciz	"ETHOSU_PMU_Get_STATUS"         @ string offset=12581
.Linfo_string778:
	.asciz	"pmcr"                          @ string offset=12603
.Linfo_string779:
	.asciz	"type"                          @ string offset=12608
.Linfo_string780:
	.asciz	"active"                        @ string offset=12613
.Linfo_string781:
	.asciz	"pmint"                         @ string offset=12620
.Linfo_string782:
	.asciz	"cntrs_active"                  @ string offset=12626
.Linfo_string783:
	.asciz	"i"                             @ string offset=12639
.Linfo_string784:
	.asciz	"start_event"                   @ string offset=12641
.Linfo_string785:
	.asciz	"cfg"                           @ string offset=12653
.Linfo_string786:
	.asciz	"stop_event"                    @ string offset=12657
	.ident	"Component: Arm Compiler for Embedded 6.22 Tool: armclang [5ee92100]"
	.section	".note.GNU-stack","",%progbits
	.eabi_attribute	30, 1	@ Tag_ABI_optimization_goals
	.ARM_attribute	16, 1	@ Tag_AV_eba
	.section	.debug_line,"",%progbits
.Lline_table_start0:
