	.text
	.syntax unified
	.eabi_attribute	67, "2.09"	@ Tag_conformance
	.cpu	cortex-m55
	.eabi_attribute	6, 21	@ Tag_CPU_arch
	.eabi_attribute	7, 77	@ Tag_CPU_arch_profile
	.eabi_attribute	8, 0	@ Tag_ARM_ISA_use
	.eabi_attribute	9, 3	@ Tag_THUMB_ISA_use
	.fpu	fpv5-d16
	.arch_extension	mve.fp
	.eabi_attribute	36, 1	@ Tag_FP_HP_extension
	.eabi_attribute	48, 2	@ Tag_MVE_arch
	.eabi_attribute	46, 1	@ Tag_DSP_extension
	.eabi_attribute	34, 1	@ Tag_CPU_unaligned_access
	.eabi_attribute	17, 1	@ Tag_ABI_PCS_GOT_use
	.eabi_attribute	20, 2	@ Tag_ABI_FP_denormal
	.eabi_attribute	21, 0	@ Tag_ABI_FP_exceptions
	.eabi_attribute	23, 1	@ Tag_ABI_FP_number_model
	.eabi_attribute	24, 1	@ Tag_ABI_align_needed
	.eabi_attribute	25, 1	@ Tag_ABI_align_preserved
	.eabi_attribute	28, 1	@ Tag_ABI_VFP_args
	.eabi_attribute	38, 1	@ Tag_ABI_FP_16bit_format
	.eabi_attribute	18, 2	@ Tag_ABI_PCS_wchar_t
	.eabi_attribute	26, 1	@ Tag_ABI_enum_size
	.eabi_attribute	14, 0	@ Tag_ABI_PCS_R9_use
	.file	"gpio.c"
	.file	1 "C:\\Users\\yuxia\\AppData\\Local\\Keil_v5\\ARM\\ARMCLANG\\bin\\..\\include" "stdint.h"
	.file	2 "C:\\ML\\ML_M55M1_SampleCode-master 2\\ML_M55M1_SampleCode-master\\M55M1BSP-3.01.003\\SampleCode\\NuEdgeWise\\ObjectDetection_YOLOv8n\\KEIL" "../../../../Library/Device/Nuvoton/M55M1/Include\\gpio_reg.h"
	.file	3 "C:\\ML\\ML_M55M1_SampleCode-master 2\\ML_M55M1_SampleCode-master\\M55M1BSP-3.01.003\\SampleCode\\NuEdgeWise\\ObjectDetection_YOLOv8n\\KEIL" "../../../../Library/Device/Nuvoton/M55M1/Include\\ccap_reg.h"
	.section	.text.GPIO_SetMode,"ax",%progbits
	.hidden	GPIO_SetMode                    @ -- Begin function GPIO_SetMode
	.globl	GPIO_SetMode
	.p2align	2
	.type	GPIO_SetMode,%function
	.code	16                              @ @GPIO_SetMode
	.thumb_func
GPIO_SetMode:
.Lfunc_begin0:
	.file	4 "C:\\ML\\ML_M55M1_SampleCode-master 2\\ML_M55M1_SampleCode-master\\M55M1BSP-3.01.003\\SampleCode\\NuEdgeWise\\ObjectDetection_YOLOv8n\\KEIL" "../../../../Library/StdDriver/src/gpio.c"
	.loc	4 42 0                          @ ../../../../Library/StdDriver/src/gpio.c:42:0
	.fnstart
	.cfi_sections .debug_frame
	.cfi_startproc
@ %bb.0:
	@DEBUG_VALUE: GPIO_SetMode:port <- $r0
	@DEBUG_VALUE: GPIO_SetMode:u32PinMask <- $r1
	@DEBUG_VALUE: GPIO_SetMode:u32Mode <- $r2
	.save	{r4, r5, r6, r7, lr}
	push	{r4, r5, r6, r7, lr}
	.cfi_def_cfa_offset 20
	.cfi_offset lr, -4
	.cfi_offset r7, -8
	.cfi_offset r6, -12
	.cfi_offset r5, -16
	.cfi_offset r4, -20
	mov.w	lr, #2
	movs	r4, #0
.Ltmp0:
	.loc	4 45 5 prologue_end             @ ../../../../Library/StdDriver/src/gpio.c:45:5
	mov	lr, lr
.Ltmp1:
	@DEBUG_VALUE: GPIO_SetMode:i <- 0
	.loc	4 0 5 is_stmt 0                 @ ../../../../Library/StdDriver/src/gpio.c:0:5
	movs	r3, #14
	mov.w	r12, #3
	b	.LBB0_2
.Ltmp2:
	.p2align	2
.LBB0_1:                                @   in Loop: Header=BB0_2 Depth=1
	@DEBUG_VALUE: GPIO_SetMode:u32Mode <- $r2
	@DEBUG_VALUE: GPIO_SetMode:u32PinMask <- $r1
	@DEBUG_VALUE: GPIO_SetMode:port <- $r0
	@DEBUG_VALUE: GPIO_SetMode:i <- [DW_OP_plus_uconst 8, DW_OP_stack_value] undef
	.loc	4 45 21                         @ ../../../../Library/StdDriver/src/gpio.c:45:21
	adds	r3, #16
	adds	r4, #1
.Ltmp3:
	.loc	4 45 5                          @ ../../../../Library/StdDriver/src/gpio.c:45:5
	subs.w	lr, lr, #1
	bne	.LBB0_2
	b	.LBB0_18
.Ltmp4:
.LBB0_2:                                @ =>This Inner Loop Header: Depth=1
	@DEBUG_VALUE: GPIO_SetMode:u32Mode <- $r2
	@DEBUG_VALUE: GPIO_SetMode:u32PinMask <- $r1
	@DEBUG_VALUE: GPIO_SetMode:port <- $r0
	@DEBUG_VALUE: GPIO_SetMode:i <- $r4
	.loc	4 47 13 is_stmt 1               @ ../../../../Library/StdDriver/src/gpio.c:47:13
	lsr.w	r5, r1, r4
	lsls	r5, r5, #31
	beq	.LBB0_4
.Ltmp5:
@ %bb.3:                                @   in Loop: Header=BB0_2 Depth=1
	@DEBUG_VALUE: GPIO_SetMode:i <- $r4
	@DEBUG_VALUE: GPIO_SetMode:u32Mode <- $r2
	@DEBUG_VALUE: GPIO_SetMode:u32PinMask <- $r1
	@DEBUG_VALUE: GPIO_SetMode:port <- $r0
	.loc	4 49 33                         @ ../../../../Library/StdDriver/src/gpio.c:49:33
	ldr	r5, [r0]
	.loc	4 49 48 is_stmt 0               @ ../../../../Library/StdDriver/src/gpio.c:49:48
	sub.w	r6, r3, #14
	lsl.w	r7, r12, r6
	.loc	4 49 38                         @ ../../../../Library/StdDriver/src/gpio.c:49:38
	bics	r5, r7
	.loc	4 49 73                         @ ../../../../Library/StdDriver/src/gpio.c:49:73
	lsl.w	r6, r2, r6
	.loc	4 49 62                         @ ../../../../Library/StdDriver/src/gpio.c:49:62
	orrs	r5, r6
	.loc	4 49 24                         @ ../../../../Library/StdDriver/src/gpio.c:49:24
	str	r5, [r0]
.Ltmp6:
.LBB0_4:                                @   in Loop: Header=BB0_2 Depth=1
	@DEBUG_VALUE: GPIO_SetMode:i <- $r4
	@DEBUG_VALUE: GPIO_SetMode:u32Mode <- $r2
	@DEBUG_VALUE: GPIO_SetMode:u32PinMask <- $r1
	@DEBUG_VALUE: GPIO_SetMode:port <- $r0
	@DEBUG_VALUE: GPIO_SetMode:i <- [DW_OP_constu 1, DW_OP_or, DW_OP_stack_value] $r4
	.loc	4 47 32 is_stmt 1               @ ../../../../Library/StdDriver/src/gpio.c:47:32
	adds	r4, #1
.Ltmp7:
	.loc	4 47 13 is_stmt 0               @ ../../../../Library/StdDriver/src/gpio.c:47:13
	lsr.w	r5, r1, r4
	lsls	r5, r5, #31
	beq	.LBB0_6
.Ltmp8:
@ %bb.5:                                @   in Loop: Header=BB0_2 Depth=1
	@DEBUG_VALUE: GPIO_SetMode:u32Mode <- $r2
	@DEBUG_VALUE: GPIO_SetMode:u32PinMask <- $r1
	@DEBUG_VALUE: GPIO_SetMode:port <- $r0
	.loc	4 49 33 is_stmt 1               @ ../../../../Library/StdDriver/src/gpio.c:49:33
	ldr	r5, [r0]
	.loc	4 49 48 is_stmt 0               @ ../../../../Library/StdDriver/src/gpio.c:49:48
	sub.w	r6, r3, #12
	lsl.w	r7, r12, r6
	.loc	4 49 38                         @ ../../../../Library/StdDriver/src/gpio.c:49:38
	bics	r5, r7
	.loc	4 49 73                         @ ../../../../Library/StdDriver/src/gpio.c:49:73
	lsl.w	r6, r2, r6
	.loc	4 49 62                         @ ../../../../Library/StdDriver/src/gpio.c:49:62
	orrs	r5, r6
	.loc	4 49 24                         @ ../../../../Library/StdDriver/src/gpio.c:49:24
	str	r5, [r0]
.Ltmp9:
.LBB0_6:                                @   in Loop: Header=BB0_2 Depth=1
	@DEBUG_VALUE: GPIO_SetMode:u32Mode <- $r2
	@DEBUG_VALUE: GPIO_SetMode:u32PinMask <- $r1
	@DEBUG_VALUE: GPIO_SetMode:port <- $r0
	@DEBUG_VALUE: GPIO_SetMode:i <- [DW_OP_constu 2, DW_OP_or, DW_OP_stack_value] undef
	.loc	4 47 32 is_stmt 1               @ ../../../../Library/StdDriver/src/gpio.c:47:32
	adds	r4, #1
.Ltmp10:
	.loc	4 47 13 is_stmt 0               @ ../../../../Library/StdDriver/src/gpio.c:47:13
	lsr.w	r5, r1, r4
	lsls	r5, r5, #31
	beq	.LBB0_8
.Ltmp11:
@ %bb.7:                                @   in Loop: Header=BB0_2 Depth=1
	@DEBUG_VALUE: GPIO_SetMode:u32Mode <- $r2
	@DEBUG_VALUE: GPIO_SetMode:u32PinMask <- $r1
	@DEBUG_VALUE: GPIO_SetMode:port <- $r0
	.loc	4 49 33 is_stmt 1               @ ../../../../Library/StdDriver/src/gpio.c:49:33
	ldr	r5, [r0]
	.loc	4 49 48 is_stmt 0               @ ../../../../Library/StdDriver/src/gpio.c:49:48
	sub.w	r6, r3, #10
	lsl.w	r7, r12, r6
	.loc	4 49 38                         @ ../../../../Library/StdDriver/src/gpio.c:49:38
	bics	r5, r7
	.loc	4 49 73                         @ ../../../../Library/StdDriver/src/gpio.c:49:73
	lsl.w	r6, r2, r6
	.loc	4 49 62                         @ ../../../../Library/StdDriver/src/gpio.c:49:62
	orrs	r5, r6
	.loc	4 49 24                         @ ../../../../Library/StdDriver/src/gpio.c:49:24
	str	r5, [r0]
.Ltmp12:
.LBB0_8:                                @   in Loop: Header=BB0_2 Depth=1
	@DEBUG_VALUE: GPIO_SetMode:u32Mode <- $r2
	@DEBUG_VALUE: GPIO_SetMode:u32PinMask <- $r1
	@DEBUG_VALUE: GPIO_SetMode:port <- $r0
	@DEBUG_VALUE: GPIO_SetMode:i <- [DW_OP_constu 3, DW_OP_or, DW_OP_stack_value] undef
	.loc	4 47 32 is_stmt 1               @ ../../../../Library/StdDriver/src/gpio.c:47:32
	adds	r4, #1
.Ltmp13:
	.loc	4 47 13 is_stmt 0               @ ../../../../Library/StdDriver/src/gpio.c:47:13
	lsr.w	r5, r1, r4
	lsls	r5, r5, #31
	beq	.LBB0_10
.Ltmp14:
@ %bb.9:                                @   in Loop: Header=BB0_2 Depth=1
	@DEBUG_VALUE: GPIO_SetMode:u32Mode <- $r2
	@DEBUG_VALUE: GPIO_SetMode:u32PinMask <- $r1
	@DEBUG_VALUE: GPIO_SetMode:port <- $r0
	.loc	4 49 33 is_stmt 1               @ ../../../../Library/StdDriver/src/gpio.c:49:33
	ldr	r5, [r0]
	.loc	4 49 48 is_stmt 0               @ ../../../../Library/StdDriver/src/gpio.c:49:48
	sub.w	r6, r3, #8
	lsl.w	r7, r12, r6
	.loc	4 49 38                         @ ../../../../Library/StdDriver/src/gpio.c:49:38
	bics	r5, r7
	.loc	4 49 73                         @ ../../../../Library/StdDriver/src/gpio.c:49:73
	lsl.w	r6, r2, r6
	.loc	4 49 62                         @ ../../../../Library/StdDriver/src/gpio.c:49:62
	orrs	r5, r6
	.loc	4 49 24                         @ ../../../../Library/StdDriver/src/gpio.c:49:24
	str	r5, [r0]
.Ltmp15:
.LBB0_10:                               @   in Loop: Header=BB0_2 Depth=1
	@DEBUG_VALUE: GPIO_SetMode:u32Mode <- $r2
	@DEBUG_VALUE: GPIO_SetMode:u32PinMask <- $r1
	@DEBUG_VALUE: GPIO_SetMode:port <- $r0
	@DEBUG_VALUE: GPIO_SetMode:i <- [DW_OP_constu 4, DW_OP_or, DW_OP_stack_value] undef
	.loc	4 47 32 is_stmt 1               @ ../../../../Library/StdDriver/src/gpio.c:47:32
	adds	r4, #1
.Ltmp16:
	.loc	4 47 13 is_stmt 0               @ ../../../../Library/StdDriver/src/gpio.c:47:13
	lsr.w	r5, r1, r4
	lsls	r5, r5, #31
	beq	.LBB0_12
.Ltmp17:
@ %bb.11:                               @   in Loop: Header=BB0_2 Depth=1
	@DEBUG_VALUE: GPIO_SetMode:u32Mode <- $r2
	@DEBUG_VALUE: GPIO_SetMode:u32PinMask <- $r1
	@DEBUG_VALUE: GPIO_SetMode:port <- $r0
	.loc	4 49 33 is_stmt 1               @ ../../../../Library/StdDriver/src/gpio.c:49:33
	ldr	r5, [r0]
	.loc	4 49 48 is_stmt 0               @ ../../../../Library/StdDriver/src/gpio.c:49:48
	subs	r6, r3, #6
	lsl.w	r7, r12, r6
	.loc	4 49 38                         @ ../../../../Library/StdDriver/src/gpio.c:49:38
	bics	r5, r7
	.loc	4 49 73                         @ ../../../../Library/StdDriver/src/gpio.c:49:73
	lsl.w	r6, r2, r6
	.loc	4 49 62                         @ ../../../../Library/StdDriver/src/gpio.c:49:62
	orrs	r5, r6
	.loc	4 49 24                         @ ../../../../Library/StdDriver/src/gpio.c:49:24
	str	r5, [r0]
.Ltmp18:
.LBB0_12:                               @   in Loop: Header=BB0_2 Depth=1
	@DEBUG_VALUE: GPIO_SetMode:u32Mode <- $r2
	@DEBUG_VALUE: GPIO_SetMode:u32PinMask <- $r1
	@DEBUG_VALUE: GPIO_SetMode:port <- $r0
	@DEBUG_VALUE: GPIO_SetMode:i <- [DW_OP_constu 5, DW_OP_or, DW_OP_stack_value] undef
	.loc	4 47 32 is_stmt 1               @ ../../../../Library/StdDriver/src/gpio.c:47:32
	adds	r4, #1
.Ltmp19:
	.loc	4 47 13 is_stmt 0               @ ../../../../Library/StdDriver/src/gpio.c:47:13
	lsr.w	r5, r1, r4
	lsls	r5, r5, #31
	beq	.LBB0_14
.Ltmp20:
@ %bb.13:                               @   in Loop: Header=BB0_2 Depth=1
	@DEBUG_VALUE: GPIO_SetMode:u32Mode <- $r2
	@DEBUG_VALUE: GPIO_SetMode:u32PinMask <- $r1
	@DEBUG_VALUE: GPIO_SetMode:port <- $r0
	.loc	4 49 33 is_stmt 1               @ ../../../../Library/StdDriver/src/gpio.c:49:33
	ldr	r5, [r0]
	.loc	4 49 48 is_stmt 0               @ ../../../../Library/StdDriver/src/gpio.c:49:48
	subs	r6, r3, #4
	lsl.w	r7, r12, r6
	.loc	4 49 38                         @ ../../../../Library/StdDriver/src/gpio.c:49:38
	bics	r5, r7
	.loc	4 49 73                         @ ../../../../Library/StdDriver/src/gpio.c:49:73
	lsl.w	r6, r2, r6
	.loc	4 49 62                         @ ../../../../Library/StdDriver/src/gpio.c:49:62
	orrs	r5, r6
	.loc	4 49 24                         @ ../../../../Library/StdDriver/src/gpio.c:49:24
	str	r5, [r0]
.Ltmp21:
.LBB0_14:                               @   in Loop: Header=BB0_2 Depth=1
	@DEBUG_VALUE: GPIO_SetMode:u32Mode <- $r2
	@DEBUG_VALUE: GPIO_SetMode:u32PinMask <- $r1
	@DEBUG_VALUE: GPIO_SetMode:port <- $r0
	@DEBUG_VALUE: GPIO_SetMode:i <- [DW_OP_constu 6, DW_OP_or, DW_OP_stack_value] undef
	.loc	4 47 32 is_stmt 1               @ ../../../../Library/StdDriver/src/gpio.c:47:32
	adds	r4, #1
.Ltmp22:
	.loc	4 47 13 is_stmt 0               @ ../../../../Library/StdDriver/src/gpio.c:47:13
	lsr.w	r5, r1, r4
	lsls	r5, r5, #31
	beq	.LBB0_16
.Ltmp23:
@ %bb.15:                               @   in Loop: Header=BB0_2 Depth=1
	@DEBUG_VALUE: GPIO_SetMode:u32Mode <- $r2
	@DEBUG_VALUE: GPIO_SetMode:u32PinMask <- $r1
	@DEBUG_VALUE: GPIO_SetMode:port <- $r0
	.loc	4 49 33 is_stmt 1               @ ../../../../Library/StdDriver/src/gpio.c:49:33
	ldr	r5, [r0]
	.loc	4 49 48 is_stmt 0               @ ../../../../Library/StdDriver/src/gpio.c:49:48
	subs	r6, r3, #2
	lsl.w	r7, r12, r6
	.loc	4 49 38                         @ ../../../../Library/StdDriver/src/gpio.c:49:38
	bics	r5, r7
	.loc	4 49 73                         @ ../../../../Library/StdDriver/src/gpio.c:49:73
	lsl.w	r6, r2, r6
	.loc	4 49 62                         @ ../../../../Library/StdDriver/src/gpio.c:49:62
	orrs	r5, r6
	.loc	4 49 24                         @ ../../../../Library/StdDriver/src/gpio.c:49:24
	str	r5, [r0]
.Ltmp24:
.LBB0_16:                               @   in Loop: Header=BB0_2 Depth=1
	@DEBUG_VALUE: GPIO_SetMode:u32Mode <- $r2
	@DEBUG_VALUE: GPIO_SetMode:u32PinMask <- $r1
	@DEBUG_VALUE: GPIO_SetMode:port <- $r0
	@DEBUG_VALUE: GPIO_SetMode:i <- [DW_OP_constu 7, DW_OP_or, DW_OP_stack_value] undef
	.loc	4 47 32 is_stmt 1               @ ../../../../Library/StdDriver/src/gpio.c:47:32
	adds	r4, #1
.Ltmp25:
	.loc	4 47 13 is_stmt 0               @ ../../../../Library/StdDriver/src/gpio.c:47:13
	lsr.w	r5, r1, r4
	lsls	r5, r5, #31
	beq	.LBB0_1
.Ltmp26:
@ %bb.17:                               @   in Loop: Header=BB0_2 Depth=1
	@DEBUG_VALUE: GPIO_SetMode:u32Mode <- $r2
	@DEBUG_VALUE: GPIO_SetMode:u32PinMask <- $r1
	@DEBUG_VALUE: GPIO_SetMode:port <- $r0
	.loc	4 49 33 is_stmt 1               @ ../../../../Library/StdDriver/src/gpio.c:49:33
	ldr	r5, [r0]
	.loc	4 49 48 is_stmt 0               @ ../../../../Library/StdDriver/src/gpio.c:49:48
	lsl.w	r6, r12, r3
	.loc	4 49 38                         @ ../../../../Library/StdDriver/src/gpio.c:49:38
	bics	r5, r6
	.loc	4 49 73                         @ ../../../../Library/StdDriver/src/gpio.c:49:73
	lsl.w	r6, r2, r3
	.loc	4 49 62                         @ ../../../../Library/StdDriver/src/gpio.c:49:62
	orrs	r5, r6
	.loc	4 49 24                         @ ../../../../Library/StdDriver/src/gpio.c:49:24
	str	r5, [r0]
	b	.LBB0_1
.Ltmp27:
.LBB0_18:
	@DEBUG_VALUE: GPIO_SetMode:u32Mode <- $r2
	@DEBUG_VALUE: GPIO_SetMode:u32PinMask <- $r1
	@DEBUG_VALUE: GPIO_SetMode:port <- $r0
	.loc	4 52 1 epilogue_begin is_stmt 1 @ ../../../../Library/StdDriver/src/gpio.c:52:1
	pop	{r4, r5, r6, r7, pc}
.Ltmp28:
.Lfunc_end0:
	.size	GPIO_SetMode, .Lfunc_end0-GPIO_SetMode
	.cfi_endproc
	.cantunwind
	.fnend
                                        @ -- End function
	.section	.text.GPIO_EnableInt,"ax",%progbits
	.hidden	GPIO_EnableInt                  @ -- Begin function GPIO_EnableInt
	.globl	GPIO_EnableInt
	.p2align	2
	.type	GPIO_EnableInt,%function
	.code	16                              @ @GPIO_EnableInt
	.thumb_func
GPIO_EnableInt:
.Lfunc_begin1:
	.fnstart
	.cfi_startproc
@ %bb.0:
	@DEBUG_VALUE: GPIO_EnableInt:port <- $r0
	@DEBUG_VALUE: GPIO_EnableInt:u32Pin <- $r1
	@DEBUG_VALUE: GPIO_EnableInt:u32IntAttribs <- $r2
	.loc	4 73 28 prologue_end            @ ../../../../Library/StdDriver/src/gpio.c:73:28
	ldr.w	r12, [r0, #24]
	movs	r3, #1
	.loc	4 73 44 is_stmt 0               @ ../../../../Library/StdDriver/src/gpio.c:73:44
	lsls	r3, r1
	.loc	4 73 36                         @ ../../../../Library/StdDriver/src/gpio.c:73:36
	bic.w	r12, r12, r3
	.loc	4 73 75                         @ ../../../../Library/StdDriver/src/gpio.c:73:75
	lsrs	r3, r2, #24
	.loc	4 73 92                         @ ../../../../Library/StdDriver/src/gpio.c:73:92
	lsls	r3, r1
	.loc	4 73 56                         @ ../../../../Library/StdDriver/src/gpio.c:73:56
	orr.w	r3, r3, r12
	.loc	4 73 19                         @ ../../../../Library/StdDriver/src/gpio.c:73:19
	str	r3, [r0, #24]
	mov.w	r3, #65537
	.loc	4 74 26 is_stmt 1               @ ../../../../Library/StdDriver/src/gpio.c:74:26
	ldr.w	r12, [r0, #28]
	.loc	4 74 49 is_stmt 0               @ ../../../../Library/StdDriver/src/gpio.c:74:49
	lsls	r3, r1
	.loc	4 74 79                         @ ../../../../Library/StdDriver/src/gpio.c:74:79
	bic	r2, r2, #-16777216
.Ltmp29:
	@DEBUG_VALUE: GPIO_EnableInt:u32IntAttribs <- [DW_OP_LLVM_entry_value 1] $r2
	.loc	4 74 32                         @ ../../../../Library/StdDriver/src/gpio.c:74:32
	bic.w	r3, r12, r3
	.loc	4 74 93                         @ ../../../../Library/StdDriver/src/gpio.c:74:93
	lsl.w	r1, r2, r1
.Ltmp30:
	@DEBUG_VALUE: GPIO_EnableInt:u32Pin <- [DW_OP_LLVM_entry_value 1] $r1
	.loc	4 74 61                         @ ../../../../Library/StdDriver/src/gpio.c:74:61
	orrs	r1, r3
	.loc	4 74 17                         @ ../../../../Library/StdDriver/src/gpio.c:74:17
	str	r1, [r0, #28]
	.loc	4 75 1 is_stmt 1                @ ../../../../Library/StdDriver/src/gpio.c:75:1
	bx	lr
.Ltmp31:
.Lfunc_end1:
	.size	GPIO_EnableInt, .Lfunc_end1-GPIO_EnableInt
	.cfi_endproc
	.cantunwind
	.fnend
                                        @ -- End function
	.section	.text.GPIO_DisableInt,"ax",%progbits
	.hidden	GPIO_DisableInt                 @ -- Begin function GPIO_DisableInt
	.globl	GPIO_DisableInt
	.p2align	2
	.type	GPIO_DisableInt,%function
	.code	16                              @ @GPIO_DisableInt
	.thumb_func
GPIO_DisableInt:
.Lfunc_begin2:
	.loc	4 94 0                          @ ../../../../Library/StdDriver/src/gpio.c:94:0
	.fnstart
	.cfi_startproc
@ %bb.0:
	@DEBUG_VALUE: GPIO_DisableInt:port <- $r0
	@DEBUG_VALUE: GPIO_DisableInt:u32Pin <- $r1
	movs	r2, #1
.Ltmp32:
	.loc	4 95 19 prologue_end            @ ../../../../Library/StdDriver/src/gpio.c:95:19
	ldr	r3, [r0, #24]
	.loc	4 95 28 is_stmt 0               @ ../../../../Library/StdDriver/src/gpio.c:95:28
	lsls	r2, r1
	.loc	4 95 19                         @ ../../../../Library/StdDriver/src/gpio.c:95:19
	bic.w	r2, r3, r2
	str	r2, [r0, #24]
	mov.w	r2, #65537
	.loc	4 96 17 is_stmt 1               @ ../../../../Library/StdDriver/src/gpio.c:96:17
	ldr	r3, [r0, #28]
	.loc	4 96 37 is_stmt 0               @ ../../../../Library/StdDriver/src/gpio.c:96:37
	lsl.w	r1, r2, r1
.Ltmp33:
	@DEBUG_VALUE: GPIO_DisableInt:u32Pin <- [DW_OP_LLVM_entry_value 1] $r1
	.loc	4 96 17                         @ ../../../../Library/StdDriver/src/gpio.c:96:17
	bic.w	r1, r3, r1
	str	r1, [r0, #28]
	.loc	4 97 1 is_stmt 1                @ ../../../../Library/StdDriver/src/gpio.c:97:1
	bx	lr
.Ltmp34:
.Lfunc_end2:
	.size	GPIO_DisableInt, .Lfunc_end2-GPIO_DisableInt
	.cfi_endproc
	.cantunwind
	.fnend
                                        @ -- End function
	.section	.text.GPIO_SetSlewCtl,"ax",%progbits
	.hidden	GPIO_SetSlewCtl                 @ -- Begin function GPIO_SetSlewCtl
	.globl	GPIO_SetSlewCtl
	.p2align	2
	.type	GPIO_SetSlewCtl,%function
	.code	16                              @ @GPIO_SetSlewCtl
	.thumb_func
GPIO_SetSlewCtl:
.Lfunc_begin3:
	.loc	4 119 0                         @ ../../../../Library/StdDriver/src/gpio.c:119:0
	.fnstart
	.cfi_startproc
@ %bb.0:
	@DEBUG_VALUE: GPIO_SetSlewCtl:port <- $r0
	@DEBUG_VALUE: GPIO_SetSlewCtl:u32PinMask <- $r1
	@DEBUG_VALUE: GPIO_SetSlewCtl:u32Mode <- $r2
	.save	{r4, r5, r6, r7, lr}
	push	{r4, r5, r6, r7, lr}
	.cfi_def_cfa_offset 20
	.cfi_offset lr, -4
	.cfi_offset r7, -8
	.cfi_offset r6, -12
	.cfi_offset r5, -16
	.cfi_offset r4, -20
	mov.w	lr, #2
	movs	r4, #0
.Ltmp35:
	.loc	4 122 5 prologue_end            @ ../../../../Library/StdDriver/src/gpio.c:122:5
	mov	lr, lr
.Ltmp36:
	@DEBUG_VALUE: GPIO_SetSlewCtl:i <- 0
	.loc	4 0 5 is_stmt 0                 @ ../../../../Library/StdDriver/src/gpio.c:0:5
	movs	r3, #14
	mov.w	r12, #3
	b	.LBB3_2
.Ltmp37:
	.p2align	2
.LBB3_1:                                @   in Loop: Header=BB3_2 Depth=1
	@DEBUG_VALUE: GPIO_SetSlewCtl:u32Mode <- $r2
	@DEBUG_VALUE: GPIO_SetSlewCtl:u32PinMask <- $r1
	@DEBUG_VALUE: GPIO_SetSlewCtl:port <- $r0
	@DEBUG_VALUE: GPIO_SetSlewCtl:i <- [DW_OP_plus_uconst 8, DW_OP_stack_value] undef
	.loc	4 122 21                        @ ../../../../Library/StdDriver/src/gpio.c:122:21
	adds	r3, #16
	adds	r4, #1
.Ltmp38:
	.loc	4 122 5                         @ ../../../../Library/StdDriver/src/gpio.c:122:5
	subs.w	lr, lr, #1
	bne	.LBB3_2
	b	.LBB3_18
.Ltmp39:
.LBB3_2:                                @ =>This Inner Loop Header: Depth=1
	@DEBUG_VALUE: GPIO_SetSlewCtl:u32Mode <- $r2
	@DEBUG_VALUE: GPIO_SetSlewCtl:u32PinMask <- $r1
	@DEBUG_VALUE: GPIO_SetSlewCtl:port <- $r0
	@DEBUG_VALUE: GPIO_SetSlewCtl:i <- $r4
	.loc	4 124 13 is_stmt 1              @ ../../../../Library/StdDriver/src/gpio.c:124:13
	lsr.w	r5, r1, r4
	lsls	r5, r5, #31
	beq	.LBB3_4
.Ltmp40:
@ %bb.3:                                @   in Loop: Header=BB3_2 Depth=1
	@DEBUG_VALUE: GPIO_SetSlewCtl:i <- $r4
	@DEBUG_VALUE: GPIO_SetSlewCtl:u32Mode <- $r2
	@DEBUG_VALUE: GPIO_SetSlewCtl:u32PinMask <- $r1
	@DEBUG_VALUE: GPIO_SetSlewCtl:port <- $r0
	.loc	4 126 36                        @ ../../../../Library/StdDriver/src/gpio.c:126:36
	ldr	r5, [r0, #40]
	.loc	4 126 54 is_stmt 0              @ ../../../../Library/StdDriver/src/gpio.c:126:54
	sub.w	r6, r3, #14
	lsl.w	r7, r12, r6
	.loc	4 126 44                        @ ../../../../Library/StdDriver/src/gpio.c:126:44
	bics	r5, r7
	.loc	4 126 79                        @ ../../../../Library/StdDriver/src/gpio.c:126:79
	lsl.w	r6, r2, r6
	.loc	4 126 68                        @ ../../../../Library/StdDriver/src/gpio.c:126:68
	orrs	r5, r6
	.loc	4 126 27                        @ ../../../../Library/StdDriver/src/gpio.c:126:27
	str	r5, [r0, #40]
.Ltmp41:
.LBB3_4:                                @   in Loop: Header=BB3_2 Depth=1
	@DEBUG_VALUE: GPIO_SetSlewCtl:i <- $r4
	@DEBUG_VALUE: GPIO_SetSlewCtl:u32Mode <- $r2
	@DEBUG_VALUE: GPIO_SetSlewCtl:u32PinMask <- $r1
	@DEBUG_VALUE: GPIO_SetSlewCtl:port <- $r0
	@DEBUG_VALUE: GPIO_SetSlewCtl:i <- [DW_OP_constu 1, DW_OP_or, DW_OP_stack_value] $r4
	.loc	4 124 31 is_stmt 1              @ ../../../../Library/StdDriver/src/gpio.c:124:31
	adds	r4, #1
.Ltmp42:
	.loc	4 124 13 is_stmt 0              @ ../../../../Library/StdDriver/src/gpio.c:124:13
	lsr.w	r5, r1, r4
	lsls	r5, r5, #31
	beq	.LBB3_6
.Ltmp43:
@ %bb.5:                                @   in Loop: Header=BB3_2 Depth=1
	@DEBUG_VALUE: GPIO_SetSlewCtl:u32Mode <- $r2
	@DEBUG_VALUE: GPIO_SetSlewCtl:u32PinMask <- $r1
	@DEBUG_VALUE: GPIO_SetSlewCtl:port <- $r0
	.loc	4 126 36 is_stmt 1              @ ../../../../Library/StdDriver/src/gpio.c:126:36
	ldr	r5, [r0, #40]
	.loc	4 126 54 is_stmt 0              @ ../../../../Library/StdDriver/src/gpio.c:126:54
	sub.w	r6, r3, #12
	lsl.w	r7, r12, r6
	.loc	4 126 44                        @ ../../../../Library/StdDriver/src/gpio.c:126:44
	bics	r5, r7
	.loc	4 126 79                        @ ../../../../Library/StdDriver/src/gpio.c:126:79
	lsl.w	r6, r2, r6
	.loc	4 126 68                        @ ../../../../Library/StdDriver/src/gpio.c:126:68
	orrs	r5, r6
	.loc	4 126 27                        @ ../../../../Library/StdDriver/src/gpio.c:126:27
	str	r5, [r0, #40]
.Ltmp44:
.LBB3_6:                                @   in Loop: Header=BB3_2 Depth=1
	@DEBUG_VALUE: GPIO_SetSlewCtl:u32Mode <- $r2
	@DEBUG_VALUE: GPIO_SetSlewCtl:u32PinMask <- $r1
	@DEBUG_VALUE: GPIO_SetSlewCtl:port <- $r0
	@DEBUG_VALUE: GPIO_SetSlewCtl:i <- [DW_OP_constu 2, DW_OP_or, DW_OP_stack_value] undef
	.loc	4 124 31 is_stmt 1              @ ../../../../Library/StdDriver/src/gpio.c:124:31
	adds	r4, #1
.Ltmp45:
	.loc	4 124 13 is_stmt 0              @ ../../../../Library/StdDriver/src/gpio.c:124:13
	lsr.w	r5, r1, r4
	lsls	r5, r5, #31
	beq	.LBB3_8
.Ltmp46:
@ %bb.7:                                @   in Loop: Header=BB3_2 Depth=1
	@DEBUG_VALUE: GPIO_SetSlewCtl:u32Mode <- $r2
	@DEBUG_VALUE: GPIO_SetSlewCtl:u32PinMask <- $r1
	@DEBUG_VALUE: GPIO_SetSlewCtl:port <- $r0
	.loc	4 126 36 is_stmt 1              @ ../../../../Library/StdDriver/src/gpio.c:126:36
	ldr	r5, [r0, #40]
	.loc	4 126 54 is_stmt 0              @ ../../../../Library/StdDriver/src/gpio.c:126:54
	sub.w	r6, r3, #10
	lsl.w	r7, r12, r6
	.loc	4 126 44                        @ ../../../../Library/StdDriver/src/gpio.c:126:44
	bics	r5, r7
	.loc	4 126 79                        @ ../../../../Library/StdDriver/src/gpio.c:126:79
	lsl.w	r6, r2, r6
	.loc	4 126 68                        @ ../../../../Library/StdDriver/src/gpio.c:126:68
	orrs	r5, r6
	.loc	4 126 27                        @ ../../../../Library/StdDriver/src/gpio.c:126:27
	str	r5, [r0, #40]
.Ltmp47:
.LBB3_8:                                @   in Loop: Header=BB3_2 Depth=1
	@DEBUG_VALUE: GPIO_SetSlewCtl:u32Mode <- $r2
	@DEBUG_VALUE: GPIO_SetSlewCtl:u32PinMask <- $r1
	@DEBUG_VALUE: GPIO_SetSlewCtl:port <- $r0
	@DEBUG_VALUE: GPIO_SetSlewCtl:i <- [DW_OP_constu 3, DW_OP_or, DW_OP_stack_value] undef
	.loc	4 124 31 is_stmt 1              @ ../../../../Library/StdDriver/src/gpio.c:124:31
	adds	r4, #1
.Ltmp48:
	.loc	4 124 13 is_stmt 0              @ ../../../../Library/StdDriver/src/gpio.c:124:13
	lsr.w	r5, r1, r4
	lsls	r5, r5, #31
	beq	.LBB3_10
.Ltmp49:
@ %bb.9:                                @   in Loop: Header=BB3_2 Depth=1
	@DEBUG_VALUE: GPIO_SetSlewCtl:u32Mode <- $r2
	@DEBUG_VALUE: GPIO_SetSlewCtl:u32PinMask <- $r1
	@DEBUG_VALUE: GPIO_SetSlewCtl:port <- $r0
	.loc	4 126 36 is_stmt 1              @ ../../../../Library/StdDriver/src/gpio.c:126:36
	ldr	r5, [r0, #40]
	.loc	4 126 54 is_stmt 0              @ ../../../../Library/StdDriver/src/gpio.c:126:54
	sub.w	r6, r3, #8
	lsl.w	r7, r12, r6
	.loc	4 126 44                        @ ../../../../Library/StdDriver/src/gpio.c:126:44
	bics	r5, r7
	.loc	4 126 79                        @ ../../../../Library/StdDriver/src/gpio.c:126:79
	lsl.w	r6, r2, r6
	.loc	4 126 68                        @ ../../../../Library/StdDriver/src/gpio.c:126:68
	orrs	r5, r6
	.loc	4 126 27                        @ ../../../../Library/StdDriver/src/gpio.c:126:27
	str	r5, [r0, #40]
.Ltmp50:
.LBB3_10:                               @   in Loop: Header=BB3_2 Depth=1
	@DEBUG_VALUE: GPIO_SetSlewCtl:u32Mode <- $r2
	@DEBUG_VALUE: GPIO_SetSlewCtl:u32PinMask <- $r1
	@DEBUG_VALUE: GPIO_SetSlewCtl:port <- $r0
	@DEBUG_VALUE: GPIO_SetSlewCtl:i <- [DW_OP_constu 4, DW_OP_or, DW_OP_stack_value] undef
	.loc	4 124 31 is_stmt 1              @ ../../../../Library/StdDriver/src/gpio.c:124:31
	adds	r4, #1
.Ltmp51:
	.loc	4 124 13 is_stmt 0              @ ../../../../Library/StdDriver/src/gpio.c:124:13
	lsr.w	r5, r1, r4
	lsls	r5, r5, #31
	beq	.LBB3_12
.Ltmp52:
@ %bb.11:                               @   in Loop: Header=BB3_2 Depth=1
	@DEBUG_VALUE: GPIO_SetSlewCtl:u32Mode <- $r2
	@DEBUG_VALUE: GPIO_SetSlewCtl:u32PinMask <- $r1
	@DEBUG_VALUE: GPIO_SetSlewCtl:port <- $r0
	.loc	4 126 36 is_stmt 1              @ ../../../../Library/StdDriver/src/gpio.c:126:36
	ldr	r5, [r0, #40]
	.loc	4 126 54 is_stmt 0              @ ../../../../Library/StdDriver/src/gpio.c:126:54
	subs	r6, r3, #6
	lsl.w	r7, r12, r6
	.loc	4 126 44                        @ ../../../../Library/StdDriver/src/gpio.c:126:44
	bics	r5, r7
	.loc	4 126 79                        @ ../../../../Library/StdDriver/src/gpio.c:126:79
	lsl.w	r6, r2, r6
	.loc	4 126 68                        @ ../../../../Library/StdDriver/src/gpio.c:126:68
	orrs	r5, r6
	.loc	4 126 27                        @ ../../../../Library/StdDriver/src/gpio.c:126:27
	str	r5, [r0, #40]
.Ltmp53:
.LBB3_12:                               @   in Loop: Header=BB3_2 Depth=1
	@DEBUG_VALUE: GPIO_SetSlewCtl:u32Mode <- $r2
	@DEBUG_VALUE: GPIO_SetSlewCtl:u32PinMask <- $r1
	@DEBUG_VALUE: GPIO_SetSlewCtl:port <- $r0
	@DEBUG_VALUE: GPIO_SetSlewCtl:i <- [DW_OP_constu 5, DW_OP_or, DW_OP_stack_value] undef
	.loc	4 124 31 is_stmt 1              @ ../../../../Library/StdDriver/src/gpio.c:124:31
	adds	r4, #1
.Ltmp54:
	.loc	4 124 13 is_stmt 0              @ ../../../../Library/StdDriver/src/gpio.c:124:13
	lsr.w	r5, r1, r4
	lsls	r5, r5, #31
	beq	.LBB3_14
.Ltmp55:
@ %bb.13:                               @   in Loop: Header=BB3_2 Depth=1
	@DEBUG_VALUE: GPIO_SetSlewCtl:u32Mode <- $r2
	@DEBUG_VALUE: GPIO_SetSlewCtl:u32PinMask <- $r1
	@DEBUG_VALUE: GPIO_SetSlewCtl:port <- $r0
	.loc	4 126 36 is_stmt 1              @ ../../../../Library/StdDriver/src/gpio.c:126:36
	ldr	r5, [r0, #40]
	.loc	4 126 54 is_stmt 0              @ ../../../../Library/StdDriver/src/gpio.c:126:54
	subs	r6, r3, #4
	lsl.w	r7, r12, r6
	.loc	4 126 44                        @ ../../../../Library/StdDriver/src/gpio.c:126:44
	bics	r5, r7
	.loc	4 126 79                        @ ../../../../Library/StdDriver/src/gpio.c:126:79
	lsl.w	r6, r2, r6
	.loc	4 126 68                        @ ../../../../Library/StdDriver/src/gpio.c:126:68
	orrs	r5, r6
	.loc	4 126 27                        @ ../../../../Library/StdDriver/src/gpio.c:126:27
	str	r5, [r0, #40]
.Ltmp56:
.LBB3_14:                               @   in Loop: Header=BB3_2 Depth=1
	@DEBUG_VALUE: GPIO_SetSlewCtl:u32Mode <- $r2
	@DEBUG_VALUE: GPIO_SetSlewCtl:u32PinMask <- $r1
	@DEBUG_VALUE: GPIO_SetSlewCtl:port <- $r0
	@DEBUG_VALUE: GPIO_SetSlewCtl:i <- [DW_OP_constu 6, DW_OP_or, DW_OP_stack_value] undef
	.loc	4 124 31 is_stmt 1              @ ../../../../Library/StdDriver/src/gpio.c:124:31
	adds	r4, #1
.Ltmp57:
	.loc	4 124 13 is_stmt 0              @ ../../../../Library/StdDriver/src/gpio.c:124:13
	lsr.w	r5, r1, r4
	lsls	r5, r5, #31
	beq	.LBB3_16
.Ltmp58:
@ %bb.15:                               @   in Loop: Header=BB3_2 Depth=1
	@DEBUG_VALUE: GPIO_SetSlewCtl:u32Mode <- $r2
	@DEBUG_VALUE: GPIO_SetSlewCtl:u32PinMask <- $r1
	@DEBUG_VALUE: GPIO_SetSlewCtl:port <- $r0
	.loc	4 126 36 is_stmt 1              @ ../../../../Library/StdDriver/src/gpio.c:126:36
	ldr	r5, [r0, #40]
	.loc	4 126 54 is_stmt 0              @ ../../../../Library/StdDriver/src/gpio.c:126:54
	subs	r6, r3, #2
	lsl.w	r7, r12, r6
	.loc	4 126 44                        @ ../../../../Library/StdDriver/src/gpio.c:126:44
	bics	r5, r7
	.loc	4 126 79                        @ ../../../../Library/StdDriver/src/gpio.c:126:79
	lsl.w	r6, r2, r6
	.loc	4 126 68                        @ ../../../../Library/StdDriver/src/gpio.c:126:68
	orrs	r5, r6
	.loc	4 126 27                        @ ../../../../Library/StdDriver/src/gpio.c:126:27
	str	r5, [r0, #40]
.Ltmp59:
.LBB3_16:                               @   in Loop: Header=BB3_2 Depth=1
	@DEBUG_VALUE: GPIO_SetSlewCtl:u32Mode <- $r2
	@DEBUG_VALUE: GPIO_SetSlewCtl:u32PinMask <- $r1
	@DEBUG_VALUE: GPIO_SetSlewCtl:port <- $r0
	@DEBUG_VALUE: GPIO_SetSlewCtl:i <- [DW_OP_constu 7, DW_OP_or, DW_OP_stack_value] undef
	.loc	4 124 31 is_stmt 1              @ ../../../../Library/StdDriver/src/gpio.c:124:31
	adds	r4, #1
.Ltmp60:
	.loc	4 124 13 is_stmt 0              @ ../../../../Library/StdDriver/src/gpio.c:124:13
	lsr.w	r5, r1, r4
	lsls	r5, r5, #31
	beq	.LBB3_1
.Ltmp61:
@ %bb.17:                               @   in Loop: Header=BB3_2 Depth=1
	@DEBUG_VALUE: GPIO_SetSlewCtl:u32Mode <- $r2
	@DEBUG_VALUE: GPIO_SetSlewCtl:u32PinMask <- $r1
	@DEBUG_VALUE: GPIO_SetSlewCtl:port <- $r0
	.loc	4 126 36 is_stmt 1              @ ../../../../Library/StdDriver/src/gpio.c:126:36
	ldr	r5, [r0, #40]
	.loc	4 126 54 is_stmt 0              @ ../../../../Library/StdDriver/src/gpio.c:126:54
	lsl.w	r6, r12, r3
	.loc	4 126 44                        @ ../../../../Library/StdDriver/src/gpio.c:126:44
	bics	r5, r6
	.loc	4 126 79                        @ ../../../../Library/StdDriver/src/gpio.c:126:79
	lsl.w	r6, r2, r3
	.loc	4 126 68                        @ ../../../../Library/StdDriver/src/gpio.c:126:68
	orrs	r5, r6
	.loc	4 126 27                        @ ../../../../Library/StdDriver/src/gpio.c:126:27
	str	r5, [r0, #40]
	b	.LBB3_1
.Ltmp62:
.LBB3_18:
	@DEBUG_VALUE: GPIO_SetSlewCtl:u32Mode <- $r2
	@DEBUG_VALUE: GPIO_SetSlewCtl:u32PinMask <- $r1
	@DEBUG_VALUE: GPIO_SetSlewCtl:port <- $r0
	.loc	4 129 1 epilogue_begin is_stmt 1 @ ../../../../Library/StdDriver/src/gpio.c:129:1
	pop	{r4, r5, r6, r7, pc}
.Ltmp63:
.Lfunc_end3:
	.size	GPIO_SetSlewCtl, .Lfunc_end3-GPIO_SetSlewCtl
	.cfi_endproc
	.cantunwind
	.fnend
                                        @ -- End function
	.section	.text.GPIO_SetPullCtl,"ax",%progbits
	.hidden	GPIO_SetPullCtl                 @ -- Begin function GPIO_SetPullCtl
	.globl	GPIO_SetPullCtl
	.p2align	2
	.type	GPIO_SetPullCtl,%function
	.code	16                              @ @GPIO_SetPullCtl
	.thumb_func
GPIO_SetPullCtl:
.Lfunc_begin4:
	.loc	4 151 0                         @ ../../../../Library/StdDriver/src/gpio.c:151:0
	.fnstart
	.cfi_startproc
@ %bb.0:
	@DEBUG_VALUE: GPIO_SetPullCtl:port <- $r0
	@DEBUG_VALUE: GPIO_SetPullCtl:u32PinMask <- $r1
	@DEBUG_VALUE: GPIO_SetPullCtl:u32Mode <- $r2
	.save	{r4, r5, r6, r7, lr}
	push	{r4, r5, r6, r7, lr}
	.cfi_def_cfa_offset 20
	.cfi_offset lr, -4
	.cfi_offset r7, -8
	.cfi_offset r6, -12
	.cfi_offset r5, -16
	.cfi_offset r4, -20
	mov.w	lr, #2
	movs	r4, #0
.Ltmp64:
	.loc	4 154 5 prologue_end            @ ../../../../Library/StdDriver/src/gpio.c:154:5
	mov	lr, lr
.Ltmp65:
	@DEBUG_VALUE: GPIO_SetPullCtl:i <- 0
	.loc	4 0 5 is_stmt 0                 @ ../../../../Library/StdDriver/src/gpio.c:0:5
	movs	r3, #14
	mov.w	r12, #3
	b	.LBB4_2
.Ltmp66:
	.p2align	2
.LBB4_1:                                @   in Loop: Header=BB4_2 Depth=1
	@DEBUG_VALUE: GPIO_SetPullCtl:u32Mode <- $r2
	@DEBUG_VALUE: GPIO_SetPullCtl:u32PinMask <- $r1
	@DEBUG_VALUE: GPIO_SetPullCtl:port <- $r0
	@DEBUG_VALUE: GPIO_SetPullCtl:i <- [DW_OP_plus_uconst 8, DW_OP_stack_value] undef
	.loc	4 154 21                        @ ../../../../Library/StdDriver/src/gpio.c:154:21
	adds	r3, #16
	adds	r4, #1
.Ltmp67:
	.loc	4 154 5                         @ ../../../../Library/StdDriver/src/gpio.c:154:5
	subs.w	lr, lr, #1
	bne	.LBB4_2
	b	.LBB4_18
.Ltmp68:
.LBB4_2:                                @ =>This Inner Loop Header: Depth=1
	@DEBUG_VALUE: GPIO_SetPullCtl:u32Mode <- $r2
	@DEBUG_VALUE: GPIO_SetPullCtl:u32PinMask <- $r1
	@DEBUG_VALUE: GPIO_SetPullCtl:port <- $r0
	@DEBUG_VALUE: GPIO_SetPullCtl:i <- $r4
	.loc	4 156 13 is_stmt 1              @ ../../../../Library/StdDriver/src/gpio.c:156:13
	lsr.w	r5, r1, r4
	lsls	r5, r5, #31
	beq	.LBB4_4
.Ltmp69:
@ %bb.3:                                @   in Loop: Header=BB4_2 Depth=1
	@DEBUG_VALUE: GPIO_SetPullCtl:i <- $r4
	@DEBUG_VALUE: GPIO_SetPullCtl:u32Mode <- $r2
	@DEBUG_VALUE: GPIO_SetPullCtl:u32PinMask <- $r1
	@DEBUG_VALUE: GPIO_SetPullCtl:port <- $r0
	.loc	4 158 34                        @ ../../../../Library/StdDriver/src/gpio.c:158:34
	ldr	r5, [r0, #48]
	.loc	4 158 50 is_stmt 0              @ ../../../../Library/StdDriver/src/gpio.c:158:50
	sub.w	r6, r3, #14
	lsl.w	r7, r12, r6
	.loc	4 158 40                        @ ../../../../Library/StdDriver/src/gpio.c:158:40
	bics	r5, r7
	.loc	4 158 75                        @ ../../../../Library/StdDriver/src/gpio.c:158:75
	lsl.w	r6, r2, r6
	.loc	4 158 64                        @ ../../../../Library/StdDriver/src/gpio.c:158:64
	orrs	r5, r6
	.loc	4 158 25                        @ ../../../../Library/StdDriver/src/gpio.c:158:25
	str	r5, [r0, #48]
.Ltmp70:
.LBB4_4:                                @   in Loop: Header=BB4_2 Depth=1
	@DEBUG_VALUE: GPIO_SetPullCtl:i <- $r4
	@DEBUG_VALUE: GPIO_SetPullCtl:u32Mode <- $r2
	@DEBUG_VALUE: GPIO_SetPullCtl:u32PinMask <- $r1
	@DEBUG_VALUE: GPIO_SetPullCtl:port <- $r0
	@DEBUG_VALUE: GPIO_SetPullCtl:i <- [DW_OP_constu 1, DW_OP_or, DW_OP_stack_value] $r4
	.loc	4 156 31 is_stmt 1              @ ../../../../Library/StdDriver/src/gpio.c:156:31
	adds	r4, #1
.Ltmp71:
	.loc	4 156 13 is_stmt 0              @ ../../../../Library/StdDriver/src/gpio.c:156:13
	lsr.w	r5, r1, r4
	lsls	r5, r5, #31
	beq	.LBB4_6
.Ltmp72:
@ %bb.5:                                @   in Loop: Header=BB4_2 Depth=1
	@DEBUG_VALUE: GPIO_SetPullCtl:u32Mode <- $r2
	@DEBUG_VALUE: GPIO_SetPullCtl:u32PinMask <- $r1
	@DEBUG_VALUE: GPIO_SetPullCtl:port <- $r0
	.loc	4 158 34 is_stmt 1              @ ../../../../Library/StdDriver/src/gpio.c:158:34
	ldr	r5, [r0, #48]
	.loc	4 158 50 is_stmt 0              @ ../../../../Library/StdDriver/src/gpio.c:158:50
	sub.w	r6, r3, #12
	lsl.w	r7, r12, r6
	.loc	4 158 40                        @ ../../../../Library/StdDriver/src/gpio.c:158:40
	bics	r5, r7
	.loc	4 158 75                        @ ../../../../Library/StdDriver/src/gpio.c:158:75
	lsl.w	r6, r2, r6
	.loc	4 158 64                        @ ../../../../Library/StdDriver/src/gpio.c:158:64
	orrs	r5, r6
	.loc	4 158 25                        @ ../../../../Library/StdDriver/src/gpio.c:158:25
	str	r5, [r0, #48]
.Ltmp73:
.LBB4_6:                                @   in Loop: Header=BB4_2 Depth=1
	@DEBUG_VALUE: GPIO_SetPullCtl:u32Mode <- $r2
	@DEBUG_VALUE: GPIO_SetPullCtl:u32PinMask <- $r1
	@DEBUG_VALUE: GPIO_SetPullCtl:port <- $r0
	@DEBUG_VALUE: GPIO_SetPullCtl:i <- [DW_OP_constu 2, DW_OP_or, DW_OP_stack_value] undef
	.loc	4 156 31 is_stmt 1              @ ../../../../Library/StdDriver/src/gpio.c:156:31
	adds	r4, #1
.Ltmp74:
	.loc	4 156 13 is_stmt 0              @ ../../../../Library/StdDriver/src/gpio.c:156:13
	lsr.w	r5, r1, r4
	lsls	r5, r5, #31
	beq	.LBB4_8
.Ltmp75:
@ %bb.7:                                @   in Loop: Header=BB4_2 Depth=1
	@DEBUG_VALUE: GPIO_SetPullCtl:u32Mode <- $r2
	@DEBUG_VALUE: GPIO_SetPullCtl:u32PinMask <- $r1
	@DEBUG_VALUE: GPIO_SetPullCtl:port <- $r0
	.loc	4 158 34 is_stmt 1              @ ../../../../Library/StdDriver/src/gpio.c:158:34
	ldr	r5, [r0, #48]
	.loc	4 158 50 is_stmt 0              @ ../../../../Library/StdDriver/src/gpio.c:158:50
	sub.w	r6, r3, #10
	lsl.w	r7, r12, r6
	.loc	4 158 40                        @ ../../../../Library/StdDriver/src/gpio.c:158:40
	bics	r5, r7
	.loc	4 158 75                        @ ../../../../Library/StdDriver/src/gpio.c:158:75
	lsl.w	r6, r2, r6
	.loc	4 158 64                        @ ../../../../Library/StdDriver/src/gpio.c:158:64
	orrs	r5, r6
	.loc	4 158 25                        @ ../../../../Library/StdDriver/src/gpio.c:158:25
	str	r5, [r0, #48]
.Ltmp76:
.LBB4_8:                                @   in Loop: Header=BB4_2 Depth=1
	@DEBUG_VALUE: GPIO_SetPullCtl:u32Mode <- $r2
	@DEBUG_VALUE: GPIO_SetPullCtl:u32PinMask <- $r1
	@DEBUG_VALUE: GPIO_SetPullCtl:port <- $r0
	@DEBUG_VALUE: GPIO_SetPullCtl:i <- [DW_OP_constu 3, DW_OP_or, DW_OP_stack_value] undef
	.loc	4 156 31 is_stmt 1              @ ../../../../Library/StdDriver/src/gpio.c:156:31
	adds	r4, #1
.Ltmp77:
	.loc	4 156 13 is_stmt 0              @ ../../../../Library/StdDriver/src/gpio.c:156:13
	lsr.w	r5, r1, r4
	lsls	r5, r5, #31
	beq	.LBB4_10
.Ltmp78:
@ %bb.9:                                @   in Loop: Header=BB4_2 Depth=1
	@DEBUG_VALUE: GPIO_SetPullCtl:u32Mode <- $r2
	@DEBUG_VALUE: GPIO_SetPullCtl:u32PinMask <- $r1
	@DEBUG_VALUE: GPIO_SetPullCtl:port <- $r0
	.loc	4 158 34 is_stmt 1              @ ../../../../Library/StdDriver/src/gpio.c:158:34
	ldr	r5, [r0, #48]
	.loc	4 158 50 is_stmt 0              @ ../../../../Library/StdDriver/src/gpio.c:158:50
	sub.w	r6, r3, #8
	lsl.w	r7, r12, r6
	.loc	4 158 40                        @ ../../../../Library/StdDriver/src/gpio.c:158:40
	bics	r5, r7
	.loc	4 158 75                        @ ../../../../Library/StdDriver/src/gpio.c:158:75
	lsl.w	r6, r2, r6
	.loc	4 158 64                        @ ../../../../Library/StdDriver/src/gpio.c:158:64
	orrs	r5, r6
	.loc	4 158 25                        @ ../../../../Library/StdDriver/src/gpio.c:158:25
	str	r5, [r0, #48]
.Ltmp79:
.LBB4_10:                               @   in Loop: Header=BB4_2 Depth=1
	@DEBUG_VALUE: GPIO_SetPullCtl:u32Mode <- $r2
	@DEBUG_VALUE: GPIO_SetPullCtl:u32PinMask <- $r1
	@DEBUG_VALUE: GPIO_SetPullCtl:port <- $r0
	@DEBUG_VALUE: GPIO_SetPullCtl:i <- [DW_OP_constu 4, DW_OP_or, DW_OP_stack_value] undef
	.loc	4 156 31 is_stmt 1              @ ../../../../Library/StdDriver/src/gpio.c:156:31
	adds	r4, #1
.Ltmp80:
	.loc	4 156 13 is_stmt 0              @ ../../../../Library/StdDriver/src/gpio.c:156:13
	lsr.w	r5, r1, r4
	lsls	r5, r5, #31
	beq	.LBB4_12
.Ltmp81:
@ %bb.11:                               @   in Loop: Header=BB4_2 Depth=1
	@DEBUG_VALUE: GPIO_SetPullCtl:u32Mode <- $r2
	@DEBUG_VALUE: GPIO_SetPullCtl:u32PinMask <- $r1
	@DEBUG_VALUE: GPIO_SetPullCtl:port <- $r0
	.loc	4 158 34 is_stmt 1              @ ../../../../Library/StdDriver/src/gpio.c:158:34
	ldr	r5, [r0, #48]
	.loc	4 158 50 is_stmt 0              @ ../../../../Library/StdDriver/src/gpio.c:158:50
	subs	r6, r3, #6
	lsl.w	r7, r12, r6
	.loc	4 158 40                        @ ../../../../Library/StdDriver/src/gpio.c:158:40
	bics	r5, r7
	.loc	4 158 75                        @ ../../../../Library/StdDriver/src/gpio.c:158:75
	lsl.w	r6, r2, r6
	.loc	4 158 64                        @ ../../../../Library/StdDriver/src/gpio.c:158:64
	orrs	r5, r6
	.loc	4 158 25                        @ ../../../../Library/StdDriver/src/gpio.c:158:25
	str	r5, [r0, #48]
.Ltmp82:
.LBB4_12:                               @   in Loop: Header=BB4_2 Depth=1
	@DEBUG_VALUE: GPIO_SetPullCtl:u32Mode <- $r2
	@DEBUG_VALUE: GPIO_SetPullCtl:u32PinMask <- $r1
	@DEBUG_VALUE: GPIO_SetPullCtl:port <- $r0
	@DEBUG_VALUE: GPIO_SetPullCtl:i <- [DW_OP_constu 5, DW_OP_or, DW_OP_stack_value] undef
	.loc	4 156 31 is_stmt 1              @ ../../../../Library/StdDriver/src/gpio.c:156:31
	adds	r4, #1
.Ltmp83:
	.loc	4 156 13 is_stmt 0              @ ../../../../Library/StdDriver/src/gpio.c:156:13
	lsr.w	r5, r1, r4
	lsls	r5, r5, #31
	beq	.LBB4_14
.Ltmp84:
@ %bb.13:                               @   in Loop: Header=BB4_2 Depth=1
	@DEBUG_VALUE: GPIO_SetPullCtl:u32Mode <- $r2
	@DEBUG_VALUE: GPIO_SetPullCtl:u32PinMask <- $r1
	@DEBUG_VALUE: GPIO_SetPullCtl:port <- $r0
	.loc	4 158 34 is_stmt 1              @ ../../../../Library/StdDriver/src/gpio.c:158:34
	ldr	r5, [r0, #48]
	.loc	4 158 50 is_stmt 0              @ ../../../../Library/StdDriver/src/gpio.c:158:50
	subs	r6, r3, #4
	lsl.w	r7, r12, r6
	.loc	4 158 40                        @ ../../../../Library/StdDriver/src/gpio.c:158:40
	bics	r5, r7
	.loc	4 158 75                        @ ../../../../Library/StdDriver/src/gpio.c:158:75
	lsl.w	r6, r2, r6
	.loc	4 158 64                        @ ../../../../Library/StdDriver/src/gpio.c:158:64
	orrs	r5, r6
	.loc	4 158 25                        @ ../../../../Library/StdDriver/src/gpio.c:158:25
	str	r5, [r0, #48]
.Ltmp85:
.LBB4_14:                               @   in Loop: Header=BB4_2 Depth=1
	@DEBUG_VALUE: GPIO_SetPullCtl:u32Mode <- $r2
	@DEBUG_VALUE: GPIO_SetPullCtl:u32PinMask <- $r1
	@DEBUG_VALUE: GPIO_SetPullCtl:port <- $r0
	@DEBUG_VALUE: GPIO_SetPullCtl:i <- [DW_OP_constu 6, DW_OP_or, DW_OP_stack_value] undef
	.loc	4 156 31 is_stmt 1              @ ../../../../Library/StdDriver/src/gpio.c:156:31
	adds	r4, #1
.Ltmp86:
	.loc	4 156 13 is_stmt 0              @ ../../../../Library/StdDriver/src/gpio.c:156:13
	lsr.w	r5, r1, r4
	lsls	r5, r5, #31
	beq	.LBB4_16
.Ltmp87:
@ %bb.15:                               @   in Loop: Header=BB4_2 Depth=1
	@DEBUG_VALUE: GPIO_SetPullCtl:u32Mode <- $r2
	@DEBUG_VALUE: GPIO_SetPullCtl:u32PinMask <- $r1
	@DEBUG_VALUE: GPIO_SetPullCtl:port <- $r0
	.loc	4 158 34 is_stmt 1              @ ../../../../Library/StdDriver/src/gpio.c:158:34
	ldr	r5, [r0, #48]
	.loc	4 158 50 is_stmt 0              @ ../../../../Library/StdDriver/src/gpio.c:158:50
	subs	r6, r3, #2
	lsl.w	r7, r12, r6
	.loc	4 158 40                        @ ../../../../Library/StdDriver/src/gpio.c:158:40
	bics	r5, r7
	.loc	4 158 75                        @ ../../../../Library/StdDriver/src/gpio.c:158:75
	lsl.w	r6, r2, r6
	.loc	4 158 64                        @ ../../../../Library/StdDriver/src/gpio.c:158:64
	orrs	r5, r6
	.loc	4 158 25                        @ ../../../../Library/StdDriver/src/gpio.c:158:25
	str	r5, [r0, #48]
.Ltmp88:
.LBB4_16:                               @   in Loop: Header=BB4_2 Depth=1
	@DEBUG_VALUE: GPIO_SetPullCtl:u32Mode <- $r2
	@DEBUG_VALUE: GPIO_SetPullCtl:u32PinMask <- $r1
	@DEBUG_VALUE: GPIO_SetPullCtl:port <- $r0
	@DEBUG_VALUE: GPIO_SetPullCtl:i <- [DW_OP_constu 7, DW_OP_or, DW_OP_stack_value] undef
	.loc	4 156 31 is_stmt 1              @ ../../../../Library/StdDriver/src/gpio.c:156:31
	adds	r4, #1
.Ltmp89:
	.loc	4 156 13 is_stmt 0              @ ../../../../Library/StdDriver/src/gpio.c:156:13
	lsr.w	r5, r1, r4
	lsls	r5, r5, #31
	beq	.LBB4_1
.Ltmp90:
@ %bb.17:                               @   in Loop: Header=BB4_2 Depth=1
	@DEBUG_VALUE: GPIO_SetPullCtl:u32Mode <- $r2
	@DEBUG_VALUE: GPIO_SetPullCtl:u32PinMask <- $r1
	@DEBUG_VALUE: GPIO_SetPullCtl:port <- $r0
	.loc	4 158 34 is_stmt 1              @ ../../../../Library/StdDriver/src/gpio.c:158:34
	ldr	r5, [r0, #48]
	.loc	4 158 50 is_stmt 0              @ ../../../../Library/StdDriver/src/gpio.c:158:50
	lsl.w	r6, r12, r3
	.loc	4 158 40                        @ ../../../../Library/StdDriver/src/gpio.c:158:40
	bics	r5, r6
	.loc	4 158 75                        @ ../../../../Library/StdDriver/src/gpio.c:158:75
	lsl.w	r6, r2, r3
	.loc	4 158 64                        @ ../../../../Library/StdDriver/src/gpio.c:158:64
	orrs	r5, r6
	.loc	4 158 25                        @ ../../../../Library/StdDriver/src/gpio.c:158:25
	str	r5, [r0, #48]
	b	.LBB4_1
.Ltmp91:
.LBB4_18:
	@DEBUG_VALUE: GPIO_SetPullCtl:u32Mode <- $r2
	@DEBUG_VALUE: GPIO_SetPullCtl:u32PinMask <- $r1
	@DEBUG_VALUE: GPIO_SetPullCtl:port <- $r0
	.loc	4 161 1 epilogue_begin is_stmt 1 @ ../../../../Library/StdDriver/src/gpio.c:161:1
	pop	{r4, r5, r6, r7, pc}
.Ltmp92:
.Lfunc_end4:
	.size	GPIO_SetPullCtl, .Lfunc_end4-GPIO_SetPullCtl
	.cfi_endproc
	.cantunwind
	.fnend
                                        @ -- End function
	.section	.text.GPIO_EnableEINT,"ax",%progbits
	.hidden	GPIO_EnableEINT                 @ -- Begin function GPIO_EnableEINT
	.globl	GPIO_EnableEINT
	.p2align	2
	.type	GPIO_EnableEINT,%function
	.code	16                              @ @GPIO_EnableEINT
	.thumb_func
GPIO_EnableEINT:
.Lfunc_begin5:
	.fnstart
	.cfi_startproc
@ %bb.0:
	@DEBUG_VALUE: GPIO_EnableEINT:u32EINTn <- $r0
	@DEBUG_VALUE: GPIO_EnableEINT:u32IntAttribs <- $r1
	.loc	4 177 5 prologue_end            @ ../../../../Library/StdDriver/src/gpio.c:177:5
	cmp	r0, #7
	.loc	4 222 1                         @ ../../../../Library/StdDriver/src/gpio.c:222:1
	it	hi
	bxhi	lr
.Ltmp93:
.LBB5_1:
	@DEBUG_VALUE: GPIO_EnableEINT:u32IntAttribs <- $r1
	@DEBUG_VALUE: GPIO_EnableEINT:u32EINTn <- $r0
	.loc	4 0 1 is_stmt 0                 @ ../../../../Library/StdDriver/src/gpio.c:0:1
	movw	r2, #37956
	movt	r2, #16418
	add.w	r12, r2, #4
	.loc	4 177 5 is_stmt 1               @ ../../../../Library/StdDriver/src/gpio.c:177:5
.LCPI5_0:
	tbb	[pc, r0]
.Ltmp94:
@ %bb.2:
	.loc	4 0 5 is_stmt 0                 @ ../../../../Library/StdDriver/src/gpio.c:0:5
.LJTI5_0:
	.byte	(.LBB5_10-(.LCPI5_0+4))/2
	.byte	(.LBB5_3-(.LCPI5_0+4))/2
	.byte	(.LBB5_5-(.LCPI5_0+4))/2
	.byte	(.LBB5_6-(.LCPI5_0+4))/2
	.byte	(.LBB5_4-(.LCPI5_0+4))/2
	.byte	(.LBB5_8-(.LCPI5_0+4))/2
	.byte	(.LBB5_9-(.LCPI5_0+4))/2
	.byte	(.LBB5_7-(.LCPI5_0+4))/2
	.p2align	1
.LBB5_3:
.Ltmp95:
	@DEBUG_VALUE: GPIO_EnableEINT:u32IntAttribs <- $r1
	@DEBUG_VALUE: GPIO_EnableEINT:u32EINTn <- $r0
	add.w	r12, r2, #36
	adds	r2, #32
	b	.LBB5_10
.Ltmp96:
.LBB5_4:
	@DEBUG_VALUE: GPIO_EnableEINT:u32IntAttribs <- $r1
	@DEBUG_VALUE: GPIO_EnableEINT:u32EINTn <- $r0
	add.w	r12, r2, #132
	adds	r2, #128
	b	.LBB5_10
.Ltmp97:
.LBB5_5:
	@DEBUG_VALUE: GPIO_EnableEINT:u32IntAttribs <- $r1
	@DEBUG_VALUE: GPIO_EnableEINT:u32EINTn <- $r0
	add.w	r12, r2, #68
	adds	r2, #64
	b	.LBB5_10
.Ltmp98:
.LBB5_6:
	@DEBUG_VALUE: GPIO_EnableEINT:u32IntAttribs <- $r1
	@DEBUG_VALUE: GPIO_EnableEINT:u32EINTn <- $r0
	add.w	r12, r2, #100
	adds	r2, #96
	b	.LBB5_10
.Ltmp99:
.LBB5_7:
	@DEBUG_VALUE: GPIO_EnableEINT:u32IntAttribs <- $r1
	@DEBUG_VALUE: GPIO_EnableEINT:u32EINTn <- $r0
	add.w	r12, r2, #228
	adds	r2, #224
	b	.LBB5_10
.Ltmp100:
.LBB5_8:
	@DEBUG_VALUE: GPIO_EnableEINT:u32IntAttribs <- $r1
	@DEBUG_VALUE: GPIO_EnableEINT:u32EINTn <- $r0
	add.w	r12, r2, #164
	adds	r2, #160
	b	.LBB5_10
.Ltmp101:
.LBB5_9:
	@DEBUG_VALUE: GPIO_EnableEINT:u32IntAttribs <- $r1
	@DEBUG_VALUE: GPIO_EnableEINT:u32EINTn <- $r0
	add.w	r12, r2, #196
	adds	r2, #192
.Ltmp102:
.LBB5_10:
	@DEBUG_VALUE: GPIO_EnableEINT:u32IntAttribs <- $r1
	@DEBUG_VALUE: GPIO_EnableEINT:u32EINTn <- $r0
	and	r0, r1, #3
.Ltmp103:
	@DEBUG_VALUE: GPIO_EnableEINT:u32EINTn <- [DW_OP_LLVM_entry_value 1] $r0
	str	r0, [r2]
	ldr.w	r0, [r12]
	orr	r0, r0, #1
	str.w	r0, [r12]
.Ltmp104:
	.loc	4 222 1 is_stmt 1               @ ../../../../Library/StdDriver/src/gpio.c:222:1
	bx	lr
.Ltmp105:
.Lfunc_end5:
	.size	GPIO_EnableEINT, .Lfunc_end5-GPIO_EnableEINT
	.cfi_endproc
	.cantunwind
	.fnend
                                        @ -- End function
	.section	.text.GPIO_DisableEINT,"ax",%progbits
	.hidden	GPIO_DisableEINT                @ -- Begin function GPIO_DisableEINT
	.globl	GPIO_DisableEINT
	.p2align	2
	.type	GPIO_DisableEINT,%function
	.code	16                              @ @GPIO_DisableEINT
	.thumb_func
GPIO_DisableEINT:
.Lfunc_begin6:
	.fnstart
	.cfi_startproc
@ %bb.0:
	@DEBUG_VALUE: GPIO_DisableEINT:u32EINTn <- $r0
	.loc	4 235 5 prologue_end            @ ../../../../Library/StdDriver/src/gpio.c:235:5
	cmp	r0, #7
	.loc	4 280 1                         @ ../../../../Library/StdDriver/src/gpio.c:280:1
	it	hi
	bxhi	lr
.Ltmp106:
.LBB6_1:
	@DEBUG_VALUE: GPIO_DisableEINT:u32EINTn <- $r0
	.loc	4 0 1 is_stmt 0                 @ ../../../../Library/StdDriver/src/gpio.c:0:1
	movw	r1, #37956
	movt	r1, #16418
	adds	r2, r1, #4
	.loc	4 235 5 is_stmt 1               @ ../../../../Library/StdDriver/src/gpio.c:235:5
.LCPI6_0:
	tbb	[pc, r0]
.Ltmp107:
@ %bb.2:
	.loc	4 0 5 is_stmt 0                 @ ../../../../Library/StdDriver/src/gpio.c:0:5
.LJTI6_0:
	.byte	(.LBB6_10-(.LCPI6_0+4))/2
	.byte	(.LBB6_3-(.LCPI6_0+4))/2
	.byte	(.LBB6_5-(.LCPI6_0+4))/2
	.byte	(.LBB6_6-(.LCPI6_0+4))/2
	.byte	(.LBB6_4-(.LCPI6_0+4))/2
	.byte	(.LBB6_8-(.LCPI6_0+4))/2
	.byte	(.LBB6_9-(.LCPI6_0+4))/2
	.byte	(.LBB6_7-(.LCPI6_0+4))/2
	.p2align	1
.LBB6_3:
.Ltmp108:
	@DEBUG_VALUE: GPIO_DisableEINT:u32EINTn <- $r0
	add.w	r2, r1, #36
	adds	r1, #32
	b	.LBB6_10
.Ltmp109:
.LBB6_4:
	@DEBUG_VALUE: GPIO_DisableEINT:u32EINTn <- $r0
	add.w	r2, r1, #132
	adds	r1, #128
	b	.LBB6_10
.Ltmp110:
.LBB6_5:
	@DEBUG_VALUE: GPIO_DisableEINT:u32EINTn <- $r0
	add.w	r2, r1, #68
	adds	r1, #64
	b	.LBB6_10
.Ltmp111:
.LBB6_6:
	@DEBUG_VALUE: GPIO_DisableEINT:u32EINTn <- $r0
	add.w	r2, r1, #100
	adds	r1, #96
	b	.LBB6_10
.Ltmp112:
.LBB6_7:
	@DEBUG_VALUE: GPIO_DisableEINT:u32EINTn <- $r0
	add.w	r2, r1, #228
	adds	r1, #224
	b	.LBB6_10
.Ltmp113:
.LBB6_8:
	@DEBUG_VALUE: GPIO_DisableEINT:u32EINTn <- $r0
	add.w	r2, r1, #164
	adds	r1, #160
	b	.LBB6_10
.Ltmp114:
.LBB6_9:
	@DEBUG_VALUE: GPIO_DisableEINT:u32EINTn <- $r0
	add.w	r2, r1, #196
	adds	r1, #192
.Ltmp115:
.LBB6_10:
	@DEBUG_VALUE: GPIO_DisableEINT:u32EINTn <- $r0
	ldr	r0, [r1]
.Ltmp116:
	@DEBUG_VALUE: GPIO_DisableEINT:u32EINTn <- [DW_OP_LLVM_entry_value 1] $r0
	bic	r0, r0, #3
	str	r0, [r1]
	ldr	r0, [r2]
	bic	r0, r0, #1
	str	r0, [r2]
.Ltmp117:
	.loc	4 280 1 is_stmt 1               @ ../../../../Library/StdDriver/src/gpio.c:280:1
	bx	lr
.Ltmp118:
.Lfunc_end6:
	.size	GPIO_DisableEINT, .Lfunc_end6-GPIO_DisableEINT
	.cfi_endproc
	.cantunwind
	.fnend
                                        @ -- End function
	.section	.debug_loc,"",%progbits
.Ldebug_loc0:
	.long	-1
	.long	.Lfunc_begin0                   @   base address
	.long	.Ltmp1-.Lfunc_begin0
	.long	.Ltmp2-.Lfunc_begin0
	.short	2                               @ Loc expr size
	.byte	48                              @ DW_OP_lit0
	.byte	159                             @ DW_OP_stack_value
	.long	.Ltmp4-.Lfunc_begin0
	.long	.Ltmp6-.Lfunc_begin0
	.short	1                               @ Loc expr size
	.byte	84                              @ DW_OP_reg4
	.long	.Ltmp6-.Lfunc_begin0
	.long	.Ltmp7-.Lfunc_begin0
	.short	5                               @ Loc expr size
	.byte	116                             @ DW_OP_breg4
	.byte	0                               @ 0
	.byte	49                              @ DW_OP_lit1
	.byte	33                              @ DW_OP_or
	.byte	159                             @ DW_OP_stack_value
	.long	0
	.long	0
.Ldebug_loc1:
	.long	-1
	.long	.Lfunc_begin1                   @   base address
	.long	.Lfunc_begin1-.Lfunc_begin1
	.long	.Ltmp30-.Lfunc_begin1
	.short	1                               @ Loc expr size
	.byte	81                              @ DW_OP_reg1
	.long	.Ltmp30-.Lfunc_begin1
	.long	.Lfunc_end1-.Lfunc_begin1
	.short	4                               @ Loc expr size
	.byte	243                             @ DW_OP_GNU_entry_value
	.byte	1                               @ 1
	.byte	81                              @ DW_OP_reg1
	.byte	159                             @ DW_OP_stack_value
	.long	0
	.long	0
.Ldebug_loc2:
	.long	-1
	.long	.Lfunc_begin1                   @   base address
	.long	.Lfunc_begin1-.Lfunc_begin1
	.long	.Ltmp29-.Lfunc_begin1
	.short	1                               @ Loc expr size
	.byte	82                              @ DW_OP_reg2
	.long	.Ltmp29-.Lfunc_begin1
	.long	.Lfunc_end1-.Lfunc_begin1
	.short	4                               @ Loc expr size
	.byte	243                             @ DW_OP_GNU_entry_value
	.byte	1                               @ 1
	.byte	82                              @ DW_OP_reg2
	.byte	159                             @ DW_OP_stack_value
	.long	0
	.long	0
.Ldebug_loc3:
	.long	-1
	.long	.Lfunc_begin2                   @   base address
	.long	.Lfunc_begin2-.Lfunc_begin2
	.long	.Ltmp33-.Lfunc_begin2
	.short	1                               @ Loc expr size
	.byte	81                              @ DW_OP_reg1
	.long	.Ltmp33-.Lfunc_begin2
	.long	.Lfunc_end2-.Lfunc_begin2
	.short	4                               @ Loc expr size
	.byte	243                             @ DW_OP_GNU_entry_value
	.byte	1                               @ 1
	.byte	81                              @ DW_OP_reg1
	.byte	159                             @ DW_OP_stack_value
	.long	0
	.long	0
.Ldebug_loc4:
	.long	-1
	.long	.Lfunc_begin3                   @   base address
	.long	.Ltmp36-.Lfunc_begin3
	.long	.Ltmp37-.Lfunc_begin3
	.short	2                               @ Loc expr size
	.byte	48                              @ DW_OP_lit0
	.byte	159                             @ DW_OP_stack_value
	.long	.Ltmp39-.Lfunc_begin3
	.long	.Ltmp41-.Lfunc_begin3
	.short	1                               @ Loc expr size
	.byte	84                              @ DW_OP_reg4
	.long	.Ltmp41-.Lfunc_begin3
	.long	.Ltmp42-.Lfunc_begin3
	.short	5                               @ Loc expr size
	.byte	116                             @ DW_OP_breg4
	.byte	0                               @ 0
	.byte	49                              @ DW_OP_lit1
	.byte	33                              @ DW_OP_or
	.byte	159                             @ DW_OP_stack_value
	.long	0
	.long	0
.Ldebug_loc5:
	.long	-1
	.long	.Lfunc_begin4                   @   base address
	.long	.Ltmp65-.Lfunc_begin4
	.long	.Ltmp66-.Lfunc_begin4
	.short	2                               @ Loc expr size
	.byte	48                              @ DW_OP_lit0
	.byte	159                             @ DW_OP_stack_value
	.long	.Ltmp68-.Lfunc_begin4
	.long	.Ltmp70-.Lfunc_begin4
	.short	1                               @ Loc expr size
	.byte	84                              @ DW_OP_reg4
	.long	.Ltmp70-.Lfunc_begin4
	.long	.Ltmp71-.Lfunc_begin4
	.short	5                               @ Loc expr size
	.byte	116                             @ DW_OP_breg4
	.byte	0                               @ 0
	.byte	49                              @ DW_OP_lit1
	.byte	33                              @ DW_OP_or
	.byte	159                             @ DW_OP_stack_value
	.long	0
	.long	0
.Ldebug_loc6:
	.long	-1
	.long	.Lfunc_begin5                   @   base address
	.long	.Lfunc_begin5-.Lfunc_begin5
	.long	.Ltmp94-.Lfunc_begin5
	.short	1                               @ Loc expr size
	.byte	80                              @ DW_OP_reg0
	.long	.Ltmp95-.Lfunc_begin5
	.long	.Ltmp103-.Lfunc_begin5
	.short	1                               @ Loc expr size
	.byte	80                              @ DW_OP_reg0
	.long	.Ltmp103-.Lfunc_begin5
	.long	.Lfunc_end5-.Lfunc_begin5
	.short	4                               @ Loc expr size
	.byte	243                             @ DW_OP_GNU_entry_value
	.byte	1                               @ 1
	.byte	80                              @ DW_OP_reg0
	.byte	159                             @ DW_OP_stack_value
	.long	0
	.long	0
.Ldebug_loc7:
	.long	-1
	.long	.Lfunc_begin5                   @   base address
	.long	.Lfunc_begin5-.Lfunc_begin5
	.long	.Ltmp94-.Lfunc_begin5
	.short	1                               @ Loc expr size
	.byte	81                              @ DW_OP_reg1
	.long	.Ltmp95-.Lfunc_begin5
	.long	.Lfunc_end5-.Lfunc_begin5
	.short	1                               @ Loc expr size
	.byte	81                              @ DW_OP_reg1
	.long	0
	.long	0
.Ldebug_loc8:
	.long	-1
	.long	.Lfunc_begin6                   @   base address
	.long	.Lfunc_begin6-.Lfunc_begin6
	.long	.Ltmp107-.Lfunc_begin6
	.short	1                               @ Loc expr size
	.byte	80                              @ DW_OP_reg0
	.long	.Ltmp108-.Lfunc_begin6
	.long	.Ltmp116-.Lfunc_begin6
	.short	1                               @ Loc expr size
	.byte	80                              @ DW_OP_reg0
	.long	.Ltmp116-.Lfunc_begin6
	.long	.Lfunc_end6-.Lfunc_begin6
	.short	4                               @ Loc expr size
	.byte	243                             @ DW_OP_GNU_entry_value
	.byte	1                               @ 1
	.byte	80                              @ DW_OP_reg0
	.byte	159                             @ DW_OP_stack_value
	.long	0
	.long	0
	.section	.debug_abbrev,"",%progbits
	.byte	1                               @ Abbreviation Code
	.byte	17                              @ DW_TAG_compile_unit
	.byte	1                               @ DW_CHILDREN_yes
	.byte	37                              @ DW_AT_producer
	.byte	14                              @ DW_FORM_strp
	.byte	19                              @ DW_AT_language
	.byte	5                               @ DW_FORM_data2
	.byte	3                               @ DW_AT_name
	.byte	14                              @ DW_FORM_strp
	.byte	16                              @ DW_AT_stmt_list
	.byte	23                              @ DW_FORM_sec_offset
	.byte	27                              @ DW_AT_comp_dir
	.byte	14                              @ DW_FORM_strp
	.byte	17                              @ DW_AT_low_pc
	.byte	1                               @ DW_FORM_addr
	.byte	85                              @ DW_AT_ranges
	.byte	23                              @ DW_FORM_sec_offset
	.byte	0                               @ EOM(1)
	.byte	0                               @ EOM(2)
	.byte	2                               @ Abbreviation Code
	.byte	15                              @ DW_TAG_pointer_type
	.byte	0                               @ DW_CHILDREN_no
	.byte	73                              @ DW_AT_type
	.byte	19                              @ DW_FORM_ref4
	.byte	0                               @ EOM(1)
	.byte	0                               @ EOM(2)
	.byte	3                               @ Abbreviation Code
	.byte	22                              @ DW_TAG_typedef
	.byte	0                               @ DW_CHILDREN_no
	.byte	73                              @ DW_AT_type
	.byte	19                              @ DW_FORM_ref4
	.byte	3                               @ DW_AT_name
	.byte	14                              @ DW_FORM_strp
	.byte	58                              @ DW_AT_decl_file
	.byte	11                              @ DW_FORM_data1
	.byte	59                              @ DW_AT_decl_line
	.byte	5                               @ DW_FORM_data2
	.byte	0                               @ EOM(1)
	.byte	0                               @ EOM(2)
	.byte	4                               @ Abbreviation Code
	.byte	19                              @ DW_TAG_structure_type
	.byte	1                               @ DW_CHILDREN_yes
	.byte	11                              @ DW_AT_byte_size
	.byte	11                              @ DW_FORM_data1
	.byte	58                              @ DW_AT_decl_file
	.byte	11                              @ DW_FORM_data1
	.byte	59                              @ DW_AT_decl_line
	.byte	5                               @ DW_FORM_data2
	.byte	0                               @ EOM(1)
	.byte	0                               @ EOM(2)
	.byte	5                               @ Abbreviation Code
	.byte	13                              @ DW_TAG_member
	.byte	0                               @ DW_CHILDREN_no
	.byte	3                               @ DW_AT_name
	.byte	14                              @ DW_FORM_strp
	.byte	73                              @ DW_AT_type
	.byte	19                              @ DW_FORM_ref4
	.byte	58                              @ DW_AT_decl_file
	.byte	11                              @ DW_FORM_data1
	.byte	59                              @ DW_AT_decl_line
	.byte	5                               @ DW_FORM_data2
	.byte	56                              @ DW_AT_data_member_location
	.byte	11                              @ DW_FORM_data1
	.byte	0                               @ EOM(1)
	.byte	0                               @ EOM(2)
	.byte	6                               @ Abbreviation Code
	.byte	53                              @ DW_TAG_volatile_type
	.byte	0                               @ DW_CHILDREN_no
	.byte	73                              @ DW_AT_type
	.byte	19                              @ DW_FORM_ref4
	.byte	0                               @ EOM(1)
	.byte	0                               @ EOM(2)
	.byte	7                               @ Abbreviation Code
	.byte	22                              @ DW_TAG_typedef
	.byte	0                               @ DW_CHILDREN_no
	.byte	73                              @ DW_AT_type
	.byte	19                              @ DW_FORM_ref4
	.byte	3                               @ DW_AT_name
	.byte	14                              @ DW_FORM_strp
	.byte	58                              @ DW_AT_decl_file
	.byte	11                              @ DW_FORM_data1
	.byte	59                              @ DW_AT_decl_line
	.byte	11                              @ DW_FORM_data1
	.byte	0                               @ EOM(1)
	.byte	0                               @ EOM(2)
	.byte	8                               @ Abbreviation Code
	.byte	36                              @ DW_TAG_base_type
	.byte	0                               @ DW_CHILDREN_no
	.byte	3                               @ DW_AT_name
	.byte	14                              @ DW_FORM_strp
	.byte	62                              @ DW_AT_encoding
	.byte	11                              @ DW_FORM_data1
	.byte	11                              @ DW_AT_byte_size
	.byte	11                              @ DW_FORM_data1
	.byte	0                               @ EOM(1)
	.byte	0                               @ EOM(2)
	.byte	9                               @ Abbreviation Code
	.byte	1                               @ DW_TAG_array_type
	.byte	1                               @ DW_CHILDREN_yes
	.byte	73                              @ DW_AT_type
	.byte	19                              @ DW_FORM_ref4
	.byte	0                               @ EOM(1)
	.byte	0                               @ EOM(2)
	.byte	10                              @ Abbreviation Code
	.byte	33                              @ DW_TAG_subrange_type
	.byte	0                               @ DW_CHILDREN_no
	.byte	73                              @ DW_AT_type
	.byte	19                              @ DW_FORM_ref4
	.byte	55                              @ DW_AT_count
	.byte	11                              @ DW_FORM_data1
	.byte	0                               @ EOM(1)
	.byte	0                               @ EOM(2)
	.byte	11                              @ Abbreviation Code
	.byte	38                              @ DW_TAG_const_type
	.byte	0                               @ DW_CHILDREN_no
	.byte	73                              @ DW_AT_type
	.byte	19                              @ DW_FORM_ref4
	.byte	0                               @ EOM(1)
	.byte	0                               @ EOM(2)
	.byte	12                              @ Abbreviation Code
	.byte	36                              @ DW_TAG_base_type
	.byte	0                               @ DW_CHILDREN_no
	.byte	3                               @ DW_AT_name
	.byte	14                              @ DW_FORM_strp
	.byte	11                              @ DW_AT_byte_size
	.byte	11                              @ DW_FORM_data1
	.byte	62                              @ DW_AT_encoding
	.byte	11                              @ DW_FORM_data1
	.byte	0                               @ EOM(1)
	.byte	0                               @ EOM(2)
	.byte	13                              @ Abbreviation Code
	.byte	19                              @ DW_TAG_structure_type
	.byte	1                               @ DW_CHILDREN_yes
	.byte	11                              @ DW_AT_byte_size
	.byte	5                               @ DW_FORM_data2
	.byte	58                              @ DW_AT_decl_file
	.byte	11                              @ DW_FORM_data1
	.byte	59                              @ DW_AT_decl_line
	.byte	11                              @ DW_FORM_data1
	.byte	0                               @ EOM(1)
	.byte	0                               @ EOM(2)
	.byte	14                              @ Abbreviation Code
	.byte	13                              @ DW_TAG_member
	.byte	0                               @ DW_CHILDREN_no
	.byte	3                               @ DW_AT_name
	.byte	14                              @ DW_FORM_strp
	.byte	73                              @ DW_AT_type
	.byte	19                              @ DW_FORM_ref4
	.byte	58                              @ DW_AT_decl_file
	.byte	11                              @ DW_FORM_data1
	.byte	59                              @ DW_AT_decl_line
	.byte	5                               @ DW_FORM_data2
	.byte	56                              @ DW_AT_data_member_location
	.byte	5                               @ DW_FORM_data2
	.byte	0                               @ EOM(1)
	.byte	0                               @ EOM(2)
	.byte	15                              @ Abbreviation Code
	.byte	46                              @ DW_TAG_subprogram
	.byte	1                               @ DW_CHILDREN_yes
	.byte	17                              @ DW_AT_low_pc
	.byte	1                               @ DW_FORM_addr
	.byte	18                              @ DW_AT_high_pc
	.byte	6                               @ DW_FORM_data4
	.byte	64                              @ DW_AT_frame_base
	.byte	24                              @ DW_FORM_exprloc
	.ascii	"\227B"                         @ DW_AT_GNU_all_call_sites
	.byte	25                              @ DW_FORM_flag_present
	.byte	3                               @ DW_AT_name
	.byte	14                              @ DW_FORM_strp
	.byte	58                              @ DW_AT_decl_file
	.byte	11                              @ DW_FORM_data1
	.byte	59                              @ DW_AT_decl_line
	.byte	11                              @ DW_FORM_data1
	.byte	39                              @ DW_AT_prototyped
	.byte	25                              @ DW_FORM_flag_present
	.byte	63                              @ DW_AT_external
	.byte	25                              @ DW_FORM_flag_present
	.byte	0                               @ EOM(1)
	.byte	0                               @ EOM(2)
	.byte	16                              @ Abbreviation Code
	.byte	5                               @ DW_TAG_formal_parameter
	.byte	0                               @ DW_CHILDREN_no
	.byte	2                               @ DW_AT_location
	.byte	24                              @ DW_FORM_exprloc
	.byte	3                               @ DW_AT_name
	.byte	14                              @ DW_FORM_strp
	.byte	58                              @ DW_AT_decl_file
	.byte	11                              @ DW_FORM_data1
	.byte	59                              @ DW_AT_decl_line
	.byte	11                              @ DW_FORM_data1
	.byte	73                              @ DW_AT_type
	.byte	19                              @ DW_FORM_ref4
	.byte	0                               @ EOM(1)
	.byte	0                               @ EOM(2)
	.byte	17                              @ Abbreviation Code
	.byte	52                              @ DW_TAG_variable
	.byte	0                               @ DW_CHILDREN_no
	.byte	2                               @ DW_AT_location
	.byte	23                              @ DW_FORM_sec_offset
	.byte	3                               @ DW_AT_name
	.byte	14                              @ DW_FORM_strp
	.byte	58                              @ DW_AT_decl_file
	.byte	11                              @ DW_FORM_data1
	.byte	59                              @ DW_AT_decl_line
	.byte	11                              @ DW_FORM_data1
	.byte	73                              @ DW_AT_type
	.byte	19                              @ DW_FORM_ref4
	.byte	0                               @ EOM(1)
	.byte	0                               @ EOM(2)
	.byte	18                              @ Abbreviation Code
	.byte	5                               @ DW_TAG_formal_parameter
	.byte	0                               @ DW_CHILDREN_no
	.byte	2                               @ DW_AT_location
	.byte	23                              @ DW_FORM_sec_offset
	.byte	3                               @ DW_AT_name
	.byte	14                              @ DW_FORM_strp
	.byte	58                              @ DW_AT_decl_file
	.byte	11                              @ DW_FORM_data1
	.byte	59                              @ DW_AT_decl_line
	.byte	11                              @ DW_FORM_data1
	.byte	73                              @ DW_AT_type
	.byte	19                              @ DW_FORM_ref4
	.byte	0                               @ EOM(1)
	.byte	0                               @ EOM(2)
	.byte	19                              @ Abbreviation Code
	.byte	19                              @ DW_TAG_structure_type
	.byte	1                               @ DW_CHILDREN_yes
	.byte	11                              @ DW_AT_byte_size
	.byte	11                              @ DW_FORM_data1
	.byte	58                              @ DW_AT_decl_file
	.byte	11                              @ DW_FORM_data1
	.byte	59                              @ DW_AT_decl_line
	.byte	11                              @ DW_FORM_data1
	.byte	0                               @ EOM(1)
	.byte	0                               @ EOM(2)
	.byte	0                               @ EOM(3)
	.section	.debug_info,"",%progbits
.Lcu_begin0:
	.long	.Ldebug_info_end0-.Ldebug_info_start0 @ Length of Unit
.Ldebug_info_start0:
	.short	4                               @ DWARF version number
	.long	.debug_abbrev                   @ Offset Into Abbrev. Section
	.byte	4                               @ Address Size (in bytes)
	.byte	1                               @ Abbrev [1] 0xb:0x73a DW_TAG_compile_unit
	.long	.Linfo_string0                  @ DW_AT_producer
	.short	29                              @ DW_AT_language
	.long	.Linfo_string1                  @ DW_AT_name
	.long	.Lline_table_start0             @ DW_AT_stmt_list
	.long	.Linfo_string2                  @ DW_AT_comp_dir
	.long	0                               @ DW_AT_low_pc
	.long	.Ldebug_ranges0                 @ DW_AT_ranges
	.byte	2                               @ Abbrev [2] 0x26:0x5 DW_TAG_pointer_type
	.long	43                              @ DW_AT_type
	.byte	3                               @ Abbrev [3] 0x2b:0xc DW_TAG_typedef
	.long	55                              @ DW_AT_type
	.long	.Linfo_string45                 @ DW_AT_name
	.byte	2                               @ DW_AT_decl_file
	.short	724                             @ DW_AT_decl_line
	.byte	4                               @ Abbrev [4] 0x37:0x201 DW_TAG_structure_type
	.byte	240                             @ DW_AT_byte_size
	.byte	2                               @ DW_AT_decl_file
	.short	295                             @ DW_AT_decl_line
	.byte	5                               @ Abbrev [5] 0x3c:0xd DW_TAG_member
	.long	.Linfo_string3                  @ DW_AT_name
	.long	568                             @ DW_AT_type
	.byte	2                               @ DW_AT_decl_file
	.short	670                             @ DW_AT_decl_line
	.byte	0                               @ DW_AT_data_member_location
	.byte	5                               @ Abbrev [5] 0x49:0xd DW_TAG_member
	.long	.Linfo_string6                  @ DW_AT_name
	.long	568                             @ DW_AT_type
	.byte	2                               @ DW_AT_decl_file
	.short	671                             @ DW_AT_decl_line
	.byte	4                               @ DW_AT_data_member_location
	.byte	5                               @ Abbrev [5] 0x56:0xd DW_TAG_member
	.long	.Linfo_string7                  @ DW_AT_name
	.long	568                             @ DW_AT_type
	.byte	2                               @ DW_AT_decl_file
	.short	672                             @ DW_AT_decl_line
	.byte	8                               @ DW_AT_data_member_location
	.byte	5                               @ Abbrev [5] 0x63:0xd DW_TAG_member
	.long	.Linfo_string8                  @ DW_AT_name
	.long	568                             @ DW_AT_type
	.byte	2                               @ DW_AT_decl_file
	.short	673                             @ DW_AT_decl_line
	.byte	12                              @ DW_AT_data_member_location
	.byte	5                               @ Abbrev [5] 0x70:0xd DW_TAG_member
	.long	.Linfo_string9                  @ DW_AT_name
	.long	591                             @ DW_AT_type
	.byte	2                               @ DW_AT_decl_file
	.short	675                             @ DW_AT_decl_line
	.byte	16                              @ DW_AT_data_member_location
	.byte	5                               @ Abbrev [5] 0x7d:0xd DW_TAG_member
	.long	.Linfo_string11                 @ DW_AT_name
	.long	568                             @ DW_AT_type
	.byte	2                               @ DW_AT_decl_file
	.short	677                             @ DW_AT_decl_line
	.byte	32                              @ DW_AT_data_member_location
	.byte	5                               @ Abbrev [5] 0x8a:0xd DW_TAG_member
	.long	.Linfo_string12                 @ DW_AT_name
	.long	568                             @ DW_AT_type
	.byte	2                               @ DW_AT_decl_file
	.short	678                             @ DW_AT_decl_line
	.byte	36                              @ DW_AT_data_member_location
	.byte	5                               @ Abbrev [5] 0x97:0xd DW_TAG_member
	.long	.Linfo_string13                 @ DW_AT_name
	.long	568                             @ DW_AT_type
	.byte	2                               @ DW_AT_decl_file
	.short	679                             @ DW_AT_decl_line
	.byte	40                              @ DW_AT_data_member_location
	.byte	5                               @ Abbrev [5] 0xa4:0xd DW_TAG_member
	.long	.Linfo_string14                 @ DW_AT_name
	.long	568                             @ DW_AT_type
	.byte	2                               @ DW_AT_decl_file
	.short	680                             @ DW_AT_decl_line
	.byte	44                              @ DW_AT_data_member_location
	.byte	5                               @ Abbrev [5] 0xb1:0xd DW_TAG_member
	.long	.Linfo_string15                 @ DW_AT_name
	.long	591                             @ DW_AT_type
	.byte	2                               @ DW_AT_decl_file
	.short	682                             @ DW_AT_decl_line
	.byte	48                              @ DW_AT_data_member_location
	.byte	5                               @ Abbrev [5] 0xbe:0xd DW_TAG_member
	.long	.Linfo_string16                 @ DW_AT_name
	.long	568                             @ DW_AT_type
	.byte	2                               @ DW_AT_decl_file
	.short	684                             @ DW_AT_decl_line
	.byte	64                              @ DW_AT_data_member_location
	.byte	5                               @ Abbrev [5] 0xcb:0xd DW_TAG_member
	.long	.Linfo_string17                 @ DW_AT_name
	.long	568                             @ DW_AT_type
	.byte	2                               @ DW_AT_decl_file
	.short	685                             @ DW_AT_decl_line
	.byte	68                              @ DW_AT_data_member_location
	.byte	5                               @ Abbrev [5] 0xd8:0xd DW_TAG_member
	.long	.Linfo_string18                 @ DW_AT_name
	.long	568                             @ DW_AT_type
	.byte	2                               @ DW_AT_decl_file
	.short	686                             @ DW_AT_decl_line
	.byte	72                              @ DW_AT_data_member_location
	.byte	5                               @ Abbrev [5] 0xe5:0xd DW_TAG_member
	.long	.Linfo_string19                 @ DW_AT_name
	.long	568                             @ DW_AT_type
	.byte	2                               @ DW_AT_decl_file
	.short	687                             @ DW_AT_decl_line
	.byte	76                              @ DW_AT_data_member_location
	.byte	5                               @ Abbrev [5] 0xf2:0xd DW_TAG_member
	.long	.Linfo_string20                 @ DW_AT_name
	.long	591                             @ DW_AT_type
	.byte	2                               @ DW_AT_decl_file
	.short	689                             @ DW_AT_decl_line
	.byte	80                              @ DW_AT_data_member_location
	.byte	5                               @ Abbrev [5] 0xff:0xd DW_TAG_member
	.long	.Linfo_string21                 @ DW_AT_name
	.long	568                             @ DW_AT_type
	.byte	2                               @ DW_AT_decl_file
	.short	691                             @ DW_AT_decl_line
	.byte	96                              @ DW_AT_data_member_location
	.byte	5                               @ Abbrev [5] 0x10c:0xd DW_TAG_member
	.long	.Linfo_string22                 @ DW_AT_name
	.long	568                             @ DW_AT_type
	.byte	2                               @ DW_AT_decl_file
	.short	692                             @ DW_AT_decl_line
	.byte	100                             @ DW_AT_data_member_location
	.byte	5                               @ Abbrev [5] 0x119:0xd DW_TAG_member
	.long	.Linfo_string23                 @ DW_AT_name
	.long	568                             @ DW_AT_type
	.byte	2                               @ DW_AT_decl_file
	.short	693                             @ DW_AT_decl_line
	.byte	104                             @ DW_AT_data_member_location
	.byte	5                               @ Abbrev [5] 0x126:0xd DW_TAG_member
	.long	.Linfo_string24                 @ DW_AT_name
	.long	568                             @ DW_AT_type
	.byte	2                               @ DW_AT_decl_file
	.short	694                             @ DW_AT_decl_line
	.byte	108                             @ DW_AT_data_member_location
	.byte	5                               @ Abbrev [5] 0x133:0xd DW_TAG_member
	.long	.Linfo_string25                 @ DW_AT_name
	.long	591                             @ DW_AT_type
	.byte	2                               @ DW_AT_decl_file
	.short	696                             @ DW_AT_decl_line
	.byte	112                             @ DW_AT_data_member_location
	.byte	5                               @ Abbrev [5] 0x140:0xd DW_TAG_member
	.long	.Linfo_string26                 @ DW_AT_name
	.long	568                             @ DW_AT_type
	.byte	2                               @ DW_AT_decl_file
	.short	698                             @ DW_AT_decl_line
	.byte	128                             @ DW_AT_data_member_location
	.byte	5                               @ Abbrev [5] 0x14d:0xd DW_TAG_member
	.long	.Linfo_string27                 @ DW_AT_name
	.long	568                             @ DW_AT_type
	.byte	2                               @ DW_AT_decl_file
	.short	699                             @ DW_AT_decl_line
	.byte	132                             @ DW_AT_data_member_location
	.byte	5                               @ Abbrev [5] 0x15a:0xd DW_TAG_member
	.long	.Linfo_string28                 @ DW_AT_name
	.long	568                             @ DW_AT_type
	.byte	2                               @ DW_AT_decl_file
	.short	700                             @ DW_AT_decl_line
	.byte	136                             @ DW_AT_data_member_location
	.byte	5                               @ Abbrev [5] 0x167:0xd DW_TAG_member
	.long	.Linfo_string29                 @ DW_AT_name
	.long	568                             @ DW_AT_type
	.byte	2                               @ DW_AT_decl_file
	.short	701                             @ DW_AT_decl_line
	.byte	140                             @ DW_AT_data_member_location
	.byte	5                               @ Abbrev [5] 0x174:0xd DW_TAG_member
	.long	.Linfo_string30                 @ DW_AT_name
	.long	591                             @ DW_AT_type
	.byte	2                               @ DW_AT_decl_file
	.short	703                             @ DW_AT_decl_line
	.byte	144                             @ DW_AT_data_member_location
	.byte	5                               @ Abbrev [5] 0x181:0xd DW_TAG_member
	.long	.Linfo_string31                 @ DW_AT_name
	.long	568                             @ DW_AT_type
	.byte	2                               @ DW_AT_decl_file
	.short	705                             @ DW_AT_decl_line
	.byte	160                             @ DW_AT_data_member_location
	.byte	5                               @ Abbrev [5] 0x18e:0xd DW_TAG_member
	.long	.Linfo_string32                 @ DW_AT_name
	.long	568                             @ DW_AT_type
	.byte	2                               @ DW_AT_decl_file
	.short	706                             @ DW_AT_decl_line
	.byte	164                             @ DW_AT_data_member_location
	.byte	5                               @ Abbrev [5] 0x19b:0xd DW_TAG_member
	.long	.Linfo_string33                 @ DW_AT_name
	.long	568                             @ DW_AT_type
	.byte	2                               @ DW_AT_decl_file
	.short	707                             @ DW_AT_decl_line
	.byte	168                             @ DW_AT_data_member_location
	.byte	5                               @ Abbrev [5] 0x1a8:0xd DW_TAG_member
	.long	.Linfo_string34                 @ DW_AT_name
	.long	568                             @ DW_AT_type
	.byte	2                               @ DW_AT_decl_file
	.short	708                             @ DW_AT_decl_line
	.byte	172                             @ DW_AT_data_member_location
	.byte	5                               @ Abbrev [5] 0x1b5:0xd DW_TAG_member
	.long	.Linfo_string35                 @ DW_AT_name
	.long	591                             @ DW_AT_type
	.byte	2                               @ DW_AT_decl_file
	.short	710                             @ DW_AT_decl_line
	.byte	176                             @ DW_AT_data_member_location
	.byte	5                               @ Abbrev [5] 0x1c2:0xd DW_TAG_member
	.long	.Linfo_string36                 @ DW_AT_name
	.long	568                             @ DW_AT_type
	.byte	2                               @ DW_AT_decl_file
	.short	712                             @ DW_AT_decl_line
	.byte	192                             @ DW_AT_data_member_location
	.byte	5                               @ Abbrev [5] 0x1cf:0xd DW_TAG_member
	.long	.Linfo_string37                 @ DW_AT_name
	.long	568                             @ DW_AT_type
	.byte	2                               @ DW_AT_decl_file
	.short	713                             @ DW_AT_decl_line
	.byte	196                             @ DW_AT_data_member_location
	.byte	5                               @ Abbrev [5] 0x1dc:0xd DW_TAG_member
	.long	.Linfo_string38                 @ DW_AT_name
	.long	568                             @ DW_AT_type
	.byte	2                               @ DW_AT_decl_file
	.short	714                             @ DW_AT_decl_line
	.byte	200                             @ DW_AT_data_member_location
	.byte	5                               @ Abbrev [5] 0x1e9:0xd DW_TAG_member
	.long	.Linfo_string39                 @ DW_AT_name
	.long	568                             @ DW_AT_type
	.byte	2                               @ DW_AT_decl_file
	.short	715                             @ DW_AT_decl_line
	.byte	204                             @ DW_AT_data_member_location
	.byte	5                               @ Abbrev [5] 0x1f6:0xd DW_TAG_member
	.long	.Linfo_string40                 @ DW_AT_name
	.long	591                             @ DW_AT_type
	.byte	2                               @ DW_AT_decl_file
	.short	717                             @ DW_AT_decl_line
	.byte	208                             @ DW_AT_data_member_location
	.byte	5                               @ Abbrev [5] 0x203:0xd DW_TAG_member
	.long	.Linfo_string41                 @ DW_AT_name
	.long	568                             @ DW_AT_type
	.byte	2                               @ DW_AT_decl_file
	.short	719                             @ DW_AT_decl_line
	.byte	224                             @ DW_AT_data_member_location
	.byte	5                               @ Abbrev [5] 0x210:0xd DW_TAG_member
	.long	.Linfo_string42                 @ DW_AT_name
	.long	568                             @ DW_AT_type
	.byte	2                               @ DW_AT_decl_file
	.short	720                             @ DW_AT_decl_line
	.byte	228                             @ DW_AT_data_member_location
	.byte	5                               @ Abbrev [5] 0x21d:0xd DW_TAG_member
	.long	.Linfo_string43                 @ DW_AT_name
	.long	568                             @ DW_AT_type
	.byte	2                               @ DW_AT_decl_file
	.short	721                             @ DW_AT_decl_line
	.byte	232                             @ DW_AT_data_member_location
	.byte	5                               @ Abbrev [5] 0x22a:0xd DW_TAG_member
	.long	.Linfo_string44                 @ DW_AT_name
	.long	568                             @ DW_AT_type
	.byte	2                               @ DW_AT_decl_file
	.short	722                             @ DW_AT_decl_line
	.byte	236                             @ DW_AT_data_member_location
	.byte	0                               @ End Of Children Mark
	.byte	6                               @ Abbrev [6] 0x238:0x5 DW_TAG_volatile_type
	.long	573                             @ DW_AT_type
	.byte	7                               @ Abbrev [7] 0x23d:0xb DW_TAG_typedef
	.long	584                             @ DW_AT_type
	.long	.Linfo_string5                  @ DW_AT_name
	.byte	1                               @ DW_AT_decl_file
	.byte	64                              @ DW_AT_decl_line
	.byte	8                               @ Abbrev [8] 0x248:0x7 DW_TAG_base_type
	.long	.Linfo_string4                  @ DW_AT_name
	.byte	7                               @ DW_AT_encoding
	.byte	4                               @ DW_AT_byte_size
	.byte	9                               @ Abbrev [9] 0x24f:0xc DW_TAG_array_type
	.long	603                             @ DW_AT_type
	.byte	10                              @ Abbrev [10] 0x254:0x6 DW_TAG_subrange_type
	.long	608                             @ DW_AT_type
	.byte	4                               @ DW_AT_count
	.byte	0                               @ End Of Children Mark
	.byte	11                              @ Abbrev [11] 0x25b:0x5 DW_TAG_const_type
	.long	568                             @ DW_AT_type
	.byte	12                              @ Abbrev [12] 0x260:0x7 DW_TAG_base_type
	.long	.Linfo_string10                 @ DW_AT_name
	.byte	8                               @ DW_AT_byte_size
	.byte	7                               @ DW_AT_encoding
	.byte	2                               @ Abbrev [2] 0x267:0x5 DW_TAG_pointer_type
	.long	620                             @ DW_AT_type
	.byte	3                               @ Abbrev [3] 0x26c:0xc DW_TAG_typedef
	.long	632                             @ DW_AT_type
	.long	.Linfo_string78                 @ DW_AT_name
	.byte	3                               @ DW_AT_decl_file
	.short	466                             @ DW_AT_decl_line
	.byte	13                              @ Abbrev [13] 0x278:0x20c DW_TAG_structure_type
	.short	448                             @ DW_AT_byte_size
	.byte	3                               @ DW_AT_decl_file
	.byte	28                              @ DW_AT_decl_line
	.byte	5                               @ Abbrev [5] 0x27d:0xd DW_TAG_member
	.long	.Linfo_string46                 @ DW_AT_name
	.long	568                             @ DW_AT_type
	.byte	3                               @ DW_AT_decl_file
	.short	427                             @ DW_AT_decl_line
	.byte	0                               @ DW_AT_data_member_location
	.byte	5                               @ Abbrev [5] 0x28a:0xd DW_TAG_member
	.long	.Linfo_string47                 @ DW_AT_name
	.long	568                             @ DW_AT_type
	.byte	3                               @ DW_AT_decl_file
	.short	428                             @ DW_AT_decl_line
	.byte	4                               @ DW_AT_data_member_location
	.byte	5                               @ Abbrev [5] 0x297:0xd DW_TAG_member
	.long	.Linfo_string48                 @ DW_AT_name
	.long	568                             @ DW_AT_type
	.byte	3                               @ DW_AT_decl_file
	.short	429                             @ DW_AT_decl_line
	.byte	8                               @ DW_AT_data_member_location
	.byte	5                               @ Abbrev [5] 0x2a4:0xd DW_TAG_member
	.long	.Linfo_string49                 @ DW_AT_name
	.long	568                             @ DW_AT_type
	.byte	3                               @ DW_AT_decl_file
	.short	430                             @ DW_AT_decl_line
	.byte	12                              @ DW_AT_data_member_location
	.byte	5                               @ Abbrev [5] 0x2b1:0xd DW_TAG_member
	.long	.Linfo_string50                 @ DW_AT_name
	.long	568                             @ DW_AT_type
	.byte	3                               @ DW_AT_decl_file
	.short	431                             @ DW_AT_decl_line
	.byte	16                              @ DW_AT_data_member_location
	.byte	5                               @ Abbrev [5] 0x2be:0xd DW_TAG_member
	.long	.Linfo_string9                  @ DW_AT_name
	.long	1156                            @ DW_AT_type
	.byte	3                               @ DW_AT_decl_file
	.short	432                             @ DW_AT_decl_line
	.byte	20                              @ DW_AT_data_member_location
	.byte	5                               @ Abbrev [5] 0x2cb:0xd DW_TAG_member
	.long	.Linfo_string51                 @ DW_AT_name
	.long	568                             @ DW_AT_type
	.byte	3                               @ DW_AT_decl_file
	.short	433                             @ DW_AT_decl_line
	.byte	32                              @ DW_AT_data_member_location
	.byte	5                               @ Abbrev [5] 0x2d8:0xd DW_TAG_member
	.long	.Linfo_string52                 @ DW_AT_name
	.long	568                             @ DW_AT_type
	.byte	3                               @ DW_AT_decl_file
	.short	434                             @ DW_AT_decl_line
	.byte	36                              @ DW_AT_data_member_location
	.byte	5                               @ Abbrev [5] 0x2e5:0xd DW_TAG_member
	.long	.Linfo_string53                 @ DW_AT_name
	.long	568                             @ DW_AT_type
	.byte	3                               @ DW_AT_decl_file
	.short	435                             @ DW_AT_decl_line
	.byte	40                              @ DW_AT_data_member_location
	.byte	5                               @ Abbrev [5] 0x2f2:0xd DW_TAG_member
	.long	.Linfo_string54                 @ DW_AT_name
	.long	568                             @ DW_AT_type
	.byte	3                               @ DW_AT_decl_file
	.short	436                             @ DW_AT_decl_line
	.byte	44                              @ DW_AT_data_member_location
	.byte	5                               @ Abbrev [5] 0x2ff:0xd DW_TAG_member
	.long	.Linfo_string55                 @ DW_AT_name
	.long	568                             @ DW_AT_type
	.byte	3                               @ DW_AT_decl_file
	.short	437                             @ DW_AT_decl_line
	.byte	48                              @ DW_AT_data_member_location
	.byte	5                               @ Abbrev [5] 0x30c:0xd DW_TAG_member
	.long	.Linfo_string56                 @ DW_AT_name
	.long	568                             @ DW_AT_type
	.byte	3                               @ DW_AT_decl_file
	.short	438                             @ DW_AT_decl_line
	.byte	52                              @ DW_AT_data_member_location
	.byte	5                               @ Abbrev [5] 0x319:0xd DW_TAG_member
	.long	.Linfo_string15                 @ DW_AT_name
	.long	1168                            @ DW_AT_type
	.byte	3                               @ DW_AT_decl_file
	.short	439                             @ DW_AT_decl_line
	.byte	56                              @ DW_AT_data_member_location
	.byte	5                               @ Abbrev [5] 0x326:0xd DW_TAG_member
	.long	.Linfo_string57                 @ DW_AT_name
	.long	568                             @ DW_AT_type
	.byte	3                               @ DW_AT_decl_file
	.short	440                             @ DW_AT_decl_line
	.byte	60                              @ DW_AT_data_member_location
	.byte	5                               @ Abbrev [5] 0x333:0xd DW_TAG_member
	.long	.Linfo_string58                 @ DW_AT_name
	.long	568                             @ DW_AT_type
	.byte	3                               @ DW_AT_decl_file
	.short	441                             @ DW_AT_decl_line
	.byte	64                              @ DW_AT_data_member_location
	.byte	5                               @ Abbrev [5] 0x340:0xd DW_TAG_member
	.long	.Linfo_string59                 @ DW_AT_name
	.long	568                             @ DW_AT_type
	.byte	3                               @ DW_AT_decl_file
	.short	442                             @ DW_AT_decl_line
	.byte	68                              @ DW_AT_data_member_location
	.byte	5                               @ Abbrev [5] 0x34d:0xd DW_TAG_member
	.long	.Linfo_string60                 @ DW_AT_name
	.long	568                             @ DW_AT_type
	.byte	3                               @ DW_AT_decl_file
	.short	443                             @ DW_AT_decl_line
	.byte	72                              @ DW_AT_data_member_location
	.byte	5                               @ Abbrev [5] 0x35a:0xd DW_TAG_member
	.long	.Linfo_string61                 @ DW_AT_name
	.long	568                             @ DW_AT_type
	.byte	3                               @ DW_AT_decl_file
	.short	444                             @ DW_AT_decl_line
	.byte	76                              @ DW_AT_data_member_location
	.byte	5                               @ Abbrev [5] 0x367:0xd DW_TAG_member
	.long	.Linfo_string62                 @ DW_AT_name
	.long	603                             @ DW_AT_type
	.byte	3                               @ DW_AT_decl_file
	.short	445                             @ DW_AT_decl_line
	.byte	80                              @ DW_AT_data_member_location
	.byte	5                               @ Abbrev [5] 0x374:0xd DW_TAG_member
	.long	.Linfo_string63                 @ DW_AT_name
	.long	603                             @ DW_AT_type
	.byte	3                               @ DW_AT_decl_file
	.short	446                             @ DW_AT_decl_line
	.byte	84                              @ DW_AT_data_member_location
	.byte	5                               @ Abbrev [5] 0x381:0xd DW_TAG_member
	.long	.Linfo_string64                 @ DW_AT_name
	.long	603                             @ DW_AT_type
	.byte	3                               @ DW_AT_decl_file
	.short	447                             @ DW_AT_decl_line
	.byte	88                              @ DW_AT_data_member_location
	.byte	5                               @ Abbrev [5] 0x38e:0xd DW_TAG_member
	.long	.Linfo_string65                 @ DW_AT_name
	.long	603                             @ DW_AT_type
	.byte	3                               @ DW_AT_decl_file
	.short	448                             @ DW_AT_decl_line
	.byte	92                              @ DW_AT_data_member_location
	.byte	5                               @ Abbrev [5] 0x39b:0xd DW_TAG_member
	.long	.Linfo_string66                 @ DW_AT_name
	.long	568                             @ DW_AT_type
	.byte	3                               @ DW_AT_decl_file
	.short	449                             @ DW_AT_decl_line
	.byte	96                              @ DW_AT_data_member_location
	.byte	5                               @ Abbrev [5] 0x3a8:0xd DW_TAG_member
	.long	.Linfo_string20                 @ DW_AT_name
	.long	1180                            @ DW_AT_type
	.byte	3                               @ DW_AT_decl_file
	.short	450                             @ DW_AT_decl_line
	.byte	100                             @ DW_AT_data_member_location
	.byte	5                               @ Abbrev [5] 0x3b5:0xd DW_TAG_member
	.long	.Linfo_string67                 @ DW_AT_name
	.long	568                             @ DW_AT_type
	.byte	3                               @ DW_AT_decl_file
	.short	451                             @ DW_AT_decl_line
	.byte	128                             @ DW_AT_data_member_location
	.byte	5                               @ Abbrev [5] 0x3c2:0xd DW_TAG_member
	.long	.Linfo_string68                 @ DW_AT_name
	.long	568                             @ DW_AT_type
	.byte	3                               @ DW_AT_decl_file
	.short	452                             @ DW_AT_decl_line
	.byte	132                             @ DW_AT_data_member_location
	.byte	5                               @ Abbrev [5] 0x3cf:0xd DW_TAG_member
	.long	.Linfo_string69                 @ DW_AT_name
	.long	568                             @ DW_AT_type
	.byte	3                               @ DW_AT_decl_file
	.short	453                             @ DW_AT_decl_line
	.byte	136                             @ DW_AT_data_member_location
	.byte	5                               @ Abbrev [5] 0x3dc:0xd DW_TAG_member
	.long	.Linfo_string25                 @ DW_AT_name
	.long	1192                            @ DW_AT_type
	.byte	3                               @ DW_AT_decl_file
	.short	454                             @ DW_AT_decl_line
	.byte	140                             @ DW_AT_data_member_location
	.byte	14                              @ Abbrev [14] 0x3e9:0xe DW_TAG_member
	.long	.Linfo_string70                 @ DW_AT_name
	.long	568                             @ DW_AT_type
	.byte	3                               @ DW_AT_decl_file
	.short	455                             @ DW_AT_decl_line
	.short	256                             @ DW_AT_data_member_location
	.byte	14                              @ Abbrev [14] 0x3f7:0xe DW_TAG_member
	.long	.Linfo_string71                 @ DW_AT_name
	.long	568                             @ DW_AT_type
	.byte	3                               @ DW_AT_decl_file
	.short	456                             @ DW_AT_decl_line
	.short	260                             @ DW_AT_data_member_location
	.byte	14                              @ Abbrev [14] 0x405:0xe DW_TAG_member
	.long	.Linfo_string30                 @ DW_AT_name
	.long	1204                            @ DW_AT_type
	.byte	3                               @ DW_AT_decl_file
	.short	457                             @ DW_AT_decl_line
	.short	264                             @ DW_AT_data_member_location
	.byte	14                              @ Abbrev [14] 0x413:0xe DW_TAG_member
	.long	.Linfo_string72                 @ DW_AT_name
	.long	568                             @ DW_AT_type
	.byte	3                               @ DW_AT_decl_file
	.short	458                             @ DW_AT_decl_line
	.short	272                             @ DW_AT_data_member_location
	.byte	14                              @ Abbrev [14] 0x421:0xe DW_TAG_member
	.long	.Linfo_string73                 @ DW_AT_name
	.long	603                             @ DW_AT_type
	.byte	3                               @ DW_AT_decl_file
	.short	459                             @ DW_AT_decl_line
	.short	276                             @ DW_AT_data_member_location
	.byte	14                              @ Abbrev [14] 0x42f:0xe DW_TAG_member
	.long	.Linfo_string35                 @ DW_AT_name
	.long	1204                            @ DW_AT_type
	.byte	3                               @ DW_AT_decl_file
	.short	460                             @ DW_AT_decl_line
	.short	280                             @ DW_AT_data_member_location
	.byte	14                              @ Abbrev [14] 0x43d:0xe DW_TAG_member
	.long	.Linfo_string74                 @ DW_AT_name
	.long	568                             @ DW_AT_type
	.byte	3                               @ DW_AT_decl_file
	.short	461                             @ DW_AT_decl_line
	.short	288                             @ DW_AT_data_member_location
	.byte	14                              @ Abbrev [14] 0x44b:0xe DW_TAG_member
	.long	.Linfo_string75                 @ DW_AT_name
	.long	603                             @ DW_AT_type
	.byte	3                               @ DW_AT_decl_file
	.short	462                             @ DW_AT_decl_line
	.short	292                             @ DW_AT_data_member_location
	.byte	14                              @ Abbrev [14] 0x459:0xe DW_TAG_member
	.long	.Linfo_string40                 @ DW_AT_name
	.long	1216                            @ DW_AT_type
	.byte	3                               @ DW_AT_decl_file
	.short	463                             @ DW_AT_decl_line
	.short	296                             @ DW_AT_data_member_location
	.byte	14                              @ Abbrev [14] 0x467:0xe DW_TAG_member
	.long	.Linfo_string76                 @ DW_AT_name
	.long	1228                            @ DW_AT_type
	.byte	3                               @ DW_AT_decl_file
	.short	464                             @ DW_AT_decl_line
	.short	320                             @ DW_AT_data_member_location
	.byte	14                              @ Abbrev [14] 0x475:0xe DW_TAG_member
	.long	.Linfo_string77                 @ DW_AT_name
	.long	1240                            @ DW_AT_type
	.byte	3                               @ DW_AT_decl_file
	.short	465                             @ DW_AT_decl_line
	.short	384                             @ DW_AT_data_member_location
	.byte	0                               @ End Of Children Mark
	.byte	9                               @ Abbrev [9] 0x484:0xc DW_TAG_array_type
	.long	603                             @ DW_AT_type
	.byte	10                              @ Abbrev [10] 0x489:0x6 DW_TAG_subrange_type
	.long	608                             @ DW_AT_type
	.byte	3                               @ DW_AT_count
	.byte	0                               @ End Of Children Mark
	.byte	9                               @ Abbrev [9] 0x490:0xc DW_TAG_array_type
	.long	603                             @ DW_AT_type
	.byte	10                              @ Abbrev [10] 0x495:0x6 DW_TAG_subrange_type
	.long	608                             @ DW_AT_type
	.byte	1                               @ DW_AT_count
	.byte	0                               @ End Of Children Mark
	.byte	9                               @ Abbrev [9] 0x49c:0xc DW_TAG_array_type
	.long	603                             @ DW_AT_type
	.byte	10                              @ Abbrev [10] 0x4a1:0x6 DW_TAG_subrange_type
	.long	608                             @ DW_AT_type
	.byte	7                               @ DW_AT_count
	.byte	0                               @ End Of Children Mark
	.byte	9                               @ Abbrev [9] 0x4a8:0xc DW_TAG_array_type
	.long	603                             @ DW_AT_type
	.byte	10                              @ Abbrev [10] 0x4ad:0x6 DW_TAG_subrange_type
	.long	608                             @ DW_AT_type
	.byte	29                              @ DW_AT_count
	.byte	0                               @ End Of Children Mark
	.byte	9                               @ Abbrev [9] 0x4b4:0xc DW_TAG_array_type
	.long	603                             @ DW_AT_type
	.byte	10                              @ Abbrev [10] 0x4b9:0x6 DW_TAG_subrange_type
	.long	608                             @ DW_AT_type
	.byte	2                               @ DW_AT_count
	.byte	0                               @ End Of Children Mark
	.byte	9                               @ Abbrev [9] 0x4c0:0xc DW_TAG_array_type
	.long	603                             @ DW_AT_type
	.byte	10                              @ Abbrev [10] 0x4c5:0x6 DW_TAG_subrange_type
	.long	608                             @ DW_AT_type
	.byte	6                               @ DW_AT_count
	.byte	0                               @ End Of Children Mark
	.byte	9                               @ Abbrev [9] 0x4cc:0xc DW_TAG_array_type
	.long	568                             @ DW_AT_type
	.byte	10                              @ Abbrev [10] 0x4d1:0x6 DW_TAG_subrange_type
	.long	608                             @ DW_AT_type
	.byte	16                              @ DW_AT_count
	.byte	0                               @ End Of Children Mark
	.byte	9                               @ Abbrev [9] 0x4d8:0xc DW_TAG_array_type
	.long	603                             @ DW_AT_type
	.byte	10                              @ Abbrev [10] 0x4dd:0x6 DW_TAG_subrange_type
	.long	608                             @ DW_AT_type
	.byte	16                              @ DW_AT_count
	.byte	0                               @ End Of Children Mark
	.byte	15                              @ Abbrev [15] 0x4e4:0x48 DW_TAG_subprogram
	.long	.Lfunc_begin0                   @ DW_AT_low_pc
	.long	.Lfunc_end0-.Lfunc_begin0       @ DW_AT_high_pc
	.byte	1                               @ DW_AT_frame_base
	.byte	93
                                        @ DW_AT_GNU_all_call_sites
	.long	.Linfo_string79                 @ DW_AT_name
	.byte	4                               @ DW_AT_decl_file
	.byte	41                              @ DW_AT_decl_line
                                        @ DW_AT_prototyped
                                        @ DW_AT_external
	.byte	16                              @ Abbrev [16] 0x4f5:0xd DW_TAG_formal_parameter
	.byte	1                               @ DW_AT_location
	.byte	80
	.long	.Linfo_string86                 @ DW_AT_name
	.byte	4                               @ DW_AT_decl_file
	.byte	41                              @ DW_AT_decl_line
	.long	1656                            @ DW_AT_type
	.byte	16                              @ Abbrev [16] 0x502:0xd DW_TAG_formal_parameter
	.byte	1                               @ DW_AT_location
	.byte	81
	.long	.Linfo_string100                @ DW_AT_name
	.byte	4                               @ DW_AT_decl_file
	.byte	41                              @ DW_AT_decl_line
	.long	573                             @ DW_AT_type
	.byte	16                              @ Abbrev [16] 0x50f:0xd DW_TAG_formal_parameter
	.byte	1                               @ DW_AT_location
	.byte	82
	.long	.Linfo_string101                @ DW_AT_name
	.byte	4                               @ DW_AT_decl_file
	.byte	41                              @ DW_AT_decl_line
	.long	573                             @ DW_AT_type
	.byte	17                              @ Abbrev [17] 0x51c:0xf DW_TAG_variable
	.long	.Ldebug_loc0                    @ DW_AT_location
	.long	.Linfo_string102                @ DW_AT_name
	.byte	4                               @ DW_AT_decl_file
	.byte	43                              @ DW_AT_decl_line
	.long	573                             @ DW_AT_type
	.byte	0                               @ End Of Children Mark
	.byte	15                              @ Abbrev [15] 0x52c:0x3d DW_TAG_subprogram
	.long	.Lfunc_begin1                   @ DW_AT_low_pc
	.long	.Lfunc_end1-.Lfunc_begin1       @ DW_AT_high_pc
	.byte	1                               @ DW_AT_frame_base
	.byte	93
                                        @ DW_AT_GNU_all_call_sites
	.long	.Linfo_string80                 @ DW_AT_name
	.byte	4                               @ DW_AT_decl_file
	.byte	71                              @ DW_AT_decl_line
                                        @ DW_AT_prototyped
                                        @ DW_AT_external
	.byte	16                              @ Abbrev [16] 0x53d:0xd DW_TAG_formal_parameter
	.byte	1                               @ DW_AT_location
	.byte	80
	.long	.Linfo_string86                 @ DW_AT_name
	.byte	4                               @ DW_AT_decl_file
	.byte	71                              @ DW_AT_decl_line
	.long	1656                            @ DW_AT_type
	.byte	18                              @ Abbrev [18] 0x54a:0xf DW_TAG_formal_parameter
	.long	.Ldebug_loc1                    @ DW_AT_location
	.long	.Linfo_string103                @ DW_AT_name
	.byte	4                               @ DW_AT_decl_file
	.byte	71                              @ DW_AT_decl_line
	.long	573                             @ DW_AT_type
	.byte	18                              @ Abbrev [18] 0x559:0xf DW_TAG_formal_parameter
	.long	.Ldebug_loc2                    @ DW_AT_location
	.long	.Linfo_string104                @ DW_AT_name
	.byte	4                               @ DW_AT_decl_file
	.byte	71                              @ DW_AT_decl_line
	.long	573                             @ DW_AT_type
	.byte	0                               @ End Of Children Mark
	.byte	15                              @ Abbrev [15] 0x569:0x2e DW_TAG_subprogram
	.long	.Lfunc_begin2                   @ DW_AT_low_pc
	.long	.Lfunc_end2-.Lfunc_begin2       @ DW_AT_high_pc
	.byte	1                               @ DW_AT_frame_base
	.byte	93
                                        @ DW_AT_GNU_all_call_sites
	.long	.Linfo_string81                 @ DW_AT_name
	.byte	4                               @ DW_AT_decl_file
	.byte	93                              @ DW_AT_decl_line
                                        @ DW_AT_prototyped
                                        @ DW_AT_external
	.byte	16                              @ Abbrev [16] 0x57a:0xd DW_TAG_formal_parameter
	.byte	1                               @ DW_AT_location
	.byte	80
	.long	.Linfo_string86                 @ DW_AT_name
	.byte	4                               @ DW_AT_decl_file
	.byte	93                              @ DW_AT_decl_line
	.long	1656                            @ DW_AT_type
	.byte	18                              @ Abbrev [18] 0x587:0xf DW_TAG_formal_parameter
	.long	.Ldebug_loc3                    @ DW_AT_location
	.long	.Linfo_string103                @ DW_AT_name
	.byte	4                               @ DW_AT_decl_file
	.byte	93                              @ DW_AT_decl_line
	.long	573                             @ DW_AT_type
	.byte	0                               @ End Of Children Mark
	.byte	15                              @ Abbrev [15] 0x597:0x48 DW_TAG_subprogram
	.long	.Lfunc_begin3                   @ DW_AT_low_pc
	.long	.Lfunc_end3-.Lfunc_begin3       @ DW_AT_high_pc
	.byte	1                               @ DW_AT_frame_base
	.byte	93
                                        @ DW_AT_GNU_all_call_sites
	.long	.Linfo_string82                 @ DW_AT_name
	.byte	4                               @ DW_AT_decl_file
	.byte	118                             @ DW_AT_decl_line
                                        @ DW_AT_prototyped
                                        @ DW_AT_external
	.byte	16                              @ Abbrev [16] 0x5a8:0xd DW_TAG_formal_parameter
	.byte	1                               @ DW_AT_location
	.byte	80
	.long	.Linfo_string86                 @ DW_AT_name
	.byte	4                               @ DW_AT_decl_file
	.byte	118                             @ DW_AT_decl_line
	.long	1656                            @ DW_AT_type
	.byte	16                              @ Abbrev [16] 0x5b5:0xd DW_TAG_formal_parameter
	.byte	1                               @ DW_AT_location
	.byte	81
	.long	.Linfo_string100                @ DW_AT_name
	.byte	4                               @ DW_AT_decl_file
	.byte	118                             @ DW_AT_decl_line
	.long	573                             @ DW_AT_type
	.byte	16                              @ Abbrev [16] 0x5c2:0xd DW_TAG_formal_parameter
	.byte	1                               @ DW_AT_location
	.byte	82
	.long	.Linfo_string101                @ DW_AT_name
	.byte	4                               @ DW_AT_decl_file
	.byte	118                             @ DW_AT_decl_line
	.long	573                             @ DW_AT_type
	.byte	17                              @ Abbrev [17] 0x5cf:0xf DW_TAG_variable
	.long	.Ldebug_loc4                    @ DW_AT_location
	.long	.Linfo_string102                @ DW_AT_name
	.byte	4                               @ DW_AT_decl_file
	.byte	120                             @ DW_AT_decl_line
	.long	573                             @ DW_AT_type
	.byte	0                               @ End Of Children Mark
	.byte	15                              @ Abbrev [15] 0x5df:0x48 DW_TAG_subprogram
	.long	.Lfunc_begin4                   @ DW_AT_low_pc
	.long	.Lfunc_end4-.Lfunc_begin4       @ DW_AT_high_pc
	.byte	1                               @ DW_AT_frame_base
	.byte	93
                                        @ DW_AT_GNU_all_call_sites
	.long	.Linfo_string83                 @ DW_AT_name
	.byte	4                               @ DW_AT_decl_file
	.byte	150                             @ DW_AT_decl_line
                                        @ DW_AT_prototyped
                                        @ DW_AT_external
	.byte	16                              @ Abbrev [16] 0x5f0:0xd DW_TAG_formal_parameter
	.byte	1                               @ DW_AT_location
	.byte	80
	.long	.Linfo_string86                 @ DW_AT_name
	.byte	4                               @ DW_AT_decl_file
	.byte	150                             @ DW_AT_decl_line
	.long	1656                            @ DW_AT_type
	.byte	16                              @ Abbrev [16] 0x5fd:0xd DW_TAG_formal_parameter
	.byte	1                               @ DW_AT_location
	.byte	81
	.long	.Linfo_string100                @ DW_AT_name
	.byte	4                               @ DW_AT_decl_file
	.byte	150                             @ DW_AT_decl_line
	.long	573                             @ DW_AT_type
	.byte	16                              @ Abbrev [16] 0x60a:0xd DW_TAG_formal_parameter
	.byte	1                               @ DW_AT_location
	.byte	82
	.long	.Linfo_string101                @ DW_AT_name
	.byte	4                               @ DW_AT_decl_file
	.byte	150                             @ DW_AT_decl_line
	.long	573                             @ DW_AT_type
	.byte	17                              @ Abbrev [17] 0x617:0xf DW_TAG_variable
	.long	.Ldebug_loc5                    @ DW_AT_location
	.long	.Linfo_string102                @ DW_AT_name
	.byte	4                               @ DW_AT_decl_file
	.byte	152                             @ DW_AT_decl_line
	.long	573                             @ DW_AT_type
	.byte	0                               @ End Of Children Mark
	.byte	15                              @ Abbrev [15] 0x627:0x30 DW_TAG_subprogram
	.long	.Lfunc_begin5                   @ DW_AT_low_pc
	.long	.Lfunc_end5-.Lfunc_begin5       @ DW_AT_high_pc
	.byte	1                               @ DW_AT_frame_base
	.byte	93
                                        @ DW_AT_GNU_all_call_sites
	.long	.Linfo_string84                 @ DW_AT_name
	.byte	4                               @ DW_AT_decl_file
	.byte	175                             @ DW_AT_decl_line
                                        @ DW_AT_prototyped
                                        @ DW_AT_external
	.byte	18                              @ Abbrev [18] 0x638:0xf DW_TAG_formal_parameter
	.long	.Ldebug_loc6                    @ DW_AT_location
	.long	.Linfo_string105                @ DW_AT_name
	.byte	4                               @ DW_AT_decl_file
	.byte	175                             @ DW_AT_decl_line
	.long	573                             @ DW_AT_type
	.byte	18                              @ Abbrev [18] 0x647:0xf DW_TAG_formal_parameter
	.long	.Ldebug_loc7                    @ DW_AT_location
	.long	.Linfo_string104                @ DW_AT_name
	.byte	4                               @ DW_AT_decl_file
	.byte	175                             @ DW_AT_decl_line
	.long	573                             @ DW_AT_type
	.byte	0                               @ End Of Children Mark
	.byte	15                              @ Abbrev [15] 0x657:0x21 DW_TAG_subprogram
	.long	.Lfunc_begin6                   @ DW_AT_low_pc
	.long	.Lfunc_end6-.Lfunc_begin6       @ DW_AT_high_pc
	.byte	1                               @ DW_AT_frame_base
	.byte	93
                                        @ DW_AT_GNU_all_call_sites
	.long	.Linfo_string85                 @ DW_AT_name
	.byte	4                               @ DW_AT_decl_file
	.byte	233                             @ DW_AT_decl_line
                                        @ DW_AT_prototyped
                                        @ DW_AT_external
	.byte	18                              @ Abbrev [18] 0x668:0xf DW_TAG_formal_parameter
	.long	.Ldebug_loc8                    @ DW_AT_location
	.long	.Linfo_string105                @ DW_AT_name
	.byte	4                               @ DW_AT_decl_file
	.byte	233                             @ DW_AT_decl_line
	.long	573                             @ DW_AT_type
	.byte	0                               @ End Of Children Mark
	.byte	2                               @ Abbrev [2] 0x678:0x5 DW_TAG_pointer_type
	.long	1661                            @ DW_AT_type
	.byte	3                               @ Abbrev [3] 0x67d:0xc DW_TAG_typedef
	.long	1673                            @ DW_AT_type
	.long	.Linfo_string99                 @ DW_AT_name
	.byte	2                               @ DW_AT_decl_file
	.short	293                             @ DW_AT_decl_line
	.byte	19                              @ Abbrev [19] 0x689:0xbb DW_TAG_structure_type
	.byte	56                              @ DW_AT_byte_size
	.byte	2                               @ DW_AT_decl_file
	.byte	28                              @ DW_AT_decl_line
	.byte	5                               @ Abbrev [5] 0x68d:0xd DW_TAG_member
	.long	.Linfo_string87                 @ DW_AT_name
	.long	568                             @ DW_AT_type
	.byte	2                               @ DW_AT_decl_file
	.short	278                             @ DW_AT_decl_line
	.byte	0                               @ DW_AT_data_member_location
	.byte	5                               @ Abbrev [5] 0x69a:0xd DW_TAG_member
	.long	.Linfo_string88                 @ DW_AT_name
	.long	568                             @ DW_AT_type
	.byte	2                               @ DW_AT_decl_file
	.short	279                             @ DW_AT_decl_line
	.byte	4                               @ DW_AT_data_member_location
	.byte	5                               @ Abbrev [5] 0x6a7:0xd DW_TAG_member
	.long	.Linfo_string89                 @ DW_AT_name
	.long	568                             @ DW_AT_type
	.byte	2                               @ DW_AT_decl_file
	.short	280                             @ DW_AT_decl_line
	.byte	8                               @ DW_AT_data_member_location
	.byte	5                               @ Abbrev [5] 0x6b4:0xd DW_TAG_member
	.long	.Linfo_string90                 @ DW_AT_name
	.long	568                             @ DW_AT_type
	.byte	2                               @ DW_AT_decl_file
	.short	281                             @ DW_AT_decl_line
	.byte	12                              @ DW_AT_data_member_location
	.byte	5                               @ Abbrev [5] 0x6c1:0xd DW_TAG_member
	.long	.Linfo_string91                 @ DW_AT_name
	.long	603                             @ DW_AT_type
	.byte	2                               @ DW_AT_decl_file
	.short	282                             @ DW_AT_decl_line
	.byte	16                              @ DW_AT_data_member_location
	.byte	5                               @ Abbrev [5] 0x6ce:0xd DW_TAG_member
	.long	.Linfo_string92                 @ DW_AT_name
	.long	568                             @ DW_AT_type
	.byte	2                               @ DW_AT_decl_file
	.short	283                             @ DW_AT_decl_line
	.byte	20                              @ DW_AT_data_member_location
	.byte	5                               @ Abbrev [5] 0x6db:0xd DW_TAG_member
	.long	.Linfo_string93                 @ DW_AT_name
	.long	568                             @ DW_AT_type
	.byte	2                               @ DW_AT_decl_file
	.short	284                             @ DW_AT_decl_line
	.byte	24                              @ DW_AT_data_member_location
	.byte	5                               @ Abbrev [5] 0x6e8:0xd DW_TAG_member
	.long	.Linfo_string48                 @ DW_AT_name
	.long	568                             @ DW_AT_type
	.byte	2                               @ DW_AT_decl_file
	.short	285                             @ DW_AT_decl_line
	.byte	28                              @ DW_AT_data_member_location
	.byte	5                               @ Abbrev [5] 0x6f5:0xd DW_TAG_member
	.long	.Linfo_string94                 @ DW_AT_name
	.long	568                             @ DW_AT_type
	.byte	2                               @ DW_AT_decl_file
	.short	286                             @ DW_AT_decl_line
	.byte	32                              @ DW_AT_data_member_location
	.byte	5                               @ Abbrev [5] 0x702:0xd DW_TAG_member
	.long	.Linfo_string95                 @ DW_AT_name
	.long	568                             @ DW_AT_type
	.byte	2                               @ DW_AT_decl_file
	.short	287                             @ DW_AT_decl_line
	.byte	36                              @ DW_AT_data_member_location
	.byte	5                               @ Abbrev [5] 0x70f:0xd DW_TAG_member
	.long	.Linfo_string96                 @ DW_AT_name
	.long	568                             @ DW_AT_type
	.byte	2                               @ DW_AT_decl_file
	.short	288                             @ DW_AT_decl_line
	.byte	40                              @ DW_AT_data_member_location
	.byte	5                               @ Abbrev [5] 0x71c:0xd DW_TAG_member
	.long	.Linfo_string9                  @ DW_AT_name
	.long	1168                            @ DW_AT_type
	.byte	2                               @ DW_AT_decl_file
	.short	289                             @ DW_AT_decl_line
	.byte	44                              @ DW_AT_data_member_location
	.byte	5                               @ Abbrev [5] 0x729:0xd DW_TAG_member
	.long	.Linfo_string97                 @ DW_AT_name
	.long	568                             @ DW_AT_type
	.byte	2                               @ DW_AT_decl_file
	.short	290                             @ DW_AT_decl_line
	.byte	48                              @ DW_AT_data_member_location
	.byte	5                               @ Abbrev [5] 0x736:0xd DW_TAG_member
	.long	.Linfo_string98                 @ DW_AT_name
	.long	568                             @ DW_AT_type
	.byte	2                               @ DW_AT_decl_file
	.short	291                             @ DW_AT_decl_line
	.byte	52                              @ DW_AT_data_member_location
	.byte	0                               @ End Of Children Mark
	.byte	0                               @ End Of Children Mark
.Ldebug_info_end0:
	.section	.debug_ranges,"",%progbits
.Ldebug_ranges0:
	.long	.Lfunc_begin0
	.long	.Lfunc_end0
	.long	.Lfunc_begin1
	.long	.Lfunc_end1
	.long	.Lfunc_begin2
	.long	.Lfunc_end2
	.long	.Lfunc_begin3
	.long	.Lfunc_end3
	.long	.Lfunc_begin4
	.long	.Lfunc_end4
	.long	.Lfunc_begin5
	.long	.Lfunc_end5
	.long	.Lfunc_begin6
	.long	.Lfunc_end6
	.long	0
	.long	0
	.section	.debug_str,"MS",%progbits,1
.Linfo_string0:
	.asciz	"Component: Arm Compiler for Embedded 6.22 Tool: armclang [5ee92100]" @ string offset=0
.Linfo_string1:
	.asciz	"../../../../Library/StdDriver/src\\gpio.c" @ string offset=68
.Linfo_string2:
	.asciz	"C:\\ML\\ML_M55M1_SampleCode-master 2\\ML_M55M1_SampleCode-master\\M55M1BSP-3.01.003\\SampleCode\\NuEdgeWise\\ObjectDetection_YOLOv8n\\KEIL" @ string offset=109
.Linfo_string3:
	.asciz	"INT0_INNF"                     @ string offset=240
.Linfo_string4:
	.asciz	"unsigned int"                  @ string offset=250
.Linfo_string5:
	.asciz	"uint32_t"                      @ string offset=263
.Linfo_string6:
	.asciz	"INT0_EDETCTL"                  @ string offset=272
.Linfo_string7:
	.asciz	"INT0_EDINTEN"                  @ string offset=285
.Linfo_string8:
	.asciz	"INT0_EDSTS"                    @ string offset=298
.Linfo_string9:
	.asciz	"RESERVE0"                      @ string offset=309
.Linfo_string10:
	.asciz	"__ARRAY_SIZE_TYPE__"           @ string offset=318
.Linfo_string11:
	.asciz	"INT1_INNF"                     @ string offset=338
.Linfo_string12:
	.asciz	"INT1_EDETCTL"                  @ string offset=348
.Linfo_string13:
	.asciz	"INT1_EDINTEN"                  @ string offset=361
.Linfo_string14:
	.asciz	"INT1_EDSTS"                    @ string offset=374
.Linfo_string15:
	.asciz	"RESERVE1"                      @ string offset=385
.Linfo_string16:
	.asciz	"INT2_INNF"                     @ string offset=394
.Linfo_string17:
	.asciz	"INT2_EDETCTL"                  @ string offset=404
.Linfo_string18:
	.asciz	"INT2_EDINTEN"                  @ string offset=417
.Linfo_string19:
	.asciz	"INT2_EDSTS"                    @ string offset=430
.Linfo_string20:
	.asciz	"RESERVE2"                      @ string offset=441
.Linfo_string21:
	.asciz	"INT3_INNF"                     @ string offset=450
.Linfo_string22:
	.asciz	"INT3_EDETCTL"                  @ string offset=460
.Linfo_string23:
	.asciz	"INT3_EDINTEN"                  @ string offset=473
.Linfo_string24:
	.asciz	"INT3_EDSTS"                    @ string offset=486
.Linfo_string25:
	.asciz	"RESERVE3"                      @ string offset=497
.Linfo_string26:
	.asciz	"INT4_INNF"                     @ string offset=506
.Linfo_string27:
	.asciz	"INT4_EDETCTL"                  @ string offset=516
.Linfo_string28:
	.asciz	"INT4_EDINTEN"                  @ string offset=529
.Linfo_string29:
	.asciz	"INT4_EDSTS"                    @ string offset=542
.Linfo_string30:
	.asciz	"RESERVE4"                      @ string offset=553
.Linfo_string31:
	.asciz	"INT5_INNF"                     @ string offset=562
.Linfo_string32:
	.asciz	"INT5_EDETCTL"                  @ string offset=572
.Linfo_string33:
	.asciz	"INT5_EDINTEN"                  @ string offset=585
.Linfo_string34:
	.asciz	"INT5_EDSTS"                    @ string offset=598
.Linfo_string35:
	.asciz	"RESERVE5"                      @ string offset=609
.Linfo_string36:
	.asciz	"INT6_INNF"                     @ string offset=618
.Linfo_string37:
	.asciz	"INT6_EDETCTL"                  @ string offset=628
.Linfo_string38:
	.asciz	"INT6_EDINTEN"                  @ string offset=641
.Linfo_string39:
	.asciz	"INT6_EDSTS"                    @ string offset=654
.Linfo_string40:
	.asciz	"RESERVE6"                      @ string offset=665
.Linfo_string41:
	.asciz	"INT7_INNF"                     @ string offset=674
.Linfo_string42:
	.asciz	"INT7_EDETCTL"                  @ string offset=684
.Linfo_string43:
	.asciz	"INT7_EDINTEN"                  @ string offset=697
.Linfo_string44:
	.asciz	"INT7_EDSTS"                    @ string offset=710
.Linfo_string45:
	.asciz	"GPIO_INT_T"                    @ string offset=721
.Linfo_string46:
	.asciz	"CTL"                           @ string offset=732
.Linfo_string47:
	.asciz	"PAR"                           @ string offset=736
.Linfo_string48:
	.asciz	"INTEN"                         @ string offset=740
.Linfo_string49:
	.asciz	"INTSTS"                        @ string offset=746
.Linfo_string50:
	.asciz	"PARM"                          @ string offset=753
.Linfo_string51:
	.asciz	"CWSP"                          @ string offset=758
.Linfo_string52:
	.asciz	"CWS"                           @ string offset=763
.Linfo_string53:
	.asciz	"PKTSL"                         @ string offset=767
.Linfo_string54:
	.asciz	"PLNSL"                         @ string offset=773
.Linfo_string55:
	.asciz	"FRCTL"                         @ string offset=779
.Linfo_string56:
	.asciz	"STRIDE"                        @ string offset=785
.Linfo_string57:
	.asciz	"FIFOTH"                        @ string offset=792
.Linfo_string58:
	.asciz	"CMPADDR"                       @ string offset=799
.Linfo_string59:
	.asciz	"LUMA_Y1_THD"                   @ string offset=807
.Linfo_string60:
	.asciz	"PKTSM"                         @ string offset=819
.Linfo_string61:
	.asciz	"PLNSM"                         @ string offset=825
.Linfo_string62:
	.asciz	"CURADDRP"                      @ string offset=831
.Linfo_string63:
	.asciz	"CURADDRY"                      @ string offset=840
.Linfo_string64:
	.asciz	"CURADDRU"                      @ string offset=849
.Linfo_string65:
	.asciz	"CURADDRV"                      @ string offset=858
.Linfo_string66:
	.asciz	"PKTBA0"                        @ string offset=867
.Linfo_string67:
	.asciz	"YBA"                           @ string offset=874
.Linfo_string68:
	.asciz	"UBA"                           @ string offset=878
.Linfo_string69:
	.asciz	"VBA"                           @ string offset=882
.Linfo_string70:
	.asciz	"MDCTL"                         @ string offset=886
.Linfo_string71:
	.asciz	"MDTRG_WK"                      @ string offset=892
.Linfo_string72:
	.asciz	"MDTTH"                         @ string offset=901
.Linfo_string73:
	.asciz	"MDTSAD"                        @ string offset=907
.Linfo_string74:
	.asciz	"MDWOCTH"                       @ string offset=914
.Linfo_string75:
	.asciz	"MDWOC"                         @ string offset=922
.Linfo_string76:
	.asciz	"MDWTH"                         @ string offset=928
.Linfo_string77:
	.asciz	"MDWSAD"                        @ string offset=934
.Linfo_string78:
	.asciz	"CCAP_T"                        @ string offset=941
.Linfo_string79:
	.asciz	"GPIO_SetMode"                  @ string offset=948
.Linfo_string80:
	.asciz	"GPIO_EnableInt"                @ string offset=961
.Linfo_string81:
	.asciz	"GPIO_DisableInt"               @ string offset=976
.Linfo_string82:
	.asciz	"GPIO_SetSlewCtl"               @ string offset=992
.Linfo_string83:
	.asciz	"GPIO_SetPullCtl"               @ string offset=1008
.Linfo_string84:
	.asciz	"GPIO_EnableEINT"               @ string offset=1024
.Linfo_string85:
	.asciz	"GPIO_DisableEINT"              @ string offset=1040
.Linfo_string86:
	.asciz	"port"                          @ string offset=1057
.Linfo_string87:
	.asciz	"MODE"                          @ string offset=1062
.Linfo_string88:
	.asciz	"DINOFF"                        @ string offset=1067
.Linfo_string89:
	.asciz	"DOUT"                          @ string offset=1074
.Linfo_string90:
	.asciz	"DATMSK"                        @ string offset=1079
.Linfo_string91:
	.asciz	"PIN"                           @ string offset=1086
.Linfo_string92:
	.asciz	"DBEN"                          @ string offset=1090
.Linfo_string93:
	.asciz	"INTTYPE"                       @ string offset=1095
.Linfo_string94:
	.asciz	"INTSRC"                        @ string offset=1103
.Linfo_string95:
	.asciz	"SMTEN"                         @ string offset=1110
.Linfo_string96:
	.asciz	"SLEWCTL"                       @ string offset=1116
.Linfo_string97:
	.asciz	"PUSEL"                         @ string offset=1124
.Linfo_string98:
	.asciz	"DBCTL"                         @ string offset=1130
.Linfo_string99:
	.asciz	"GPIO_T"                        @ string offset=1136
.Linfo_string100:
	.asciz	"u32PinMask"                    @ string offset=1143
.Linfo_string101:
	.asciz	"u32Mode"                       @ string offset=1154
.Linfo_string102:
	.asciz	"i"                             @ string offset=1162
.Linfo_string103:
	.asciz	"u32Pin"                        @ string offset=1164
.Linfo_string104:
	.asciz	"u32IntAttribs"                 @ string offset=1171
.Linfo_string105:
	.asciz	"u32EINTn"                      @ string offset=1185
	.ident	"Component: Arm Compiler for Embedded 6.22 Tool: armclang [5ee92100]"
	.section	".note.GNU-stack","",%progbits
	.eabi_attribute	30, 1	@ Tag_ABI_optimization_goals
	.ARM_attribute	16, 1	@ Tag_AV_eba
	.section	.debug_line,"",%progbits
.Lline_table_start0:
