	.text
	.syntax unified
	.eabi_attribute	67, "2.09"	@ Tag_conformance
	.cpu	cortex-m55
	.eabi_attribute	6, 21	@ Tag_CPU_arch
	.eabi_attribute	7, 77	@ Tag_CPU_arch_profile
	.eabi_attribute	8, 0	@ Tag_ARM_ISA_use
	.eabi_attribute	9, 3	@ Tag_THUMB_ISA_use
	.fpu	fpv5-d16
	.arch_extension	mve.fp
	.eabi_attribute	36, 1	@ Tag_FP_HP_extension
	.eabi_attribute	48, 2	@ Tag_MVE_arch
	.eabi_attribute	46, 1	@ Tag_DSP_extension
	.eabi_attribute	34, 1	@ Tag_CPU_unaligned_access
	.eabi_attribute	17, 1	@ Tag_ABI_PCS_GOT_use
	.eabi_attribute	20, 2	@ Tag_ABI_FP_denormal
	.eabi_attribute	21, 0	@ Tag_ABI_FP_exceptions
	.eabi_attribute	23, 1	@ Tag_ABI_FP_number_model
	.eabi_attribute	24, 1	@ Tag_ABI_align_needed
	.eabi_attribute	25, 1	@ Tag_ABI_align_preserved
	.eabi_attribute	28, 1	@ Tag_ABI_VFP_args
	.eabi_attribute	38, 1	@ Tag_ABI_FP_16bit_format
	.eabi_attribute	18, 2	@ Tag_ABI_PCS_wchar_t
	.eabi_attribute	26, 1	@ Tag_ABI_enum_size
	.eabi_attribute	14, 0	@ Tag_ABI_PCS_R9_use
	.file	"hyperram_code.c"
	.file	1 "C:\\ML\\ML_M55M1_SampleCode-master 2\\ML_M55M1_SampleCode-master\\M55M1BSP-3.01.003\\SampleCode\\NuEdgeWise\\PoseLandmark_YOLOv8n\\KEIL" "../Device/HyperRAM/hyperram_code.c"
	.file	2 "C:\\Users\\yuxia\\AppData\\Local\\Keil_v5\\ARM\\ARMCLANG\\bin\\..\\include" "stdint.h"
	.file	3 "C:\\ML\\ML_M55M1_SampleCode-master 2\\ML_M55M1_SampleCode-master\\M55M1BSP-3.01.003\\SampleCode\\NuEdgeWise\\PoseLandmark_YOLOv8n\\KEIL" "../../../../Library/Device/Nuvoton/M55M1/Include\\spim_reg.h"
	.file	4 "C:\\ML\\ML_M55M1_SampleCode-master 2\\ML_M55M1_SampleCode-master\\M55M1BSP-3.01.003\\SampleCode\\NuEdgeWise\\PoseLandmark_YOLOv8n\\KEIL" "../../../../Library/Device/Nuvoton/M55M1/Include\\sys_reg.h"
	.file	5 "C:\\ML\\ML_M55M1_SampleCode-master 2\\ML_M55M1_SampleCode-master\\M55M1BSP-3.01.003\\SampleCode\\NuEdgeWise\\PoseLandmark_YOLOv8n\\KEIL" "../../../../Library/Device/Nuvoton/M55M1/Include\\gpio_reg.h"
	.file	6 "C:\\ML\\ML_M55M1_SampleCode-master 2\\ML_M55M1_SampleCode-master\\M55M1BSP-3.01.003\\SampleCode\\NuEdgeWise\\PoseLandmark_YOLOv8n\\KEIL" "../../../../Library/Device/Nuvoton/M55M1/Include\\ccap_reg.h"
	.file	7 "C:\\ML\\ML_M55M1_SampleCode-master 2\\ML_M55M1_SampleCode-master\\M55M1BSP-3.01.003\\SampleCode\\NuEdgeWise\\PoseLandmark_YOLOv8n\\KEIL" "../../../../Library/CMSIS/Core/Include\\core_cm55.h"
	.section	.text.SPIM_Hyper_DefaultConfig,"ax",%progbits
	.hidden	SPIM_Hyper_DefaultConfig        @ -- Begin function SPIM_Hyper_DefaultConfig
	.globl	SPIM_Hyper_DefaultConfig
	.p2align	2
	.type	SPIM_Hyper_DefaultConfig,%function
	.code	16                              @ @SPIM_Hyper_DefaultConfig
	.thumb_func
SPIM_Hyper_DefaultConfig:
.Lfunc_begin0:
	.loc	1 38 0                          @ ../Device/HyperRAM/hyperram_code.c:38:0
	.fnstart
	.cfi_sections .debug_frame
	.cfi_startproc
@ %bb.0:
	@DEBUG_VALUE: SPIM_Hyper_DefaultConfig:spim <- $r0
	@DEBUG_VALUE: SPIM_Hyper_DefaultConfig:u32CSM <- $r1
	@DEBUG_VALUE: SPIM_Hyper_DefaultConfig:u32AcctRD <- $r2
	@DEBUG_VALUE: SPIM_Hyper_DefaultConfig:u32AcctWR <- $r3
	.save	{r4, r5, r6, r7, lr}
	push	{r4, r5, r6, r7, lr}
	.cfi_def_cfa_offset 20
	.cfi_offset lr, -4
	.cfi_offset r7, -8
	.cfi_offset r6, -12
	.cfi_offset r5, -16
	.cfi_offset r4, -20
	.pad	#4
	sub	sp, #4
	.cfi_def_cfa_offset 24
	mov	r4, r3
.Ltmp0:
	@DEBUG_VALUE: SPIM_Hyper_DefaultConfig:u32AcctWR <- $r4
	@DEBUG_VALUE: SPIM_Hyper_DefaultConfig:u32AcctWR <- $r4
	mov	r6, r2
.Ltmp1:
	@DEBUG_VALUE: SPIM_Hyper_DefaultConfig:u32AcctRD <- $r6
	@DEBUG_VALUE: SPIM_Hyper_DefaultConfig:u32AcctRD <- $r6
	mov	r7, r1
.Ltmp2:
	@DEBUG_VALUE: SPIM_Hyper_DefaultConfig:u32CSM <- $r7
	@DEBUG_VALUE: SPIM_Hyper_DefaultConfig:u32CSM <- $r7
	mov	r5, r0
.Ltmp3:
	@DEBUG_VALUE: SPIM_Hyper_DefaultConfig:spim <- $r5
	@DEBUG_VALUE: SPIM_Hyper_DefaultConfig:spim <- $r5
	.loc	1 39 29 prologue_end            @ ../Device/HyperRAM/hyperram_code.c:39:29
	bl	CLK_GetSCLKFreq
.Ltmp4:
	.loc	1 0 29 is_stmt 0                @ ../Device/HyperRAM/hyperram_code.c:0:29
	movw	r1, #56963
	movw	r2, #65482
	movt	r1, #17179
	.loc	1 39 47                         @ ../Device/HyperRAM/hyperram_code.c:39:47
	umull	r0, r1, r0, r1
	vldr	s2, .LCPI0_0
	lsrs	r0, r1, #18
.Ltmp5:
	@DEBUG_VALUE: SPIM_Hyper_DefaultConfig:u32CoreFreq <- $r0
	.loc	1 40 41 is_stmt 1               @ ../Device/HyperRAM/hyperram_code.c:40:41
	vmov	s0, r0
.Ltmp6:
	@DEBUG_VALUE: SPIM_Hyper_DefaultConfig:u32CoreFreq <- $s0
	.loc	1 41 23                         @ ../Device/HyperRAM/hyperram_code.c:41:23
	ldr	r0, [r5, #4]
.Ltmp7:
	@DEBUG_VALUE: SPIM_Hyper_DefaultConfig:u32DIV <- [DW_OP_constu 16, DW_OP_shr, DW_OP_stack_value] $r0
	.loc	1 40 41                         @ ../Device/HyperRAM/hyperram_code.c:40:41
	vcvt.f32.u32	s0, s0
.Ltmp8:
	.loc	1 42 28                         @ ../Device/HyperRAM/hyperram_code.c:42:28
	ldr	r1, [r5]
	.loc	1 40 39                         @ ../Device/HyperRAM/hyperram_code.c:40:39
	vdiv.f32	s0, s2, s0
.Ltmp9:
	@DEBUG_VALUE: SPIM_Hyper_DefaultConfig:fFreq <- $s0
	.loc	1 43 39                         @ ../Device/HyperRAM/hyperram_code.c:43:39
	vmov	s2, r7
.Ltmp10:
	@DEBUG_VALUE: SPIM_Hyper_DefaultConfig:u32CSM <- $s2
	.loc	1 0 39 is_stmt 0                @ ../Device/HyperRAM/hyperram_code.c:0:39
	movt	r2, #15
	.loc	1 43 39                         @ ../Device/HyperRAM/hyperram_code.c:43:39
	vcvt.f32.u32	s2, s2
.Ltmp11:
	.loc	1 43 65                         @ ../Device/HyperRAM/hyperram_code.c:43:65
	add.w	r3, r2, #38
	.loc	1 42 28 is_stmt 1               @ ../Device/HyperRAM/hyperram_code.c:42:28
	bfi	r2, r1, #0, #1
	bfi	r2, r1, #5, #1
.Ltmp12:
	@DEBUG_VALUE: SPIM_Hyper_DefaultConfig:u32CipherEn <- undef
	.loc	1 46 5                          @ ../Device/HyperRAM/hyperram_code.c:46:5
	ldr.w	r1, [r5, #132]
.Ltmp13:
	.loc	1 43 65                         @ ../Device/HyperRAM/hyperram_code.c:43:65
	and.w	r0, r3, r0, lsr #12
.Ltmp14:
	.loc	1 46 5                          @ ../Device/HyperRAM/hyperram_code.c:46:5
	bic	r1, r1, #3
	str.w	r1, [r5, #132]
.Ltmp15:
	@DEBUG_VALUE: u32CSH <- 3
	.loc	1 49 5                          @ ../Device/HyperRAM/hyperram_code.c:49:5
	ldr.w	r1, [r5, #132]
	orr	r1, r1, #48
	str.w	r1, [r5, #132]
.Ltmp16:
	@DEBUG_VALUE: u32CSHI <- 4
	.loc	1 52 5                          @ ../Device/HyperRAM/hyperram_code.c:52:5
	ldr.w	r1, [r5, #132]
.Ltmp17:
	.loc	1 43 46                         @ ../Device/HyperRAM/hyperram_code.c:43:46
	vdiv.f32	s0, s2, s0
.Ltmp18:
	.loc	1 43 28 is_stmt 0               @ ../Device/HyperRAM/hyperram_code.c:43:28
	vcvt.u32.f32	s0, s0
	vmov	r3, s0
	.loc	1 43 56                         @ ../Device/HyperRAM/hyperram_code.c:43:56
	subs	r0, r3, r0
	movs	r3, #4
.Ltmp19:
	.loc	1 52 5 is_stmt 1                @ ../Device/HyperRAM/hyperram_code.c:52:5
	bfi	r1, r3, #8, #4
	str.w	r1, [r5, #132]
.Ltmp20:
	.loc	1 55 5                          @ ../Device/HyperRAM/hyperram_code.c:55:5
	ldr.w	r1, [r5, #132]
	.loc	1 43 75                         @ ../Device/HyperRAM/hyperram_code.c:43:75
	add	r0, r2
	@DEBUG_VALUE: _u32CSST <- 0
	.loc	1 55 5                          @ ../Device/HyperRAM/hyperram_code.c:55:5
	bfc	r1, #12, #20
	orr.w	r0, r1, r0, lsl #12
	sub.w	r0, r0, #4096
	str.w	r0, [r5, #132]
	.loc	1 58 5                          @ ../Device/HyperRAM/hyperram_code.c:58:5
	ldr.w	r0, [r5, #136]
	orr	r0, r0, #16711680
	str.w	r0, [r5, #136]
	.loc	1 61 5                          @ ../Device/HyperRAM/hyperram_code.c:61:5
	ldr.w	r0, [r5, #136]
	bic	r0, r0, #520093696
	orr.w	r0, r0, r6, lsl #24
	str.w	r0, [r5, #136]
	.loc	1 64 5                          @ ../Device/HyperRAM/hyperram_code.c:64:5
	ldr.w	r0, [r5, #136]
	bic	r0, r0, #7936
	orr.w	r0, r0, r4, lsl #8
	str.w	r0, [r5, #136]
	.loc	1 65 1 epilogue_begin           @ ../Device/HyperRAM/hyperram_code.c:65:1
	add	sp, #4
	pop	{r4, r5, r6, r7, pc}
.Ltmp21:
	.p2align	2
@ %bb.1:
	.loc	1 0 1 is_stmt 0                 @ ../Device/HyperRAM/hyperram_code.c:0:1
.LCPI0_0:
	.long	0x447a0000                      @ float 1000
.Lfunc_end0:
	.size	SPIM_Hyper_DefaultConfig, .Lfunc_end0-SPIM_Hyper_DefaultConfig
	.cfi_endproc
	.cantunwind
	.fnend
                                        @ -- End function
	.section	.text.HyperRAM_Erase,"ax",%progbits
	.hidden	HyperRAM_Erase                  @ -- Begin function HyperRAM_Erase
	.globl	HyperRAM_Erase
	.p2align	2
	.type	HyperRAM_Erase,%function
	.code	16                              @ @HyperRAM_Erase
	.thumb_func
HyperRAM_Erase:
.Lfunc_begin1:
	.loc	1 75 0 is_stmt 1                @ ../Device/HyperRAM/hyperram_code.c:75:0
	.fnstart
	.cfi_startproc
@ %bb.0:
	@DEBUG_VALUE: HyperRAM_Erase:spim <- $r0
	@DEBUG_VALUE: HyperRAM_Erase:u32StartAddr <- $r1
	@DEBUG_VALUE: HyperRAM_Erase:u32EraseSize <- $r2
	.save	{r4, r5, r6, r7, r8, r9, lr}
	push.w	{r4, r5, r6, r7, r8, r9, lr}
	.cfi_def_cfa_offset 28
	.cfi_offset lr, -4
	.cfi_offset r9, -8
	.cfi_offset r8, -12
	.cfi_offset r7, -16
	.cfi_offset r6, -20
	.cfi_offset r5, -24
	.cfi_offset r4, -28
	.pad	#4
	sub	sp, #4
	.cfi_def_cfa_offset 32
	mov	r8, r2
.Ltmp22:
	@DEBUG_VALUE: HyperRAM_Erase:u32EraseSize <- $r8
	mov	r9, r1
.Ltmp23:
	@DEBUG_VALUE: HyperRAM_Erase:u32StartAddr <- $r9
	@DEBUG_VALUE: HyperRAM_Erase:u32StartAddr <- $r9
	mov	r4, r0
.Ltmp24:
	@DEBUG_VALUE: HyperRAM_Erase:spim <- $r4
	@DEBUG_VALUE: HyperRAM_Erase:u32i <- 0
	@DEBUG_VALUE: HyperRAM_Erase:spim <- $r4
	bic	r5, r2, #1
	movs	r6, #0
.Ltmp25:
	.p2align	2
.LBB1_1:                                @ =>This Inner Loop Header: Depth=1
	@DEBUG_VALUE: HyperRAM_Erase:spim <- $r4
	@DEBUG_VALUE: HyperRAM_Erase:u32StartAddr <- $r9
	@DEBUG_VALUE: HyperRAM_Erase:u32EraseSize <- $r8
	@DEBUG_VALUE: HyperRAM_Erase:u32i <- $r6
	.loc	1 82 9 prologue_end             @ ../Device/HyperRAM/hyperram_code.c:82:9
	add.w	r7, r9, r6
	mov	r0, r4
	mov	r1, r7
	movs	r2, #0
	bl	SPIM_HYPER_Write2Byte
.Ltmp26:
	.loc	1 83 19                         @ ../Device/HyperRAM/hyperram_code.c:83:19
	mov	r0, r4
	mov	r1, r7
	bl	SPIM_HYPER_Read1Word
.Ltmp27:
	@DEBUG_VALUE: HyperRAM_Erase:u16Data <- $r0
	@DEBUG_VALUE: HyperRAM_Erase:u32i <- [DW_OP_plus_uconst 2, DW_OP_stack_value] $r6
	.loc	1 85 13                         @ ../Device/HyperRAM/hyperram_code.c:85:13
	cbnz	r0, .LBB1_7
.Ltmp28:
@ %bb.2:                                @   in Loop: Header=BB1_1 Depth=1
	@DEBUG_VALUE: HyperRAM_Erase:u32i <- [DW_OP_plus_uconst 2, DW_OP_stack_value] $r6
	@DEBUG_VALUE: HyperRAM_Erase:u16Data <- $r0
	@DEBUG_VALUE: HyperRAM_Erase:spim <- $r4
	@DEBUG_VALUE: HyperRAM_Erase:u32StartAddr <- $r9
	@DEBUG_VALUE: HyperRAM_Erase:u32EraseSize <- $r8
	.loc	1 80 65                         @ ../Device/HyperRAM/hyperram_code.c:80:65
	adds	r6, #2
.Ltmp29:
	@DEBUG_VALUE: HyperRAM_Erase:u32i <- $r6
	.loc	1 80 5 is_stmt 0                @ ../Device/HyperRAM/hyperram_code.c:80:5
	cmp	r6, r5
	bls	.LBB1_1
.Ltmp30:
@ %bb.3:
	@DEBUG_VALUE: HyperRAM_Erase:u16Data <- $r0
	@DEBUG_VALUE: HyperRAM_Erase:u32i <- $r6
	@DEBUG_VALUE: HyperRAM_Erase:spim <- $r4
	@DEBUG_VALUE: HyperRAM_Erase:u32StartAddr <- $r9
	@DEBUG_VALUE: HyperRAM_Erase:u32EraseSize <- $r8
	.loc	1 95 9 is_stmt 1                @ ../Device/HyperRAM/hyperram_code.c:95:9
	lsls.w	r0, r8, #31
.Ltmp31:
	beq	.LBB1_9
.Ltmp32:
@ %bb.4:
	@DEBUG_VALUE: HyperRAM_Erase:u32i <- $r6
	@DEBUG_VALUE: HyperRAM_Erase:spim <- $r4
	@DEBUG_VALUE: HyperRAM_Erase:u32StartAddr <- $r9
	@DEBUG_VALUE: HyperRAM_Erase:u32EraseSize <- $r8
	.loc	1 97 67                         @ ../Device/HyperRAM/hyperram_code.c:97:67
	add.w	r6, r8, r9
.Ltmp33:
	.loc	1 97 9 is_stmt 0                @ ../Device/HyperRAM/hyperram_code.c:97:9
	mov	r0, r4
	.loc	1 97 51                         @ ../Device/HyperRAM/hyperram_code.c:97:51
	subs	r5, r6, #1
	.loc	1 97 9                          @ ../Device/HyperRAM/hyperram_code.c:97:9
	movs	r2, #0
	mov	r1, r5
	bl	SPIM_HYPER_Write1Byte
.Ltmp34:
	.loc	1 98 19 is_stmt 1               @ ../Device/HyperRAM/hyperram_code.c:98:19
	mov	r0, r4
	mov	r1, r6
	bl	SPIM_HYPER_Read1Word
.Ltmp35:
	mov	r2, r0
.Ltmp36:
	@DEBUG_VALUE: HyperRAM_Erase:u16Data <- $r2
	.loc	1 100 13                        @ ../Device/HyperRAM/hyperram_code.c:100:13
	lsls	r0, r0, #24
	beq	.LBB1_9
.Ltmp37:
@ %bb.5:
	@DEBUG_VALUE: HyperRAM_Erase:u16Data <- $r2
	@DEBUG_VALUE: HyperRAM_Erase:spim <- $r4
	@DEBUG_VALUE: HyperRAM_Erase:u32StartAddr <- $r9
	@DEBUG_VALUE: HyperRAM_Erase:u32EraseSize <- $r8
	.loc	1 102 13                        @ ../Device/HyperRAM/hyperram_code.c:102:13
	movw	r0, :lower16:.L.str.1
	mov	r1, r5
	movt	r0, :upper16:.L.str.1
	bl	__2printf
.Ltmp38:
	.p2align	2
.LBB1_6:                                @ =>This Inner Loop Header: Depth=1
	@DEBUG_VALUE: HyperRAM_Erase:spim <- $r4
	@DEBUG_VALUE: HyperRAM_Erase:u32StartAddr <- $r9
	@DEBUG_VALUE: HyperRAM_Erase:u32EraseSize <- $r8
	.loc	1 106 13                        @ ../Device/HyperRAM/hyperram_code.c:106:13
	b	.LBB1_6
.Ltmp39:
.LBB1_7:
	@DEBUG_VALUE: HyperRAM_Erase:u32i <- [DW_OP_plus_uconst 2, DW_OP_stack_value] $r6
	@DEBUG_VALUE: HyperRAM_Erase:u16Data <- $r0
	@DEBUG_VALUE: HyperRAM_Erase:spim <- $r4
	@DEBUG_VALUE: HyperRAM_Erase:u32StartAddr <- $r9
	@DEBUG_VALUE: HyperRAM_Erase:u32EraseSize <- $r8
	.loc	1 0 0 is_stmt 0                 @ ../Device/HyperRAM/hyperram_code.c:0:0
	mov	r2, r0
.Ltmp40:
	@DEBUG_VALUE: HyperRAM_Erase:u16Data <- $r2
	.loc	1 87 13 is_stmt 1               @ ../Device/HyperRAM/hyperram_code.c:87:13
	movw	r0, :lower16:.L.str
	movt	r0, :upper16:.L.str
	mov	r1, r7
	bl	__2printf
.Ltmp41:
	.p2align	2
.LBB1_8:                                @ =>This Inner Loop Header: Depth=1
	@DEBUG_VALUE: HyperRAM_Erase:u32i <- [DW_OP_plus_uconst 2, DW_OP_stack_value] $r6
	@DEBUG_VALUE: HyperRAM_Erase:spim <- $r4
	@DEBUG_VALUE: HyperRAM_Erase:u32StartAddr <- $r9
	@DEBUG_VALUE: HyperRAM_Erase:u32EraseSize <- $r8
	.loc	1 91 13                         @ ../Device/HyperRAM/hyperram_code.c:91:13
	b	.LBB1_8
.Ltmp42:
.LBB1_9:
	@DEBUG_VALUE: HyperRAM_Erase:spim <- $r4
	@DEBUG_VALUE: HyperRAM_Erase:u32StartAddr <- $r9
	@DEBUG_VALUE: HyperRAM_Erase:u32EraseSize <- $r8
	.loc	1 109 1 epilogue_begin          @ ../Device/HyperRAM/hyperram_code.c:109:1
	add	sp, #4
	pop.w	{r4, r5, r6, r7, r8, r9, pc}
.Ltmp43:
.Lfunc_end1:
	.size	HyperRAM_Erase, .Lfunc_end1-HyperRAM_Erase
	.cfi_endproc
	.cantunwind
	.fnend
                                        @ -- End function
	.section	.text.isConsecutive,"ax",%progbits
	.hidden	isConsecutive                   @ -- Begin function isConsecutive
	.globl	isConsecutive
	.p2align	2
	.type	isConsecutive,%function
	.code	16                              @ @isConsecutive
	.thumb_func
isConsecutive:
.Lfunc_begin2:
	.fnstart
	.cfi_startproc
@ %bb.0:
	@DEBUG_VALUE: isConsecutive:au8Src <- $r0
	@DEBUG_VALUE: isConsecutive:size <- $r1
	.loc	1 127 5 prologue_end            @ ../Device/HyperRAM/hyperram_code.c:127:5
	cmp	r1, #2
.Ltmp44:
	@DEBUG_VALUE: isConsecutive:u32j <- 1
	@DEBUG_VALUE: isConsecutive:u32i <- 1
	@DEBUG_VALUE: isConsecutive:u8MaxRang <- 0
	@DEBUG_VALUE: isConsecutive:u8StartIdx <- 0
	@DEBUG_VALUE: isConsecutive:u8Find <- 0
	blo	.LBB2_3
.Ltmp45:
@ %bb.1:
	@DEBUG_VALUE: isConsecutive:u8Find <- 0
	@DEBUG_VALUE: isConsecutive:u8StartIdx <- 0
	@DEBUG_VALUE: isConsecutive:u8MaxRang <- 0
	@DEBUG_VALUE: isConsecutive:u32i <- 1
	@DEBUG_VALUE: isConsecutive:u32j <- 1
	@DEBUG_VALUE: isConsecutive:size <- $r1
	@DEBUG_VALUE: isConsecutive:au8Src <- $r0
	.save	{r4, r5, r6, r7, r8, r9, r10, r11, lr}
	push.w	{r4, r5, r6, r7, r8, r9, r10, r11, lr}
	.cfi_def_cfa_offset 36
	.cfi_offset lr, -4
	.cfi_offset r11, -8
	.cfi_offset r10, -12
	.cfi_offset r9, -16
	.cfi_offset r8, -20
	.cfi_offset r7, -24
	.cfi_offset r6, -28
	.cfi_offset r5, -32
	.cfi_offset r4, -36
	.loc	1 0 0 is_stmt 0                 @ ../Device/HyperRAM/hyperram_code.c:0:0
	ldrb.w	r8, [r0]
.Ltmp46:
	.loc	1 127 5                         @ ../Device/HyperRAM/hyperram_code.c:127:5
	subs	r2, r1, #2
.Ltmp47:
	.loc	1 0 0                           @ ../Device/HyperRAM/hyperram_code.c:0:0
	ldrb.w	r9, [r0, #1]
.Ltmp48:
	.loc	1 127 5                         @ ../Device/HyperRAM/hyperram_code.c:127:5
	subs	r1, #1
.Ltmp49:
	@DEBUG_VALUE: isConsecutive:size <- [DW_OP_LLVM_entry_value 1] $r1
	cmp	r2, #3
	mov.w	r5, #1
	and	r12, r1, #3
	bhs	.LBB2_4
.Ltmp50:
@ %bb.2:
	@DEBUG_VALUE: isConsecutive:size <- [DW_OP_LLVM_entry_value 1] $r1
	@DEBUG_VALUE: isConsecutive:u8Find <- 0
	@DEBUG_VALUE: isConsecutive:u8StartIdx <- 0
	@DEBUG_VALUE: isConsecutive:u8MaxRang <- 0
	@DEBUG_VALUE: isConsecutive:u32i <- 1
	@DEBUG_VALUE: isConsecutive:u32j <- 1
	@DEBUG_VALUE: isConsecutive:au8Src <- $r0
	.loc	1 0 5                           @ ../Device/HyperRAM/hyperram_code.c:0:5
	mov.w	r10, #0
	movs	r7, #1
	movs	r2, #0
	movs	r4, #0
.Ltmp51:
	.loc	1 130 25 is_stmt 1              @ ../Device/HyperRAM/hyperram_code.c:130:25
	cmp.w	r12, #0
	bne	.LBB2_7
	b	.LBB2_10
.Ltmp52:
.LBB2_3:
	@DEBUG_VALUE: isConsecutive:u8Find <- 0
	@DEBUG_VALUE: isConsecutive:u8StartIdx <- 0
	@DEBUG_VALUE: isConsecutive:u8MaxRang <- 0
	@DEBUG_VALUE: isConsecutive:u32i <- 1
	@DEBUG_VALUE: isConsecutive:u32j <- 1
	@DEBUG_VALUE: isConsecutive:size <- $r1
	@DEBUG_VALUE: isConsecutive:au8Src <- $r0
	.loc	1 0 25 is_stmt 0                @ ../Device/HyperRAM/hyperram_code.c:0:25
	movs	r1, #0
.Ltmp53:
	@DEBUG_VALUE: isConsecutive:size <- [DW_OP_LLVM_entry_value 1] $r1
	b	.LBB2_12
.Ltmp54:
.LBB2_4:
	@DEBUG_VALUE: isConsecutive:size <- [DW_OP_LLVM_entry_value 1] $r1
	@DEBUG_VALUE: isConsecutive:u8Find <- 0
	@DEBUG_VALUE: isConsecutive:u8StartIdx <- 0
	@DEBUG_VALUE: isConsecutive:u8MaxRang <- 0
	@DEBUG_VALUE: isConsecutive:u32i <- 1
	@DEBUG_VALUE: isConsecutive:u32j <- 1
	@DEBUG_VALUE: isConsecutive:au8Src <- $r0
	.loc	1 127 5 is_stmt 1               @ ../Device/HyperRAM/hyperram_code.c:127:5
	bic	r1, r1, #3
	adds	r6, r0, #2
	subs	r1, #4
	mov.w	r10, #0
	add.w	lr, r5, r1, lsr #2
	movs	r7, #4
	movs	r2, #0
	movs	r4, #0
.Ltmp55:
	.p2align	2
.LBB2_5:                                @ =>This Inner Loop Header: Depth=1
	@DEBUG_VALUE: isConsecutive:size <- [DW_OP_LLVM_entry_value 1] $r1
	@DEBUG_VALUE: isConsecutive:au8Src <- $r0
	@DEBUG_VALUE: isConsecutive:u8Find <- $r10
	@DEBUG_VALUE: isConsecutive:u8StartIdx <- $r4
	@DEBUG_VALUE: isConsecutive:u8MaxRang <- $r2
	@DEBUG_VALUE: isConsecutive:u32i <- undef
	@DEBUG_VALUE: isConsecutive:u32j <- $r5
	.loc	1 0 0 is_stmt 0                 @ ../Device/HyperRAM/hyperram_code.c:0:0
	ldrb	r3, [r6, #-2]
	ldrb	r1, [r6, #-1]
	.loc	1 130 25 is_stmt 1              @ ../Device/HyperRAM/hyperram_code.c:130:25
	cmp	r9, r8
	.loc	1 131 66                        @ ../Device/HyperRAM/hyperram_code.c:131:66
	ite	ls
	subls	r3, #1
	.loc	1 130 61                        @ ../Device/HyperRAM/hyperram_code.c:130:61
	addhi	r3, #1
.Ltmp56:
	.loc	1 130 0 is_stmt 0               @ ../Device/HyperRAM/hyperram_code.c:130:0
	cmp	r3, r1
	itt	ne
	subne.w	r10, r7, #3
.Ltmp57:
	.loc	1 0 0                           @ ../Device/HyperRAM/hyperram_code.c:0:0
	movne	r5, #0
.Ltmp58:
	@DEBUG_VALUE: isConsecutive:u32j <- 0
	@DEBUG_VALUE: isConsecutive:u8Find <- undef
	@DEBUG_VALUE: isConsecutive:u8Find <- $r10
	@DEBUG_VALUE: isConsecutive:u32j <- $r5
	.loc	1 139 13 is_stmt 1              @ ../Device/HyperRAM/hyperram_code.c:139:13
	adds	r3, r5, #1
.Ltmp59:
	@DEBUG_VALUE: isConsecutive:u32j <- $r3
	.loc	1 142 21                        @ ../Device/HyperRAM/hyperram_code.c:142:21
	uxtb	r1, r2
.Ltmp60:
	.loc	1 142 13 is_stmt 0              @ ../Device/HyperRAM/hyperram_code.c:142:13
	cmp	r3, r1
	csel	r1, r4, r10, lo
.Ltmp61:
	@DEBUG_VALUE: isConsecutive:u8StartIdx <- $r1
	csinc	r2, r2, r5, lo
.Ltmp62:
	@DEBUG_VALUE: isConsecutive:u32i <- undef
	@DEBUG_VALUE: isConsecutive:u8MaxRang <- $r2
	.loc	1 0 0                           @ ../Device/HyperRAM/hyperram_code.c:0:0
	ldrb	r5, [r6, #-1]
	ldrb	r4, [r6]
	.loc	1 130 25 is_stmt 1              @ ../Device/HyperRAM/hyperram_code.c:130:25
	cmp	r9, r8
	.loc	1 130 61 is_stmt 0              @ ../Device/HyperRAM/hyperram_code.c:130:61
	ite	hi
	addhi	r5, #1
	.loc	1 131 66 is_stmt 1              @ ../Device/HyperRAM/hyperram_code.c:131:66
	subls	r5, #1
.Ltmp63:
	.loc	1 130 0                         @ ../Device/HyperRAM/hyperram_code.c:130:0
	cmp	r5, r4
	itt	ne
	subne.w	r10, r7, #2
.Ltmp64:
	.loc	1 0 0 is_stmt 0                 @ ../Device/HyperRAM/hyperram_code.c:0:0
	movne	r3, #0
.Ltmp65:
	@DEBUG_VALUE: isConsecutive:u32j <- 0
	@DEBUG_VALUE: isConsecutive:u8Find <- undef
	@DEBUG_VALUE: isConsecutive:u8Find <- $r10
	@DEBUG_VALUE: isConsecutive:u32j <- $r3
	.loc	1 139 13 is_stmt 1              @ ../Device/HyperRAM/hyperram_code.c:139:13
	adds	r4, r3, #1
.Ltmp66:
	@DEBUG_VALUE: isConsecutive:u32j <- $r4
	.loc	1 142 21                        @ ../Device/HyperRAM/hyperram_code.c:142:21
	uxtb	r5, r2
.Ltmp67:
	.loc	1 142 13 is_stmt 0              @ ../Device/HyperRAM/hyperram_code.c:142:13
	cmp	r4, r5
	csinc	r3, r2, r3, lo
	@DEBUG_VALUE: isConsecutive:u32i <- undef
.Ltmp68:
	@DEBUG_VALUE: isConsecutive:u8MaxRang <- $r3
	.loc	1 0 0                           @ ../Device/HyperRAM/hyperram_code.c:0:0
	ldrb	r5, [r6]
	ldrb	r2, [r6, #1]
.Ltmp69:
	.loc	1 142 13                        @ ../Device/HyperRAM/hyperram_code.c:142:13
	csel	r1, r1, r10, lo
.Ltmp70:
	@DEBUG_VALUE: isConsecutive:u8StartIdx <- $r1
	.loc	1 130 25 is_stmt 1              @ ../Device/HyperRAM/hyperram_code.c:130:25
	cmp	r9, r8
	.loc	1 130 61 is_stmt 0              @ ../Device/HyperRAM/hyperram_code.c:130:61
	ite	hi
	addhi	r5, #1
	.loc	1 131 66 is_stmt 1              @ ../Device/HyperRAM/hyperram_code.c:131:66
	subls	r5, #1
.Ltmp71:
	.loc	1 130 0                         @ ../Device/HyperRAM/hyperram_code.c:130:0
	cmp	r5, r2
	itt	ne
	subne.w	r10, r7, #1
.Ltmp72:
	.loc	1 0 0 is_stmt 0                 @ ../Device/HyperRAM/hyperram_code.c:0:0
	movne	r4, #0
.Ltmp73:
	@DEBUG_VALUE: isConsecutive:u32j <- 0
	@DEBUG_VALUE: isConsecutive:u8Find <- undef
	@DEBUG_VALUE: isConsecutive:u8Find <- $r10
	@DEBUG_VALUE: isConsecutive:u32j <- $r4
	.loc	1 139 13 is_stmt 1              @ ../Device/HyperRAM/hyperram_code.c:139:13
	adds	r2, r4, #1
.Ltmp74:
	@DEBUG_VALUE: isConsecutive:u32j <- $r2
	.loc	1 142 21                        @ ../Device/HyperRAM/hyperram_code.c:142:21
	uxtb	r5, r3
.Ltmp75:
	.loc	1 142 13 is_stmt 0              @ ../Device/HyperRAM/hyperram_code.c:142:13
	cmp	r2, r5
	csel	r11, r1, r10, lo
.Ltmp76:
	@DEBUG_VALUE: isConsecutive:u8StartIdx <- $r11
	csinc	r1, r3, r4, lo
.Ltmp77:
	@DEBUG_VALUE: isConsecutive:u8MaxRang <- $r1
	.loc	1 0 0                           @ ../Device/HyperRAM/hyperram_code.c:0:0
	ldrb	r3, [r6, #2]
	ldrb	r4, [r6, #1]
.Ltmp78:
	@DEBUG_VALUE: isConsecutive:u32i <- undef
	.loc	1 127 5 is_stmt 1               @ ../Device/HyperRAM/hyperram_code.c:127:5
	adds	r6, #4
.Ltmp79:
	.loc	1 130 25                        @ ../Device/HyperRAM/hyperram_code.c:130:25
	cmp	r9, r8
	.loc	1 130 61 is_stmt 0              @ ../Device/HyperRAM/hyperram_code.c:130:61
	ite	hi
	addhi	r4, #1
	.loc	1 131 66 is_stmt 1              @ ../Device/HyperRAM/hyperram_code.c:131:66
	subls	r4, #1
.Ltmp80:
	.loc	1 130 0                         @ ../Device/HyperRAM/hyperram_code.c:130:0
	cmp	r4, r3
	itt	ne
	movne	r2, #0
.Ltmp81:
	@DEBUG_VALUE: isConsecutive:u32j <- 0
	@DEBUG_VALUE: isConsecutive:u8Find <- undef
	.loc	1 0 0 is_stmt 0                 @ ../Device/HyperRAM/hyperram_code.c:0:0
	movne	r10, r7
.Ltmp82:
	@DEBUG_VALUE: isConsecutive:u8Find <- $r10
	@DEBUG_VALUE: isConsecutive:u32j <- $r2
	.loc	1 139 13 is_stmt 1              @ ../Device/HyperRAM/hyperram_code.c:139:13
	adds	r5, r2, #1
.Ltmp83:
	@DEBUG_VALUE: isConsecutive:u32j <- $r5
	.loc	1 142 21                        @ ../Device/HyperRAM/hyperram_code.c:142:21
	uxtb	r3, r1
.Ltmp84:
	.loc	1 142 13 is_stmt 0              @ ../Device/HyperRAM/hyperram_code.c:142:13
	cmp	r5, r3
.Ltmp85:
	.loc	1 127 5 is_stmt 1               @ ../Device/HyperRAM/hyperram_code.c:127:5
	add.w	r7, r7, #4
.Ltmp86:
	.loc	1 142 13                        @ ../Device/HyperRAM/hyperram_code.c:142:13
	csel	r4, r11, r10, lo
.Ltmp87:
	@DEBUG_VALUE: isConsecutive:u8StartIdx <- $r4
	csinc	r2, r1, r2, lo
.Ltmp88:
	@DEBUG_VALUE: isConsecutive:u32i <- undef
	@DEBUG_VALUE: isConsecutive:u8MaxRang <- $r2
	.loc	1 127 5                         @ ../Device/HyperRAM/hyperram_code.c:127:5
	le	lr, .LBB2_5
.Ltmp89:
@ %bb.6:
	@DEBUG_VALUE: isConsecutive:u32j <- $r5
	@DEBUG_VALUE: isConsecutive:u8MaxRang <- $r2
	@DEBUG_VALUE: isConsecutive:u8StartIdx <- $r4
	@DEBUG_VALUE: isConsecutive:u8Find <- $r10
	@DEBUG_VALUE: isConsecutive:size <- [DW_OP_LLVM_entry_value 1] $r1
	@DEBUG_VALUE: isConsecutive:au8Src <- $r0
	.loc	1 130 25                        @ ../Device/HyperRAM/hyperram_code.c:130:25
	subs	r7, #3
	cmp.w	r12, #0
	beq	.LBB2_10
.Ltmp90:
.LBB2_7:
	@DEBUG_VALUE: isConsecutive:size <- [DW_OP_LLVM_entry_value 1] $r1
	@DEBUG_VALUE: isConsecutive:au8Src <- $r0
	@DEBUG_VALUE: isConsecutive:u8Find <- $r10
	@DEBUG_VALUE: isConsecutive:u8StartIdx <- $r4
	@DEBUG_VALUE: isConsecutive:u8MaxRang <- $r2
	@DEBUG_VALUE: isConsecutive:u32i <- $r7
	@DEBUG_VALUE: isConsecutive:u32j <- $r5
	.loc	1 0 0 is_stmt 0                 @ ../Device/HyperRAM/hyperram_code.c:0:0
	adds	r3, r0, r7
	ldrb	r1, [r0, r7]
	ldrb	r3, [r3, #-1]
	.loc	1 130 25                        @ ../Device/HyperRAM/hyperram_code.c:130:25
	cmp	r9, r8
	.loc	1 130 61                        @ ../Device/HyperRAM/hyperram_code.c:130:61
	ite	hi
	addhi	r3, #1
	.loc	1 131 66 is_stmt 1              @ ../Device/HyperRAM/hyperram_code.c:131:66
	subls	r3, #1
.Ltmp91:
	.loc	1 130 0                         @ ../Device/HyperRAM/hyperram_code.c:130:0
	cmp	r3, r1
	itt	ne
	movne	r5, #0
.Ltmp92:
	@DEBUG_VALUE: isConsecutive:u32j <- 0
	@DEBUG_VALUE: isConsecutive:u8Find <- undef
	.loc	1 0 0 is_stmt 0                 @ ../Device/HyperRAM/hyperram_code.c:0:0
	movne	r10, r7
.Ltmp93:
	@DEBUG_VALUE: isConsecutive:u8Find <- $r10
	@DEBUG_VALUE: isConsecutive:u32j <- $r5
	.loc	1 139 13 is_stmt 1              @ ../Device/HyperRAM/hyperram_code.c:139:13
	adds	r6, r5, #1
.Ltmp94:
	@DEBUG_VALUE: isConsecutive:u32j <- $r6
	.loc	1 142 21                        @ ../Device/HyperRAM/hyperram_code.c:142:21
	uxtb	r1, r2
.Ltmp95:
	.loc	1 142 13 is_stmt 0              @ ../Device/HyperRAM/hyperram_code.c:142:13
	cmp	r6, r1
	csel	r4, r4, r10, lo
.Ltmp96:
	@DEBUG_VALUE: isConsecutive:u8StartIdx <- $r4
	csinc	r2, r2, r5, lo
.Ltmp97:
	@DEBUG_VALUE: isConsecutive:u32i <- undef
	@DEBUG_VALUE: isConsecutive:u8MaxRang <- $r2
	.loc	1 127 5 is_stmt 1               @ ../Device/HyperRAM/hyperram_code.c:127:5
	cmp.w	r12, #1
	beq	.LBB2_10
.Ltmp98:
@ %bb.8:
	@DEBUG_VALUE: isConsecutive:u32j <- $r6
	@DEBUG_VALUE: isConsecutive:u8MaxRang <- $r2
	@DEBUG_VALUE: isConsecutive:u8StartIdx <- $r4
	@DEBUG_VALUE: isConsecutive:u8Find <- $r10
	@DEBUG_VALUE: isConsecutive:size <- [DW_OP_LLVM_entry_value 1] $r1
	@DEBUG_VALUE: isConsecutive:au8Src <- $r0
	.loc	1 0 0 is_stmt 0                 @ ../Device/HyperRAM/hyperram_code.c:0:0
	adds	r1, r7, #1
	@DEBUG_VALUE: isConsecutive:u32j <- $r6
.Ltmp99:
	@DEBUG_VALUE: isConsecutive:u32i <- $r1
	@DEBUG_VALUE: isConsecutive:u8MaxRang <- $r2
	@DEBUG_VALUE: isConsecutive:u8StartIdx <- $r4
	@DEBUG_VALUE: isConsecutive:u8Find <- $r10
	ldrb	r5, [r0, r7]
	ldrb	r3, [r0, r1]
	.loc	1 130 25 is_stmt 1              @ ../Device/HyperRAM/hyperram_code.c:130:25
	cmp	r9, r8
	.loc	1 130 61 is_stmt 0              @ ../Device/HyperRAM/hyperram_code.c:130:61
	ite	hi
	addhi	r5, #1
	.loc	1 131 66 is_stmt 1              @ ../Device/HyperRAM/hyperram_code.c:131:66
	subls	r5, #1
.Ltmp100:
	.loc	1 130 0                         @ ../Device/HyperRAM/hyperram_code.c:130:0
	cmp	r5, r3
	itt	ne
	movne	r6, #0
.Ltmp101:
	@DEBUG_VALUE: isConsecutive:u32j <- 0
	@DEBUG_VALUE: isConsecutive:u8Find <- undef
	.loc	1 0 0 is_stmt 0                 @ ../Device/HyperRAM/hyperram_code.c:0:0
	movne	r10, r1
.Ltmp102:
	@DEBUG_VALUE: isConsecutive:u32i <- $r10
	@DEBUG_VALUE: isConsecutive:u8Find <- $r10
	@DEBUG_VALUE: isConsecutive:u32j <- $r6
	.loc	1 139 13 is_stmt 1              @ ../Device/HyperRAM/hyperram_code.c:139:13
	adds	r5, r6, #1
.Ltmp103:
	@DEBUG_VALUE: isConsecutive:u32j <- $r5
	.loc	1 142 21                        @ ../Device/HyperRAM/hyperram_code.c:142:21
	uxtb	r1, r2
.Ltmp104:
	.loc	1 142 13 is_stmt 0              @ ../Device/HyperRAM/hyperram_code.c:142:13
	cmp	r5, r1
	csel	r4, r4, r10, lo
.Ltmp105:
	@DEBUG_VALUE: isConsecutive:u8StartIdx <- $r4
	csinc	r2, r2, r6, lo
.Ltmp106:
	@DEBUG_VALUE: isConsecutive:u32i <- undef
	@DEBUG_VALUE: isConsecutive:u8MaxRang <- $r2
	.loc	1 127 5 is_stmt 1               @ ../Device/HyperRAM/hyperram_code.c:127:5
	cmp.w	r12, #2
	beq	.LBB2_10
.Ltmp107:
@ %bb.9:
	@DEBUG_VALUE: isConsecutive:u32j <- $r5
	@DEBUG_VALUE: isConsecutive:u8MaxRang <- $r2
	@DEBUG_VALUE: isConsecutive:u8StartIdx <- $r4
	@DEBUG_VALUE: isConsecutive:u8Find <- $r10
	@DEBUG_VALUE: isConsecutive:size <- [DW_OP_LLVM_entry_value 1] $r1
	@DEBUG_VALUE: isConsecutive:au8Src <- $r0
	.loc	1 0 0 is_stmt 0                 @ ../Device/HyperRAM/hyperram_code.c:0:0
	adds	r1, r7, #2
	@DEBUG_VALUE: isConsecutive:u32j <- $r5
.Ltmp108:
	@DEBUG_VALUE: isConsecutive:u32i <- $r1
	@DEBUG_VALUE: isConsecutive:u8MaxRang <- $r2
	@DEBUG_VALUE: isConsecutive:u8StartIdx <- $r4
	@DEBUG_VALUE: isConsecutive:u8Find <- $r10
	.loc	1 130 25 is_stmt 1              @ ../Device/HyperRAM/hyperram_code.c:130:25
	cmp	r9, r8
	.loc	1 0 0 is_stmt 0                 @ ../Device/HyperRAM/hyperram_code.c:0:0
	add.w	r7, r0, r1
	ldrb	r3, [r0, r1]
	ldrb	r7, [r7, #-1]
	.loc	1 130 61                        @ ../Device/HyperRAM/hyperram_code.c:130:61
	ite	hi
	addhi	r7, #1
	.loc	1 131 66 is_stmt 1              @ ../Device/HyperRAM/hyperram_code.c:131:66
	subls	r7, #1
.Ltmp109:
	.loc	1 130 0                         @ ../Device/HyperRAM/hyperram_code.c:130:0
	cmp	r7, r3
	itt	ne
	movne	r5, #0
.Ltmp110:
	@DEBUG_VALUE: isConsecutive:u32j <- 0
	@DEBUG_VALUE: isConsecutive:u8Find <- undef
	.loc	1 0 0 is_stmt 0                 @ ../Device/HyperRAM/hyperram_code.c:0:0
	movne	r10, r1
.Ltmp111:
	@DEBUG_VALUE: isConsecutive:u32i <- $r10
	@DEBUG_VALUE: isConsecutive:u8Find <- $r10
	@DEBUG_VALUE: isConsecutive:u32j <- $r5
	.loc	1 139 13 is_stmt 1              @ ../Device/HyperRAM/hyperram_code.c:139:13
	adds	r1, r5, #1
.Ltmp112:
	@DEBUG_VALUE: isConsecutive:u32j <- $r1
	.loc	1 142 21                        @ ../Device/HyperRAM/hyperram_code.c:142:21
	uxtb	r3, r2
.Ltmp113:
	.loc	1 142 13 is_stmt 0              @ ../Device/HyperRAM/hyperram_code.c:142:13
	cmp	r1, r3
	csel	r4, r4, r10, lo
.Ltmp114:
	@DEBUG_VALUE: isConsecutive:u8StartIdx <- $r4
	csinc	r2, r2, r5, lo
.Ltmp115:
	@DEBUG_VALUE: isConsecutive:u32i <- [DW_OP_plus_uconst 3, DW_OP_stack_value] undef
	@DEBUG_VALUE: isConsecutive:u8MaxRang <- $r2
.LBB2_10:
	@DEBUG_VALUE: isConsecutive:size <- [DW_OP_LLVM_entry_value 1] $r1
	@DEBUG_VALUE: isConsecutive:au8Src <- $r0
	.loc	1 149 23 is_stmt 1              @ ../Device/HyperRAM/hyperram_code.c:149:23
	uxtb	r3, r2
	.loc	1 151 12                        @ ../Device/HyperRAM/hyperram_code.c:151:12
	uxtb	r1, r4
	.loc	1 149 12                        @ ../Device/HyperRAM/hyperram_code.c:149:12
	cmp	r3, #2
	.loc	1 149 12 epilogue_begin is_stmt 0 @ ../Device/HyperRAM/hyperram_code.c:149:12
	pop.w	{r4, r5, r6, r7, r8, r9, r10, r11, lr}
	blo	.LBB2_12
.Ltmp116:
@ %bb.11:
	@DEBUG_VALUE: isConsecutive:size <- [DW_OP_LLVM_entry_value 1] $r1
	@DEBUG_VALUE: isConsecutive:au8Src <- $r0
	.loc	1 150 12 is_stmt 1              @ ../Device/HyperRAM/hyperram_code.c:150:12
	add.w	r0, r0, r3, lsr #1
.Ltmp117:
	@DEBUG_VALUE: isConsecutive:au8Src <- [DW_OP_LLVM_entry_value 1] $r0
	.loc	1 0 12 is_stmt 0                @ ../Device/HyperRAM/hyperram_code.c:0:12
	and	r2, r2, #1
	.loc	1 150 12                        @ ../Device/HyperRAM/hyperram_code.c:150:12
	add	r0, r1
	ldrb	r0, [r0, r2]
	.loc	1 150 86                        @ ../Device/HyperRAM/hyperram_code.c:150:86
	subs	r0, #1
	.loc	1 149 5 is_stmt 1               @ ../Device/HyperRAM/hyperram_code.c:149:5
	uxtb	r0, r0
	bx	lr
.Ltmp118:
.LBB2_12:
	@DEBUG_VALUE: isConsecutive:size <- [DW_OP_LLVM_entry_value 1] $r1
	@DEBUG_VALUE: isConsecutive:au8Src <- $r0
	.loc	1 151 12                        @ ../Device/HyperRAM/hyperram_code.c:151:12
	ldrb	r0, [r0, r1]
.Ltmp119:
	@DEBUG_VALUE: isConsecutive:au8Src <- [DW_OP_LLVM_entry_value 1] $r0
	.loc	1 149 5                         @ ../Device/HyperRAM/hyperram_code.c:149:5
	uxtb	r0, r0
	bx	lr
.Ltmp120:
.Lfunc_end2:
	.size	isConsecutive, .Lfunc_end2-isConsecutive
	.cfi_endproc
	.cantunwind
	.fnend
                                        @ -- End function
	.section	.text.HyperRAM_TrimDLLDelayNumber,"ax",%progbits
	.hidden	HyperRAM_TrimDLLDelayNumber     @ -- Begin function HyperRAM_TrimDLLDelayNumber
	.globl	HyperRAM_TrimDLLDelayNumber
	.p2align	4
	.type	HyperRAM_TrimDLLDelayNumber,%function
	.code	16                              @ @HyperRAM_TrimDLLDelayNumber
	.thumb_func
HyperRAM_TrimDLLDelayNumber:
.Lfunc_begin3:
	.loc	1 155 0                         @ ../Device/HyperRAM/hyperram_code.c:155:0
	.fnstart
	.cfi_startproc
@ %bb.0:
	@DEBUG_VALUE: HyperRAM_TrimDLLDelayNumber:spim <- $r0
	.save	{r4, r5, r6, r7, r8, r9, r10, r11, lr}
	push.w	{r4, r5, r6, r7, r8, r9, r10, r11, lr}
	.cfi_def_cfa_offset 36
	.cfi_offset lr, -4
	.cfi_offset r11, -8
	.cfi_offset r10, -12
	.cfi_offset r9, -16
	.cfi_offset r8, -20
	.cfi_offset r7, -24
	.cfi_offset r6, -28
	.cfi_offset r5, -32
	.cfi_offset r4, -36
	.pad	#4
	sub	sp, #4
	.cfi_def_cfa_offset 40
	.vsave	{d8, d9}
	vpush	{d8, d9}
	.cfi_def_cfa_offset 56
	.cfi_offset d9, -48
	.cfi_offset d8, -56
	.pad	#456
	sub	sp, #456
	.cfi_def_cfa_offset 512
.Ltmp121:
	.loc	1 156 9 prologue_end            @ ../Device/HyperRAM/hyperram_code.c:156:9
	cmp	r0, #0
	str	r0, [sp, #36]                   @ 4-byte Spill
.Ltmp122:
	@DEBUG_VALUE: HyperRAM_TrimDLLDelayNumber:spim <- [DW_OP_plus_uconst 36] [$sp+0]
	@DEBUG_VALUE: HyperRAM_TrimDLLDelayNumber:spim <- [DW_OP_plus_uconst 36] [$sp+0]
	beq.w	.LBB3_29
.Ltmp123:
@ %bb.1:
	@DEBUG_VALUE: HyperRAM_TrimDLLDelayNumber:spim <- [DW_OP_plus_uconst 36] [$sp+0]
	@DEBUG_VALUE: HyperRAM_TrimDLLDelayNumber:u8RdDelay <- 0
	.loc	1 0 9 is_stmt 0                 @ ../Device/HyperRAM/hyperram_code.c:0:9
	movs	r0, #0
	add	r7, sp, #168
	.loc	1 162 13 is_stmt 1              @ ../Device/HyperRAM/hyperram_code.c:162:13
	strd	r0, r0, [sp, #448]
	strd	r0, r0, [sp, #440]
	strd	r0, r0, [sp, #432]
	strd	r0, r0, [sp, #424]
.Ltmp124:
	@DEBUG_VALUE: HyperRAM_TrimDLLDelayNumber:u32ReTrimMaxCnt <- 6
	@DEBUG_VALUE: HyperRAM_TrimDLLDelayNumber:u32ReTrimCnt <- 0
	@DEBUG_VALUE: HyperRAM_TrimDLLDelayNumber:u32SrcAddr <- 0
	@DEBUG_VALUE: HyperRAM_TrimDLLDelayNumber:u32k <- 0
	@DEBUG_VALUE: HyperRAM_TrimDLLDelayNumber:u32j <- 0
	@DEBUG_VALUE: HyperRAM_TrimDLLDelayNumber:u32i <- 0
	@DEBUG_VALUE: HyperRAM_TrimDLLDelayNumber:u32Val <- 0
	@DEBUG_VALUE: HyperRAM_TrimDLLDelayNumber:u32LoopAddr <- 0
	@DEBUG_VALUE: HyperRAM_TrimDLLDelayNumber:u32PatternSize <- 128
	.loc	1 173 14                        @ ../Device/HyperRAM/hyperram_code.c:173:14
	mov	r0, r7
	mov.w	r1, #256
	bl	__aeabi_memclr8
.Ltmp125:
	.loc	1 0 14 is_stmt 0                @ ../Device/HyperRAM/hyperram_code.c:0:14
	add	r0, sp, #40
	.loc	1 174 14 is_stmt 1              @ ../Device/HyperRAM/hyperram_code.c:174:14
	movs	r1, #128
	bl	__aeabi_memclr8
.Ltmp126:
	.loc	1 0 14 is_stmt 0                @ ../Device/HyperRAM/hyperram_code.c:0:14
	mov.w	lr, #64
	adr.w	r0, .LCPI3_0
.Ltmp127:
	@DEBUG_VALUE: HyperRAM_TrimDLLDelayNumber:u32DMMAddr <- -2113929216
	@DEBUG_VALUE: HyperRAM_TrimDLLDelayNumber:pu8VerfiyBuf <- [DW_OP_plus_uconst 40, DW_OP_stack_value] $sp
	@DEBUG_VALUE: HyperRAM_TrimDLLDelayNumber:pu8TrimPattern <- [DW_OP_plus_uconst 168, DW_OP_stack_value] $sp
	mov	r1, r7
	vmov.i32	q1, #0xf
	vldrw.u32	q0, [r0]
	vmov.i32	q2, #0x1
	movs	r0, #4
.Ltmp128:
	.p2align	2
.LBB3_2:                                @ =>This Inner Loop Header: Depth=1
	@DEBUG_VALUE: HyperRAM_TrimDLLDelayNumber:pu8TrimPattern <- [DW_OP_plus_uconst 168, DW_OP_stack_value] $sp
	@DEBUG_VALUE: HyperRAM_TrimDLLDelayNumber:pu8VerfiyBuf <- [DW_OP_plus_uconst 40, DW_OP_stack_value] $sp
	@DEBUG_VALUE: HyperRAM_TrimDLLDelayNumber:u32DMMAddr <- -2113929216
	@DEBUG_VALUE: HyperRAM_TrimDLLDelayNumber:u32PatternSize <- 128
	@DEBUG_VALUE: HyperRAM_TrimDLLDelayNumber:u32LoopAddr <- 0
	@DEBUG_VALUE: HyperRAM_TrimDLLDelayNumber:u32Val <- 0
	@DEBUG_VALUE: HyperRAM_TrimDLLDelayNumber:u32i <- 0
	@DEBUG_VALUE: HyperRAM_TrimDLLDelayNumber:u32j <- 0
	@DEBUG_VALUE: HyperRAM_TrimDLLDelayNumber:u32k <- 0
	@DEBUG_VALUE: HyperRAM_TrimDLLDelayNumber:u32SrcAddr <- 0
	@DEBUG_VALUE: HyperRAM_TrimDLLDelayNumber:u32ReTrimCnt <- 0
	@DEBUG_VALUE: HyperRAM_TrimDLLDelayNumber:u32ReTrimMaxCnt <- 6
	@DEBUG_VALUE: HyperRAM_TrimDLLDelayNumber:u8RdDelay <- 0
	@DEBUG_VALUE: HyperRAM_TrimDLLDelayNumber:spim <- [DW_OP_plus_uconst 36] [$sp+0]
	.loc	1 182 24 is_stmt 1              @ ../Device/HyperRAM/hyperram_code.c:182:24
	vand	q3, q0, q1
	.loc	1 182 40 is_stmt 0              @ ../Device/HyperRAM/hyperram_code.c:182:40
	vshr.u32	q4, q0, #4
	.loc	1 182 32                        @ ../Device/HyperRAM/hyperram_code.c:182:32
	veor	q3, q3, q4
	.loc	1 182 54                        @ ../Device/HyperRAM/hyperram_code.c:182:54
	vshr.u32	q4, q0, #3
	.loc	1 182 46                        @ ../Device/HyperRAM/hyperram_code.c:182:46
	veor	q3, q3, q4
	.loc	1 184 13 is_stmt 1              @ ../Device/HyperRAM/hyperram_code.c:184:13
	vand	q4, q0, q2
	vneg.s32	q4, q4
	veor	q3, q3, q4
	.loc	1 189 58                        @ ../Device/HyperRAM/hyperram_code.c:189:58
	vshl.i32	q4, q0, #3
	.loc	1 189 50 is_stmt 0              @ ../Device/HyperRAM/hyperram_code.c:189:50
	veor	q3, q3, q4
	.loc	1 189 72                        @ ../Device/HyperRAM/hyperram_code.c:189:72
	vshr.u32	q4, q0, #2
	.loc	1 189 33                        @ ../Device/HyperRAM/hyperram_code.c:189:33
	veor	q3, q3, q4
	.loc	1 189 32                        @ ../Device/HyperRAM/hyperram_code.c:189:32
	vmvn	q3, q3
	.loc	1 189 30                        @ ../Device/HyperRAM/hyperram_code.c:189:30
	vstrb.32	q3, [r1], #4
	vadd.i32	q0, q0, r0
.Ltmp129:
	.loc	1 180 56 is_stmt 1              @ ../Device/HyperRAM/hyperram_code.c:180:56
	le	lr, .LBB3_2
.Ltmp130:
@ %bb.3:
	@DEBUG_VALUE: HyperRAM_TrimDLLDelayNumber:pu8TrimPattern <- [DW_OP_plus_uconst 168, DW_OP_stack_value] $sp
	@DEBUG_VALUE: HyperRAM_TrimDLLDelayNumber:pu8VerfiyBuf <- [DW_OP_plus_uconst 40, DW_OP_stack_value] $sp
	@DEBUG_VALUE: HyperRAM_TrimDLLDelayNumber:u32DMMAddr <- -2113929216
	@DEBUG_VALUE: HyperRAM_TrimDLLDelayNumber:u32PatternSize <- 128
	@DEBUG_VALUE: HyperRAM_TrimDLLDelayNumber:u32LoopAddr <- 0
	@DEBUG_VALUE: HyperRAM_TrimDLLDelayNumber:u32Val <- 0
	@DEBUG_VALUE: HyperRAM_TrimDLLDelayNumber:u32i <- 0
	@DEBUG_VALUE: HyperRAM_TrimDLLDelayNumber:u32j <- 0
	@DEBUG_VALUE: HyperRAM_TrimDLLDelayNumber:u32k <- 0
	@DEBUG_VALUE: HyperRAM_TrimDLLDelayNumber:u32SrcAddr <- 0
	@DEBUG_VALUE: HyperRAM_TrimDLLDelayNumber:u32ReTrimCnt <- 0
	@DEBUG_VALUE: HyperRAM_TrimDLLDelayNumber:u32ReTrimMaxCnt <- 6
	@DEBUG_VALUE: HyperRAM_TrimDLLDelayNumber:u8RdDelay <- 0
	@DEBUG_VALUE: HyperRAM_TrimDLLDelayNumber:spim <- [DW_OP_plus_uconst 36] [$sp+0]
	.loc	1 192 5                         @ ../Device/HyperRAM/hyperram_code.c:192:5
	ldr	r0, [sp, #36]                   @ 4-byte Reload
	movw	r5, #61276
	mov	r2, r7
	movs	r1, #0
	mov.w	r3, #256
	movt	r5, #57344
	mov.w	r8, #0
	bl	SPIM_HYPER_DMAWrite
.Ltmp131:
	@DEBUG_VALUE: HyperRAM_TrimDLLDelayNumber:u32ReTrimCnt <- 0
	@DEBUG_VALUE: HyperRAM_TrimDLLDelayNumber:u32i <- undef
	.loc	1 0 5 is_stmt 0                 @ ../Device/HyperRAM/hyperram_code.c:0:5
	b	.LBB3_5
.Ltmp132:
	.p2align	2
.LBB3_4:                                @   in Loop: Header=BB3_5 Depth=1
	@DEBUG_VALUE: HyperRAM_TrimDLLDelayNumber:u32k <- $r9
	@DEBUG_VALUE: HyperRAM_TrimDLLDelayNumber:u32PatternSize <- [DW_OP_plus_uconst 32] [$sp+0]
	@DEBUG_VALUE: HyperRAM_TrimDLLDelayNumber:u8RdDelay <- $r4
	@DEBUG_VALUE: HyperRAM_TrimDLLDelayNumber:u32ReTrimCnt <- $r8
	@DEBUG_VALUE: HyperRAM_TrimDLLDelayNumber:pu8TrimPattern <- [DW_OP_plus_uconst 168, DW_OP_stack_value] $sp
	@DEBUG_VALUE: HyperRAM_TrimDLLDelayNumber:pu8VerfiyBuf <- [DW_OP_plus_uconst 40, DW_OP_stack_value] $sp
	@DEBUG_VALUE: HyperRAM_TrimDLLDelayNumber:u32DMMAddr <- -2113929216
	@DEBUG_VALUE: HyperRAM_TrimDLLDelayNumber:u32Val <- 0
	@DEBUG_VALUE: HyperRAM_TrimDLLDelayNumber:u32j <- 0
	@DEBUG_VALUE: HyperRAM_TrimDLLDelayNumber:u32SrcAddr <- 0
	@DEBUG_VALUE: HyperRAM_TrimDLLDelayNumber:u32ReTrimMaxCnt <- 6
	@DEBUG_VALUE: HyperRAM_TrimDLLDelayNumber:spim <- [DW_OP_plus_uconst 36] [$sp+0]
	.loc	1 194 72 is_stmt 1              @ ../Device/HyperRAM/hyperram_code.c:194:72
	add.w	r8, r8, #1
.Ltmp133:
	@DEBUG_VALUE: HyperRAM_TrimDLLDelayNumber:u32ReTrimCnt <- $r8
	@DEBUG_VALUE: HyperRAM_TrimDLLDelayNumber:u32i <- undef
	.loc	1 194 5 is_stmt 0               @ ../Device/HyperRAM/hyperram_code.c:194:5
	cmp.w	r8, #6
	beq.w	.LBB3_13
.Ltmp134:
.LBB3_5:                                @ =>This Loop Header: Depth=1
                                        @     Child Loop BB3_7 Depth 2
                                        @       Child Loop BB3_8 Depth 3
	@DEBUG_VALUE: HyperRAM_TrimDLLDelayNumber:pu8TrimPattern <- [DW_OP_plus_uconst 168, DW_OP_stack_value] $sp
	@DEBUG_VALUE: HyperRAM_TrimDLLDelayNumber:pu8VerfiyBuf <- [DW_OP_plus_uconst 40, DW_OP_stack_value] $sp
	@DEBUG_VALUE: HyperRAM_TrimDLLDelayNumber:u32DMMAddr <- -2113929216
	@DEBUG_VALUE: HyperRAM_TrimDLLDelayNumber:u32Val <- 0
	@DEBUG_VALUE: HyperRAM_TrimDLLDelayNumber:u32j <- 0
	@DEBUG_VALUE: HyperRAM_TrimDLLDelayNumber:u32SrcAddr <- 0
	@DEBUG_VALUE: HyperRAM_TrimDLLDelayNumber:u32ReTrimMaxCnt <- 6
	@DEBUG_VALUE: HyperRAM_TrimDLLDelayNumber:spim <- [DW_OP_plus_uconst 36] [$sp+0]
	@DEBUG_VALUE: HyperRAM_TrimDLLDelayNumber:u8RdDelay <- 0
	@DEBUG_VALUE: HyperRAM_TrimDLLDelayNumber:u32i <- undef
	@DEBUG_VALUE: HyperRAM_TrimDLLDelayNumber:u32ReTrimCnt <- $r8
	.loc	1 0 5                           @ ../Device/HyperRAM/hyperram_code.c:0:5
	subs.w	r11, r8, #1
	mov.w	r0, #8
	it	ne
	movne.w	r11, #-2113929216
	cmp.w	r8, #2
	it	hi
	movhi	r0, #16
	str	r0, [sp, #4]                    @ 4-byte Spill
	orr	r0, r11, #64
	movs	r4, #0
	str	r0, [sp, #28]                   @ 4-byte Spill
	orr	r0, r11, #96
	str	r0, [sp, #24]                   @ 4-byte Spill
	orr	r0, r11, #128
	str	r0, [sp, #20]                   @ 4-byte Spill
	orr	r0, r11, #160
	str	r0, [sp, #16]                   @ 4-byte Spill
	orr	r0, r11, #192
	orr	r10, r11, #32
	str	r0, [sp, #12]                   @ 4-byte Spill
	orr	r0, r11, #224
	str	r0, [sp, #8]                    @ 4-byte Spill
	b	.LBB3_7
.Ltmp135:
	.p2align	2
.LBB3_6:                                @   in Loop: Header=BB3_7 Depth=2
	@DEBUG_VALUE: HyperRAM_TrimDLLDelayNumber:u32k <- $r9
	@DEBUG_VALUE: HyperRAM_TrimDLLDelayNumber:u32LoopAddr <- $r4
	@DEBUG_VALUE: HyperRAM_TrimDLLDelayNumber:u32PatternSize <- [DW_OP_plus_uconst 32] [$sp+0]
	@DEBUG_VALUE: HyperRAM_TrimDLLDelayNumber:u8RdDelay <- [$sp+0]
	@DEBUG_VALUE: HyperRAM_TrimDLLDelayNumber:u32ReTrimCnt <- $r8
	@DEBUG_VALUE: HyperRAM_TrimDLLDelayNumber:pu8TrimPattern <- [DW_OP_plus_uconst 168, DW_OP_stack_value] $sp
	@DEBUG_VALUE: HyperRAM_TrimDLLDelayNumber:pu8VerfiyBuf <- [DW_OP_plus_uconst 40, DW_OP_stack_value] $sp
	@DEBUG_VALUE: HyperRAM_TrimDLLDelayNumber:u32DMMAddr <- -2113929216
	@DEBUG_VALUE: HyperRAM_TrimDLLDelayNumber:u32Val <- 0
	@DEBUG_VALUE: HyperRAM_TrimDLLDelayNumber:u32j <- 0
	@DEBUG_VALUE: HyperRAM_TrimDLLDelayNumber:u32SrcAddr <- 0
	@DEBUG_VALUE: HyperRAM_TrimDLLDelayNumber:u32ReTrimMaxCnt <- 6
	@DEBUG_VALUE: HyperRAM_TrimDLLDelayNumber:spim <- [DW_OP_plus_uconst 36] [$sp+0]
	@DEBUG_VALUE: HyperRAM_TrimDLLDelayNumber:u32i <- undef
	ldr	r4, [sp]                        @ 4-byte Reload
.Ltmp136:
	add	r2, sp, #424
.Ltmp137:
	.loc	1 240 37 is_stmt 1              @ ../Device/HyperRAM/hyperram_code.c:240:37
	cmp	r0, #0
	ldrb	r1, [r2, r4]
	cinc	r0, r1, eq
	strb	r0, [r2, r4]
.Ltmp138:
	.loc	1 196 74                        @ ../Device/HyperRAM/hyperram_code.c:196:74
	adds	r4, #1
.Ltmp139:
	@DEBUG_VALUE: HyperRAM_TrimDLLDelayNumber:u8RdDelay <- $r4
	.loc	1 196 9 is_stmt 0               @ ../Device/HyperRAM/hyperram_code.c:196:9
	cmp	r4, #32
	beq	.LBB3_4
.Ltmp140:
.LBB3_7:                                @   Parent Loop BB3_5 Depth=1
                                        @ =>  This Loop Header: Depth=2
                                        @       Child Loop BB3_8 Depth 3
	@DEBUG_VALUE: HyperRAM_TrimDLLDelayNumber:u32ReTrimCnt <- $r8
	@DEBUG_VALUE: HyperRAM_TrimDLLDelayNumber:pu8TrimPattern <- [DW_OP_plus_uconst 168, DW_OP_stack_value] $sp
	@DEBUG_VALUE: HyperRAM_TrimDLLDelayNumber:pu8VerfiyBuf <- [DW_OP_plus_uconst 40, DW_OP_stack_value] $sp
	@DEBUG_VALUE: HyperRAM_TrimDLLDelayNumber:u32DMMAddr <- -2113929216
	@DEBUG_VALUE: HyperRAM_TrimDLLDelayNumber:u32Val <- 0
	@DEBUG_VALUE: HyperRAM_TrimDLLDelayNumber:u32j <- 0
	@DEBUG_VALUE: HyperRAM_TrimDLLDelayNumber:u32SrcAddr <- 0
	@DEBUG_VALUE: HyperRAM_TrimDLLDelayNumber:u32ReTrimMaxCnt <- 6
	@DEBUG_VALUE: HyperRAM_TrimDLLDelayNumber:spim <- [DW_OP_plus_uconst 36] [$sp+0]
	@DEBUG_VALUE: HyperRAM_TrimDLLDelayNumber:u8RdDelay <- $r4
	.loc	1 199 13 is_stmt 1              @ ../Device/HyperRAM/hyperram_code.c:199:13
	ldr	r0, [sp, #36]                   @ 4-byte Reload
	mov	r1, r4
	bl	SPIM_HYPER_SetDLLDelayNum
.Ltmp141:
	.loc	1 0 13 is_stmt 0                @ ../Device/HyperRAM/hyperram_code.c:0:13
	add	r6, sp, #40
	.loc	1 201 13 is_stmt 1              @ ../Device/HyperRAM/hyperram_code.c:201:13
	movs	r1, #128
	mov	r0, r6
	bl	__aeabi_memclr8
.Ltmp142:
	.loc	1 205 17                        @ ../Device/HyperRAM/hyperram_code.c:205:17
	cmp	r4, #0
	mov.w	r0, #128
	str	r4, [sp]                        @ 4-byte Spill
.Ltmp143:
	@DEBUG_VALUE: HyperRAM_TrimDLLDelayNumber:u8RdDelay <- [$sp+0]
	@DEBUG_VALUE: HyperRAM_TrimDLLDelayNumber:u8RdDelay <- [$sp+0]
	@DEBUG_VALUE: HyperRAM_TrimDLLDelayNumber:u8RdDelay <- [$sp+0]
	it	eq
	moveq	r0, #120
	cmp.w	r8, #1
	mov.w	r1, #128
	csel	r0, r0, r1, hi
.Ltmp144:
	@DEBUG_VALUE: HyperRAM_TrimDLLDelayNumber:u32PatternSize <- $r0
	.loc	1 0 17 is_stmt 0                @ ../Device/HyperRAM/hyperram_code.c:0:17
	movs	r4, #0
.Ltmp145:
	@DEBUG_VALUE: HyperRAM_TrimDLLDelayNumber:u32k <- 0
	@DEBUG_VALUE: HyperRAM_TrimDLLDelayNumber:u32i <- undef
	@DEBUG_VALUE: HyperRAM_TrimDLLDelayNumber:u32LoopAddr <- 0
	mov.w	r9, #0
	str	r0, [sp, #32]                   @ 4-byte Spill
.Ltmp146:
	@DEBUG_VALUE: HyperRAM_TrimDLLDelayNumber:u32PatternSize <- [DW_OP_plus_uconst 32] [$sp+0]
	@DEBUG_VALUE: HyperRAM_TrimDLLDelayNumber:u32PatternSize <- [DW_OP_plus_uconst 32] [$sp+0]
	@DEBUG_VALUE: HyperRAM_TrimDLLDelayNumber:u32PatternSize <- [DW_OP_plus_uconst 32] [$sp+0]
	.p2align	2
.LBB3_8:                                @   Parent Loop BB3_5 Depth=1
                                        @     Parent Loop BB3_7 Depth=2
                                        @ =>    This Inner Loop Header: Depth=3
	@DEBUG_VALUE: HyperRAM_TrimDLLDelayNumber:u32PatternSize <- [DW_OP_plus_uconst 32] [$sp+0]
	@DEBUG_VALUE: HyperRAM_TrimDLLDelayNumber:u8RdDelay <- [$sp+0]
	@DEBUG_VALUE: HyperRAM_TrimDLLDelayNumber:u32ReTrimCnt <- $r8
	@DEBUG_VALUE: HyperRAM_TrimDLLDelayNumber:pu8TrimPattern <- [DW_OP_plus_uconst 168, DW_OP_stack_value] $sp
	@DEBUG_VALUE: HyperRAM_TrimDLLDelayNumber:pu8VerfiyBuf <- [DW_OP_plus_uconst 40, DW_OP_stack_value] $sp
	@DEBUG_VALUE: HyperRAM_TrimDLLDelayNumber:u32DMMAddr <- -2113929216
	@DEBUG_VALUE: HyperRAM_TrimDLLDelayNumber:u32Val <- 0
	@DEBUG_VALUE: HyperRAM_TrimDLLDelayNumber:u32j <- 0
	@DEBUG_VALUE: HyperRAM_TrimDLLDelayNumber:u32SrcAddr <- 0
	@DEBUG_VALUE: HyperRAM_TrimDLLDelayNumber:u32ReTrimMaxCnt <- 6
	@DEBUG_VALUE: HyperRAM_TrimDLLDelayNumber:spim <- [DW_OP_plus_uconst 36] [$sp+0]
	@DEBUG_VALUE: HyperRAM_TrimDLLDelayNumber:u32LoopAddr <- $r4
	@DEBUG_VALUE: HyperRAM_TrimDLLDelayNumber:u32k <- $r9
	@DEBUG_VALUE: SCB_InvalidateDCache_by_Addr:addr <- $r11
	@DEBUG_VALUE: SCB_InvalidateDCache_by_Addr:dsize <- 256
	@DEBUG_VALUE: op_size <- 256
	@DEBUG_VALUE: op_addr <- $r11
	.file	8 "C:\\ML\\ML_M55M1_SampleCode-master 2\\ML_M55M1_SampleCode-master\\M55M1BSP-3.01.003\\SampleCode\\NuEdgeWise\\PoseLandmark_YOLOv8n\\KEIL" "../../../../Library/CMSIS/Core/Include\\m-profile/armv7m_cachel1.h"
	.loc	8 363 7 is_stmt 1               @ ../../../../Library/CMSIS/Core/Include\m-profile/armv7m_cachel1.h:363:7
	dsb	sy
.Ltmp147:
	.loc	8 366 22                        @ ../../../../Library/CMSIS/Core/Include\m-profile/armv7m_cachel1.h:366:22
	str.w	r11, [r5]
.Ltmp148:
	@DEBUG_VALUE: op_addr <- $r10
	@DEBUG_VALUE: op_size <- 224
	str.w	r10, [r5]
.Ltmp149:
	@DEBUG_VALUE: op_addr <- [DW_OP_plus_uconst 28] [$sp+0]
	@DEBUG_VALUE: op_size <- 192
	ldr	r0, [sp, #28]                   @ 4-byte Reload
.Ltmp150:
	@DEBUG_VALUE: op_addr <- $r0
	.loc	1 218 21                        @ ../Device/HyperRAM/hyperram_code.c:218:21
	cmp.w	r8, #1
.Ltmp151:
	.loc	8 366 22                        @ ../../../../Library/CMSIS/Core/Include\m-profile/armv7m_cachel1.h:366:22
	str	r0, [r5]
.Ltmp152:
	@DEBUG_VALUE: op_addr <- [DW_OP_plus_uconst 24] [$sp+0]
	@DEBUG_VALUE: op_size <- 160
	ldr	r0, [sp, #24]                   @ 4-byte Reload
.Ltmp153:
	@DEBUG_VALUE: op_addr <- $r0
	str	r0, [r5]
.Ltmp154:
	@DEBUG_VALUE: op_addr <- [DW_OP_plus_uconst 20] [$sp+0]
	@DEBUG_VALUE: op_size <- 128
	ldr	r0, [sp, #20]                   @ 4-byte Reload
.Ltmp155:
	@DEBUG_VALUE: op_addr <- $r0
	str	r0, [r5]
.Ltmp156:
	@DEBUG_VALUE: op_addr <- [DW_OP_plus_uconst 16] [$sp+0]
	@DEBUG_VALUE: op_size <- 96
	ldr	r0, [sp, #16]                   @ 4-byte Reload
.Ltmp157:
	@DEBUG_VALUE: op_addr <- $r0
	str	r0, [r5]
.Ltmp158:
	@DEBUG_VALUE: op_addr <- [DW_OP_plus_uconst 12] [$sp+0]
	@DEBUG_VALUE: op_size <- 64
	ldr	r0, [sp, #12]                   @ 4-byte Reload
.Ltmp159:
	@DEBUG_VALUE: op_addr <- $r0
	str	r0, [r5]
.Ltmp160:
	@DEBUG_VALUE: op_addr <- [DW_OP_plus_uconst 8] [$sp+0]
	@DEBUG_VALUE: op_size <- 32
	ldr	r0, [sp, #8]                    @ 4-byte Reload
.Ltmp161:
	@DEBUG_VALUE: op_addr <- $r0
	str	r0, [r5]
.Ltmp162:
	@DEBUG_VALUE: op_addr <- [DW_OP_plus_uconst 256, DW_OP_stack_value] $r11
	@DEBUG_VALUE: op_size <- 0
	.loc	8 371 7                         @ ../../../../Library/CMSIS/Core/Include\m-profile/armv7m_cachel1.h:371:7
	dsb	sy
	.loc	8 372 7                         @ ../../../../Library/CMSIS/Core/Include\m-profile/armv7m_cachel1.h:372:7
	isb	sy
.Ltmp163:
	.loc	1 218 21                        @ ../Device/HyperRAM/hyperram_code.c:218:21
	bne	.LBB3_10
.Ltmp164:
@ %bb.9:                                @   in Loop: Header=BB3_8 Depth=3
	@DEBUG_VALUE: HyperRAM_TrimDLLDelayNumber:u32k <- $r9
	@DEBUG_VALUE: HyperRAM_TrimDLLDelayNumber:u32LoopAddr <- $r4
	@DEBUG_VALUE: HyperRAM_TrimDLLDelayNumber:u32PatternSize <- [DW_OP_plus_uconst 32] [$sp+0]
	@DEBUG_VALUE: HyperRAM_TrimDLLDelayNumber:u8RdDelay <- [$sp+0]
	@DEBUG_VALUE: HyperRAM_TrimDLLDelayNumber:u32ReTrimCnt <- $r8
	@DEBUG_VALUE: HyperRAM_TrimDLLDelayNumber:pu8TrimPattern <- [DW_OP_plus_uconst 168, DW_OP_stack_value] $sp
	@DEBUG_VALUE: HyperRAM_TrimDLLDelayNumber:pu8VerfiyBuf <- [DW_OP_plus_uconst 40, DW_OP_stack_value] $sp
	@DEBUG_VALUE: HyperRAM_TrimDLLDelayNumber:u32DMMAddr <- -2113929216
	@DEBUG_VALUE: HyperRAM_TrimDLLDelayNumber:u32Val <- 0
	@DEBUG_VALUE: HyperRAM_TrimDLLDelayNumber:u32j <- 0
	@DEBUG_VALUE: HyperRAM_TrimDLLDelayNumber:u32SrcAddr <- 0
	@DEBUG_VALUE: HyperRAM_TrimDLLDelayNumber:u32ReTrimMaxCnt <- 6
	@DEBUG_VALUE: HyperRAM_TrimDLLDelayNumber:spim <- [DW_OP_plus_uconst 36] [$sp+0]
	.loc	1 220 21                        @ ../Device/HyperRAM/hyperram_code.c:220:21
	ldr	r0, [sp, #36]                   @ 4-byte Reload
	mov	r1, r4
	mov	r2, r6
	movs	r3, #8
	bl	SPIM_HYPER_DMARead
.Ltmp165:
	.loc	1 0 21 is_stmt 0                @ ../Device/HyperRAM/hyperram_code.c:0:21
	b	.LBB3_11
.Ltmp166:
	.p2align	2
.LBB3_10:                               @   in Loop: Header=BB3_8 Depth=3
	@DEBUG_VALUE: HyperRAM_TrimDLLDelayNumber:u32k <- $r9
	@DEBUG_VALUE: HyperRAM_TrimDLLDelayNumber:u32LoopAddr <- $r4
	@DEBUG_VALUE: HyperRAM_TrimDLLDelayNumber:u32PatternSize <- [DW_OP_plus_uconst 32] [$sp+0]
	@DEBUG_VALUE: HyperRAM_TrimDLLDelayNumber:u8RdDelay <- [$sp+0]
	@DEBUG_VALUE: HyperRAM_TrimDLLDelayNumber:u32ReTrimCnt <- $r8
	@DEBUG_VALUE: HyperRAM_TrimDLLDelayNumber:pu8TrimPattern <- [DW_OP_plus_uconst 168, DW_OP_stack_value] $sp
	@DEBUG_VALUE: HyperRAM_TrimDLLDelayNumber:pu8VerfiyBuf <- [DW_OP_plus_uconst 40, DW_OP_stack_value] $sp
	@DEBUG_VALUE: HyperRAM_TrimDLLDelayNumber:u32DMMAddr <- -2113929216
	@DEBUG_VALUE: HyperRAM_TrimDLLDelayNumber:u32Val <- 0
	@DEBUG_VALUE: HyperRAM_TrimDLLDelayNumber:u32j <- 0
	@DEBUG_VALUE: HyperRAM_TrimDLLDelayNumber:u32SrcAddr <- 0
	@DEBUG_VALUE: HyperRAM_TrimDLLDelayNumber:u32ReTrimMaxCnt <- 6
	@DEBUG_VALUE: HyperRAM_TrimDLLDelayNumber:spim <- [DW_OP_plus_uconst 36] [$sp+0]
	mov	r5, r10
	mov	r10, r11
	mov	r11, r8
.Ltmp167:
	@DEBUG_VALUE: HyperRAM_TrimDLLDelayNumber:u32ReTrimCnt <- $r11
	ldr.w	r8, [sp, #36]                   @ 4-byte Reload
.Ltmp168:
	.loc	1 224 21 is_stmt 1              @ ../Device/HyperRAM/hyperram_code.c:224:21
	mov	r0, r8
	bl	SPIM_HYPER_EnterDirectMapMode
.Ltmp169:
	.loc	1 227 66                        @ ../Device/HyperRAM/hyperram_code.c:227:66
	add.w	r0, r4, #-2113929216
	.loc	1 227 65 is_stmt 0              @ ../Device/HyperRAM/hyperram_code.c:227:65
	ldrd	r0, r1, [r0]
	.loc	1 227 63                        @ ../Device/HyperRAM/hyperram_code.c:227:63
	strd	r0, r1, [r6]
	.loc	1 229 21 is_stmt 1              @ ../Device/HyperRAM/hyperram_code.c:229:21
	mov	r0, r8
	mov	r8, r11
.Ltmp170:
	@DEBUG_VALUE: HyperRAM_TrimDLLDelayNumber:u32ReTrimCnt <- $r8
	.loc	1 0 21 is_stmt 0                @ ../Device/HyperRAM/hyperram_code.c:0:21
	mov	r11, r10
	mov	r10, r5
	movw	r5, #61276
	movt	r5, #57344
	.loc	1 229 21                        @ ../Device/HyperRAM/hyperram_code.c:229:21
	bl	SPIM_HYPER_ExitDirectMapMode
.Ltmp171:
.LBB3_11:                               @   in Loop: Header=BB3_8 Depth=3
	@DEBUG_VALUE: HyperRAM_TrimDLLDelayNumber:u32k <- $r9
	@DEBUG_VALUE: HyperRAM_TrimDLLDelayNumber:u32LoopAddr <- $r4
	@DEBUG_VALUE: HyperRAM_TrimDLLDelayNumber:u32PatternSize <- [DW_OP_plus_uconst 32] [$sp+0]
	@DEBUG_VALUE: HyperRAM_TrimDLLDelayNumber:u8RdDelay <- [$sp+0]
	@DEBUG_VALUE: HyperRAM_TrimDLLDelayNumber:u32ReTrimCnt <- $r8
	@DEBUG_VALUE: HyperRAM_TrimDLLDelayNumber:pu8TrimPattern <- [DW_OP_plus_uconst 168, DW_OP_stack_value] $sp
	@DEBUG_VALUE: HyperRAM_TrimDLLDelayNumber:pu8VerfiyBuf <- [DW_OP_plus_uconst 40, DW_OP_stack_value] $sp
	@DEBUG_VALUE: HyperRAM_TrimDLLDelayNumber:u32DMMAddr <- -2113929216
	@DEBUG_VALUE: HyperRAM_TrimDLLDelayNumber:u32Val <- 0
	@DEBUG_VALUE: HyperRAM_TrimDLLDelayNumber:u32j <- 0
	@DEBUG_VALUE: HyperRAM_TrimDLLDelayNumber:u32SrcAddr <- 0
	@DEBUG_VALUE: HyperRAM_TrimDLLDelayNumber:u32ReTrimMaxCnt <- 6
	@DEBUG_VALUE: HyperRAM_TrimDLLDelayNumber:spim <- [DW_OP_plus_uconst 36] [$sp+0]
	.loc	1 232 37 is_stmt 1              @ ../Device/HyperRAM/hyperram_code.c:232:37
	adds	r0, r7, r4
	.loc	1 232 29 is_stmt 0              @ ../Device/HyperRAM/hyperram_code.c:232:29
	mov	r1, r6
	movs	r2, #8
	bl	memcmp
.Ltmp172:
	@DEBUG_VALUE: HyperRAM_TrimDLLDelayNumber:u32i <- $r0
	.loc	1 232 21                        @ ../Device/HyperRAM/hyperram_code.c:232:21
	cmp	r0, #0
	bne	.LBB3_6
.Ltmp173:
@ %bb.12:                               @   in Loop: Header=BB3_8 Depth=3
	@DEBUG_VALUE: HyperRAM_TrimDLLDelayNumber:u32i <- $r0
	@DEBUG_VALUE: HyperRAM_TrimDLLDelayNumber:u32k <- $r9
	@DEBUG_VALUE: HyperRAM_TrimDLLDelayNumber:u32LoopAddr <- $r4
	@DEBUG_VALUE: HyperRAM_TrimDLLDelayNumber:u32PatternSize <- [DW_OP_plus_uconst 32] [$sp+0]
	@DEBUG_VALUE: HyperRAM_TrimDLLDelayNumber:u8RdDelay <- [$sp+0]
	@DEBUG_VALUE: HyperRAM_TrimDLLDelayNumber:u32ReTrimCnt <- $r8
	@DEBUG_VALUE: HyperRAM_TrimDLLDelayNumber:pu8TrimPattern <- [DW_OP_plus_uconst 168, DW_OP_stack_value] $sp
	@DEBUG_VALUE: HyperRAM_TrimDLLDelayNumber:pu8VerfiyBuf <- [DW_OP_plus_uconst 40, DW_OP_stack_value] $sp
	@DEBUG_VALUE: HyperRAM_TrimDLLDelayNumber:u32DMMAddr <- -2113929216
	@DEBUG_VALUE: HyperRAM_TrimDLLDelayNumber:u32Val <- 0
	@DEBUG_VALUE: HyperRAM_TrimDLLDelayNumber:u32j <- 0
	@DEBUG_VALUE: HyperRAM_TrimDLLDelayNumber:u32SrcAddr <- 0
	@DEBUG_VALUE: HyperRAM_TrimDLLDelayNumber:u32ReTrimMaxCnt <- 6
	@DEBUG_VALUE: HyperRAM_TrimDLLDelayNumber:spim <- [DW_OP_plus_uconst 36] [$sp+0]
	.loc	1 212 13 is_stmt 1              @ ../Device/HyperRAM/hyperram_code.c:212:13
	ldr	r1, [sp, #32]                   @ 4-byte Reload
.Ltmp174:
	.loc	1 212 56 is_stmt 0              @ ../Device/HyperRAM/hyperram_code.c:212:56
	add.w	r9, r9, #8
.Ltmp175:
	@DEBUG_VALUE: HyperRAM_TrimDLLDelayNumber:u32k <- $r9
	@DEBUG_VALUE: HyperRAM_TrimDLLDelayNumber:u32i <- 0
	.loc	1 212 33                        @ ../Device/HyperRAM/hyperram_code.c:212:33
	adds	r6, #8
.Ltmp176:
	.loc	1 212 13                        @ ../Device/HyperRAM/hyperram_code.c:212:13
	cmp	r9, r1
.Ltmp177:
	.loc	1 237 29 is_stmt 1              @ ../Device/HyperRAM/hyperram_code.c:237:29
	ldr	r1, [sp, #4]                    @ 4-byte Reload
	add	r4, r1
.Ltmp178:
	@DEBUG_VALUE: HyperRAM_TrimDLLDelayNumber:u32LoopAddr <- $r4
	.loc	1 212 13                        @ ../Device/HyperRAM/hyperram_code.c:212:13
	blo	.LBB3_8
	b	.LBB3_6
.Ltmp179:
.LBB3_13:
	@DEBUG_VALUE: HyperRAM_TrimDLLDelayNumber:u32k <- $r9
	@DEBUG_VALUE: HyperRAM_TrimDLLDelayNumber:u32PatternSize <- [DW_OP_plus_uconst 32] [$sp+0]
	@DEBUG_VALUE: HyperRAM_TrimDLLDelayNumber:u8RdDelay <- $r4
	@DEBUG_VALUE: HyperRAM_TrimDLLDelayNumber:u32ReTrimCnt <- $r8
	@DEBUG_VALUE: HyperRAM_TrimDLLDelayNumber:pu8TrimPattern <- [DW_OP_plus_uconst 168, DW_OP_stack_value] $sp
	@DEBUG_VALUE: HyperRAM_TrimDLLDelayNumber:pu8VerfiyBuf <- [DW_OP_plus_uconst 40, DW_OP_stack_value] $sp
	@DEBUG_VALUE: HyperRAM_TrimDLLDelayNumber:u32DMMAddr <- -2113929216
	@DEBUG_VALUE: HyperRAM_TrimDLLDelayNumber:u32Val <- 0
	@DEBUG_VALUE: HyperRAM_TrimDLLDelayNumber:u32j <- 0
	@DEBUG_VALUE: HyperRAM_TrimDLLDelayNumber:u32SrcAddr <- 0
	@DEBUG_VALUE: HyperRAM_TrimDLLDelayNumber:u32ReTrimMaxCnt <- 6
	@DEBUG_VALUE: HyperRAM_TrimDLLDelayNumber:spim <- [DW_OP_plus_uconst 36] [$sp+0]
	.loc	1 0 13 is_stmt 0                @ ../Device/HyperRAM/hyperram_code.c:0:13
	mov.w	lr, #2
.Ltmp180:
	.loc	1 246 5 is_stmt 1               @ ../Device/HyperRAM/hyperram_code.c:246:5
	add	r0, sp, #424
	adds	r0, #7
	movs	r2, #0
	movs	r1, #15
.Ltmp181:
	.p2align	2
.LBB3_14:                               @ =>This Inner Loop Header: Depth=1
	@DEBUG_VALUE: HyperRAM_TrimDLLDelayNumber:u32k <- $r9
	@DEBUG_VALUE: HyperRAM_TrimDLLDelayNumber:u32PatternSize <- [DW_OP_plus_uconst 32] [$sp+0]
	@DEBUG_VALUE: HyperRAM_TrimDLLDelayNumber:u8RdDelay <- $r4
	@DEBUG_VALUE: HyperRAM_TrimDLLDelayNumber:u32ReTrimCnt <- $r8
	@DEBUG_VALUE: HyperRAM_TrimDLLDelayNumber:pu8TrimPattern <- [DW_OP_plus_uconst 168, DW_OP_stack_value] $sp
	@DEBUG_VALUE: HyperRAM_TrimDLLDelayNumber:pu8VerfiyBuf <- [DW_OP_plus_uconst 40, DW_OP_stack_value] $sp
	@DEBUG_VALUE: HyperRAM_TrimDLLDelayNumber:u32DMMAddr <- -2113929216
	@DEBUG_VALUE: HyperRAM_TrimDLLDelayNumber:u32Val <- 0
	@DEBUG_VALUE: HyperRAM_TrimDLLDelayNumber:u32SrcAddr <- 0
	@DEBUG_VALUE: HyperRAM_TrimDLLDelayNumber:u32ReTrimMaxCnt <- 6
	@DEBUG_VALUE: HyperRAM_TrimDLLDelayNumber:spim <- [DW_OP_plus_uconst 36] [$sp+0]
	@DEBUG_VALUE: HyperRAM_TrimDLLDelayNumber:u32i <- [DW_OP_constu 15, DW_OP_minus, DW_OP_stack_value] $r1
	@DEBUG_VALUE: HyperRAM_TrimDLLDelayNumber:u32j <- $r2
	.loc	1 248 13                        @ ../Device/HyperRAM/hyperram_code.c:248:13
	ldrb	r3, [r0, #-7]
.Ltmp182:
	.loc	1 248 13 is_stmt 0              @ ../Device/HyperRAM/hyperram_code.c:248:13
	cmp	r3, #6
.Ltmp183:
	.loc	1 0 0                           @ ../Device/HyperRAM/hyperram_code.c:0:0
	itttt	eq
	subeq.w	r3, r1, #15
.Ltmp184:
	.loc	1 250 34 is_stmt 1              @ ../Device/HyperRAM/hyperram_code.c:250:34
	addeq.w	r7, sp, #424
	strbeq	r3, [r7, r2]
	.loc	1 250 30 is_stmt 0              @ ../Device/HyperRAM/hyperram_code.c:250:30
	addeq	r2, #1
.Ltmp185:
	@DEBUG_VALUE: HyperRAM_TrimDLLDelayNumber:u32j <- $r2
	@DEBUG_VALUE: HyperRAM_TrimDLLDelayNumber:u32i <- [DW_OP_constu 14, DW_OP_minus, DW_OP_stack_value] $r1
	@DEBUG_VALUE: HyperRAM_TrimDLLDelayNumber:u32j <- $r2
	.loc	1 248 13 is_stmt 1              @ ../Device/HyperRAM/hyperram_code.c:248:13
	ldrb	r3, [r0, #-6]
.Ltmp186:
	.loc	1 248 13 is_stmt 0              @ ../Device/HyperRAM/hyperram_code.c:248:13
	cmp	r3, #6
.Ltmp187:
	.loc	1 0 0                           @ ../Device/HyperRAM/hyperram_code.c:0:0
	itttt	eq
	subeq.w	r3, r1, #14
.Ltmp188:
	.loc	1 250 34 is_stmt 1              @ ../Device/HyperRAM/hyperram_code.c:250:34
	addeq.w	r7, sp, #424
	strbeq	r3, [r7, r2]
	.loc	1 250 30 is_stmt 0              @ ../Device/HyperRAM/hyperram_code.c:250:30
	addeq	r2, #1
.Ltmp189:
	@DEBUG_VALUE: HyperRAM_TrimDLLDelayNumber:u32j <- $r2
	@DEBUG_VALUE: HyperRAM_TrimDLLDelayNumber:u32i <- [DW_OP_constu 13, DW_OP_minus, DW_OP_stack_value] $r1
	@DEBUG_VALUE: HyperRAM_TrimDLLDelayNumber:u32j <- $r2
	.loc	1 248 13 is_stmt 1              @ ../Device/HyperRAM/hyperram_code.c:248:13
	ldrb	r3, [r0, #-5]
.Ltmp190:
	.loc	1 248 13 is_stmt 0              @ ../Device/HyperRAM/hyperram_code.c:248:13
	cmp	r3, #6
.Ltmp191:
	.loc	1 0 0                           @ ../Device/HyperRAM/hyperram_code.c:0:0
	itttt	eq
	subeq.w	r3, r1, #13
.Ltmp192:
	.loc	1 250 34 is_stmt 1              @ ../Device/HyperRAM/hyperram_code.c:250:34
	addeq.w	r7, sp, #424
	strbeq	r3, [r7, r2]
	.loc	1 250 30 is_stmt 0              @ ../Device/HyperRAM/hyperram_code.c:250:30
	addeq	r2, #1
.Ltmp193:
	@DEBUG_VALUE: HyperRAM_TrimDLLDelayNumber:u32j <- $r2
	@DEBUG_VALUE: HyperRAM_TrimDLLDelayNumber:u32i <- [DW_OP_constu 12, DW_OP_minus, DW_OP_stack_value] $r1
	@DEBUG_VALUE: HyperRAM_TrimDLLDelayNumber:u32j <- $r2
	.loc	1 248 13 is_stmt 1              @ ../Device/HyperRAM/hyperram_code.c:248:13
	ldrb	r3, [r0, #-4]
.Ltmp194:
	.loc	1 248 13 is_stmt 0              @ ../Device/HyperRAM/hyperram_code.c:248:13
	cmp	r3, #6
.Ltmp195:
	.loc	1 0 0                           @ ../Device/HyperRAM/hyperram_code.c:0:0
	itttt	eq
	subeq.w	r3, r1, #12
.Ltmp196:
	.loc	1 250 34 is_stmt 1              @ ../Device/HyperRAM/hyperram_code.c:250:34
	addeq.w	r7, sp, #424
	strbeq	r3, [r7, r2]
	.loc	1 250 30 is_stmt 0              @ ../Device/HyperRAM/hyperram_code.c:250:30
	addeq	r2, #1
.Ltmp197:
	@DEBUG_VALUE: HyperRAM_TrimDLLDelayNumber:u32j <- $r2
	@DEBUG_VALUE: HyperRAM_TrimDLLDelayNumber:u32i <- [DW_OP_constu 11, DW_OP_minus, DW_OP_stack_value] $r1
	@DEBUG_VALUE: HyperRAM_TrimDLLDelayNumber:u32j <- $r2
	.loc	1 248 13 is_stmt 1              @ ../Device/HyperRAM/hyperram_code.c:248:13
	ldrb	r3, [r0, #-3]
.Ltmp198:
	.loc	1 248 13 is_stmt 0              @ ../Device/HyperRAM/hyperram_code.c:248:13
	cmp	r3, #6
.Ltmp199:
	.loc	1 0 0                           @ ../Device/HyperRAM/hyperram_code.c:0:0
	itttt	eq
	subeq.w	r3, r1, #11
.Ltmp200:
	.loc	1 250 34 is_stmt 1              @ ../Device/HyperRAM/hyperram_code.c:250:34
	addeq.w	r7, sp, #424
	strbeq	r3, [r7, r2]
	.loc	1 250 30 is_stmt 0              @ ../Device/HyperRAM/hyperram_code.c:250:30
	addeq	r2, #1
.Ltmp201:
	@DEBUG_VALUE: HyperRAM_TrimDLLDelayNumber:u32j <- $r2
	@DEBUG_VALUE: HyperRAM_TrimDLLDelayNumber:u32i <- [DW_OP_constu 10, DW_OP_minus, DW_OP_stack_value] $r1
	@DEBUG_VALUE: HyperRAM_TrimDLLDelayNumber:u32j <- $r2
	.loc	1 248 13 is_stmt 1              @ ../Device/HyperRAM/hyperram_code.c:248:13
	ldrb	r3, [r0, #-2]
.Ltmp202:
	.loc	1 248 13 is_stmt 0              @ ../Device/HyperRAM/hyperram_code.c:248:13
	cmp	r3, #6
.Ltmp203:
	.loc	1 0 0                           @ ../Device/HyperRAM/hyperram_code.c:0:0
	itttt	eq
	subeq.w	r3, r1, #10
.Ltmp204:
	.loc	1 250 34 is_stmt 1              @ ../Device/HyperRAM/hyperram_code.c:250:34
	addeq.w	r7, sp, #424
	strbeq	r3, [r7, r2]
	.loc	1 250 30 is_stmt 0              @ ../Device/HyperRAM/hyperram_code.c:250:30
	addeq	r2, #1
.Ltmp205:
	@DEBUG_VALUE: HyperRAM_TrimDLLDelayNumber:u32j <- $r2
	@DEBUG_VALUE: HyperRAM_TrimDLLDelayNumber:u32i <- [DW_OP_constu 9, DW_OP_minus, DW_OP_stack_value] $r1
	@DEBUG_VALUE: HyperRAM_TrimDLLDelayNumber:u32j <- $r2
	.loc	1 248 13 is_stmt 1              @ ../Device/HyperRAM/hyperram_code.c:248:13
	ldrb	r3, [r0, #-1]
.Ltmp206:
	.loc	1 248 13 is_stmt 0              @ ../Device/HyperRAM/hyperram_code.c:248:13
	cmp	r3, #6
.Ltmp207:
	.loc	1 0 0                           @ ../Device/HyperRAM/hyperram_code.c:0:0
	itttt	eq
	subeq.w	r3, r1, #9
.Ltmp208:
	.loc	1 250 34 is_stmt 1              @ ../Device/HyperRAM/hyperram_code.c:250:34
	addeq.w	r7, sp, #424
	strbeq	r3, [r7, r2]
	.loc	1 250 30 is_stmt 0              @ ../Device/HyperRAM/hyperram_code.c:250:30
	addeq	r2, #1
.Ltmp209:
	@DEBUG_VALUE: HyperRAM_TrimDLLDelayNumber:u32j <- $r2
	@DEBUG_VALUE: HyperRAM_TrimDLLDelayNumber:u32i <- [DW_OP_constu 8, DW_OP_minus, DW_OP_stack_value] $r1
	@DEBUG_VALUE: HyperRAM_TrimDLLDelayNumber:u32j <- $r2
	.loc	1 248 13 is_stmt 1              @ ../Device/HyperRAM/hyperram_code.c:248:13
	ldrb	r3, [r0]
.Ltmp210:
	.loc	1 248 13 is_stmt 0              @ ../Device/HyperRAM/hyperram_code.c:248:13
	cmp	r3, #6
.Ltmp211:
	.loc	1 0 0                           @ ../Device/HyperRAM/hyperram_code.c:0:0
	itttt	eq
	subeq.w	r3, r1, #8
.Ltmp212:
	.loc	1 250 34 is_stmt 1              @ ../Device/HyperRAM/hyperram_code.c:250:34
	addeq.w	r7, sp, #424
	strbeq	r3, [r7, r2]
	.loc	1 250 30 is_stmt 0              @ ../Device/HyperRAM/hyperram_code.c:250:30
	addeq	r2, #1
.Ltmp213:
	@DEBUG_VALUE: HyperRAM_TrimDLLDelayNumber:u32j <- $r2
	@DEBUG_VALUE: HyperRAM_TrimDLLDelayNumber:u32i <- [DW_OP_constu 7, DW_OP_minus, DW_OP_stack_value] $r1
	@DEBUG_VALUE: HyperRAM_TrimDLLDelayNumber:u32j <- $r2
	.loc	1 248 13 is_stmt 1              @ ../Device/HyperRAM/hyperram_code.c:248:13
	ldrb	r3, [r0, #1]
.Ltmp214:
	.loc	1 248 13 is_stmt 0              @ ../Device/HyperRAM/hyperram_code.c:248:13
	cmp	r3, #6
.Ltmp215:
	.loc	1 0 0                           @ ../Device/HyperRAM/hyperram_code.c:0:0
	itttt	eq
	subeq	r3, r1, #7
.Ltmp216:
	.loc	1 250 34 is_stmt 1              @ ../Device/HyperRAM/hyperram_code.c:250:34
	addeq.w	r7, sp, #424
	strbeq	r3, [r7, r2]
	.loc	1 250 30 is_stmt 0              @ ../Device/HyperRAM/hyperram_code.c:250:30
	addeq	r2, #1
.Ltmp217:
	@DEBUG_VALUE: HyperRAM_TrimDLLDelayNumber:u32j <- $r2
	@DEBUG_VALUE: HyperRAM_TrimDLLDelayNumber:u32i <- [DW_OP_constu 6, DW_OP_minus, DW_OP_stack_value] $r1
	@DEBUG_VALUE: HyperRAM_TrimDLLDelayNumber:u32j <- $r2
	.loc	1 248 13 is_stmt 1              @ ../Device/HyperRAM/hyperram_code.c:248:13
	ldrb	r3, [r0, #2]
.Ltmp218:
	.loc	1 248 13 is_stmt 0              @ ../Device/HyperRAM/hyperram_code.c:248:13
	cmp	r3, #6
.Ltmp219:
	.loc	1 0 0                           @ ../Device/HyperRAM/hyperram_code.c:0:0
	itttt	eq
	subeq	r3, r1, #6
.Ltmp220:
	.loc	1 250 34 is_stmt 1              @ ../Device/HyperRAM/hyperram_code.c:250:34
	addeq.w	r7, sp, #424
	strbeq	r3, [r7, r2]
	.loc	1 250 30 is_stmt 0              @ ../Device/HyperRAM/hyperram_code.c:250:30
	addeq	r2, #1
.Ltmp221:
	@DEBUG_VALUE: HyperRAM_TrimDLLDelayNumber:u32j <- $r2
	@DEBUG_VALUE: HyperRAM_TrimDLLDelayNumber:u32i <- [DW_OP_constu 5, DW_OP_minus, DW_OP_stack_value] $r1
	@DEBUG_VALUE: HyperRAM_TrimDLLDelayNumber:u32j <- $r2
	.loc	1 248 13 is_stmt 1              @ ../Device/HyperRAM/hyperram_code.c:248:13
	ldrb	r3, [r0, #3]
.Ltmp222:
	.loc	1 248 13 is_stmt 0              @ ../Device/HyperRAM/hyperram_code.c:248:13
	cmp	r3, #6
.Ltmp223:
	.loc	1 0 0                           @ ../Device/HyperRAM/hyperram_code.c:0:0
	itttt	eq
	subeq	r3, r1, #5
.Ltmp224:
	.loc	1 250 34 is_stmt 1              @ ../Device/HyperRAM/hyperram_code.c:250:34
	addeq.w	r7, sp, #424
	strbeq	r3, [r7, r2]
	.loc	1 250 30 is_stmt 0              @ ../Device/HyperRAM/hyperram_code.c:250:30
	addeq	r2, #1
.Ltmp225:
	@DEBUG_VALUE: HyperRAM_TrimDLLDelayNumber:u32j <- $r2
	@DEBUG_VALUE: HyperRAM_TrimDLLDelayNumber:u32i <- [DW_OP_constu 4, DW_OP_minus, DW_OP_stack_value] $r1
	@DEBUG_VALUE: HyperRAM_TrimDLLDelayNumber:u32j <- $r2
	.loc	1 248 13 is_stmt 1              @ ../Device/HyperRAM/hyperram_code.c:248:13
	ldrb	r3, [r0, #4]
.Ltmp226:
	.loc	1 248 13 is_stmt 0              @ ../Device/HyperRAM/hyperram_code.c:248:13
	cmp	r3, #6
.Ltmp227:
	.loc	1 0 0                           @ ../Device/HyperRAM/hyperram_code.c:0:0
	itttt	eq
	subeq	r3, r1, #4
.Ltmp228:
	.loc	1 250 34 is_stmt 1              @ ../Device/HyperRAM/hyperram_code.c:250:34
	addeq.w	r7, sp, #424
	strbeq	r3, [r7, r2]
	.loc	1 250 30 is_stmt 0              @ ../Device/HyperRAM/hyperram_code.c:250:30
	addeq	r2, #1
.Ltmp229:
	@DEBUG_VALUE: HyperRAM_TrimDLLDelayNumber:u32j <- $r2
	@DEBUG_VALUE: HyperRAM_TrimDLLDelayNumber:u32i <- [DW_OP_constu 3, DW_OP_minus, DW_OP_stack_value] $r1
	@DEBUG_VALUE: HyperRAM_TrimDLLDelayNumber:u32j <- $r2
	.loc	1 248 13 is_stmt 1              @ ../Device/HyperRAM/hyperram_code.c:248:13
	ldrb	r3, [r0, #5]
.Ltmp230:
	.loc	1 248 13 is_stmt 0              @ ../Device/HyperRAM/hyperram_code.c:248:13
	cmp	r3, #6
.Ltmp231:
	.loc	1 0 0                           @ ../Device/HyperRAM/hyperram_code.c:0:0
	itttt	eq
	subeq	r3, r1, #3
.Ltmp232:
	.loc	1 250 34 is_stmt 1              @ ../Device/HyperRAM/hyperram_code.c:250:34
	addeq.w	r7, sp, #424
	strbeq	r3, [r7, r2]
	.loc	1 250 30 is_stmt 0              @ ../Device/HyperRAM/hyperram_code.c:250:30
	addeq	r2, #1
.Ltmp233:
	@DEBUG_VALUE: HyperRAM_TrimDLLDelayNumber:u32j <- $r2
	@DEBUG_VALUE: HyperRAM_TrimDLLDelayNumber:u32i <- [DW_OP_constu 2, DW_OP_minus, DW_OP_stack_value] $r1
	@DEBUG_VALUE: HyperRAM_TrimDLLDelayNumber:u32j <- $r2
	.loc	1 248 13 is_stmt 1              @ ../Device/HyperRAM/hyperram_code.c:248:13
	ldrb	r3, [r0, #6]
.Ltmp234:
	.loc	1 248 13 is_stmt 0              @ ../Device/HyperRAM/hyperram_code.c:248:13
	cmp	r3, #6
.Ltmp235:
	.loc	1 0 0                           @ ../Device/HyperRAM/hyperram_code.c:0:0
	itttt	eq
	subeq	r3, r1, #2
.Ltmp236:
	.loc	1 250 34 is_stmt 1              @ ../Device/HyperRAM/hyperram_code.c:250:34
	addeq.w	r7, sp, #424
	strbeq	r3, [r7, r2]
	.loc	1 250 30 is_stmt 0              @ ../Device/HyperRAM/hyperram_code.c:250:30
	addeq	r2, #1
.Ltmp237:
	@DEBUG_VALUE: HyperRAM_TrimDLLDelayNumber:u32j <- $r2
	@DEBUG_VALUE: HyperRAM_TrimDLLDelayNumber:u32i <- [DW_OP_constu 1, DW_OP_minus, DW_OP_stack_value] $r1
	@DEBUG_VALUE: HyperRAM_TrimDLLDelayNumber:u32j <- $r2
	.loc	1 248 13 is_stmt 1              @ ../Device/HyperRAM/hyperram_code.c:248:13
	ldrb	r3, [r0, #7]
.Ltmp238:
	.loc	1 248 13 is_stmt 0              @ ../Device/HyperRAM/hyperram_code.c:248:13
	cmp	r3, #6
.Ltmp239:
	.loc	1 0 0                           @ ../Device/HyperRAM/hyperram_code.c:0:0
	itttt	eq
	subeq	r3, r1, #1
.Ltmp240:
	.loc	1 250 34 is_stmt 1              @ ../Device/HyperRAM/hyperram_code.c:250:34
	addeq.w	r7, sp, #424
	strbeq	r3, [r7, r2]
	.loc	1 250 30 is_stmt 0              @ ../Device/HyperRAM/hyperram_code.c:250:30
	addeq	r2, #1
.Ltmp241:
	@DEBUG_VALUE: HyperRAM_TrimDLLDelayNumber:u32j <- $r2
	@DEBUG_VALUE: HyperRAM_TrimDLLDelayNumber:u32i <- $r1
	@DEBUG_VALUE: HyperRAM_TrimDLLDelayNumber:u32j <- $r2
	.loc	1 248 13 is_stmt 1              @ ../Device/HyperRAM/hyperram_code.c:248:13
	ldrb	r3, [r0, #8]
.Ltmp242:
	.loc	1 246 25                        @ ../Device/HyperRAM/hyperram_code.c:246:25
	adds	r0, #16
.Ltmp243:
	.loc	1 248 13                        @ ../Device/HyperRAM/hyperram_code.c:248:13
	cmp	r3, #6
.Ltmp244:
	.loc	1 250 34                        @ ../Device/HyperRAM/hyperram_code.c:250:34
	ittt	eq
	addeq.w	r3, sp, #424
	strbeq	r1, [r3, r2]
	.loc	1 250 30 is_stmt 0              @ ../Device/HyperRAM/hyperram_code.c:250:30
	addeq	r2, #1
.Ltmp245:
	@DEBUG_VALUE: HyperRAM_TrimDLLDelayNumber:u32j <- $r2
	@DEBUG_VALUE: HyperRAM_TrimDLLDelayNumber:u32i <- [DW_OP_plus_uconst 1, DW_OP_stack_value] $r1
	@DEBUG_VALUE: HyperRAM_TrimDLLDelayNumber:u32j <- $r2
	.loc	1 246 25 is_stmt 1              @ ../Device/HyperRAM/hyperram_code.c:246:25
	adds	r1, #16
.Ltmp246:
	.loc	1 246 5 is_stmt 0               @ ../Device/HyperRAM/hyperram_code.c:246:5
	le	lr, .LBB3_14
.Ltmp247:
@ %bb.15:
	@DEBUG_VALUE: HyperRAM_TrimDLLDelayNumber:u32j <- $r2
	@DEBUG_VALUE: HyperRAM_TrimDLLDelayNumber:u32k <- $r9
	@DEBUG_VALUE: HyperRAM_TrimDLLDelayNumber:u32PatternSize <- [DW_OP_plus_uconst 32] [$sp+0]
	@DEBUG_VALUE: HyperRAM_TrimDLLDelayNumber:u8RdDelay <- $r4
	@DEBUG_VALUE: HyperRAM_TrimDLLDelayNumber:u32ReTrimCnt <- $r8
	@DEBUG_VALUE: HyperRAM_TrimDLLDelayNumber:pu8TrimPattern <- [DW_OP_plus_uconst 168, DW_OP_stack_value] $sp
	@DEBUG_VALUE: HyperRAM_TrimDLLDelayNumber:pu8VerfiyBuf <- [DW_OP_plus_uconst 40, DW_OP_stack_value] $sp
	@DEBUG_VALUE: HyperRAM_TrimDLLDelayNumber:u32DMMAddr <- -2113929216
	@DEBUG_VALUE: HyperRAM_TrimDLLDelayNumber:u32Val <- 0
	@DEBUG_VALUE: HyperRAM_TrimDLLDelayNumber:u32SrcAddr <- 0
	@DEBUG_VALUE: HyperRAM_TrimDLLDelayNumber:u32ReTrimMaxCnt <- 6
	@DEBUG_VALUE: HyperRAM_TrimDLLDelayNumber:spim <- [DW_OP_plus_uconst 36] [$sp+0]
	.loc	1 254 17 is_stmt 1              @ ../Device/HyperRAM/hyperram_code.c:254:17
	cmp	r2, #1
	bhi	.LBB3_17
.Ltmp248:
@ %bb.16:
	@DEBUG_VALUE: HyperRAM_TrimDLLDelayNumber:u32j <- $r2
	@DEBUG_VALUE: HyperRAM_TrimDLLDelayNumber:u32k <- $r9
	@DEBUG_VALUE: HyperRAM_TrimDLLDelayNumber:u32PatternSize <- [DW_OP_plus_uconst 32] [$sp+0]
	@DEBUG_VALUE: HyperRAM_TrimDLLDelayNumber:u8RdDelay <- $r4
	@DEBUG_VALUE: HyperRAM_TrimDLLDelayNumber:u32ReTrimCnt <- $r8
	@DEBUG_VALUE: HyperRAM_TrimDLLDelayNumber:pu8TrimPattern <- [DW_OP_plus_uconst 168, DW_OP_stack_value] $sp
	@DEBUG_VALUE: HyperRAM_TrimDLLDelayNumber:pu8VerfiyBuf <- [DW_OP_plus_uconst 40, DW_OP_stack_value] $sp
	@DEBUG_VALUE: HyperRAM_TrimDLLDelayNumber:u32DMMAddr <- -2113929216
	@DEBUG_VALUE: HyperRAM_TrimDLLDelayNumber:u32Val <- 0
	@DEBUG_VALUE: HyperRAM_TrimDLLDelayNumber:u32SrcAddr <- 0
	@DEBUG_VALUE: HyperRAM_TrimDLLDelayNumber:u32ReTrimMaxCnt <- 6
	@DEBUG_VALUE: HyperRAM_TrimDLLDelayNumber:spim <- [DW_OP_plus_uconst 36] [$sp+0]
	.loc	1 254 30 is_stmt 0              @ ../Device/HyperRAM/hyperram_code.c:254:30
	ldrb.w	r0, [sp, #424]
	b	.LBB3_28
.Ltmp249:
.LBB3_17:
	@DEBUG_VALUE: HyperRAM_TrimDLLDelayNumber:u32j <- $r2
	@DEBUG_VALUE: HyperRAM_TrimDLLDelayNumber:u32k <- $r9
	@DEBUG_VALUE: HyperRAM_TrimDLLDelayNumber:u32PatternSize <- [DW_OP_plus_uconst 32] [$sp+0]
	@DEBUG_VALUE: HyperRAM_TrimDLLDelayNumber:u8RdDelay <- $r4
	@DEBUG_VALUE: HyperRAM_TrimDLLDelayNumber:u32ReTrimCnt <- $r8
	@DEBUG_VALUE: HyperRAM_TrimDLLDelayNumber:pu8TrimPattern <- [DW_OP_plus_uconst 168, DW_OP_stack_value] $sp
	@DEBUG_VALUE: HyperRAM_TrimDLLDelayNumber:pu8VerfiyBuf <- [DW_OP_plus_uconst 40, DW_OP_stack_value] $sp
	@DEBUG_VALUE: HyperRAM_TrimDLLDelayNumber:u32DMMAddr <- -2113929216
	@DEBUG_VALUE: HyperRAM_TrimDLLDelayNumber:u32Val <- 0
	@DEBUG_VALUE: HyperRAM_TrimDLLDelayNumber:u32SrcAddr <- 0
	@DEBUG_VALUE: HyperRAM_TrimDLLDelayNumber:u32ReTrimMaxCnt <- 6
	@DEBUG_VALUE: HyperRAM_TrimDLLDelayNumber:spim <- [DW_OP_plus_uconst 36] [$sp+0]
	@DEBUG_VALUE: isConsecutive:au8Src <- [DW_OP_plus_uconst 424, DW_OP_stack_value] $sp
	@DEBUG_VALUE: isConsecutive:size <- $r2
	@DEBUG_VALUE: isConsecutive:u8Find <- 0
	@DEBUG_VALUE: isConsecutive:u8StartIdx <- 0
	@DEBUG_VALUE: isConsecutive:u8MaxRang <- 0
	@DEBUG_VALUE: isConsecutive:u32i <- 0
	@DEBUG_VALUE: isConsecutive:u32j <- 1
	.loc	1 124 35 is_stmt 1              @ ../Device/HyperRAM/hyperram_code.c:124:35
	ldrb.w	r8, [sp, #424]
.Ltmp250:
	.loc	1 127 5                         @ ../Device/HyperRAM/hyperram_code.c:127:5
	subs	r1, r2, #2
.Ltmp251:
	.loc	1 124 23                        @ ../Device/HyperRAM/hyperram_code.c:124:23
	ldrb.w	r9, [sp, #425]
.Ltmp252:
	@DEBUG_VALUE: isConsecutive:increasing <- undef
	@DEBUG_VALUE: isConsecutive:u32i <- 1
	.loc	1 127 5                         @ ../Device/HyperRAM/hyperram_code.c:127:5
	subs	r0, r2, #1
	cmp	r1, #3
	mov.w	r2, #1
.Ltmp253:
	and	r12, r0, #3
	bhs	.LBB3_19
.Ltmp254:
@ %bb.18:
	@DEBUG_VALUE: isConsecutive:u32i <- 1
	@DEBUG_VALUE: isConsecutive:u32j <- 1
	@DEBUG_VALUE: isConsecutive:u8MaxRang <- 0
	@DEBUG_VALUE: isConsecutive:u8StartIdx <- 0
	@DEBUG_VALUE: isConsecutive:u8Find <- 0
	@DEBUG_VALUE: isConsecutive:au8Src <- [DW_OP_plus_uconst 424, DW_OP_stack_value] $sp
	@DEBUG_VALUE: HyperRAM_TrimDLLDelayNumber:u32PatternSize <- [DW_OP_plus_uconst 32] [$sp+0]
	@DEBUG_VALUE: HyperRAM_TrimDLLDelayNumber:u8RdDelay <- $r4
	@DEBUG_VALUE: HyperRAM_TrimDLLDelayNumber:pu8TrimPattern <- [DW_OP_plus_uconst 168, DW_OP_stack_value] $sp
	@DEBUG_VALUE: HyperRAM_TrimDLLDelayNumber:pu8VerfiyBuf <- [DW_OP_plus_uconst 40, DW_OP_stack_value] $sp
	@DEBUG_VALUE: HyperRAM_TrimDLLDelayNumber:u32DMMAddr <- -2113929216
	@DEBUG_VALUE: HyperRAM_TrimDLLDelayNumber:u32Val <- 0
	@DEBUG_VALUE: HyperRAM_TrimDLLDelayNumber:u32SrcAddr <- 0
	@DEBUG_VALUE: HyperRAM_TrimDLLDelayNumber:u32ReTrimMaxCnt <- 6
	@DEBUG_VALUE: HyperRAM_TrimDLLDelayNumber:spim <- [DW_OP_plus_uconst 36] [$sp+0]
	.loc	1 0 5 is_stmt 0                 @ ../Device/HyperRAM/hyperram_code.c:0:5
	movs	r4, #0
.Ltmp255:
	movs	r3, #1
	movs	r7, #0
	movs	r6, #0
.Ltmp256:
	.loc	1 130 25 is_stmt 1              @ ../Device/HyperRAM/hyperram_code.c:130:25
	cmp.w	r12, #0
	bne	.LBB3_22
	b	.LBB3_25
.Ltmp257:
.LBB3_19:
	@DEBUG_VALUE: isConsecutive:u32i <- 1
	@DEBUG_VALUE: isConsecutive:u32j <- 1
	@DEBUG_VALUE: isConsecutive:u8MaxRang <- 0
	@DEBUG_VALUE: isConsecutive:u8StartIdx <- 0
	@DEBUG_VALUE: isConsecutive:u8Find <- 0
	@DEBUG_VALUE: isConsecutive:au8Src <- [DW_OP_plus_uconst 424, DW_OP_stack_value] $sp
	@DEBUG_VALUE: HyperRAM_TrimDLLDelayNumber:u32PatternSize <- [DW_OP_plus_uconst 32] [$sp+0]
	@DEBUG_VALUE: HyperRAM_TrimDLLDelayNumber:u8RdDelay <- $r4
	@DEBUG_VALUE: HyperRAM_TrimDLLDelayNumber:pu8TrimPattern <- [DW_OP_plus_uconst 168, DW_OP_stack_value] $sp
	@DEBUG_VALUE: HyperRAM_TrimDLLDelayNumber:pu8VerfiyBuf <- [DW_OP_plus_uconst 40, DW_OP_stack_value] $sp
	@DEBUG_VALUE: HyperRAM_TrimDLLDelayNumber:u32DMMAddr <- -2113929216
	@DEBUG_VALUE: HyperRAM_TrimDLLDelayNumber:u32Val <- 0
	@DEBUG_VALUE: HyperRAM_TrimDLLDelayNumber:u32SrcAddr <- 0
	@DEBUG_VALUE: HyperRAM_TrimDLLDelayNumber:u32ReTrimMaxCnt <- 6
	@DEBUG_VALUE: HyperRAM_TrimDLLDelayNumber:spim <- [DW_OP_plus_uconst 36] [$sp+0]
	.loc	1 127 5                         @ ../Device/HyperRAM/hyperram_code.c:127:5
	bic	r0, r0, #3
	movs	r4, #0
.Ltmp258:
	subs	r0, #4
	movs	r3, #4
	add.w	lr, r2, r0, lsr #2
	add	r0, sp, #424
	movs	r7, #0
	adds	r5, r0, #2
	movs	r6, #0
.Ltmp259:
	.p2align	2
.LBB3_20:                               @ =>This Inner Loop Header: Depth=1
	@DEBUG_VALUE: isConsecutive:au8Src <- [DW_OP_plus_uconst 424, DW_OP_stack_value] $sp
	@DEBUG_VALUE: HyperRAM_TrimDLLDelayNumber:u32PatternSize <- [DW_OP_plus_uconst 32] [$sp+0]
	@DEBUG_VALUE: HyperRAM_TrimDLLDelayNumber:pu8TrimPattern <- [DW_OP_plus_uconst 168, DW_OP_stack_value] $sp
	@DEBUG_VALUE: HyperRAM_TrimDLLDelayNumber:pu8VerfiyBuf <- [DW_OP_plus_uconst 40, DW_OP_stack_value] $sp
	@DEBUG_VALUE: HyperRAM_TrimDLLDelayNumber:u32DMMAddr <- -2113929216
	@DEBUG_VALUE: HyperRAM_TrimDLLDelayNumber:u32Val <- 0
	@DEBUG_VALUE: HyperRAM_TrimDLLDelayNumber:u32SrcAddr <- 0
	@DEBUG_VALUE: HyperRAM_TrimDLLDelayNumber:u32ReTrimMaxCnt <- 6
	@DEBUG_VALUE: HyperRAM_TrimDLLDelayNumber:spim <- [DW_OP_plus_uconst 36] [$sp+0]
	@DEBUG_VALUE: isConsecutive:u8Find <- $r4
	@DEBUG_VALUE: isConsecutive:u8StartIdx <- $r6
	@DEBUG_VALUE: isConsecutive:u8MaxRang <- $r7
	@DEBUG_VALUE: isConsecutive:u32i <- undef
	@DEBUG_VALUE: isConsecutive:u32j <- $r2
	.loc	1 0 0 is_stmt 0                 @ ../Device/HyperRAM/hyperram_code.c:0:0
	ldrb	r1, [r5, #-2]
	ldrb	r0, [r5, #-1]
	.loc	1 130 25 is_stmt 1              @ ../Device/HyperRAM/hyperram_code.c:130:25
	cmp	r9, r8
	.loc	1 131 66                        @ ../Device/HyperRAM/hyperram_code.c:131:66
	ite	ls
	subls	r1, #1
	.loc	1 130 61                        @ ../Device/HyperRAM/hyperram_code.c:130:61
	addhi	r1, #1
.Ltmp260:
	.loc	1 130 0 is_stmt 0               @ ../Device/HyperRAM/hyperram_code.c:130:0
	cmp	r1, r0
	itt	ne
	subne	r4, r3, #3
.Ltmp261:
	.loc	1 0 0                           @ ../Device/HyperRAM/hyperram_code.c:0:0
	movne	r2, #0
.Ltmp262:
	@DEBUG_VALUE: isConsecutive:u32j <- 0
	@DEBUG_VALUE: isConsecutive:u8Find <- undef
	@DEBUG_VALUE: isConsecutive:u8Find <- $r4
	@DEBUG_VALUE: isConsecutive:u32j <- $r2
	.loc	1 139 13 is_stmt 1              @ ../Device/HyperRAM/hyperram_code.c:139:13
	adds	r0, r2, #1
.Ltmp263:
	@DEBUG_VALUE: isConsecutive:u32j <- $r0
	.loc	1 142 21                        @ ../Device/HyperRAM/hyperram_code.c:142:21
	uxtb	r1, r7
.Ltmp264:
	.loc	1 142 13 is_stmt 0              @ ../Device/HyperRAM/hyperram_code.c:142:13
	cmp	r0, r1
	csinc	r7, r7, r2, lo
.Ltmp265:
	@DEBUG_VALUE: isConsecutive:u32i <- undef
	@DEBUG_VALUE: isConsecutive:u8MaxRang <- $r7
	.loc	1 0 0                           @ ../Device/HyperRAM/hyperram_code.c:0:0
	ldrb	r1, [r5, #-1]
	ldrb	r2, [r5]
.Ltmp266:
	.loc	1 142 13                        @ ../Device/HyperRAM/hyperram_code.c:142:13
	csel	r6, r6, r4, lo
.Ltmp267:
	@DEBUG_VALUE: isConsecutive:u8StartIdx <- $r6
	.loc	1 130 25 is_stmt 1              @ ../Device/HyperRAM/hyperram_code.c:130:25
	cmp	r9, r8
	.loc	1 130 61 is_stmt 0              @ ../Device/HyperRAM/hyperram_code.c:130:61
	ite	hi
	addhi	r1, #1
	.loc	1 131 66 is_stmt 1              @ ../Device/HyperRAM/hyperram_code.c:131:66
	subls	r1, #1
.Ltmp268:
	.loc	1 130 0                         @ ../Device/HyperRAM/hyperram_code.c:130:0
	cmp	r1, r2
	itt	ne
	subne	r4, r3, #2
.Ltmp269:
	.loc	1 0 0 is_stmt 0                 @ ../Device/HyperRAM/hyperram_code.c:0:0
	movne	r0, #0
.Ltmp270:
	@DEBUG_VALUE: isConsecutive:u32j <- 0
	@DEBUG_VALUE: isConsecutive:u8Find <- undef
	@DEBUG_VALUE: isConsecutive:u8Find <- $r4
	@DEBUG_VALUE: isConsecutive:u32j <- $r0
	.loc	1 139 13 is_stmt 1              @ ../Device/HyperRAM/hyperram_code.c:139:13
	adds	r2, r0, #1
.Ltmp271:
	@DEBUG_VALUE: isConsecutive:u32j <- $r2
	.loc	1 142 21                        @ ../Device/HyperRAM/hyperram_code.c:142:21
	uxtb	r1, r7
.Ltmp272:
	.loc	1 142 13 is_stmt 0              @ ../Device/HyperRAM/hyperram_code.c:142:13
	cmp	r2, r1
	csinc	r0, r7, r0, lo
	@DEBUG_VALUE: isConsecutive:u32i <- undef
.Ltmp273:
	@DEBUG_VALUE: isConsecutive:u8MaxRang <- $r0
	.loc	1 0 0                           @ ../Device/HyperRAM/hyperram_code.c:0:0
	ldrb	r1, [r5]
	ldrb	r7, [r5, #1]
.Ltmp274:
	.loc	1 142 13                        @ ../Device/HyperRAM/hyperram_code.c:142:13
	csel	r6, r6, r4, lo
.Ltmp275:
	@DEBUG_VALUE: isConsecutive:u8StartIdx <- $r6
	.loc	1 130 25 is_stmt 1              @ ../Device/HyperRAM/hyperram_code.c:130:25
	cmp	r9, r8
	.loc	1 130 61 is_stmt 0              @ ../Device/HyperRAM/hyperram_code.c:130:61
	ite	hi
	addhi	r1, #1
	.loc	1 131 66 is_stmt 1              @ ../Device/HyperRAM/hyperram_code.c:131:66
	subls	r1, #1
.Ltmp276:
	.loc	1 130 0                         @ ../Device/HyperRAM/hyperram_code.c:130:0
	cmp	r1, r7
	itt	ne
	subne	r4, r3, #1
.Ltmp277:
	.loc	1 0 0 is_stmt 0                 @ ../Device/HyperRAM/hyperram_code.c:0:0
	movne	r2, #0
.Ltmp278:
	@DEBUG_VALUE: isConsecutive:u32j <- 0
	@DEBUG_VALUE: isConsecutive:u8Find <- undef
	@DEBUG_VALUE: isConsecutive:u8Find <- $r4
	@DEBUG_VALUE: isConsecutive:u32j <- $r2
	.loc	1 139 13 is_stmt 1              @ ../Device/HyperRAM/hyperram_code.c:139:13
	adds	r7, r2, #1
.Ltmp279:
	@DEBUG_VALUE: isConsecutive:u32j <- $r7
	.loc	1 142 21                        @ ../Device/HyperRAM/hyperram_code.c:142:21
	uxtb	r1, r0
.Ltmp280:
	.loc	1 142 13 is_stmt 0              @ ../Device/HyperRAM/hyperram_code.c:142:13
	cmp	r7, r1
	csinc	r0, r0, r2, lo
.Ltmp281:
	@DEBUG_VALUE: isConsecutive:u8MaxRang <- $r0
	.loc	1 0 0                           @ ../Device/HyperRAM/hyperram_code.c:0:0
	ldrb	r1, [r5, #1]
	@DEBUG_VALUE: isConsecutive:u32i <- undef
	ldrb	r2, [r5, #2]
.Ltmp282:
	.loc	1 127 5 is_stmt 1               @ ../Device/HyperRAM/hyperram_code.c:127:5
	add.w	r5, r5, #4
.Ltmp283:
	.loc	1 142 13                        @ ../Device/HyperRAM/hyperram_code.c:142:13
	csel	r6, r6, r4, lo
.Ltmp284:
	@DEBUG_VALUE: isConsecutive:u8StartIdx <- $r6
	.loc	1 130 25                        @ ../Device/HyperRAM/hyperram_code.c:130:25
	cmp	r9, r8
	.loc	1 130 61 is_stmt 0              @ ../Device/HyperRAM/hyperram_code.c:130:61
	ite	hi
	addhi	r1, #1
	.loc	1 131 66 is_stmt 1              @ ../Device/HyperRAM/hyperram_code.c:131:66
	subls	r1, #1
.Ltmp285:
	.loc	1 130 0                         @ ../Device/HyperRAM/hyperram_code.c:130:0
	cmp	r1, r2
	itt	ne
	movne	r7, #0
.Ltmp286:
	@DEBUG_VALUE: isConsecutive:u32j <- 0
	@DEBUG_VALUE: isConsecutive:u8Find <- undef
	.loc	1 0 0 is_stmt 0                 @ ../Device/HyperRAM/hyperram_code.c:0:0
	movne	r4, r3
.Ltmp287:
	@DEBUG_VALUE: isConsecutive:u8Find <- $r4
	@DEBUG_VALUE: isConsecutive:u32j <- $r7
	.loc	1 139 13 is_stmt 1              @ ../Device/HyperRAM/hyperram_code.c:139:13
	adds	r2, r7, #1
.Ltmp288:
	@DEBUG_VALUE: isConsecutive:u32j <- $r2
	.loc	1 142 21                        @ ../Device/HyperRAM/hyperram_code.c:142:21
	uxtb	r1, r0
.Ltmp289:
	.loc	1 142 13 is_stmt 0              @ ../Device/HyperRAM/hyperram_code.c:142:13
	cmp	r2, r1
.Ltmp290:
	.loc	1 127 5 is_stmt 1               @ ../Device/HyperRAM/hyperram_code.c:127:5
	add.w	r3, r3, #4
.Ltmp291:
	.loc	1 142 13                        @ ../Device/HyperRAM/hyperram_code.c:142:13
	csel	r6, r6, r4, lo
.Ltmp292:
	@DEBUG_VALUE: isConsecutive:u8StartIdx <- $r6
	csinc	r7, r0, r7, lo
.Ltmp293:
	@DEBUG_VALUE: isConsecutive:u32i <- undef
	@DEBUG_VALUE: isConsecutive:u8MaxRang <- $r7
	.loc	1 127 5                         @ ../Device/HyperRAM/hyperram_code.c:127:5
	le	lr, .LBB3_20
.Ltmp294:
@ %bb.21:
	@DEBUG_VALUE: isConsecutive:u32j <- $r2
	@DEBUG_VALUE: isConsecutive:u8MaxRang <- $r7
	@DEBUG_VALUE: isConsecutive:u8StartIdx <- $r6
	@DEBUG_VALUE: isConsecutive:u8Find <- $r4
	@DEBUG_VALUE: isConsecutive:au8Src <- [DW_OP_plus_uconst 424, DW_OP_stack_value] $sp
	@DEBUG_VALUE: HyperRAM_TrimDLLDelayNumber:u32PatternSize <- [DW_OP_plus_uconst 32] [$sp+0]
	@DEBUG_VALUE: HyperRAM_TrimDLLDelayNumber:pu8TrimPattern <- [DW_OP_plus_uconst 168, DW_OP_stack_value] $sp
	@DEBUG_VALUE: HyperRAM_TrimDLLDelayNumber:pu8VerfiyBuf <- [DW_OP_plus_uconst 40, DW_OP_stack_value] $sp
	@DEBUG_VALUE: HyperRAM_TrimDLLDelayNumber:u32DMMAddr <- -2113929216
	@DEBUG_VALUE: HyperRAM_TrimDLLDelayNumber:u32Val <- 0
	@DEBUG_VALUE: HyperRAM_TrimDLLDelayNumber:u32SrcAddr <- 0
	@DEBUG_VALUE: HyperRAM_TrimDLLDelayNumber:u32ReTrimMaxCnt <- 6
	@DEBUG_VALUE: HyperRAM_TrimDLLDelayNumber:spim <- [DW_OP_plus_uconst 36] [$sp+0]
	.loc	1 130 25                        @ ../Device/HyperRAM/hyperram_code.c:130:25
	subs	r3, #3
	cmp.w	r12, #0
	beq	.LBB3_25
.Ltmp295:
.LBB3_22:
	@DEBUG_VALUE: isConsecutive:au8Src <- [DW_OP_plus_uconst 424, DW_OP_stack_value] $sp
	@DEBUG_VALUE: HyperRAM_TrimDLLDelayNumber:u32PatternSize <- [DW_OP_plus_uconst 32] [$sp+0]
	@DEBUG_VALUE: HyperRAM_TrimDLLDelayNumber:pu8TrimPattern <- [DW_OP_plus_uconst 168, DW_OP_stack_value] $sp
	@DEBUG_VALUE: HyperRAM_TrimDLLDelayNumber:pu8VerfiyBuf <- [DW_OP_plus_uconst 40, DW_OP_stack_value] $sp
	@DEBUG_VALUE: HyperRAM_TrimDLLDelayNumber:u32DMMAddr <- -2113929216
	@DEBUG_VALUE: HyperRAM_TrimDLLDelayNumber:u32Val <- 0
	@DEBUG_VALUE: HyperRAM_TrimDLLDelayNumber:u32SrcAddr <- 0
	@DEBUG_VALUE: HyperRAM_TrimDLLDelayNumber:u32ReTrimMaxCnt <- 6
	@DEBUG_VALUE: HyperRAM_TrimDLLDelayNumber:spim <- [DW_OP_plus_uconst 36] [$sp+0]
	@DEBUG_VALUE: isConsecutive:u8Find <- $r4
	@DEBUG_VALUE: isConsecutive:u8StartIdx <- $r6
	@DEBUG_VALUE: isConsecutive:u8MaxRang <- $r7
	@DEBUG_VALUE: isConsecutive:u32i <- $r3
	@DEBUG_VALUE: isConsecutive:u32j <- $r2
	.loc	1 0 25 is_stmt 0                @ ../Device/HyperRAM/hyperram_code.c:0:25
	add	r0, sp, #424
	.loc	1 130 25                        @ ../Device/HyperRAM/hyperram_code.c:130:25
	cmp	r9, r8
	.loc	1 0 0                           @ ../Device/HyperRAM/hyperram_code.c:0:0
	add.w	r1, r0, r3
	ldrb	r0, [r0, r3]
	ldrb	r1, [r1, #-1]
	.loc	1 130 61                        @ ../Device/HyperRAM/hyperram_code.c:130:61
	ite	hi
	addhi	r1, #1
	.loc	1 131 66 is_stmt 1              @ ../Device/HyperRAM/hyperram_code.c:131:66
	subls	r1, #1
.Ltmp296:
	.loc	1 130 0                         @ ../Device/HyperRAM/hyperram_code.c:130:0
	cmp	r1, r0
	itt	ne
	movne	r2, #0
.Ltmp297:
	@DEBUG_VALUE: isConsecutive:u32j <- 0
	@DEBUG_VALUE: isConsecutive:u8Find <- undef
	.loc	1 0 0 is_stmt 0                 @ ../Device/HyperRAM/hyperram_code.c:0:0
	movne	r4, r3
.Ltmp298:
	@DEBUG_VALUE: isConsecutive:u8Find <- $r4
	@DEBUG_VALUE: isConsecutive:u32j <- $r2
	.loc	1 139 13 is_stmt 1              @ ../Device/HyperRAM/hyperram_code.c:139:13
	adds	r5, r2, #1
.Ltmp299:
	@DEBUG_VALUE: isConsecutive:u32j <- $r5
	.loc	1 142 21                        @ ../Device/HyperRAM/hyperram_code.c:142:21
	uxtb	r0, r7
.Ltmp300:
	.loc	1 142 13 is_stmt 0              @ ../Device/HyperRAM/hyperram_code.c:142:13
	cmp	r5, r0
	csel	r6, r6, r4, lo
.Ltmp301:
	@DEBUG_VALUE: isConsecutive:u8StartIdx <- $r6
	csinc	r7, r7, r2, lo
.Ltmp302:
	@DEBUG_VALUE: isConsecutive:u32i <- undef
	@DEBUG_VALUE: isConsecutive:u8MaxRang <- $r7
	.loc	1 127 5 is_stmt 1               @ ../Device/HyperRAM/hyperram_code.c:127:5
	cmp.w	r12, #1
	beq	.LBB3_25
.Ltmp303:
@ %bb.23:
	@DEBUG_VALUE: isConsecutive:u32j <- $r5
	@DEBUG_VALUE: isConsecutive:u8MaxRang <- $r7
	@DEBUG_VALUE: isConsecutive:u8StartIdx <- $r6
	@DEBUG_VALUE: isConsecutive:u8Find <- $r4
	@DEBUG_VALUE: isConsecutive:au8Src <- [DW_OP_plus_uconst 424, DW_OP_stack_value] $sp
	@DEBUG_VALUE: HyperRAM_TrimDLLDelayNumber:u32PatternSize <- [DW_OP_plus_uconst 32] [$sp+0]
	@DEBUG_VALUE: HyperRAM_TrimDLLDelayNumber:pu8TrimPattern <- [DW_OP_plus_uconst 168, DW_OP_stack_value] $sp
	@DEBUG_VALUE: HyperRAM_TrimDLLDelayNumber:pu8VerfiyBuf <- [DW_OP_plus_uconst 40, DW_OP_stack_value] $sp
	@DEBUG_VALUE: HyperRAM_TrimDLLDelayNumber:u32DMMAddr <- -2113929216
	@DEBUG_VALUE: HyperRAM_TrimDLLDelayNumber:u32Val <- 0
	@DEBUG_VALUE: HyperRAM_TrimDLLDelayNumber:u32SrcAddr <- 0
	@DEBUG_VALUE: HyperRAM_TrimDLLDelayNumber:u32ReTrimMaxCnt <- 6
	@DEBUG_VALUE: HyperRAM_TrimDLLDelayNumber:spim <- [DW_OP_plus_uconst 36] [$sp+0]
	.loc	1 0 0 is_stmt 0                 @ ../Device/HyperRAM/hyperram_code.c:0:0
	adds	r0, r3, #1
	@DEBUG_VALUE: isConsecutive:u32j <- $r5
.Ltmp304:
	@DEBUG_VALUE: isConsecutive:u32i <- $r0
	@DEBUG_VALUE: isConsecutive:u8MaxRang <- $r7
	@DEBUG_VALUE: isConsecutive:u8StartIdx <- $r6
	@DEBUG_VALUE: isConsecutive:u8Find <- $r4
	add	r1, sp, #424
.Ltmp305:
	ldrb	r2, [r1, r0]
	ldrb	r1, [r1, r3]
	.loc	1 130 25 is_stmt 1              @ ../Device/HyperRAM/hyperram_code.c:130:25
	cmp	r9, r8
	.loc	1 130 61 is_stmt 0              @ ../Device/HyperRAM/hyperram_code.c:130:61
	ite	hi
	addhi	r1, #1
	.loc	1 131 66 is_stmt 1              @ ../Device/HyperRAM/hyperram_code.c:131:66
	subls	r1, #1
.Ltmp306:
	.loc	1 130 0                         @ ../Device/HyperRAM/hyperram_code.c:130:0
	cmp	r1, r2
	itt	ne
	movne	r5, #0
.Ltmp307:
	@DEBUG_VALUE: isConsecutive:u32j <- 0
	@DEBUG_VALUE: isConsecutive:u8Find <- undef
	.loc	1 0 0 is_stmt 0                 @ ../Device/HyperRAM/hyperram_code.c:0:0
	movne	r4, r0
.Ltmp308:
	@DEBUG_VALUE: isConsecutive:u32i <- $r4
	@DEBUG_VALUE: isConsecutive:u8Find <- $r4
	@DEBUG_VALUE: isConsecutive:u32j <- $r5
	.loc	1 139 13 is_stmt 1              @ ../Device/HyperRAM/hyperram_code.c:139:13
	adds	r2, r5, #1
.Ltmp309:
	@DEBUG_VALUE: isConsecutive:u32j <- $r2
	.loc	1 142 21                        @ ../Device/HyperRAM/hyperram_code.c:142:21
	uxtb	r0, r7
.Ltmp310:
	.loc	1 142 13 is_stmt 0              @ ../Device/HyperRAM/hyperram_code.c:142:13
	cmp	r2, r0
	csel	r6, r6, r4, lo
.Ltmp311:
	@DEBUG_VALUE: isConsecutive:u8StartIdx <- $r6
	csinc	r7, r7, r5, lo
.Ltmp312:
	@DEBUG_VALUE: isConsecutive:u32i <- undef
	@DEBUG_VALUE: isConsecutive:u8MaxRang <- $r7
	.loc	1 127 5 is_stmt 1               @ ../Device/HyperRAM/hyperram_code.c:127:5
	cmp.w	r12, #2
	beq	.LBB3_25
.Ltmp313:
@ %bb.24:
	@DEBUG_VALUE: isConsecutive:u32j <- $r2
	@DEBUG_VALUE: isConsecutive:u8MaxRang <- $r7
	@DEBUG_VALUE: isConsecutive:u8StartIdx <- $r6
	@DEBUG_VALUE: isConsecutive:u8Find <- $r4
	@DEBUG_VALUE: isConsecutive:au8Src <- [DW_OP_plus_uconst 424, DW_OP_stack_value] $sp
	@DEBUG_VALUE: HyperRAM_TrimDLLDelayNumber:u32PatternSize <- [DW_OP_plus_uconst 32] [$sp+0]
	@DEBUG_VALUE: HyperRAM_TrimDLLDelayNumber:pu8TrimPattern <- [DW_OP_plus_uconst 168, DW_OP_stack_value] $sp
	@DEBUG_VALUE: HyperRAM_TrimDLLDelayNumber:pu8VerfiyBuf <- [DW_OP_plus_uconst 40, DW_OP_stack_value] $sp
	@DEBUG_VALUE: HyperRAM_TrimDLLDelayNumber:u32DMMAddr <- -2113929216
	@DEBUG_VALUE: HyperRAM_TrimDLLDelayNumber:u32Val <- 0
	@DEBUG_VALUE: HyperRAM_TrimDLLDelayNumber:u32SrcAddr <- 0
	@DEBUG_VALUE: HyperRAM_TrimDLLDelayNumber:u32ReTrimMaxCnt <- 6
	@DEBUG_VALUE: HyperRAM_TrimDLLDelayNumber:spim <- [DW_OP_plus_uconst 36] [$sp+0]
	.loc	1 0 0 is_stmt 0                 @ ../Device/HyperRAM/hyperram_code.c:0:0
	adds	r0, r3, #2
	@DEBUG_VALUE: isConsecutive:u32j <- $r2
.Ltmp314:
	@DEBUG_VALUE: isConsecutive:u32i <- $r0
	@DEBUG_VALUE: isConsecutive:u8MaxRang <- $r7
	@DEBUG_VALUE: isConsecutive:u8StartIdx <- $r6
	@DEBUG_VALUE: isConsecutive:u8Find <- $r4
	add	r3, sp, #424
.Ltmp315:
	adds	r1, r3, r0
	ldrb	r3, [r3, r0]
	ldrb	r1, [r1, #-1]
	.loc	1 130 25 is_stmt 1              @ ../Device/HyperRAM/hyperram_code.c:130:25
	cmp	r9, r8
	.loc	1 130 61 is_stmt 0              @ ../Device/HyperRAM/hyperram_code.c:130:61
	ite	hi
	addhi	r1, #1
	.loc	1 131 66 is_stmt 1              @ ../Device/HyperRAM/hyperram_code.c:131:66
	subls	r1, #1
.Ltmp316:
	.loc	1 130 0                         @ ../Device/HyperRAM/hyperram_code.c:130:0
	cmp	r1, r3
	itt	ne
	movne	r2, #0
.Ltmp317:
	@DEBUG_VALUE: isConsecutive:u32j <- 0
	@DEBUG_VALUE: isConsecutive:u8Find <- undef
	.loc	1 0 0 is_stmt 0                 @ ../Device/HyperRAM/hyperram_code.c:0:0
	movne	r4, r0
.Ltmp318:
	@DEBUG_VALUE: isConsecutive:u32i <- $r4
	@DEBUG_VALUE: isConsecutive:u8Find <- $r4
	@DEBUG_VALUE: isConsecutive:u32j <- $r2
	.loc	1 139 13 is_stmt 1              @ ../Device/HyperRAM/hyperram_code.c:139:13
	adds	r0, r2, #1
.Ltmp319:
	@DEBUG_VALUE: isConsecutive:u32j <- $r0
	.loc	1 142 21                        @ ../Device/HyperRAM/hyperram_code.c:142:21
	uxtb	r1, r7
.Ltmp320:
	.loc	1 142 13 is_stmt 0              @ ../Device/HyperRAM/hyperram_code.c:142:13
	cmp	r0, r1
	csel	r6, r6, r4, lo
.Ltmp321:
	@DEBUG_VALUE: isConsecutive:u8StartIdx <- $r6
	csinc	r7, r7, r2, lo
.Ltmp322:
	@DEBUG_VALUE: isConsecutive:u32i <- [DW_OP_plus_uconst 3, DW_OP_stack_value] undef
	@DEBUG_VALUE: isConsecutive:u8MaxRang <- $r7
.LBB3_25:
	@DEBUG_VALUE: isConsecutive:au8Src <- [DW_OP_plus_uconst 424, DW_OP_stack_value] $sp
	@DEBUG_VALUE: HyperRAM_TrimDLLDelayNumber:u32PatternSize <- [DW_OP_plus_uconst 32] [$sp+0]
	@DEBUG_VALUE: HyperRAM_TrimDLLDelayNumber:pu8TrimPattern <- [DW_OP_plus_uconst 168, DW_OP_stack_value] $sp
	@DEBUG_VALUE: HyperRAM_TrimDLLDelayNumber:pu8VerfiyBuf <- [DW_OP_plus_uconst 40, DW_OP_stack_value] $sp
	@DEBUG_VALUE: HyperRAM_TrimDLLDelayNumber:u32DMMAddr <- -2113929216
	@DEBUG_VALUE: HyperRAM_TrimDLLDelayNumber:u32Val <- 0
	@DEBUG_VALUE: HyperRAM_TrimDLLDelayNumber:u32SrcAddr <- 0
	@DEBUG_VALUE: HyperRAM_TrimDLLDelayNumber:u32ReTrimMaxCnt <- 6
	@DEBUG_VALUE: HyperRAM_TrimDLLDelayNumber:spim <- [DW_OP_plus_uconst 36] [$sp+0]
	.loc	1 149 23 is_stmt 1              @ ../Device/HyperRAM/hyperram_code.c:149:23
	uxtb	r1, r7
	.loc	1 151 12                        @ ../Device/HyperRAM/hyperram_code.c:151:12
	uxtb	r0, r6
	.loc	1 149 12                        @ ../Device/HyperRAM/hyperram_code.c:149:12
	cmp	r1, #2
	blo	.LBB3_27
.Ltmp323:
@ %bb.26:
	@DEBUG_VALUE: isConsecutive:au8Src <- [DW_OP_plus_uconst 424, DW_OP_stack_value] $sp
	@DEBUG_VALUE: HyperRAM_TrimDLLDelayNumber:u32PatternSize <- [DW_OP_plus_uconst 32] [$sp+0]
	@DEBUG_VALUE: HyperRAM_TrimDLLDelayNumber:pu8TrimPattern <- [DW_OP_plus_uconst 168, DW_OP_stack_value] $sp
	@DEBUG_VALUE: HyperRAM_TrimDLLDelayNumber:pu8VerfiyBuf <- [DW_OP_plus_uconst 40, DW_OP_stack_value] $sp
	@DEBUG_VALUE: HyperRAM_TrimDLLDelayNumber:u32DMMAddr <- -2113929216
	@DEBUG_VALUE: HyperRAM_TrimDLLDelayNumber:u32Val <- 0
	@DEBUG_VALUE: HyperRAM_TrimDLLDelayNumber:u32SrcAddr <- 0
	@DEBUG_VALUE: HyperRAM_TrimDLLDelayNumber:u32ReTrimMaxCnt <- 6
	@DEBUG_VALUE: HyperRAM_TrimDLLDelayNumber:spim <- [DW_OP_plus_uconst 36] [$sp+0]
	.loc	1 150 12                        @ ../Device/HyperRAM/hyperram_code.c:150:12
	add	r2, sp, #424
	add.w	r1, r2, r1, lsr #1
	and	r2, r7, #1
	add	r0, r1
	ldrb	r0, [r0, r2]
	.loc	1 150 86 is_stmt 0              @ ../Device/HyperRAM/hyperram_code.c:150:86
	subs	r0, #1
	b	.LBB3_28
.Ltmp324:
.LBB3_27:
	@DEBUG_VALUE: isConsecutive:au8Src <- [DW_OP_plus_uconst 424, DW_OP_stack_value] $sp
	@DEBUG_VALUE: HyperRAM_TrimDLLDelayNumber:u32PatternSize <- [DW_OP_plus_uconst 32] [$sp+0]
	@DEBUG_VALUE: HyperRAM_TrimDLLDelayNumber:pu8TrimPattern <- [DW_OP_plus_uconst 168, DW_OP_stack_value] $sp
	@DEBUG_VALUE: HyperRAM_TrimDLLDelayNumber:pu8VerfiyBuf <- [DW_OP_plus_uconst 40, DW_OP_stack_value] $sp
	@DEBUG_VALUE: HyperRAM_TrimDLLDelayNumber:u32DMMAddr <- -2113929216
	@DEBUG_VALUE: HyperRAM_TrimDLLDelayNumber:u32Val <- 0
	@DEBUG_VALUE: HyperRAM_TrimDLLDelayNumber:u32SrcAddr <- 0
	@DEBUG_VALUE: HyperRAM_TrimDLLDelayNumber:u32ReTrimMaxCnt <- 6
	@DEBUG_VALUE: HyperRAM_TrimDLLDelayNumber:spim <- [DW_OP_plus_uconst 36] [$sp+0]
	.loc	1 151 12 is_stmt 1              @ ../Device/HyperRAM/hyperram_code.c:151:12
	add	r1, sp, #424
	ldrb	r0, [r1, r0]
.Ltmp325:
.LBB3_28:
	@DEBUG_VALUE: HyperRAM_TrimDLLDelayNumber:u32PatternSize <- [DW_OP_plus_uconst 32] [$sp+0]
	@DEBUG_VALUE: HyperRAM_TrimDLLDelayNumber:pu8TrimPattern <- [DW_OP_plus_uconst 168, DW_OP_stack_value] $sp
	@DEBUG_VALUE: HyperRAM_TrimDLLDelayNumber:pu8VerfiyBuf <- [DW_OP_plus_uconst 40, DW_OP_stack_value] $sp
	@DEBUG_VALUE: HyperRAM_TrimDLLDelayNumber:u32DMMAddr <- -2113929216
	@DEBUG_VALUE: HyperRAM_TrimDLLDelayNumber:u32Val <- 0
	@DEBUG_VALUE: HyperRAM_TrimDLLDelayNumber:u32SrcAddr <- 0
	@DEBUG_VALUE: HyperRAM_TrimDLLDelayNumber:u32ReTrimMaxCnt <- 6
	@DEBUG_VALUE: HyperRAM_TrimDLLDelayNumber:spim <- [DW_OP_plus_uconst 36] [$sp+0]
	@DEBUG_VALUE: HyperRAM_TrimDLLDelayNumber:u8RdDelay <- $r0
	.loc	1 256 42                        @ ../Device/HyperRAM/hyperram_code.c:256:42
	uxtb	r4, r0
	.loc	1 256 5 is_stmt 0               @ ../Device/HyperRAM/hyperram_code.c:256:5
	adr	r0, .LCPI3_1
.Ltmp326:
	mov	r1, r4
	bl	__2printf
.Ltmp327:
	.loc	1 258 5 is_stmt 1               @ ../Device/HyperRAM/hyperram_code.c:258:5
	ldr	r0, [sp, #36]                   @ 4-byte Reload
	mov	r1, r4
	bl	SPIM_HYPER_SetDLLDelayNum
.Ltmp328:
.LBB3_29:
	@DEBUG_VALUE: HyperRAM_TrimDLLDelayNumber:spim <- [DW_OP_plus_uconst 36] [$sp+0]
	.loc	1 259 1 epilogue_begin          @ ../Device/HyperRAM/hyperram_code.c:259:1
	add	sp, #456
	vpop	{d8, d9}
	add	sp, #4
	pop.w	{r4, r5, r6, r7, r8, r9, r10, r11, pc}
.Ltmp329:
	.p2align	4
@ %bb.30:
	.loc	1 0 1 is_stmt 0                 @ ../Device/HyperRAM/hyperram_code.c:0:1
.LCPI3_0:
	.long	0                               @ 0x0
	.long	1                               @ 0x1
	.long	2                               @ 0x2
	.long	3                               @ 0x3
.LCPI3_1:
.L.str.2:
	.asciz	"Set DLL Delay Num : %d\r\n\000\000\000"
.Lfunc_end3:
	.size	HyperRAM_TrimDLLDelayNumber, .Lfunc_end3-HyperRAM_TrimDLLDelayNumber
	.cfi_endproc
	.cantunwind
	.fnend
                                        @ -- End function
	.section	.text.HyperRAM_Init,"ax",%progbits
	.hidden	HyperRAM_Init                   @ -- Begin function HyperRAM_Init
	.globl	HyperRAM_Init
	.p2align	2
	.type	HyperRAM_Init,%function
	.code	16                              @ @HyperRAM_Init
	.thumb_func
HyperRAM_Init:
.Lfunc_begin4:
	.loc	1 262 0 is_stmt 1               @ ../Device/HyperRAM/hyperram_code.c:262:0
	.fnstart
	.cfi_startproc
@ %bb.0:
	@DEBUG_VALUE: HyperRAM_Init:spim <- $r0
	.save	{r4, r5, r6, r7, lr}
	push	{r4, r5, r6, r7, lr}
	.cfi_def_cfa_offset 20
	.cfi_offset lr, -4
	.cfi_offset r7, -8
	.cfi_offset r6, -12
	.cfi_offset r5, -16
	.cfi_offset r4, -20
	.pad	#4
	sub	sp, #4
	.cfi_def_cfa_offset 24
.Ltmp330:
	.file	9 "C:\\ML\\ML_M55M1_SampleCode-master 2\\ML_M55M1_SampleCode-master\\M55M1BSP-3.01.003\\SampleCode\\NuEdgeWise\\PoseLandmark_YOLOv8n\\KEIL" "../../../../Library/StdDriver/inc\\sys.h"
	.loc	9 4257 32 prologue_end          @ ../../../../Library/StdDriver/inc\sys.h:4257:32
	movw	r7, :lower16:SystemCoreClock
	mov	r4, r0
.Ltmp331:
	@DEBUG_VALUE: HyperRAM_Init:spim <- $r4
	@DEBUG_VALUE: HyperRAM_Init:spim <- $r4
	movt	r7, :upper16:SystemCoreClock
	movw	r6, #256
	ldr	r0, [r7]
.Ltmp332:
	@DEBUG_VALUE: SYS_UnlockReg:u32TimeOutCount <- $r0
	.loc	9 0 32 is_stmt 0                @ ../../../../Library/StdDriver/inc\sys.h:0:32
	movs	r1, #89
	movt	r6, #16384
	movs	r2, #22
	movs	r3, #136
.Ltmp333:
.LBB4_1:                                @ =>This Inner Loop Header: Depth=1
	@DEBUG_VALUE: SYS_UnlockReg:u32TimeOutCount <- $r0
	@DEBUG_VALUE: HyperRAM_Init:spim <- $r4
	@DEBUG_VALUE: SYS_UnlockReg:u32TimeOutCount <- $r0
	.loc	9 4265 13 is_stmt 1             @ ../../../../Library/StdDriver/inc\sys.h:4265:13
	cmp	r0, #1
	.loc	9 4261 22                       @ ../../../../Library/StdDriver/inc\sys.h:4261:22
	str	r1, [r6]
	.loc	9 4262 22                       @ ../../../../Library/StdDriver/inc\sys.h:4262:22
	str	r2, [r6]
	.loc	9 4263 22                       @ ../../../../Library/StdDriver/inc\sys.h:4263:22
	str	r3, [r6]
.Ltmp334:
	@DEBUG_VALUE: SYS_UnlockReg:u32TimeOutCount <- [DW_OP_constu 1, DW_OP_minus, DW_OP_stack_value] $r0
	.loc	9 4265 13                       @ ../../../../Library/StdDriver/inc\sys.h:4265:13
	beq	.LBB4_9
.Ltmp335:
@ %bb.2:                                @   in Loop: Header=BB4_1 Depth=1
	@DEBUG_VALUE: SYS_UnlockReg:u32TimeOutCount <- [DW_OP_constu 1, DW_OP_minus, DW_OP_stack_value] $r0
	@DEBUG_VALUE: HyperRAM_Init:spim <- $r4
	.loc	9 4266 19                       @ ../../../../Library/StdDriver/inc\sys.h:4266:19
	ldr	r5, [r6]
.Ltmp336:
	.loc	9 4266 5 is_stmt 0              @ ../../../../Library/StdDriver/inc\sys.h:4266:5
	cbnz	r5, .LBB4_9
.Ltmp337:
@ %bb.3:                                @   in Loop: Header=BB4_1 Depth=1
	@DEBUG_VALUE: SYS_UnlockReg:u32TimeOutCount <- [DW_OP_constu 1, DW_OP_minus, DW_OP_stack_value] $r0
	@DEBUG_VALUE: HyperRAM_Init:spim <- $r4
	@DEBUG_VALUE: SYS_UnlockReg:u32TimeOutCount <- [DW_OP_constu 1, DW_OP_minus, DW_OP_stack_value] $r0
	.loc	9 4265 13 is_stmt 1             @ ../../../../Library/StdDriver/inc\sys.h:4265:13
	cmp	r0, #2
	.loc	9 4261 22                       @ ../../../../Library/StdDriver/inc\sys.h:4261:22
	str	r1, [r6]
	.loc	9 4262 22                       @ ../../../../Library/StdDriver/inc\sys.h:4262:22
	str	r2, [r6]
	.loc	9 4263 22                       @ ../../../../Library/StdDriver/inc\sys.h:4263:22
	str	r3, [r6]
.Ltmp338:
	@DEBUG_VALUE: SYS_UnlockReg:u32TimeOutCount <- [DW_OP_constu 2, DW_OP_minus, DW_OP_stack_value] $r0
	.loc	9 4265 13                       @ ../../../../Library/StdDriver/inc\sys.h:4265:13
	beq	.LBB4_9
.Ltmp339:
@ %bb.4:                                @   in Loop: Header=BB4_1 Depth=1
	@DEBUG_VALUE: SYS_UnlockReg:u32TimeOutCount <- [DW_OP_constu 2, DW_OP_minus, DW_OP_stack_value] $r0
	@DEBUG_VALUE: HyperRAM_Init:spim <- $r4
	.loc	9 4266 19                       @ ../../../../Library/StdDriver/inc\sys.h:4266:19
	ldr	r5, [r6]
.Ltmp340:
	.loc	9 4266 5 is_stmt 0              @ ../../../../Library/StdDriver/inc\sys.h:4266:5
	cbnz	r5, .LBB4_9
.Ltmp341:
@ %bb.5:                                @   in Loop: Header=BB4_1 Depth=1
	@DEBUG_VALUE: SYS_UnlockReg:u32TimeOutCount <- [DW_OP_constu 2, DW_OP_minus, DW_OP_stack_value] $r0
	@DEBUG_VALUE: HyperRAM_Init:spim <- $r4
	@DEBUG_VALUE: SYS_UnlockReg:u32TimeOutCount <- [DW_OP_constu 2, DW_OP_minus, DW_OP_stack_value] $r0
	.loc	9 4265 13 is_stmt 1             @ ../../../../Library/StdDriver/inc\sys.h:4265:13
	cmp	r0, #3
	.loc	9 4261 22                       @ ../../../../Library/StdDriver/inc\sys.h:4261:22
	str	r1, [r6]
	.loc	9 4262 22                       @ ../../../../Library/StdDriver/inc\sys.h:4262:22
	str	r2, [r6]
	.loc	9 4263 22                       @ ../../../../Library/StdDriver/inc\sys.h:4263:22
	str	r3, [r6]
.Ltmp342:
	@DEBUG_VALUE: SYS_UnlockReg:u32TimeOutCount <- [DW_OP_constu 3, DW_OP_minus, DW_OP_stack_value] $r0
	.loc	9 4265 13                       @ ../../../../Library/StdDriver/inc\sys.h:4265:13
	beq	.LBB4_9
.Ltmp343:
@ %bb.6:                                @   in Loop: Header=BB4_1 Depth=1
	@DEBUG_VALUE: SYS_UnlockReg:u32TimeOutCount <- [DW_OP_constu 3, DW_OP_minus, DW_OP_stack_value] $r0
	@DEBUG_VALUE: HyperRAM_Init:spim <- $r4
	.loc	9 4266 19                       @ ../../../../Library/StdDriver/inc\sys.h:4266:19
	ldr	r5, [r6]
.Ltmp344:
	.loc	9 4266 5 is_stmt 0              @ ../../../../Library/StdDriver/inc\sys.h:4266:5
	cbnz	r5, .LBB4_9
.Ltmp345:
@ %bb.7:                                @   in Loop: Header=BB4_1 Depth=1
	@DEBUG_VALUE: SYS_UnlockReg:u32TimeOutCount <- [DW_OP_constu 3, DW_OP_minus, DW_OP_stack_value] $r0
	@DEBUG_VALUE: HyperRAM_Init:spim <- $r4
	@DEBUG_VALUE: SYS_UnlockReg:u32TimeOutCount <- [DW_OP_constu 3, DW_OP_minus, DW_OP_stack_value] $r0
	.loc	9 4265 13 is_stmt 1             @ ../../../../Library/StdDriver/inc\sys.h:4265:13
	subs	r0, #4
.Ltmp346:
	@DEBUG_VALUE: SYS_UnlockReg:u32TimeOutCount <- $r0
	.loc	9 4261 22                       @ ../../../../Library/StdDriver/inc\sys.h:4261:22
	str	r1, [r6]
	.loc	9 4262 22                       @ ../../../../Library/StdDriver/inc\sys.h:4262:22
	str	r2, [r6]
	.loc	9 4263 22                       @ ../../../../Library/StdDriver/inc\sys.h:4263:22
	str	r3, [r6]
	.loc	9 4265 13                       @ ../../../../Library/StdDriver/inc\sys.h:4265:13
	beq	.LBB4_9
.Ltmp347:
@ %bb.8:                                @   in Loop: Header=BB4_1 Depth=1
	@DEBUG_VALUE: SYS_UnlockReg:u32TimeOutCount <- $r0
	@DEBUG_VALUE: HyperRAM_Init:spim <- $r4
	.loc	9 4266 19                       @ ../../../../Library/StdDriver/inc\sys.h:4266:19
	ldr	r5, [r6]
.Ltmp348:
	.loc	9 4266 5 is_stmt 0              @ ../../../../Library/StdDriver/inc\sys.h:4266:5
	cbnz	r5, .LBB4_9
	le	.LBB4_1
.Ltmp349:
.LBB4_9:
	@DEBUG_VALUE: HyperRAM_Init:spim <- $r4
	.loc	1 269 5 is_stmt 1               @ ../Device/HyperRAM/hyperram_code.c:269:5
	movs	r0, #0
	mov.w	r1, #1540096
	movs	r5, #0
	bl	CLK_EnableModuleClock
.Ltmp350:
	.loc	1 275 5                         @ ../Device/HyperRAM/hyperram_code.c:275:5
	mov	r0, r4
	movs	r1, #1
	movs	r2, #1
.Ltmp351:
	.loc	9 4278 18                       @ ../../../../Library/StdDriver/inc\sys.h:4278:18
	str	r5, [r6]
.Ltmp352:
	.loc	1 275 5                         @ ../Device/HyperRAM/hyperram_code.c:275:5
	bl	SPIM_HYPER_Init
.Ltmp353:
	@DEBUG_VALUE: SPIM_HYPER_WAIT_DMMDONE:spim <- $r4
	@DEBUG_VALUE: SPIM_HYPER_WAIT_DMMDONE:i32TimeOutCount <- [DW_OP_deref] $sp
	@DEBUG_VALUE: SPIM_HYPER_DISABLE_CIPHER:spim <- $r4
	.file	10 "C:\\ML\\ML_M55M1_SampleCode-master 2\\ML_M55M1_SampleCode-master\\M55M1BSP-3.01.003\\SampleCode\\NuEdgeWise\\PoseLandmark_YOLOv8n\\KEIL" "../../../../Library/StdDriver/inc\\spim_hyper.h"
	.loc	10 642 49                       @ ../../../../Library/StdDriver/inc\spim_hyper.h:642:49
	ldr	r0, [r7]
	.loc	10 642 22 is_stmt 0             @ ../../../../Library/StdDriver/inc\spim_hyper.h:642:22
	str	r0, [sp]
	.loc	10 644 5 is_stmt 1              @ ../../../../Library/StdDriver/inc\spim_hyper.h:644:5
	ldr	r1, [r4, #68]
	orr	r1, r1, #134217728
	str	r1, [r4, #68]
.Ltmp354:
.LBB4_10:                               @ =>This Inner Loop Header: Depth=1
	@DEBUG_VALUE: SPIM_HYPER_DISABLE_CIPHER:spim <- $r4
	@DEBUG_VALUE: SPIM_HYPER_WAIT_DMMDONE:i32TimeOutCount <- [DW_OP_deref] $sp
	@DEBUG_VALUE: SPIM_HYPER_WAIT_DMMDONE:spim <- $r4
	@DEBUG_VALUE: HyperRAM_Init:spim <- $r4
	.loc	10 646 12                       @ ../../../../Library/StdDriver/inc\spim_hyper.h:646:12
	ldr	r1, [r4, #68]
	.loc	10 646 5 is_stmt 0              @ ../../../../Library/StdDriver/inc\spim_hyper.h:646:5
	lsls	r1, r1, #4
	bpl	.LBB4_18
.Ltmp355:
@ %bb.11:                               @   in Loop: Header=BB4_10 Depth=1
	@DEBUG_VALUE: SPIM_HYPER_DISABLE_CIPHER:spim <- $r4
	@DEBUG_VALUE: SPIM_HYPER_WAIT_DMMDONE:i32TimeOutCount <- [DW_OP_deref] $sp
	@DEBUG_VALUE: SPIM_HYPER_WAIT_DMMDONE:spim <- $r4
	@DEBUG_VALUE: HyperRAM_Init:spim <- $r4
	.loc	10 648 13 is_stmt 1             @ ../../../../Library/StdDriver/inc\spim_hyper.h:648:13
	ldr	r1, [sp]
	subs	r2, r1, #1
.Ltmp356:
	.loc	10 648 13 is_stmt 0             @ ../../../../Library/StdDriver/inc\spim_hyper.h:648:13
	cmp	r1, #2
.Ltmp357:
	.loc	10 648 13                       @ ../../../../Library/StdDriver/inc\spim_hyper.h:648:13
	str	r2, [sp]
.Ltmp358:
	@DEBUG_VALUE: SPIM_HYPER_WAIT_DMMDONE:i32TimeOutCount <- [DW_OP_deref] $sp
	.loc	10 648 13                       @ ../../../../Library/StdDriver/inc\spim_hyper.h:648:13
	blt	.LBB4_18
.Ltmp359:
@ %bb.12:                               @   in Loop: Header=BB4_10 Depth=1
	@DEBUG_VALUE: SPIM_HYPER_DISABLE_CIPHER:spim <- $r4
	@DEBUG_VALUE: SPIM_HYPER_WAIT_DMMDONE:i32TimeOutCount <- [DW_OP_deref] $sp
	@DEBUG_VALUE: SPIM_HYPER_WAIT_DMMDONE:spim <- $r4
	@DEBUG_VALUE: HyperRAM_Init:spim <- $r4
	.loc	10 646 12 is_stmt 1             @ ../../../../Library/StdDriver/inc\spim_hyper.h:646:12
	ldr	r1, [r4, #68]
	.loc	10 646 5 is_stmt 0              @ ../../../../Library/StdDriver/inc\spim_hyper.h:646:5
	lsls	r1, r1, #4
	bpl	.LBB4_18
.Ltmp360:
@ %bb.13:                               @   in Loop: Header=BB4_10 Depth=1
	@DEBUG_VALUE: SPIM_HYPER_DISABLE_CIPHER:spim <- $r4
	@DEBUG_VALUE: SPIM_HYPER_WAIT_DMMDONE:i32TimeOutCount <- [DW_OP_deref] $sp
	@DEBUG_VALUE: SPIM_HYPER_WAIT_DMMDONE:spim <- $r4
	@DEBUG_VALUE: HyperRAM_Init:spim <- $r4
	.loc	10 648 13 is_stmt 1             @ ../../../../Library/StdDriver/inc\spim_hyper.h:648:13
	ldr	r1, [sp]
	subs	r2, r1, #1
.Ltmp361:
	@DEBUG_VALUE: SPIM_HYPER_WAIT_DMMDONE:i32TimeOutCount <- $r2
	.loc	10 648 13 is_stmt 0             @ ../../../../Library/StdDriver/inc\spim_hyper.h:648:13
	cmp	r1, #2
.Ltmp362:
	.loc	10 648 13                       @ ../../../../Library/StdDriver/inc\spim_hyper.h:648:13
	str	r2, [sp]
.Ltmp363:
	@DEBUG_VALUE: SPIM_HYPER_WAIT_DMMDONE:i32TimeOutCount <- [DW_OP_deref] $sp
	.loc	10 648 13                       @ ../../../../Library/StdDriver/inc\spim_hyper.h:648:13
	blt	.LBB4_18
.Ltmp364:
@ %bb.14:                               @   in Loop: Header=BB4_10 Depth=1
	@DEBUG_VALUE: SPIM_HYPER_DISABLE_CIPHER:spim <- $r4
	@DEBUG_VALUE: SPIM_HYPER_WAIT_DMMDONE:i32TimeOutCount <- [DW_OP_deref] $sp
	@DEBUG_VALUE: SPIM_HYPER_WAIT_DMMDONE:spim <- $r4
	@DEBUG_VALUE: HyperRAM_Init:spim <- $r4
	.loc	10 646 12 is_stmt 1             @ ../../../../Library/StdDriver/inc\spim_hyper.h:646:12
	ldr	r1, [r4, #68]
	.loc	10 646 5 is_stmt 0              @ ../../../../Library/StdDriver/inc\spim_hyper.h:646:5
	lsls	r1, r1, #4
	bpl	.LBB4_18
.Ltmp365:
@ %bb.15:                               @   in Loop: Header=BB4_10 Depth=1
	@DEBUG_VALUE: SPIM_HYPER_DISABLE_CIPHER:spim <- $r4
	@DEBUG_VALUE: SPIM_HYPER_WAIT_DMMDONE:i32TimeOutCount <- [DW_OP_deref] $sp
	@DEBUG_VALUE: SPIM_HYPER_WAIT_DMMDONE:spim <- $r4
	@DEBUG_VALUE: HyperRAM_Init:spim <- $r4
	.loc	10 648 13 is_stmt 1             @ ../../../../Library/StdDriver/inc\spim_hyper.h:648:13
	ldr	r1, [sp]
	subs	r2, r1, #1
.Ltmp366:
	@DEBUG_VALUE: SPIM_HYPER_WAIT_DMMDONE:i32TimeOutCount <- $r2
	.loc	10 648 13 is_stmt 0             @ ../../../../Library/StdDriver/inc\spim_hyper.h:648:13
	cmp	r1, #2
.Ltmp367:
	.loc	10 648 13                       @ ../../../../Library/StdDriver/inc\spim_hyper.h:648:13
	str	r2, [sp]
.Ltmp368:
	@DEBUG_VALUE: SPIM_HYPER_WAIT_DMMDONE:i32TimeOutCount <- [DW_OP_deref] $sp
	.loc	10 648 13                       @ ../../../../Library/StdDriver/inc\spim_hyper.h:648:13
	blt	.LBB4_18
.Ltmp369:
@ %bb.16:                               @   in Loop: Header=BB4_10 Depth=1
	@DEBUG_VALUE: SPIM_HYPER_DISABLE_CIPHER:spim <- $r4
	@DEBUG_VALUE: SPIM_HYPER_WAIT_DMMDONE:i32TimeOutCount <- [DW_OP_deref] $sp
	@DEBUG_VALUE: SPIM_HYPER_WAIT_DMMDONE:spim <- $r4
	@DEBUG_VALUE: HyperRAM_Init:spim <- $r4
	.loc	10 646 12 is_stmt 1             @ ../../../../Library/StdDriver/inc\spim_hyper.h:646:12
	ldr	r1, [r4, #68]
	.loc	10 646 5 is_stmt 0              @ ../../../../Library/StdDriver/inc\spim_hyper.h:646:5
	lsls	r1, r1, #4
	bpl	.LBB4_18
.Ltmp370:
@ %bb.17:                               @   in Loop: Header=BB4_10 Depth=1
	@DEBUG_VALUE: SPIM_HYPER_DISABLE_CIPHER:spim <- $r4
	@DEBUG_VALUE: SPIM_HYPER_WAIT_DMMDONE:i32TimeOutCount <- [DW_OP_deref] $sp
	@DEBUG_VALUE: SPIM_HYPER_WAIT_DMMDONE:spim <- $r4
	@DEBUG_VALUE: HyperRAM_Init:spim <- $r4
	.loc	10 648 13 is_stmt 1             @ ../../../../Library/StdDriver/inc\spim_hyper.h:648:13
	ldr	r1, [sp]
	subs	r1, #1
.Ltmp371:
	@DEBUG_VALUE: SPIM_HYPER_WAIT_DMMDONE:i32TimeOutCount <- $r1
	str	r1, [sp]
.Ltmp372:
	@DEBUG_VALUE: SPIM_HYPER_WAIT_DMMDONE:i32TimeOutCount <- [DW_OP_deref] $sp
	.loc	10 648 13 is_stmt 0             @ ../../../../Library/StdDriver/inc\spim_hyper.h:648:13
	bgt	.LBB4_10
.Ltmp373:
.LBB4_18:
	@DEBUG_VALUE: SPIM_HYPER_DISABLE_CIPHER:spim <- $r4
	@DEBUG_VALUE: SPIM_HYPER_WAIT_DMMDONE:i32TimeOutCount <- [DW_OP_deref] $sp
	@DEBUG_VALUE: SPIM_HYPER_WAIT_DMMDONE:spim <- $r4
	@DEBUG_VALUE: HyperRAM_Init:spim <- $r4
	.loc	10 654 21 is_stmt 1             @ ../../../../Library/StdDriver/inc\spim_hyper.h:654:21
	str	r0, [sp]
	@DEBUG_VALUE: SPIM_HYPER_WAIT_DMMDONE:i32TimeOutCount <- [DW_OP_deref] $sp
.Ltmp374:
.LBB4_19:                               @ =>This Inner Loop Header: Depth=1
	@DEBUG_VALUE: SPIM_HYPER_DISABLE_CIPHER:spim <- $r4
	@DEBUG_VALUE: SPIM_HYPER_WAIT_DMMDONE:i32TimeOutCount <- [DW_OP_deref] $sp
	@DEBUG_VALUE: SPIM_HYPER_WAIT_DMMDONE:spim <- $r4
	@DEBUG_VALUE: HyperRAM_Init:spim <- $r4
	.loc	10 657 12                       @ ../../../../Library/StdDriver/inc\spim_hyper.h:657:12
	ldr	r0, [r4, #68]
	.loc	10 657 5 is_stmt 0              @ ../../../../Library/StdDriver/inc\spim_hyper.h:657:5
	cmp	r0, #0
	bmi	.LBB4_27
.Ltmp375:
@ %bb.20:                               @   in Loop: Header=BB4_19 Depth=1
	@DEBUG_VALUE: SPIM_HYPER_DISABLE_CIPHER:spim <- $r4
	@DEBUG_VALUE: SPIM_HYPER_WAIT_DMMDONE:i32TimeOutCount <- [DW_OP_deref] $sp
	@DEBUG_VALUE: SPIM_HYPER_WAIT_DMMDONE:spim <- $r4
	@DEBUG_VALUE: HyperRAM_Init:spim <- $r4
	.loc	10 659 13 is_stmt 1             @ ../../../../Library/StdDriver/inc\spim_hyper.h:659:13
	ldr	r0, [sp]
	subs	r1, r0, #1
.Ltmp376:
	.loc	10 659 13 is_stmt 0             @ ../../../../Library/StdDriver/inc\spim_hyper.h:659:13
	cmp	r0, #2
.Ltmp377:
	.loc	10 659 13                       @ ../../../../Library/StdDriver/inc\spim_hyper.h:659:13
	str	r1, [sp]
.Ltmp378:
	@DEBUG_VALUE: SPIM_HYPER_WAIT_DMMDONE:i32TimeOutCount <- [DW_OP_deref] $sp
	.loc	10 659 13                       @ ../../../../Library/StdDriver/inc\spim_hyper.h:659:13
	blt	.LBB4_27
.Ltmp379:
@ %bb.21:                               @   in Loop: Header=BB4_19 Depth=1
	@DEBUG_VALUE: SPIM_HYPER_DISABLE_CIPHER:spim <- $r4
	@DEBUG_VALUE: SPIM_HYPER_WAIT_DMMDONE:i32TimeOutCount <- [DW_OP_deref] $sp
	@DEBUG_VALUE: SPIM_HYPER_WAIT_DMMDONE:spim <- $r4
	@DEBUG_VALUE: HyperRAM_Init:spim <- $r4
	.loc	10 657 12 is_stmt 1             @ ../../../../Library/StdDriver/inc\spim_hyper.h:657:12
	ldr	r0, [r4, #68]
	.loc	10 657 5 is_stmt 0              @ ../../../../Library/StdDriver/inc\spim_hyper.h:657:5
	cmp	r0, #0
	bmi	.LBB4_27
.Ltmp380:
@ %bb.22:                               @   in Loop: Header=BB4_19 Depth=1
	@DEBUG_VALUE: SPIM_HYPER_DISABLE_CIPHER:spim <- $r4
	@DEBUG_VALUE: SPIM_HYPER_WAIT_DMMDONE:i32TimeOutCount <- [DW_OP_deref] $sp
	@DEBUG_VALUE: SPIM_HYPER_WAIT_DMMDONE:spim <- $r4
	@DEBUG_VALUE: HyperRAM_Init:spim <- $r4
	.loc	10 659 13 is_stmt 1             @ ../../../../Library/StdDriver/inc\spim_hyper.h:659:13
	ldr	r0, [sp]
	subs	r1, r0, #1
.Ltmp381:
	@DEBUG_VALUE: SPIM_HYPER_WAIT_DMMDONE:i32TimeOutCount <- $r1
	.loc	10 659 13 is_stmt 0             @ ../../../../Library/StdDriver/inc\spim_hyper.h:659:13
	cmp	r0, #2
.Ltmp382:
	.loc	10 659 13                       @ ../../../../Library/StdDriver/inc\spim_hyper.h:659:13
	str	r1, [sp]
.Ltmp383:
	@DEBUG_VALUE: SPIM_HYPER_WAIT_DMMDONE:i32TimeOutCount <- [DW_OP_deref] $sp
	.loc	10 659 13                       @ ../../../../Library/StdDriver/inc\spim_hyper.h:659:13
	blt	.LBB4_27
.Ltmp384:
@ %bb.23:                               @   in Loop: Header=BB4_19 Depth=1
	@DEBUG_VALUE: SPIM_HYPER_DISABLE_CIPHER:spim <- $r4
	@DEBUG_VALUE: SPIM_HYPER_WAIT_DMMDONE:i32TimeOutCount <- [DW_OP_deref] $sp
	@DEBUG_VALUE: SPIM_HYPER_WAIT_DMMDONE:spim <- $r4
	@DEBUG_VALUE: HyperRAM_Init:spim <- $r4
	.loc	10 657 12 is_stmt 1             @ ../../../../Library/StdDriver/inc\spim_hyper.h:657:12
	ldr	r0, [r4, #68]
	.loc	10 657 5 is_stmt 0              @ ../../../../Library/StdDriver/inc\spim_hyper.h:657:5
	cmp	r0, #0
	bmi	.LBB4_27
.Ltmp385:
@ %bb.24:                               @   in Loop: Header=BB4_19 Depth=1
	@DEBUG_VALUE: SPIM_HYPER_DISABLE_CIPHER:spim <- $r4
	@DEBUG_VALUE: SPIM_HYPER_WAIT_DMMDONE:i32TimeOutCount <- [DW_OP_deref] $sp
	@DEBUG_VALUE: SPIM_HYPER_WAIT_DMMDONE:spim <- $r4
	@DEBUG_VALUE: HyperRAM_Init:spim <- $r4
	.loc	10 659 13 is_stmt 1             @ ../../../../Library/StdDriver/inc\spim_hyper.h:659:13
	ldr	r0, [sp]
	subs	r1, r0, #1
.Ltmp386:
	@DEBUG_VALUE: SPIM_HYPER_WAIT_DMMDONE:i32TimeOutCount <- $r1
	.loc	10 659 13 is_stmt 0             @ ../../../../Library/StdDriver/inc\spim_hyper.h:659:13
	cmp	r0, #2
.Ltmp387:
	.loc	10 659 13                       @ ../../../../Library/StdDriver/inc\spim_hyper.h:659:13
	str	r1, [sp]
.Ltmp388:
	@DEBUG_VALUE: SPIM_HYPER_WAIT_DMMDONE:i32TimeOutCount <- [DW_OP_deref] $sp
	.loc	10 659 13                       @ ../../../../Library/StdDriver/inc\spim_hyper.h:659:13
	blt	.LBB4_27
.Ltmp389:
@ %bb.25:                               @   in Loop: Header=BB4_19 Depth=1
	@DEBUG_VALUE: SPIM_HYPER_DISABLE_CIPHER:spim <- $r4
	@DEBUG_VALUE: SPIM_HYPER_WAIT_DMMDONE:i32TimeOutCount <- [DW_OP_deref] $sp
	@DEBUG_VALUE: SPIM_HYPER_WAIT_DMMDONE:spim <- $r4
	@DEBUG_VALUE: HyperRAM_Init:spim <- $r4
	.loc	10 657 12 is_stmt 1             @ ../../../../Library/StdDriver/inc\spim_hyper.h:657:12
	ldr	r0, [r4, #68]
	.loc	10 657 5 is_stmt 0              @ ../../../../Library/StdDriver/inc\spim_hyper.h:657:5
	cmp	r0, #0
	bmi	.LBB4_27
.Ltmp390:
@ %bb.26:                               @   in Loop: Header=BB4_19 Depth=1
	@DEBUG_VALUE: SPIM_HYPER_DISABLE_CIPHER:spim <- $r4
	@DEBUG_VALUE: SPIM_HYPER_WAIT_DMMDONE:i32TimeOutCount <- [DW_OP_deref] $sp
	@DEBUG_VALUE: SPIM_HYPER_WAIT_DMMDONE:spim <- $r4
	@DEBUG_VALUE: HyperRAM_Init:spim <- $r4
	.loc	10 659 13 is_stmt 1             @ ../../../../Library/StdDriver/inc\spim_hyper.h:659:13
	ldr	r0, [sp]
	subs	r0, #1
.Ltmp391:
	@DEBUG_VALUE: SPIM_HYPER_WAIT_DMMDONE:i32TimeOutCount <- $r0
	str	r0, [sp]
.Ltmp392:
	@DEBUG_VALUE: SPIM_HYPER_WAIT_DMMDONE:i32TimeOutCount <- [DW_OP_deref] $sp
	.loc	10 659 13 is_stmt 0             @ ../../../../Library/StdDriver/inc\spim_hyper.h:659:13
	bgt	.LBB4_19
.Ltmp393:
.LBB4_27:
	@DEBUG_VALUE: SPIM_HYPER_DISABLE_CIPHER:spim <- $r4
	@DEBUG_VALUE: HyperRAM_Init:spim <- $r4
	.loc	10 677 16 is_stmt 1             @ ../../../../Library/StdDriver/inc\spim_hyper.h:677:16
	ldr	r0, [r4]
	orr	r0, r0, #1
	str	r0, [r4]
.Ltmp394:
	@DEBUG_VALUE: SPIM_Hyper_DefaultConfig:u32AcctWR <- 7
	@DEBUG_VALUE: SPIM_Hyper_DefaultConfig:u32AcctRD <- 7
	@DEBUG_VALUE: SPIM_Hyper_DefaultConfig:u32CSM <- 4000
	@DEBUG_VALUE: SPIM_Hyper_DefaultConfig:spim <- $r4
	.loc	1 39 29                         @ ../Device/HyperRAM/hyperram_code.c:39:29
	bl	CLK_GetSCLKFreq
.Ltmp395:
	.loc	1 0 29 is_stmt 0                @ ../Device/HyperRAM/hyperram_code.c:0:29
	movw	r1, #56963
	movw	r2, #65482
	movt	r1, #17179
	.loc	1 39 47                         @ ../Device/HyperRAM/hyperram_code.c:39:47
	umull	r0, r1, r0, r1
	vldr	s2, .LCPI4_0
	lsrs	r0, r1, #18
.Ltmp396:
	@DEBUG_VALUE: SPIM_Hyper_DefaultConfig:u32CoreFreq <- $r0
	.loc	1 40 41 is_stmt 1               @ ../Device/HyperRAM/hyperram_code.c:40:41
	vmov	s0, r0
.Ltmp397:
	@DEBUG_VALUE: SPIM_Hyper_DefaultConfig:u32CoreFreq <- $s0
	.loc	1 41 23                         @ ../Device/HyperRAM/hyperram_code.c:41:23
	ldr	r0, [r4, #4]
.Ltmp398:
	@DEBUG_VALUE: SPIM_Hyper_DefaultConfig:u32DIV <- [DW_OP_constu 16, DW_OP_shr, DW_OP_stack_value] $r0
	.loc	1 40 41                         @ ../Device/HyperRAM/hyperram_code.c:40:41
	vcvt.f32.u32	s0, s0
.Ltmp399:
	.loc	1 42 28                         @ ../Device/HyperRAM/hyperram_code.c:42:28
	ldr	r1, [r4]
	.loc	1 40 39                         @ ../Device/HyperRAM/hyperram_code.c:40:39
	vdiv.f32	s0, s2, s0
.Ltmp400:
	@DEBUG_VALUE: SPIM_Hyper_DefaultConfig:fFreq <- $s0
	.loc	1 0 39 is_stmt 0                @ ../Device/HyperRAM/hyperram_code.c:0:39
	vldr	s2, .LCPI4_1
.Ltmp401:
	@DEBUG_VALUE: SPIM_Hyper_DefaultConfig:u32CipherEn <- undef
	movt	r2, #15
	.loc	1 43 65 is_stmt 1               @ ../Device/HyperRAM/hyperram_code.c:43:65
	add.w	r3, r2, #38
	.loc	1 42 28                         @ ../Device/HyperRAM/hyperram_code.c:42:28
	bfi	r2, r1, #0, #1
	bfi	r2, r1, #5, #1
.Ltmp402:
	.loc	1 46 5                          @ ../Device/HyperRAM/hyperram_code.c:46:5
	ldr.w	r1, [r4, #132]
.Ltmp403:
	.loc	1 43 65                         @ ../Device/HyperRAM/hyperram_code.c:43:65
	and.w	r0, r3, r0, lsr #12
.Ltmp404:
	.loc	1 46 5                          @ ../Device/HyperRAM/hyperram_code.c:46:5
	bic	r1, r1, #3
	str.w	r1, [r4, #132]
.Ltmp405:
	@DEBUG_VALUE: u32CSH <- 3
	.loc	1 49 5                          @ ../Device/HyperRAM/hyperram_code.c:49:5
	ldr.w	r1, [r4, #132]
	orr	r1, r1, #48
	@DEBUG_VALUE: u32CSH <- 3
	str.w	r1, [r4, #132]
.Ltmp406:
	@DEBUG_VALUE: u32CSHI <- 4
	.loc	1 52 5                          @ ../Device/HyperRAM/hyperram_code.c:52:5
	ldr.w	r1, [r4, #132]
.Ltmp407:
	.loc	1 43 46                         @ ../Device/HyperRAM/hyperram_code.c:43:46
	vdiv.f32	s0, s2, s0
.Ltmp408:
	.loc	1 43 28 is_stmt 0               @ ../Device/HyperRAM/hyperram_code.c:43:28
	vcvt.u32.f32	s0, s0
	vmov	r3, s0
	.loc	1 43 56                         @ ../Device/HyperRAM/hyperram_code.c:43:56
	subs	r0, r3, r0
	movs	r3, #4
.Ltmp409:
	.loc	1 52 5 is_stmt 1                @ ../Device/HyperRAM/hyperram_code.c:52:5
	bfi	r1, r3, #8, #4
	@DEBUG_VALUE: u32CSHI <- 4
	str.w	r1, [r4, #132]
.Ltmp410:
	.loc	1 55 5                          @ ../Device/HyperRAM/hyperram_code.c:55:5
	ldr.w	r1, [r4, #132]
	.loc	1 43 75                         @ ../Device/HyperRAM/hyperram_code.c:43:75
	add	r0, r2
	@DEBUG_VALUE: _u32CSST <- 0
.Ltmp411:
	@DEBUG_VALUE: SPIM_Hyper_DefaultConfig:u32CSMAXLT <- undef
	.loc	1 55 5                          @ ../Device/HyperRAM/hyperram_code.c:55:5
	bfc	r1, #12, #20
	orr.w	r0, r1, r0, lsl #12
	movs	r1, #7
	sub.w	r0, r0, #4096
	str.w	r0, [r4, #132]
	.loc	1 58 5                          @ ../Device/HyperRAM/hyperram_code.c:58:5
	ldr.w	r0, [r4, #136]
	orr	r0, r0, #16711680
	str.w	r0, [r4, #136]
	.loc	1 61 5                          @ ../Device/HyperRAM/hyperram_code.c:61:5
	ldr.w	r0, [r4, #136]
	bfi	r0, r1, #24, #5
	str.w	r0, [r4, #136]
	.loc	1 64 5                          @ ../Device/HyperRAM/hyperram_code.c:64:5
	ldr.w	r0, [r4, #136]
	bfi	r0, r1, #8, #5
	str.w	r0, [r4, #136]
.Ltmp412:
	.loc	1 284 5                         @ ../Device/HyperRAM/hyperram_code.c:284:5
	mov	r0, r4
	bl	SPIM_HYPER_Reset
.Ltmp413:
	.loc	1 287 5                         @ ../Device/HyperRAM/hyperram_code.c:287:5
	mov	r0, r4
	bl	HyperRAM_TrimDLLDelayNumber
.Ltmp414:
	.loc	1 290 31                        @ ../Device/HyperRAM/hyperram_code.c:290:31
	mov	r0, r4
	mov.w	r1, #4096
	bl	SPIM_HYPER_ReadHyperRAMReg
.Ltmp415:
	mov	r1, r0
.Ltmp416:
	@DEBUG_VALUE: HyperRAM_Init:sHRAMReg <- [DW_OP_LLVM_fragment 96 32] $r1
	.loc	1 305 5                         @ ../Device/HyperRAM/hyperram_code.c:305:5
	mov	r0, r4
	.loc	1 302 38                        @ ../Device/HyperRAM/hyperram_code.c:302:38
	bic	r2, r1, #28672
.Ltmp417:
	@DEBUG_VALUE: HyperRAM_Init:sHRAMReg <- [DW_OP_LLVM_fragment 104 8] $r2
	.loc	1 305 5                         @ ../Device/HyperRAM/hyperram_code.c:305:5
	mov.w	r1, #4096
	.loc	1 305 5 epilogue_begin is_stmt 0 @ ../Device/HyperRAM/hyperram_code.c:305:5
	add	sp, #4
	pop.w	{r4, r5, r6, r7, lr}
.Ltmp418:
	@DEBUG_VALUE: HyperRAM_Init:spim <- [DW_OP_LLVM_entry_value 1] $r0
	b	SPIM_HYPER_WriteHyperRAMReg
.Ltmp419:
	.p2align	2
@ %bb.28:
	.loc	1 0 5                           @ ../Device/HyperRAM/hyperram_code.c:0:5
.LCPI4_0:
	.long	0x447a0000                      @ float 1000
.LCPI4_1:
	.long	0x457a0000                      @ float 4000
.Lfunc_end4:
	.size	HyperRAM_Init, .Lfunc_end4-HyperRAM_Init
	.cfi_endproc
	.cantunwind
	.fnend
                                        @ -- End function
	.section	.text.HyperRAM_PinConfig,"ax",%progbits
	.hidden	HyperRAM_PinConfig              @ -- Begin function HyperRAM_PinConfig
	.globl	HyperRAM_PinConfig
	.p2align	2
	.type	HyperRAM_PinConfig,%function
	.code	16                              @ @HyperRAM_PinConfig
	.thumb_func
HyperRAM_PinConfig:
.Lfunc_begin5:
	.loc	1 310 0 is_stmt 1               @ ../Device/HyperRAM/hyperram_code.c:310:0
	.fnstart
	.cfi_startproc
@ %bb.0:
	@DEBUG_VALUE: HyperRAM_PinConfig:spim <- $r0
	movw	r1, #8192
	movt	r1, #16388
.Ltmp420:
	.loc	1 311 9 prologue_end            @ ../Device/HyperRAM/hyperram_code.c:311:9
	cmp	r0, r1
	.loc	1 373 1                         @ ../Device/HyperRAM/hyperram_code.c:373:1
	it	ne
	bxne	lr
.Ltmp421:
.LBB5_1:
	@DEBUG_VALUE: HyperRAM_PinConfig:spim <- $r0
	.save	{r4, r5, r6, r7, lr}
	push	{r4, r5, r6, r7, lr}
	.cfi_def_cfa_offset 20
	.cfi_offset lr, -4
	.cfi_offset r7, -8
	.cfi_offset r6, -12
	.cfi_offset r5, -16
	.cfi_offset r4, -20
	.pad	#4
	sub	sp, #4
	.cfi_def_cfa_offset 24
.Ltmp422:
	.loc	1 315 9                         @ ../Device/HyperRAM/hyperram_code.c:315:9
	movs	r0, #0
.Ltmp423:
	@DEBUG_VALUE: HyperRAM_PinConfig:spim <- [DW_OP_LLVM_entry_value 1] $r0
	mov.w	r1, #1540096
	bl	CLK_EnableModuleClock
.Ltmp424:
	.loc	1 318 9                         @ ../Device/HyperRAM/hyperram_code.c:318:9
	movs	r0, #0
	mov.w	r1, #1212416
	bl	CLK_EnableModuleClock
.Ltmp425:
	.loc	1 0 9 is_stmt 0                 @ ../Device/HyperRAM/hyperram_code.c:0:9
	movw	r0, #892
	movs	r1, #12
	movt	r0, #16384
.Ltmp426:
	@DEBUG_VALUE: u32SlewRate <- 3
	movw	r4, #37440
	.loc	1 328 9 is_stmt 1               @ ../Device/HyperRAM/hyperram_code.c:328:9
	ldr	r2, [r0]
	movw	r5, #37440
	movt	r4, #20514
	bfi	r2, r1, #0, #5
	str	r2, [r0]
	.loc	1 329 9                         @ ../Device/HyperRAM/hyperram_code.c:329:9
	ldr	r2, [r0]
	movt	r5, #16418
	bfi	r2, r1, #8, #5
	str	r2, [r0]
	.loc	1 357 25                        @ ../Device/HyperRAM/hyperram_code.c:357:25
	sub.w	r6, r5, #192
	.loc	1 330 9                         @ ../Device/HyperRAM/hyperram_code.c:330:9
	ldr	r2, [r0, #24]
	bfi	r2, r1, #8, #5
	str	r2, [r0, #24]
	.loc	1 331 9                         @ ../Device/HyperRAM/hyperram_code.c:331:9
	ldr	r2, [r0, #24]
	bfi	r2, r1, #16, #5
	str	r2, [r0, #24]
	.loc	1 332 9                         @ ../Device/HyperRAM/hyperram_code.c:332:9
	ldr	r2, [r0]
	bfi	r2, r1, #16, #5
	str	r2, [r0]
	.loc	1 333 9                         @ ../Device/HyperRAM/hyperram_code.c:333:9
	ldr	r2, [r0]
	bfi	r2, r1, #24, #5
	str	r2, [r0]
	.loc	1 334 9                         @ ../Device/HyperRAM/hyperram_code.c:334:9
	ldr	r2, [r0, #-16]
	bfi	r2, r1, #8, #5
	str	r2, [r0, #-16]
	.loc	1 335 9                         @ ../Device/HyperRAM/hyperram_code.c:335:9
	ldr	r2, [r0, #-16]
	bfi	r2, r1, #16, #5
	str	r2, [r0, #-16]
	.loc	1 336 9                         @ ../Device/HyperRAM/hyperram_code.c:336:9
	ldr	r2, [r0, #24]
	bfi	r2, r1, #0, #5
	str	r2, [r0, #24]
	.loc	1 337 9                         @ ../Device/HyperRAM/hyperram_code.c:337:9
	ldr	r2, [r0, #20]
	bfi	r2, r1, #24, #5
	str	r2, [r0, #20]
	.loc	1 338 9                         @ ../Device/HyperRAM/hyperram_code.c:338:9
	ldr	r2, [r0, #20]
	bfi	r2, r1, #16, #5
	str	r2, [r0, #20]
	.loc	1 339 9                         @ ../Device/HyperRAM/hyperram_code.c:339:9
	ldr	r2, [r0, #-16]
	bfi	r2, r1, #24, #5
	str	r2, [r0, #-16]
	.loc	1 340 9                         @ ../Device/HyperRAM/hyperram_code.c:340:9
	ldr	r2, [r0, #24]
	bfi	r2, r1, #24, #5
	str	r2, [r0, #24]
.Ltmp427:
	.loc	1 342 9                         @ ../Device/HyperRAM/hyperram_code.c:342:9
	@APP
	mov	r0, pc
	@NO_APP
.Ltmp428:
	@DEBUG_VALUE: current_pc <- $r0
	.loc	1 342 13 is_stmt 0              @ ../Device/HyperRAM/hyperram_code.c:342:13
	lsls	r0, r0, #3
	.loc	1 357 9 is_stmt 1               @ ../Device/HyperRAM/hyperram_code.c:357:9
	mov.w	r2, #3
	.loc	1 342 13                        @ ../Device/HyperRAM/hyperram_code.c:342:13
	mov	r0, r4
	itt	pl
	movwpl	r0, #37440
	movtpl	r0, #16418
	.loc	1 342 19 is_stmt 0              @ ../Device/HyperRAM/hyperram_code.c:342:19
	ldr	r1, [r0, #-156]
	orr	r1, r1, #57344
	str	r1, [r0, #-156]
.Ltmp429:
	.loc	1 345 9 is_stmt 1               @ ../Device/HyperRAM/hyperram_code.c:345:9
	@APP
	mov	r0, pc
	@NO_APP
.Ltmp430:
	@DEBUG_VALUE: current_pc <- $r0
	.loc	1 345 13 is_stmt 0              @ ../Device/HyperRAM/hyperram_code.c:345:13
	lsls	r0, r0, #3
	mov	r0, r4
	itt	pl
	movwpl	r0, #37440
	movtpl	r0, #16418
	.loc	1 345 19                        @ ../Device/HyperRAM/hyperram_code.c:345:19
	ldr	r1, [r0, #-92]
	orr	r1, r1, #61440
	str	r1, [r0, #-92]
.Ltmp431:
	.loc	1 349 9 is_stmt 1               @ ../Device/HyperRAM/hyperram_code.c:349:9
	@APP
	mov	r0, pc
	@NO_APP
.Ltmp432:
	@DEBUG_VALUE: current_pc <- $r0
	.loc	1 349 13 is_stmt 0              @ ../Device/HyperRAM/hyperram_code.c:349:13
	lsls	r0, r0, #3
	mov	r0, r4
	itt	pl
	movwpl	r0, #37440
	movtpl	r0, #16418
	.loc	1 349 19                        @ ../Device/HyperRAM/hyperram_code.c:349:19
	ldr	r1, [r0, #36]
	orr	r1, r1, #252
	str	r1, [r0, #36]
.Ltmp433:
	.loc	1 357 25 is_stmt 1              @ ../Device/HyperRAM/hyperram_code.c:357:25
	@APP
	mov	r0, pc
	@NO_APP
.Ltmp434:
	@DEBUG_VALUE: current_pc <- $r0
	.loc	1 357 25 is_stmt 0              @ ../Device/HyperRAM/hyperram_code.c:357:25
	sub.w	r1, r5, #4026531840
	lsls	r0, r0, #3
	sub.w	r7, r1, #192
	.loc	1 357 9                         @ ../Device/HyperRAM/hyperram_code.c:357:9
	mov.w	r1, #8192
	.loc	1 357 25                        @ ../Device/HyperRAM/hyperram_code.c:357:25
	csel	r0, r6, r7, pl
	.loc	1 357 9                         @ ../Device/HyperRAM/hyperram_code.c:357:9
	bl	GPIO_SetSlewCtl
.Ltmp435:
	.loc	1 358 25 is_stmt 1              @ ../Device/HyperRAM/hyperram_code.c:358:25
	@APP
	mov	r0, pc
	@NO_APP
.Ltmp436:
	@DEBUG_VALUE: current_pc <- $r0
	.loc	1 358 9 is_stmt 0               @ ../Device/HyperRAM/hyperram_code.c:358:9
	mov.w	r1, #16384
	.loc	1 358 25                        @ ../Device/HyperRAM/hyperram_code.c:358:25
	lsls	r0, r0, #3
	.loc	1 358 9                         @ ../Device/HyperRAM/hyperram_code.c:358:9
	mov.w	r2, #3
	.loc	1 358 25                        @ ../Device/HyperRAM/hyperram_code.c:358:25
	csel	r0, r6, r7, pl
	.loc	1 358 9                         @ ../Device/HyperRAM/hyperram_code.c:358:9
	bl	GPIO_SetSlewCtl
.Ltmp437:
	.loc	1 359 25 is_stmt 1              @ ../Device/HyperRAM/hyperram_code.c:359:25
	@APP
	mov	r0, pc
	@NO_APP
.Ltmp438:
	@DEBUG_VALUE: current_pc <- $r0
	.loc	1 359 9 is_stmt 0               @ ../Device/HyperRAM/hyperram_code.c:359:9
	mov.w	r1, #32768
	.loc	1 359 25                        @ ../Device/HyperRAM/hyperram_code.c:359:25
	lsls	r0, r0, #3
	.loc	1 359 9                         @ ../Device/HyperRAM/hyperram_code.c:359:9
	mov.w	r2, #3
	.loc	1 359 25                        @ ../Device/HyperRAM/hyperram_code.c:359:25
	csel	r0, r6, r7, pl
	.loc	1 359 9                         @ ../Device/HyperRAM/hyperram_code.c:359:9
	bl	GPIO_SetSlewCtl
.Ltmp439:
	.loc	1 361 25 is_stmt 1              @ ../Device/HyperRAM/hyperram_code.c:361:25
	@APP
	mov	r0, pc
	@NO_APP
.Ltmp440:
	@DEBUG_VALUE: current_pc <- $r0
	.loc	1 361 25 is_stmt 0              @ ../Device/HyperRAM/hyperram_code.c:361:25
	subs	r5, #128
	sub.w	r6, r4, #128
	lsls	r0, r0, #3
	csel	r0, r5, r6, pl
	.loc	1 361 9                         @ ../Device/HyperRAM/hyperram_code.c:361:9
	mov.w	r1, #4096
	movs	r2, #3
	bl	GPIO_SetSlewCtl
.Ltmp441:
	.loc	1 362 25 is_stmt 1              @ ../Device/HyperRAM/hyperram_code.c:362:25
	@APP
	mov	r0, pc
	@NO_APP
.Ltmp442:
	@DEBUG_VALUE: current_pc <- $r0
	.loc	1 362 9 is_stmt 0               @ ../Device/HyperRAM/hyperram_code.c:362:9
	mov.w	r1, #8192
	.loc	1 362 25                        @ ../Device/HyperRAM/hyperram_code.c:362:25
	lsls	r0, r0, #3
	.loc	1 362 9                         @ ../Device/HyperRAM/hyperram_code.c:362:9
	mov.w	r2, #3
	.loc	1 362 25                        @ ../Device/HyperRAM/hyperram_code.c:362:25
	csel	r0, r5, r6, pl
	.loc	1 362 9                         @ ../Device/HyperRAM/hyperram_code.c:362:9
	bl	GPIO_SetSlewCtl
.Ltmp443:
	.loc	1 363 25 is_stmt 1              @ ../Device/HyperRAM/hyperram_code.c:363:25
	@APP
	mov	r0, pc
	@NO_APP
.Ltmp444:
	@DEBUG_VALUE: current_pc <- $r0
	.loc	1 363 9 is_stmt 0               @ ../Device/HyperRAM/hyperram_code.c:363:9
	mov.w	r1, #16384
	.loc	1 363 25                        @ ../Device/HyperRAM/hyperram_code.c:363:25
	lsls	r0, r0, #3
	.loc	1 363 9                         @ ../Device/HyperRAM/hyperram_code.c:363:9
	mov.w	r2, #3
	.loc	1 363 25                        @ ../Device/HyperRAM/hyperram_code.c:363:25
	csel	r0, r5, r6, pl
	.loc	1 363 9                         @ ../Device/HyperRAM/hyperram_code.c:363:9
	bl	GPIO_SetSlewCtl
.Ltmp445:
	.loc	1 364 25 is_stmt 1              @ ../Device/HyperRAM/hyperram_code.c:364:25
	@APP
	mov	r0, pc
	@NO_APP
.Ltmp446:
	@DEBUG_VALUE: current_pc <- $r0
	.loc	1 364 9 is_stmt 0               @ ../Device/HyperRAM/hyperram_code.c:364:9
	mov.w	r1, #32768
	.loc	1 364 25                        @ ../Device/HyperRAM/hyperram_code.c:364:25
	lsls	r0, r0, #3
	.loc	1 364 9                         @ ../Device/HyperRAM/hyperram_code.c:364:9
	mov.w	r2, #3
	.loc	1 364 25                        @ ../Device/HyperRAM/hyperram_code.c:364:25
	csel	r0, r5, r6, pl
	.loc	1 364 9                         @ ../Device/HyperRAM/hyperram_code.c:364:9
	bl	GPIO_SetSlewCtl
.Ltmp447:
	.loc	1 366 25 is_stmt 1              @ ../Device/HyperRAM/hyperram_code.c:366:25
	@APP
	mov	r0, pc
	@NO_APP
.Ltmp448:
	@DEBUG_VALUE: current_pc <- $r0
	.loc	1 366 9 is_stmt 0               @ ../Device/HyperRAM/hyperram_code.c:366:9
	movs	r1, #4
	.loc	1 366 25                        @ ../Device/HyperRAM/hyperram_code.c:366:25
	lsls	r0, r0, #3
	.loc	1 366 9                         @ ../Device/HyperRAM/hyperram_code.c:366:9
	mov.w	r2, #3
	.loc	1 366 25                        @ ../Device/HyperRAM/hyperram_code.c:366:25
	mov	r0, r4
	itt	pl
	movwpl	r0, #37440
	movtpl	r0, #16418
	.loc	1 366 9                         @ ../Device/HyperRAM/hyperram_code.c:366:9
	bl	GPIO_SetSlewCtl
.Ltmp449:
	.loc	1 367 25 is_stmt 1              @ ../Device/HyperRAM/hyperram_code.c:367:25
	@APP
	mov	r0, pc
	@NO_APP
.Ltmp450:
	@DEBUG_VALUE: current_pc <- $r0
	.loc	1 367 9 is_stmt 0               @ ../Device/HyperRAM/hyperram_code.c:367:9
	movs	r1, #8
	.loc	1 367 25                        @ ../Device/HyperRAM/hyperram_code.c:367:25
	lsls	r0, r0, #3
	.loc	1 367 9                         @ ../Device/HyperRAM/hyperram_code.c:367:9
	mov.w	r2, #3
	.loc	1 367 25                        @ ../Device/HyperRAM/hyperram_code.c:367:25
	mov	r0, r4
	itt	pl
	movwpl	r0, #37440
	movtpl	r0, #16418
	.loc	1 367 9                         @ ../Device/HyperRAM/hyperram_code.c:367:9
	bl	GPIO_SetSlewCtl
.Ltmp451:
	.loc	1 368 25 is_stmt 1              @ ../Device/HyperRAM/hyperram_code.c:368:25
	@APP
	mov	r0, pc
	@NO_APP
.Ltmp452:
	@DEBUG_VALUE: current_pc <- $r0
	.loc	1 368 9 is_stmt 0               @ ../Device/HyperRAM/hyperram_code.c:368:9
	movs	r1, #16
	.loc	1 368 25                        @ ../Device/HyperRAM/hyperram_code.c:368:25
	lsls	r0, r0, #3
	.loc	1 368 9                         @ ../Device/HyperRAM/hyperram_code.c:368:9
	mov.w	r2, #3
	.loc	1 368 25                        @ ../Device/HyperRAM/hyperram_code.c:368:25
	mov	r0, r4
	itt	pl
	movwpl	r0, #37440
	movtpl	r0, #16418
	.loc	1 368 9                         @ ../Device/HyperRAM/hyperram_code.c:368:9
	bl	GPIO_SetSlewCtl
.Ltmp453:
	.loc	1 369 25 is_stmt 1              @ ../Device/HyperRAM/hyperram_code.c:369:25
	@APP
	mov	r0, pc
	@NO_APP
.Ltmp454:
	@DEBUG_VALUE: current_pc <- $r0
	.loc	1 369 9 is_stmt 0               @ ../Device/HyperRAM/hyperram_code.c:369:9
	movs	r1, #32
	.loc	1 369 25                        @ ../Device/HyperRAM/hyperram_code.c:369:25
	lsls	r0, r0, #3
	.loc	1 369 9                         @ ../Device/HyperRAM/hyperram_code.c:369:9
	mov.w	r2, #3
	.loc	1 369 25                        @ ../Device/HyperRAM/hyperram_code.c:369:25
	mov	r0, r4
	itt	pl
	movwpl	r0, #37440
	movtpl	r0, #16418
	.loc	1 369 9                         @ ../Device/HyperRAM/hyperram_code.c:369:9
	bl	GPIO_SetSlewCtl
.Ltmp455:
	.loc	1 370 25 is_stmt 1              @ ../Device/HyperRAM/hyperram_code.c:370:25
	@APP
	mov	r0, pc
	@NO_APP
.Ltmp456:
	@DEBUG_VALUE: current_pc <- $r0
	.loc	1 370 9 is_stmt 0               @ ../Device/HyperRAM/hyperram_code.c:370:9
	movs	r1, #64
	.loc	1 370 25                        @ ../Device/HyperRAM/hyperram_code.c:370:25
	lsls	r0, r0, #3
	.loc	1 370 9                         @ ../Device/HyperRAM/hyperram_code.c:370:9
	mov.w	r2, #3
	.loc	1 370 25                        @ ../Device/HyperRAM/hyperram_code.c:370:25
	mov	r0, r4
	itt	pl
	movwpl	r0, #37440
	movtpl	r0, #16418
	.loc	1 370 9                         @ ../Device/HyperRAM/hyperram_code.c:370:9
	bl	GPIO_SetSlewCtl
.Ltmp457:
	.loc	1 371 25 is_stmt 1              @ ../Device/HyperRAM/hyperram_code.c:371:25
	@APP
	mov	r0, pc
	@NO_APP
.Ltmp458:
	@DEBUG_VALUE: current_pc <- $r0
	.loc	1 371 9 is_stmt 0               @ ../Device/HyperRAM/hyperram_code.c:371:9
	movs	r1, #128
	.loc	1 371 25                        @ ../Device/HyperRAM/hyperram_code.c:371:25
	lsls	r0, r0, #3
	itt	pl
	movwpl	r4, #37440
	movtpl	r4, #16418
	.loc	1 371 9                         @ ../Device/HyperRAM/hyperram_code.c:371:9
	mov	r0, r4
	movs	r2, #3
	.loc	1 371 9 epilogue_begin          @ ../Device/HyperRAM/hyperram_code.c:371:9
	add	sp, #4
	pop.w	{r4, r5, r6, r7, lr}
.Ltmp459:
	b	GPIO_SetSlewCtl
.Ltmp460:
.Lfunc_end5:
	.size	HyperRAM_PinConfig, .Lfunc_end5-HyperRAM_PinConfig
	.cfi_endproc
	.file	11 "C:\\ML\\ML_M55M1_SampleCode-master 2\\ML_M55M1_SampleCode-master\\M55M1BSP-3.01.003\\SampleCode\\NuEdgeWise\\PoseLandmark_YOLOv8n\\KEIL" "../../../../Library/StdDriver/inc\\gpio.h"
	.cantunwind
	.fnend
                                        @ -- End function
	.type	.L.str,%object                  @ @.str
	.section	.rodata.str1.1,"aMS",%progbits,1
.L.str:
	.asciz	"Erase Hyper RAM fail!! Read address:0x%08x, data::0x%08x  expect: 0\n"
	.size	.L.str, 69

	.type	.L.str.1,%object                @ @.str.1
.L.str.1:
	.asciz	"Erase Remain Hyper RAM fail!! Read address:0x%08x, data::0x%08x  expect: 0\n"
	.size	.L.str.1, 76

	.hidden	_printf_percent
	.hidden	_printf_flags
	.hidden	_printf_widthprec
	.hidden	_printf_pre_padding
	.hidden	_printf_x
	.hidden	_printf_d
	.hidden	_printf_int_dec
	.hidden	_printf_longlong_hex
	.file	12 "C:\\ML\\ML_M55M1_SampleCode-master 2\\ML_M55M1_SampleCode-master\\M55M1BSP-3.01.003\\SampleCode\\NuEdgeWise\\PoseLandmark_YOLOv8n\\KEIL" "../Device/include\\hyperram_code.h"
	.section	.debug_loc,"",%progbits
.Ldebug_loc0:
	.long	-1
	.long	.Lfunc_begin0                   @   base address
	.long	.Lfunc_begin0-.Lfunc_begin0
	.long	.Ltmp3-.Lfunc_begin0
	.short	1                               @ Loc expr size
	.byte	80                              @ DW_OP_reg0
	.long	.Ltmp3-.Lfunc_begin0
	.long	.Ltmp21-.Lfunc_begin0
	.short	1                               @ Loc expr size
	.byte	85                              @ DW_OP_reg5
	.long	0
	.long	0
.Ldebug_loc1:
	.long	-1
	.long	.Lfunc_begin0                   @   base address
	.long	.Lfunc_begin0-.Lfunc_begin0
	.long	.Ltmp2-.Lfunc_begin0
	.short	1                               @ Loc expr size
	.byte	81                              @ DW_OP_reg1
	.long	.Ltmp2-.Lfunc_begin0
	.long	.Ltmp10-.Lfunc_begin0
	.short	1                               @ Loc expr size
	.byte	87                              @ DW_OP_reg7
	.long	.Ltmp10-.Lfunc_begin0
	.long	.Ltmp11-.Lfunc_begin0
	.short	3                               @ Loc expr size
	.byte	144                             @ super-register DW_OP_regx
	.byte	129                             @ 257
	.byte	2                               @ 
	.long	0
	.long	0
.Ldebug_loc2:
	.long	-1
	.long	.Lfunc_begin0                   @   base address
	.long	.Lfunc_begin0-.Lfunc_begin0
	.long	.Ltmp1-.Lfunc_begin0
	.short	1                               @ Loc expr size
	.byte	82                              @ DW_OP_reg2
	.long	.Ltmp1-.Lfunc_begin0
	.long	.Ltmp21-.Lfunc_begin0
	.short	1                               @ Loc expr size
	.byte	86                              @ DW_OP_reg6
	.long	0
	.long	0
.Ldebug_loc3:
	.long	-1
	.long	.Lfunc_begin0                   @   base address
	.long	.Lfunc_begin0-.Lfunc_begin0
	.long	.Ltmp0-.Lfunc_begin0
	.short	1                               @ Loc expr size
	.byte	83                              @ DW_OP_reg3
	.long	.Ltmp0-.Lfunc_begin0
	.long	.Ltmp21-.Lfunc_begin0
	.short	1                               @ Loc expr size
	.byte	84                              @ DW_OP_reg4
	.long	0
	.long	0
.Ldebug_loc4:
	.long	-1
	.long	.Lfunc_begin0                   @   base address
	.long	.Ltmp5-.Lfunc_begin0
	.long	.Ltmp6-.Lfunc_begin0
	.short	1                               @ Loc expr size
	.byte	80                              @ DW_OP_reg0
	.long	.Ltmp6-.Lfunc_begin0
	.long	.Ltmp8-.Lfunc_begin0
	.short	3                               @ Loc expr size
	.byte	144                             @ super-register DW_OP_regx
	.byte	128                             @ 256
	.byte	2                               @ 
	.long	0
	.long	0
.Ldebug_loc5:
	.long	-1
	.long	.Lfunc_begin0                   @   base address
	.long	.Ltmp7-.Lfunc_begin0
	.long	.Ltmp14-.Lfunc_begin0
	.short	5                               @ Loc expr size
	.byte	112                             @ DW_OP_breg0
	.byte	0                               @ 0
	.byte	64                              @ DW_OP_lit16
	.byte	37                              @ DW_OP_shr
	.byte	159                             @ DW_OP_stack_value
	.long	0
	.long	0
.Ldebug_loc6:
	.long	-1
	.long	.Lfunc_begin0                   @   base address
	.long	.Ltmp9-.Lfunc_begin0
	.long	.Ltmp18-.Lfunc_begin0
	.short	3                               @ Loc expr size
	.byte	144                             @ super-register DW_OP_regx
	.byte	128                             @ 256
	.byte	2                               @ 
	.long	0
	.long	0
.Ldebug_loc7:
	.long	-1
	.long	.Lfunc_begin1                   @   base address
	.long	.Lfunc_begin1-.Lfunc_begin1
	.long	.Ltmp24-.Lfunc_begin1
	.short	1                               @ Loc expr size
	.byte	80                              @ DW_OP_reg0
	.long	.Ltmp24-.Lfunc_begin1
	.long	.Ltmp43-.Lfunc_begin1
	.short	1                               @ Loc expr size
	.byte	84                              @ DW_OP_reg4
	.long	0
	.long	0
.Ldebug_loc8:
	.long	-1
	.long	.Lfunc_begin1                   @   base address
	.long	.Lfunc_begin1-.Lfunc_begin1
	.long	.Ltmp23-.Lfunc_begin1
	.short	1                               @ Loc expr size
	.byte	81                              @ DW_OP_reg1
	.long	.Ltmp23-.Lfunc_begin1
	.long	.Ltmp43-.Lfunc_begin1
	.short	1                               @ Loc expr size
	.byte	89                              @ DW_OP_reg9
	.long	0
	.long	0
.Ldebug_loc9:
	.long	-1
	.long	.Lfunc_begin1                   @   base address
	.long	.Lfunc_begin1-.Lfunc_begin1
	.long	.Ltmp22-.Lfunc_begin1
	.short	1                               @ Loc expr size
	.byte	82                              @ DW_OP_reg2
	.long	.Ltmp22-.Lfunc_begin1
	.long	.Ltmp43-.Lfunc_begin1
	.short	1                               @ Loc expr size
	.byte	88                              @ DW_OP_reg8
	.long	0
	.long	0
.Ldebug_loc10:
	.long	-1
	.long	.Lfunc_begin1                   @   base address
	.long	.Ltmp24-.Lfunc_begin1
	.long	.Ltmp25-.Lfunc_begin1
	.short	2                               @ Loc expr size
	.byte	48                              @ DW_OP_lit0
	.byte	159                             @ DW_OP_stack_value
	.long	.Ltmp25-.Lfunc_begin1
	.long	.Ltmp27-.Lfunc_begin1
	.short	1                               @ Loc expr size
	.byte	86                              @ DW_OP_reg6
	.long	.Ltmp27-.Lfunc_begin1
	.long	.Ltmp29-.Lfunc_begin1
	.short	3                               @ Loc expr size
	.byte	118                             @ DW_OP_breg6
	.byte	2                               @ 2
	.byte	159                             @ DW_OP_stack_value
	.long	.Ltmp29-.Lfunc_begin1
	.long	.Ltmp33-.Lfunc_begin1
	.short	1                               @ Loc expr size
	.byte	86                              @ DW_OP_reg6
	.long	.Ltmp39-.Lfunc_begin1
	.long	.Ltmp42-.Lfunc_begin1
	.short	3                               @ Loc expr size
	.byte	118                             @ DW_OP_breg6
	.byte	2                               @ 2
	.byte	159                             @ DW_OP_stack_value
	.long	0
	.long	0
.Ldebug_loc11:
	.long	-1
	.long	.Lfunc_begin1                   @   base address
	.long	.Ltmp27-.Lfunc_begin1
	.long	.Ltmp31-.Lfunc_begin1
	.short	1                               @ Loc expr size
	.byte	80                              @ DW_OP_reg0
	.long	.Ltmp36-.Lfunc_begin1
	.long	.Ltmp38-.Lfunc_begin1
	.short	1                               @ Loc expr size
	.byte	82                              @ DW_OP_reg2
	.long	.Ltmp39-.Lfunc_begin1
	.long	.Ltmp40-.Lfunc_begin1
	.short	1                               @ Loc expr size
	.byte	80                              @ DW_OP_reg0
	.long	.Ltmp40-.Lfunc_begin1
	.long	.Ltmp41-.Lfunc_begin1
	.short	1                               @ Loc expr size
	.byte	82                              @ DW_OP_reg2
	.long	0
	.long	0
.Ldebug_loc12:
	.long	-1
	.long	.Lfunc_begin2                   @   base address
	.long	.Lfunc_begin2-.Lfunc_begin2
	.long	.Ltmp117-.Lfunc_begin2
	.short	1                               @ Loc expr size
	.byte	80                              @ DW_OP_reg0
	.long	.Ltmp117-.Lfunc_begin2
	.long	.Ltmp118-.Lfunc_begin2
	.short	4                               @ Loc expr size
	.byte	243                             @ DW_OP_GNU_entry_value
	.byte	1                               @ 1
	.byte	80                              @ DW_OP_reg0
	.byte	159                             @ DW_OP_stack_value
	.long	.Ltmp118-.Lfunc_begin2
	.long	.Ltmp119-.Lfunc_begin2
	.short	1                               @ Loc expr size
	.byte	80                              @ DW_OP_reg0
	.long	.Ltmp119-.Lfunc_begin2
	.long	.Lfunc_end2-.Lfunc_begin2
	.short	4                               @ Loc expr size
	.byte	243                             @ DW_OP_GNU_entry_value
	.byte	1                               @ 1
	.byte	80                              @ DW_OP_reg0
	.byte	159                             @ DW_OP_stack_value
	.long	0
	.long	0
.Ldebug_loc13:
	.long	-1
	.long	.Lfunc_begin2                   @   base address
	.long	.Lfunc_begin2-.Lfunc_begin2
	.long	.Ltmp49-.Lfunc_begin2
	.short	1                               @ Loc expr size
	.byte	81                              @ DW_OP_reg1
	.long	.Ltmp49-.Lfunc_begin2
	.long	.Ltmp52-.Lfunc_begin2
	.short	4                               @ Loc expr size
	.byte	243                             @ DW_OP_GNU_entry_value
	.byte	1                               @ 1
	.byte	81                              @ DW_OP_reg1
	.byte	159                             @ DW_OP_stack_value
	.long	.Ltmp52-.Lfunc_begin2
	.long	.Ltmp53-.Lfunc_begin2
	.short	1                               @ Loc expr size
	.byte	81                              @ DW_OP_reg1
	.long	.Ltmp53-.Lfunc_begin2
	.long	.Lfunc_end2-.Lfunc_begin2
	.short	4                               @ Loc expr size
	.byte	243                             @ DW_OP_GNU_entry_value
	.byte	1                               @ 1
	.byte	81                              @ DW_OP_reg1
	.byte	159                             @ DW_OP_stack_value
	.long	0
	.long	0
.Ldebug_loc14:
	.long	-1
	.long	.Lfunc_begin2                   @   base address
	.long	.Ltmp44-.Lfunc_begin2
	.long	.Ltmp55-.Lfunc_begin2
	.short	2                               @ Loc expr size
	.byte	49                              @ DW_OP_lit1
	.byte	159                             @ DW_OP_stack_value
	.long	.Ltmp55-.Lfunc_begin2
	.long	.Ltmp59-.Lfunc_begin2
	.short	1                               @ Loc expr size
	.byte	85                              @ DW_OP_reg5
	.long	.Ltmp59-.Lfunc_begin2
	.long	.Ltmp66-.Lfunc_begin2
	.short	1                               @ Loc expr size
	.byte	83                              @ DW_OP_reg3
	.long	.Ltmp66-.Lfunc_begin2
	.long	.Ltmp74-.Lfunc_begin2
	.short	1                               @ Loc expr size
	.byte	84                              @ DW_OP_reg4
	.long	.Ltmp74-.Lfunc_begin2
	.long	.Ltmp81-.Lfunc_begin2
	.short	1                               @ Loc expr size
	.byte	82                              @ DW_OP_reg2
	.long	.Ltmp81-.Lfunc_begin2
	.long	.Ltmp82-.Lfunc_begin2
	.short	2                               @ Loc expr size
	.byte	48                              @ DW_OP_lit0
	.byte	159                             @ DW_OP_stack_value
	.long	.Ltmp82-.Lfunc_begin2
	.long	.Ltmp83-.Lfunc_begin2
	.short	1                               @ Loc expr size
	.byte	82                              @ DW_OP_reg2
	.long	.Ltmp83-.Lfunc_begin2
	.long	.Ltmp92-.Lfunc_begin2
	.short	1                               @ Loc expr size
	.byte	85                              @ DW_OP_reg5
	.long	.Ltmp92-.Lfunc_begin2
	.long	.Ltmp93-.Lfunc_begin2
	.short	2                               @ Loc expr size
	.byte	48                              @ DW_OP_lit0
	.byte	159                             @ DW_OP_stack_value
	.long	.Ltmp93-.Lfunc_begin2
	.long	.Ltmp94-.Lfunc_begin2
	.short	1                               @ Loc expr size
	.byte	85                              @ DW_OP_reg5
	.long	.Ltmp94-.Lfunc_begin2
	.long	.Ltmp101-.Lfunc_begin2
	.short	1                               @ Loc expr size
	.byte	86                              @ DW_OP_reg6
	.long	.Ltmp101-.Lfunc_begin2
	.long	.Ltmp102-.Lfunc_begin2
	.short	2                               @ Loc expr size
	.byte	48                              @ DW_OP_lit0
	.byte	159                             @ DW_OP_stack_value
	.long	.Ltmp102-.Lfunc_begin2
	.long	.Ltmp103-.Lfunc_begin2
	.short	1                               @ Loc expr size
	.byte	86                              @ DW_OP_reg6
	.long	.Ltmp103-.Lfunc_begin2
	.long	.Ltmp110-.Lfunc_begin2
	.short	1                               @ Loc expr size
	.byte	85                              @ DW_OP_reg5
	.long	.Ltmp110-.Lfunc_begin2
	.long	.Ltmp111-.Lfunc_begin2
	.short	2                               @ Loc expr size
	.byte	48                              @ DW_OP_lit0
	.byte	159                             @ DW_OP_stack_value
	.long	.Ltmp111-.Lfunc_begin2
	.long	.Ltmp112-.Lfunc_begin2
	.short	1                               @ Loc expr size
	.byte	85                              @ DW_OP_reg5
	.long	.Ltmp112-.Lfunc_begin2
	.long	.Ltmp115-.Lfunc_begin2
	.short	1                               @ Loc expr size
	.byte	81                              @ DW_OP_reg1
	.long	0
	.long	0
.Ldebug_loc15:
	.long	-1
	.long	.Lfunc_begin2                   @   base address
	.long	.Ltmp44-.Lfunc_begin2
	.long	.Ltmp55-.Lfunc_begin2
	.short	2                               @ Loc expr size
	.byte	49                              @ DW_OP_lit1
	.byte	159                             @ DW_OP_stack_value
	.long	.Ltmp90-.Lfunc_begin2
	.long	.Ltmp97-.Lfunc_begin2
	.short	1                               @ Loc expr size
	.byte	87                              @ DW_OP_reg7
	.long	.Ltmp99-.Lfunc_begin2
	.long	.Ltmp102-.Lfunc_begin2
	.short	1                               @ Loc expr size
	.byte	81                              @ DW_OP_reg1
	.long	.Ltmp102-.Lfunc_begin2
	.long	.Ltmp106-.Lfunc_begin2
	.short	1                               @ Loc expr size
	.byte	90                              @ DW_OP_reg10
	.long	.Ltmp108-.Lfunc_begin2
	.long	.Ltmp111-.Lfunc_begin2
	.short	1                               @ Loc expr size
	.byte	81                              @ DW_OP_reg1
	.long	.Ltmp111-.Lfunc_begin2
	.long	.Ltmp115-.Lfunc_begin2
	.short	1                               @ Loc expr size
	.byte	90                              @ DW_OP_reg10
	.long	0
	.long	0
.Ldebug_loc16:
	.long	-1
	.long	.Lfunc_begin2                   @   base address
	.long	.Ltmp44-.Lfunc_begin2
	.long	.Ltmp55-.Lfunc_begin2
	.short	2                               @ Loc expr size
	.byte	48                              @ DW_OP_lit0
	.byte	159                             @ DW_OP_stack_value
	.long	.Ltmp55-.Lfunc_begin2
	.long	.Ltmp68-.Lfunc_begin2
	.short	1                               @ Loc expr size
	.byte	82                              @ DW_OP_reg2
	.long	.Ltmp68-.Lfunc_begin2
	.long	.Ltmp77-.Lfunc_begin2
	.short	1                               @ Loc expr size
	.byte	83                              @ DW_OP_reg3
	.long	.Ltmp77-.Lfunc_begin2
	.long	.Ltmp88-.Lfunc_begin2
	.short	1                               @ Loc expr size
	.byte	81                              @ DW_OP_reg1
	.long	.Ltmp88-.Lfunc_begin2
	.long	.Ltmp115-.Lfunc_begin2
	.short	1                               @ Loc expr size
	.byte	82                              @ DW_OP_reg2
	.long	0
	.long	0
.Ldebug_loc17:
	.long	-1
	.long	.Lfunc_begin2                   @   base address
	.long	.Ltmp44-.Lfunc_begin2
	.long	.Ltmp55-.Lfunc_begin2
	.short	2                               @ Loc expr size
	.byte	48                              @ DW_OP_lit0
	.byte	159                             @ DW_OP_stack_value
	.long	.Ltmp55-.Lfunc_begin2
	.long	.Ltmp61-.Lfunc_begin2
	.short	1                               @ Loc expr size
	.byte	84                              @ DW_OP_reg4
	.long	.Ltmp61-.Lfunc_begin2
	.long	.Ltmp76-.Lfunc_begin2
	.short	1                               @ Loc expr size
	.byte	81                              @ DW_OP_reg1
	.long	.Ltmp76-.Lfunc_begin2
	.long	.Ltmp87-.Lfunc_begin2
	.short	1                               @ Loc expr size
	.byte	91                              @ DW_OP_reg11
	.long	.Ltmp87-.Lfunc_begin2
	.long	.Ltmp115-.Lfunc_begin2
	.short	1                               @ Loc expr size
	.byte	84                              @ DW_OP_reg4
	.long	0
	.long	0
.Ldebug_loc18:
	.long	-1
	.long	.Lfunc_begin2                   @   base address
	.long	.Ltmp44-.Lfunc_begin2
	.long	.Ltmp55-.Lfunc_begin2
	.short	2                               @ Loc expr size
	.byte	48                              @ DW_OP_lit0
	.byte	159                             @ DW_OP_stack_value
	.long	.Ltmp55-.Lfunc_begin2
	.long	.Ltmp57-.Lfunc_begin2
	.short	1                               @ Loc expr size
	.byte	90                              @ DW_OP_reg10
	.long	.Ltmp58-.Lfunc_begin2
	.long	.Ltmp64-.Lfunc_begin2
	.short	1                               @ Loc expr size
	.byte	90                              @ DW_OP_reg10
	.long	.Ltmp65-.Lfunc_begin2
	.long	.Ltmp72-.Lfunc_begin2
	.short	1                               @ Loc expr size
	.byte	90                              @ DW_OP_reg10
	.long	.Ltmp73-.Lfunc_begin2
	.long	.Ltmp81-.Lfunc_begin2
	.short	1                               @ Loc expr size
	.byte	90                              @ DW_OP_reg10
	.long	.Ltmp82-.Lfunc_begin2
	.long	.Ltmp92-.Lfunc_begin2
	.short	1                               @ Loc expr size
	.byte	90                              @ DW_OP_reg10
	.long	.Ltmp93-.Lfunc_begin2
	.long	.Ltmp101-.Lfunc_begin2
	.short	1                               @ Loc expr size
	.byte	90                              @ DW_OP_reg10
	.long	.Ltmp102-.Lfunc_begin2
	.long	.Ltmp110-.Lfunc_begin2
	.short	1                               @ Loc expr size
	.byte	90                              @ DW_OP_reg10
	.long	.Ltmp111-.Lfunc_begin2
	.long	.Ltmp115-.Lfunc_begin2
	.short	1                               @ Loc expr size
	.byte	90                              @ DW_OP_reg10
	.long	0
	.long	0
.Ldebug_loc19:
	.long	-1
	.long	.Lfunc_begin3                   @   base address
	.long	.Lfunc_begin3-.Lfunc_begin3
	.long	.Ltmp122-.Lfunc_begin3
	.short	1                               @ Loc expr size
	.byte	80                              @ DW_OP_reg0
	.long	.Ltmp122-.Lfunc_begin3
	.long	.Ltmp329-.Lfunc_begin3
	.short	2                               @ Loc expr size
	.byte	125                             @ DW_OP_breg13
	.byte	36                              @ 36
	.long	0
	.long	0
.Ldebug_loc20:
	.long	-1
	.long	.Lfunc_begin3                   @   base address
	.long	.Ltmp123-.Lfunc_begin3
	.long	.Ltmp132-.Lfunc_begin3
	.short	2                               @ Loc expr size
	.byte	48                              @ DW_OP_lit0
	.byte	159                             @ DW_OP_stack_value
	.long	.Ltmp132-.Lfunc_begin3
	.long	.Ltmp134-.Lfunc_begin3
	.short	1                               @ Loc expr size
	.byte	84                              @ DW_OP_reg4
	.long	.Ltmp134-.Lfunc_begin3
	.long	.Ltmp135-.Lfunc_begin3
	.short	2                               @ Loc expr size
	.byte	48                              @ DW_OP_lit0
	.byte	159                             @ DW_OP_stack_value
	.long	.Ltmp135-.Lfunc_begin3
	.long	.Ltmp139-.Lfunc_begin3
	.short	2                               @ Loc expr size
	.byte	125                             @ DW_OP_breg13
	.byte	0                               @ 0
	.long	.Ltmp139-.Lfunc_begin3
	.long	.Ltmp143-.Lfunc_begin3
	.short	1                               @ Loc expr size
	.byte	84                              @ DW_OP_reg4
	.long	.Ltmp143-.Lfunc_begin3
	.long	.Ltmp179-.Lfunc_begin3
	.short	2                               @ Loc expr size
	.byte	125                             @ DW_OP_breg13
	.byte	0                               @ 0
	.long	.Ltmp179-.Lfunc_begin3
	.long	.Ltmp255-.Lfunc_begin3
	.short	1                               @ Loc expr size
	.byte	84                              @ DW_OP_reg4
	.long	.Ltmp257-.Lfunc_begin3
	.long	.Ltmp258-.Lfunc_begin3
	.short	1                               @ Loc expr size
	.byte	84                              @ DW_OP_reg4
	.long	.Ltmp325-.Lfunc_begin3
	.long	.Ltmp326-.Lfunc_begin3
	.short	1                               @ Loc expr size
	.byte	80                              @ DW_OP_reg0
	.long	0
	.long	0
.Ldebug_loc21:
	.long	-1
	.long	.Lfunc_begin3                   @   base address
	.long	.Ltmp124-.Lfunc_begin3
	.long	.Ltmp328-.Lfunc_begin3
	.short	2                               @ Loc expr size
	.byte	54                              @ DW_OP_lit6
	.byte	159                             @ DW_OP_stack_value
	.long	0
	.long	0
.Ldebug_loc22:
	.long	-1
	.long	.Lfunc_begin3                   @   base address
	.long	.Ltmp124-.Lfunc_begin3
	.long	.Ltmp132-.Lfunc_begin3
	.short	2                               @ Loc expr size
	.byte	48                              @ DW_OP_lit0
	.byte	159                             @ DW_OP_stack_value
	.long	.Ltmp132-.Lfunc_begin3
	.long	.Ltmp167-.Lfunc_begin3
	.short	1                               @ Loc expr size
	.byte	88                              @ DW_OP_reg8
	.long	.Ltmp167-.Lfunc_begin3
	.long	.Ltmp170-.Lfunc_begin3
	.short	1                               @ Loc expr size
	.byte	91                              @ DW_OP_reg11
	.long	.Ltmp170-.Lfunc_begin3
	.long	.Ltmp250-.Lfunc_begin3
	.short	1                               @ Loc expr size
	.byte	88                              @ DW_OP_reg8
	.long	0
	.long	0
.Ldebug_loc23:
	.long	-1
	.long	.Lfunc_begin3                   @   base address
	.long	.Ltmp124-.Lfunc_begin3
	.long	.Ltmp328-.Lfunc_begin3
	.short	2                               @ Loc expr size
	.byte	48                              @ DW_OP_lit0
	.byte	159                             @ DW_OP_stack_value
	.long	0
	.long	0
.Ldebug_loc24:
	.long	-1
	.long	.Lfunc_begin3                   @   base address
	.long	.Ltmp124-.Lfunc_begin3
	.long	.Ltmp132-.Lfunc_begin3
	.short	2                               @ Loc expr size
	.byte	48                              @ DW_OP_lit0
	.byte	159                             @ DW_OP_stack_value
	.long	.Ltmp132-.Lfunc_begin3
	.long	.Ltmp134-.Lfunc_begin3
	.short	1                               @ Loc expr size
	.byte	89                              @ DW_OP_reg9
	.long	.Ltmp135-.Lfunc_begin3
	.long	.Ltmp140-.Lfunc_begin3
	.short	1                               @ Loc expr size
	.byte	89                              @ DW_OP_reg9
	.long	.Ltmp145-.Lfunc_begin3
	.long	.Ltmp146-.Lfunc_begin3
	.short	2                               @ Loc expr size
	.byte	48                              @ DW_OP_lit0
	.byte	159                             @ DW_OP_stack_value
	.long	.Ltmp146-.Lfunc_begin3
	.long	.Ltmp252-.Lfunc_begin3
	.short	1                               @ Loc expr size
	.byte	89                              @ DW_OP_reg9
	.long	0
	.long	0
.Ldebug_loc25:
	.long	-1
	.long	.Lfunc_begin3                   @   base address
	.long	.Ltmp124-.Lfunc_begin3
	.long	.Ltmp181-.Lfunc_begin3
	.short	2                               @ Loc expr size
	.byte	48                              @ DW_OP_lit0
	.byte	159                             @ DW_OP_stack_value
	.long	.Ltmp181-.Lfunc_begin3
	.long	.Ltmp253-.Lfunc_begin3
	.short	1                               @ Loc expr size
	.byte	82                              @ DW_OP_reg2
	.long	0
	.long	0
.Ldebug_loc26:
	.long	-1
	.long	.Lfunc_begin3                   @   base address
	.long	.Ltmp124-.Lfunc_begin3
	.long	.Ltmp131-.Lfunc_begin3
	.short	2                               @ Loc expr size
	.byte	48                              @ DW_OP_lit0
	.byte	159                             @ DW_OP_stack_value
	.long	.Ltmp172-.Lfunc_begin3
	.long	.Ltmp175-.Lfunc_begin3
	.short	1                               @ Loc expr size
	.byte	80                              @ DW_OP_reg0
	.long	.Ltmp175-.Lfunc_begin3
	.long	.Ltmp179-.Lfunc_begin3
	.short	2                               @ Loc expr size
	.byte	48                              @ DW_OP_lit0
	.byte	159                             @ DW_OP_stack_value
	.long	.Ltmp181-.Lfunc_begin3
	.long	.Ltmp185-.Lfunc_begin3
	.short	3                               @ Loc expr size
	.byte	113                             @ DW_OP_breg1
	.byte	113                             @ -15
	.byte	159                             @ DW_OP_stack_value
	.long	.Ltmp185-.Lfunc_begin3
	.long	.Ltmp189-.Lfunc_begin3
	.short	3                               @ Loc expr size
	.byte	113                             @ DW_OP_breg1
	.byte	114                             @ -14
	.byte	159                             @ DW_OP_stack_value
	.long	.Ltmp189-.Lfunc_begin3
	.long	.Ltmp193-.Lfunc_begin3
	.short	3                               @ Loc expr size
	.byte	113                             @ DW_OP_breg1
	.byte	115                             @ -13
	.byte	159                             @ DW_OP_stack_value
	.long	.Ltmp193-.Lfunc_begin3
	.long	.Ltmp197-.Lfunc_begin3
	.short	3                               @ Loc expr size
	.byte	113                             @ DW_OP_breg1
	.byte	116                             @ -12
	.byte	159                             @ DW_OP_stack_value
	.long	.Ltmp197-.Lfunc_begin3
	.long	.Ltmp201-.Lfunc_begin3
	.short	3                               @ Loc expr size
	.byte	113                             @ DW_OP_breg1
	.byte	117                             @ -11
	.byte	159                             @ DW_OP_stack_value
	.long	.Ltmp201-.Lfunc_begin3
	.long	.Ltmp205-.Lfunc_begin3
	.short	3                               @ Loc expr size
	.byte	113                             @ DW_OP_breg1
	.byte	118                             @ -10
	.byte	159                             @ DW_OP_stack_value
	.long	.Ltmp205-.Lfunc_begin3
	.long	.Ltmp209-.Lfunc_begin3
	.short	3                               @ Loc expr size
	.byte	113                             @ DW_OP_breg1
	.byte	119                             @ -9
	.byte	159                             @ DW_OP_stack_value
	.long	.Ltmp209-.Lfunc_begin3
	.long	.Ltmp213-.Lfunc_begin3
	.short	3                               @ Loc expr size
	.byte	113                             @ DW_OP_breg1
	.byte	120                             @ -8
	.byte	159                             @ DW_OP_stack_value
	.long	.Ltmp213-.Lfunc_begin3
	.long	.Ltmp217-.Lfunc_begin3
	.short	3                               @ Loc expr size
	.byte	113                             @ DW_OP_breg1
	.byte	121                             @ -7
	.byte	159                             @ DW_OP_stack_value
	.long	.Ltmp217-.Lfunc_begin3
	.long	.Ltmp221-.Lfunc_begin3
	.short	3                               @ Loc expr size
	.byte	113                             @ DW_OP_breg1
	.byte	122                             @ -6
	.byte	159                             @ DW_OP_stack_value
	.long	.Ltmp221-.Lfunc_begin3
	.long	.Ltmp225-.Lfunc_begin3
	.short	3                               @ Loc expr size
	.byte	113                             @ DW_OP_breg1
	.byte	123                             @ -5
	.byte	159                             @ DW_OP_stack_value
	.long	.Ltmp225-.Lfunc_begin3
	.long	.Ltmp229-.Lfunc_begin3
	.short	3                               @ Loc expr size
	.byte	113                             @ DW_OP_breg1
	.byte	124                             @ -4
	.byte	159                             @ DW_OP_stack_value
	.long	.Ltmp229-.Lfunc_begin3
	.long	.Ltmp233-.Lfunc_begin3
	.short	3                               @ Loc expr size
	.byte	113                             @ DW_OP_breg1
	.byte	125                             @ -3
	.byte	159                             @ DW_OP_stack_value
	.long	.Ltmp233-.Lfunc_begin3
	.long	.Ltmp237-.Lfunc_begin3
	.short	3                               @ Loc expr size
	.byte	113                             @ DW_OP_breg1
	.byte	126                             @ -2
	.byte	159                             @ DW_OP_stack_value
	.long	.Ltmp237-.Lfunc_begin3
	.long	.Ltmp241-.Lfunc_begin3
	.short	3                               @ Loc expr size
	.byte	113                             @ DW_OP_breg1
	.byte	127                             @ -1
	.byte	159                             @ DW_OP_stack_value
	.long	.Ltmp241-.Lfunc_begin3
	.long	.Ltmp245-.Lfunc_begin3
	.short	1                               @ Loc expr size
	.byte	81                              @ DW_OP_reg1
	.long	.Ltmp245-.Lfunc_begin3
	.long	.Ltmp246-.Lfunc_begin3
	.short	3                               @ Loc expr size
	.byte	113                             @ DW_OP_breg1
	.byte	1                               @ 1
	.byte	159                             @ DW_OP_stack_value
	.long	0
	.long	0
.Ldebug_loc27:
	.long	-1
	.long	.Lfunc_begin3                   @   base address
	.long	.Ltmp124-.Lfunc_begin3
	.long	.Ltmp328-.Lfunc_begin3
	.short	2                               @ Loc expr size
	.byte	48                              @ DW_OP_lit0
	.byte	159                             @ DW_OP_stack_value
	.long	0
	.long	0
.Ldebug_loc28:
	.long	-1
	.long	.Lfunc_begin3                   @   base address
	.long	.Ltmp124-.Lfunc_begin3
	.long	.Ltmp132-.Lfunc_begin3
	.short	2                               @ Loc expr size
	.byte	48                              @ DW_OP_lit0
	.byte	159                             @ DW_OP_stack_value
	.long	.Ltmp135-.Lfunc_begin3
	.long	.Ltmp136-.Lfunc_begin3
	.short	1                               @ Loc expr size
	.byte	84                              @ DW_OP_reg4
	.long	.Ltmp145-.Lfunc_begin3
	.long	.Ltmp146-.Lfunc_begin3
	.short	2                               @ Loc expr size
	.byte	48                              @ DW_OP_lit0
	.byte	159                             @ DW_OP_stack_value
	.long	.Ltmp146-.Lfunc_begin3
	.long	.Ltmp179-.Lfunc_begin3
	.short	1                               @ Loc expr size
	.byte	84                              @ DW_OP_reg4
	.long	0
	.long	0
.Ldebug_loc29:
	.long	-1
	.long	.Lfunc_begin3                   @   base address
	.long	.Ltmp124-.Lfunc_begin3
	.long	.Ltmp132-.Lfunc_begin3
	.short	4                               @ Loc expr size
	.byte	16                              @ DW_OP_constu
	.byte	128                             @ 128
	.byte	1                               @ 
	.byte	159                             @ DW_OP_stack_value
	.long	.Ltmp132-.Lfunc_begin3
	.long	.Ltmp134-.Lfunc_begin3
	.short	2                               @ Loc expr size
	.byte	125                             @ DW_OP_breg13
	.byte	32                              @ 32
	.long	.Ltmp135-.Lfunc_begin3
	.long	.Ltmp140-.Lfunc_begin3
	.short	2                               @ Loc expr size
	.byte	125                             @ DW_OP_breg13
	.byte	32                              @ 32
	.long	.Ltmp144-.Lfunc_begin3
	.long	.Ltmp146-.Lfunc_begin3
	.short	1                               @ Loc expr size
	.byte	80                              @ DW_OP_reg0
	.long	.Ltmp146-.Lfunc_begin3
	.long	.Ltmp328-.Lfunc_begin3
	.short	2                               @ Loc expr size
	.byte	125                             @ DW_OP_breg13
	.byte	32                              @ 32
	.long	0
	.long	0
.Ldebug_loc30:
	.long	-1
	.long	.Lfunc_begin3                   @   base address
	.long	.Ltmp127-.Lfunc_begin3
	.long	.Ltmp328-.Lfunc_begin3
	.short	12                              @ Loc expr size
	.byte	16                              @ DW_OP_constu
	.byte	128                             @ 18446744071595622400
	.byte	128                             @ 
	.byte	128                             @ 
	.byte	144                             @ 
	.byte	248                             @ 
	.byte	255                             @ 
	.byte	255                             @ 
	.byte	255                             @ 
	.byte	255                             @ 
	.byte	1                               @ 
	.byte	159                             @ DW_OP_stack_value
	.long	0
	.long	0
.Ldebug_loc31:
	.long	-1
	.long	.Lfunc_begin3                   @   base address
	.long	.Ltmp127-.Lfunc_begin3
	.long	.Ltmp328-.Lfunc_begin3
	.short	3                               @ Loc expr size
	.byte	125                             @ DW_OP_breg13
	.byte	40                              @ 40
	.byte	159                             @ DW_OP_stack_value
	.long	0
	.long	0
.Ldebug_loc32:
	.long	-1
	.long	.Lfunc_begin3                   @   base address
	.long	.Ltmp127-.Lfunc_begin3
	.long	.Ltmp328-.Lfunc_begin3
	.short	4                               @ Loc expr size
	.byte	125                             @ DW_OP_breg13
	.byte	168                             @ 168
	.byte	1                               @ 
	.byte	159                             @ DW_OP_stack_value
	.long	0
	.long	0
.Ldebug_loc33:
	.long	-1
	.long	.Lfunc_begin3                   @   base address
	.long	.Ltmp146-.Lfunc_begin3
	.long	.Ltmp148-.Lfunc_begin3
	.short	4                               @ Loc expr size
	.byte	16                              @ DW_OP_constu
	.byte	128                             @ 256
	.byte	2                               @ 
	.byte	159                             @ DW_OP_stack_value
	.long	.Ltmp148-.Lfunc_begin3
	.long	.Ltmp149-.Lfunc_begin3
	.short	4                               @ Loc expr size
	.byte	16                              @ DW_OP_constu
	.byte	224                             @ 224
	.byte	1                               @ 
	.byte	159                             @ DW_OP_stack_value
	.long	.Ltmp149-.Lfunc_begin3
	.long	.Ltmp152-.Lfunc_begin3
	.short	4                               @ Loc expr size
	.byte	16                              @ DW_OP_constu
	.byte	192                             @ 192
	.byte	1                               @ 
	.byte	159                             @ DW_OP_stack_value
	.long	.Ltmp152-.Lfunc_begin3
	.long	.Ltmp154-.Lfunc_begin3
	.short	4                               @ Loc expr size
	.byte	16                              @ DW_OP_constu
	.byte	160                             @ 160
	.byte	1                               @ 
	.byte	159                             @ DW_OP_stack_value
	.long	.Ltmp154-.Lfunc_begin3
	.long	.Ltmp156-.Lfunc_begin3
	.short	4                               @ Loc expr size
	.byte	16                              @ DW_OP_constu
	.byte	128                             @ 128
	.byte	1                               @ 
	.byte	159                             @ DW_OP_stack_value
	.long	.Ltmp156-.Lfunc_begin3
	.long	.Ltmp158-.Lfunc_begin3
	.short	3                               @ Loc expr size
	.byte	16                              @ DW_OP_constu
	.byte	96                              @ 96
	.byte	159                             @ DW_OP_stack_value
	.long	.Ltmp158-.Lfunc_begin3
	.long	.Ltmp160-.Lfunc_begin3
	.short	3                               @ Loc expr size
	.byte	16                              @ DW_OP_constu
	.byte	64                              @ 64
	.byte	159                             @ DW_OP_stack_value
	.long	.Ltmp160-.Lfunc_begin3
	.long	.Ltmp162-.Lfunc_begin3
	.short	3                               @ Loc expr size
	.byte	16                              @ DW_OP_constu
	.byte	32                              @ 32
	.byte	159                             @ DW_OP_stack_value
	.long	.Ltmp162-.Lfunc_begin3
	.long	.Ltmp164-.Lfunc_begin3
	.short	2                               @ Loc expr size
	.byte	48                              @ DW_OP_lit0
	.byte	159                             @ DW_OP_stack_value
	.long	0
	.long	0
.Ldebug_loc34:
	.long	-1
	.long	.Lfunc_begin3                   @   base address
	.long	.Ltmp146-.Lfunc_begin3
	.long	.Ltmp148-.Lfunc_begin3
	.short	1                               @ Loc expr size
	.byte	91                              @ DW_OP_reg11
	.long	.Ltmp148-.Lfunc_begin3
	.long	.Ltmp149-.Lfunc_begin3
	.short	1                               @ Loc expr size
	.byte	90                              @ DW_OP_reg10
	.long	.Ltmp149-.Lfunc_begin3
	.long	.Ltmp150-.Lfunc_begin3
	.short	2                               @ Loc expr size
	.byte	125                             @ DW_OP_breg13
	.byte	28                              @ 28
	.long	.Ltmp150-.Lfunc_begin3
	.long	.Ltmp152-.Lfunc_begin3
	.short	1                               @ Loc expr size
	.byte	80                              @ DW_OP_reg0
	.long	.Ltmp152-.Lfunc_begin3
	.long	.Ltmp153-.Lfunc_begin3
	.short	2                               @ Loc expr size
	.byte	125                             @ DW_OP_breg13
	.byte	24                              @ 24
	.long	.Ltmp153-.Lfunc_begin3
	.long	.Ltmp154-.Lfunc_begin3
	.short	1                               @ Loc expr size
	.byte	80                              @ DW_OP_reg0
	.long	.Ltmp154-.Lfunc_begin3
	.long	.Ltmp155-.Lfunc_begin3
	.short	2                               @ Loc expr size
	.byte	125                             @ DW_OP_breg13
	.byte	20                              @ 20
	.long	.Ltmp155-.Lfunc_begin3
	.long	.Ltmp156-.Lfunc_begin3
	.short	1                               @ Loc expr size
	.byte	80                              @ DW_OP_reg0
	.long	.Ltmp156-.Lfunc_begin3
	.long	.Ltmp157-.Lfunc_begin3
	.short	2                               @ Loc expr size
	.byte	125                             @ DW_OP_breg13
	.byte	16                              @ 16
	.long	.Ltmp157-.Lfunc_begin3
	.long	.Ltmp158-.Lfunc_begin3
	.short	1                               @ Loc expr size
	.byte	80                              @ DW_OP_reg0
	.long	.Ltmp158-.Lfunc_begin3
	.long	.Ltmp159-.Lfunc_begin3
	.short	2                               @ Loc expr size
	.byte	125                             @ DW_OP_breg13
	.byte	12                              @ 12
	.long	.Ltmp159-.Lfunc_begin3
	.long	.Ltmp160-.Lfunc_begin3
	.short	1                               @ Loc expr size
	.byte	80                              @ DW_OP_reg0
	.long	.Ltmp160-.Lfunc_begin3
	.long	.Ltmp161-.Lfunc_begin3
	.short	2                               @ Loc expr size
	.byte	125                             @ DW_OP_breg13
	.byte	8                               @ 8
	.long	.Ltmp161-.Lfunc_begin3
	.long	.Ltmp162-.Lfunc_begin3
	.short	1                               @ Loc expr size
	.byte	80                              @ DW_OP_reg0
	.long	.Ltmp162-.Lfunc_begin3
	.long	.Ltmp164-.Lfunc_begin3
	.short	4                               @ Loc expr size
	.byte	123                             @ DW_OP_breg11
	.byte	128                             @ 256
	.byte	2                               @ 
	.byte	159                             @ DW_OP_stack_value
	.long	0
	.long	0
.Ldebug_loc35:
	.long	-1
	.long	.Lfunc_begin3                   @   base address
	.long	.Ltmp249-.Lfunc_begin3
	.long	.Ltmp253-.Lfunc_begin3
	.short	1                               @ Loc expr size
	.byte	82                              @ DW_OP_reg2
	.long	0
	.long	0
.Ldebug_loc36:
	.long	-1
	.long	.Lfunc_begin3                   @   base address
	.long	.Ltmp249-.Lfunc_begin3
	.long	.Ltmp259-.Lfunc_begin3
	.short	2                               @ Loc expr size
	.byte	48                              @ DW_OP_lit0
	.byte	159                             @ DW_OP_stack_value
	.long	.Ltmp259-.Lfunc_begin3
	.long	.Ltmp261-.Lfunc_begin3
	.short	1                               @ Loc expr size
	.byte	84                              @ DW_OP_reg4
	.long	.Ltmp262-.Lfunc_begin3
	.long	.Ltmp269-.Lfunc_begin3
	.short	1                               @ Loc expr size
	.byte	84                              @ DW_OP_reg4
	.long	.Ltmp270-.Lfunc_begin3
	.long	.Ltmp277-.Lfunc_begin3
	.short	1                               @ Loc expr size
	.byte	84                              @ DW_OP_reg4
	.long	.Ltmp278-.Lfunc_begin3
	.long	.Ltmp286-.Lfunc_begin3
	.short	1                               @ Loc expr size
	.byte	84                              @ DW_OP_reg4
	.long	.Ltmp287-.Lfunc_begin3
	.long	.Ltmp297-.Lfunc_begin3
	.short	1                               @ Loc expr size
	.byte	84                              @ DW_OP_reg4
	.long	.Ltmp298-.Lfunc_begin3
	.long	.Ltmp307-.Lfunc_begin3
	.short	1                               @ Loc expr size
	.byte	84                              @ DW_OP_reg4
	.long	.Ltmp308-.Lfunc_begin3
	.long	.Ltmp317-.Lfunc_begin3
	.short	1                               @ Loc expr size
	.byte	84                              @ DW_OP_reg4
	.long	.Ltmp318-.Lfunc_begin3
	.long	.Ltmp322-.Lfunc_begin3
	.short	1                               @ Loc expr size
	.byte	84                              @ DW_OP_reg4
	.long	0
	.long	0
.Ldebug_loc37:
	.long	-1
	.long	.Lfunc_begin3                   @   base address
	.long	.Ltmp249-.Lfunc_begin3
	.long	.Ltmp259-.Lfunc_begin3
	.short	2                               @ Loc expr size
	.byte	48                              @ DW_OP_lit0
	.byte	159                             @ DW_OP_stack_value
	.long	.Ltmp259-.Lfunc_begin3
	.long	.Ltmp322-.Lfunc_begin3
	.short	1                               @ Loc expr size
	.byte	86                              @ DW_OP_reg6
	.long	0
	.long	0
.Ldebug_loc38:
	.long	-1
	.long	.Lfunc_begin3                   @   base address
	.long	.Ltmp249-.Lfunc_begin3
	.long	.Ltmp259-.Lfunc_begin3
	.short	2                               @ Loc expr size
	.byte	48                              @ DW_OP_lit0
	.byte	159                             @ DW_OP_stack_value
	.long	.Ltmp259-.Lfunc_begin3
	.long	.Ltmp273-.Lfunc_begin3
	.short	1                               @ Loc expr size
	.byte	87                              @ DW_OP_reg7
	.long	.Ltmp273-.Lfunc_begin3
	.long	.Ltmp293-.Lfunc_begin3
	.short	1                               @ Loc expr size
	.byte	80                              @ DW_OP_reg0
	.long	.Ltmp293-.Lfunc_begin3
	.long	.Ltmp322-.Lfunc_begin3
	.short	1                               @ Loc expr size
	.byte	87                              @ DW_OP_reg7
	.long	0
	.long	0
.Ldebug_loc39:
	.long	-1
	.long	.Lfunc_begin3                   @   base address
	.long	.Ltmp249-.Lfunc_begin3
	.long	.Ltmp252-.Lfunc_begin3
	.short	2                               @ Loc expr size
	.byte	48                              @ DW_OP_lit0
	.byte	159                             @ DW_OP_stack_value
	.long	.Ltmp252-.Lfunc_begin3
	.long	.Ltmp259-.Lfunc_begin3
	.short	2                               @ Loc expr size
	.byte	49                              @ DW_OP_lit1
	.byte	159                             @ DW_OP_stack_value
	.long	.Ltmp295-.Lfunc_begin3
	.long	.Ltmp302-.Lfunc_begin3
	.short	1                               @ Loc expr size
	.byte	83                              @ DW_OP_reg3
	.long	.Ltmp304-.Lfunc_begin3
	.long	.Ltmp308-.Lfunc_begin3
	.short	1                               @ Loc expr size
	.byte	80                              @ DW_OP_reg0
	.long	.Ltmp308-.Lfunc_begin3
	.long	.Ltmp312-.Lfunc_begin3
	.short	1                               @ Loc expr size
	.byte	84                              @ DW_OP_reg4
	.long	.Ltmp314-.Lfunc_begin3
	.long	.Ltmp318-.Lfunc_begin3
	.short	1                               @ Loc expr size
	.byte	80                              @ DW_OP_reg0
	.long	.Ltmp318-.Lfunc_begin3
	.long	.Ltmp322-.Lfunc_begin3
	.short	1                               @ Loc expr size
	.byte	84                              @ DW_OP_reg4
	.long	0
	.long	0
.Ldebug_loc40:
	.long	-1
	.long	.Lfunc_begin3                   @   base address
	.long	.Ltmp249-.Lfunc_begin3
	.long	.Ltmp259-.Lfunc_begin3
	.short	2                               @ Loc expr size
	.byte	49                              @ DW_OP_lit1
	.byte	159                             @ DW_OP_stack_value
	.long	.Ltmp259-.Lfunc_begin3
	.long	.Ltmp263-.Lfunc_begin3
	.short	1                               @ Loc expr size
	.byte	82                              @ DW_OP_reg2
	.long	.Ltmp263-.Lfunc_begin3
	.long	.Ltmp271-.Lfunc_begin3
	.short	1                               @ Loc expr size
	.byte	80                              @ DW_OP_reg0
	.long	.Ltmp271-.Lfunc_begin3
	.long	.Ltmp279-.Lfunc_begin3
	.short	1                               @ Loc expr size
	.byte	82                              @ DW_OP_reg2
	.long	.Ltmp279-.Lfunc_begin3
	.long	.Ltmp286-.Lfunc_begin3
	.short	1                               @ Loc expr size
	.byte	87                              @ DW_OP_reg7
	.long	.Ltmp286-.Lfunc_begin3
	.long	.Ltmp287-.Lfunc_begin3
	.short	2                               @ Loc expr size
	.byte	48                              @ DW_OP_lit0
	.byte	159                             @ DW_OP_stack_value
	.long	.Ltmp287-.Lfunc_begin3
	.long	.Ltmp288-.Lfunc_begin3
	.short	1                               @ Loc expr size
	.byte	87                              @ DW_OP_reg7
	.long	.Ltmp288-.Lfunc_begin3
	.long	.Ltmp297-.Lfunc_begin3
	.short	1                               @ Loc expr size
	.byte	82                              @ DW_OP_reg2
	.long	.Ltmp297-.Lfunc_begin3
	.long	.Ltmp298-.Lfunc_begin3
	.short	2                               @ Loc expr size
	.byte	48                              @ DW_OP_lit0
	.byte	159                             @ DW_OP_stack_value
	.long	.Ltmp298-.Lfunc_begin3
	.long	.Ltmp299-.Lfunc_begin3
	.short	1                               @ Loc expr size
	.byte	82                              @ DW_OP_reg2
	.long	.Ltmp299-.Lfunc_begin3
	.long	.Ltmp307-.Lfunc_begin3
	.short	1                               @ Loc expr size
	.byte	85                              @ DW_OP_reg5
	.long	.Ltmp307-.Lfunc_begin3
	.long	.Ltmp308-.Lfunc_begin3
	.short	2                               @ Loc expr size
	.byte	48                              @ DW_OP_lit0
	.byte	159                             @ DW_OP_stack_value
	.long	.Ltmp308-.Lfunc_begin3
	.long	.Ltmp309-.Lfunc_begin3
	.short	1                               @ Loc expr size
	.byte	85                              @ DW_OP_reg5
	.long	.Ltmp309-.Lfunc_begin3
	.long	.Ltmp317-.Lfunc_begin3
	.short	1                               @ Loc expr size
	.byte	82                              @ DW_OP_reg2
	.long	.Ltmp317-.Lfunc_begin3
	.long	.Ltmp318-.Lfunc_begin3
	.short	2                               @ Loc expr size
	.byte	48                              @ DW_OP_lit0
	.byte	159                             @ DW_OP_stack_value
	.long	.Ltmp318-.Lfunc_begin3
	.long	.Ltmp319-.Lfunc_begin3
	.short	1                               @ Loc expr size
	.byte	82                              @ DW_OP_reg2
	.long	.Ltmp319-.Lfunc_begin3
	.long	.Ltmp322-.Lfunc_begin3
	.short	1                               @ Loc expr size
	.byte	80                              @ DW_OP_reg0
	.long	0
	.long	0
.Ldebug_loc41:
	.long	-1
	.long	.Lfunc_begin4                   @   base address
	.long	.Lfunc_begin4-.Lfunc_begin4
	.long	.Ltmp331-.Lfunc_begin4
	.short	1                               @ Loc expr size
	.byte	80                              @ DW_OP_reg0
	.long	.Ltmp331-.Lfunc_begin4
	.long	.Ltmp418-.Lfunc_begin4
	.short	1                               @ Loc expr size
	.byte	84                              @ DW_OP_reg4
	.long	.Ltmp418-.Lfunc_begin4
	.long	.Ltmp419-.Lfunc_begin4
	.short	4                               @ Loc expr size
	.byte	243                             @ DW_OP_GNU_entry_value
	.byte	1                               @ 1
	.byte	80                              @ DW_OP_reg0
	.byte	159                             @ DW_OP_stack_value
	.long	0
	.long	0
.Ldebug_loc42:
	.long	-1
	.long	.Lfunc_begin4                   @   base address
	.long	.Ltmp332-.Lfunc_begin4
	.long	.Ltmp334-.Lfunc_begin4
	.short	1                               @ Loc expr size
	.byte	80                              @ DW_OP_reg0
	.long	.Ltmp334-.Lfunc_begin4
	.long	.Ltmp338-.Lfunc_begin4
	.short	3                               @ Loc expr size
	.byte	112                             @ DW_OP_breg0
	.byte	127                             @ -1
	.byte	159                             @ DW_OP_stack_value
	.long	.Ltmp338-.Lfunc_begin4
	.long	.Ltmp342-.Lfunc_begin4
	.short	3                               @ Loc expr size
	.byte	112                             @ DW_OP_breg0
	.byte	126                             @ -2
	.byte	159                             @ DW_OP_stack_value
	.long	.Ltmp342-.Lfunc_begin4
	.long	.Ltmp346-.Lfunc_begin4
	.short	3                               @ Loc expr size
	.byte	112                             @ DW_OP_breg0
	.byte	125                             @ -3
	.byte	159                             @ DW_OP_stack_value
	.long	.Ltmp346-.Lfunc_begin4
	.long	.Ltmp349-.Lfunc_begin4
	.short	1                               @ Loc expr size
	.byte	80                              @ DW_OP_reg0
	.long	0
	.long	0
.Ldebug_loc43:
	.long	-1
	.long	.Lfunc_begin4                   @   base address
	.long	.Ltmp353-.Lfunc_begin4
	.long	.Ltmp361-.Lfunc_begin4
	.short	2                               @ Loc expr size
	.byte	125                             @ DW_OP_breg13
	.byte	0                               @ 0
	.long	.Ltmp361-.Lfunc_begin4
	.long	.Ltmp363-.Lfunc_begin4
	.short	1                               @ Loc expr size
	.byte	82                              @ DW_OP_reg2
	.long	.Ltmp363-.Lfunc_begin4
	.long	.Ltmp366-.Lfunc_begin4
	.short	2                               @ Loc expr size
	.byte	125                             @ DW_OP_breg13
	.byte	0                               @ 0
	.long	.Ltmp366-.Lfunc_begin4
	.long	.Ltmp368-.Lfunc_begin4
	.short	1                               @ Loc expr size
	.byte	82                              @ DW_OP_reg2
	.long	.Ltmp368-.Lfunc_begin4
	.long	.Ltmp371-.Lfunc_begin4
	.short	2                               @ Loc expr size
	.byte	125                             @ DW_OP_breg13
	.byte	0                               @ 0
	.long	.Ltmp371-.Lfunc_begin4
	.long	.Ltmp372-.Lfunc_begin4
	.short	1                               @ Loc expr size
	.byte	81                              @ DW_OP_reg1
	.long	.Ltmp372-.Lfunc_begin4
	.long	.Ltmp381-.Lfunc_begin4
	.short	2                               @ Loc expr size
	.byte	125                             @ DW_OP_breg13
	.byte	0                               @ 0
	.long	.Ltmp381-.Lfunc_begin4
	.long	.Ltmp383-.Lfunc_begin4
	.short	1                               @ Loc expr size
	.byte	81                              @ DW_OP_reg1
	.long	.Ltmp383-.Lfunc_begin4
	.long	.Ltmp386-.Lfunc_begin4
	.short	2                               @ Loc expr size
	.byte	125                             @ DW_OP_breg13
	.byte	0                               @ 0
	.long	.Ltmp386-.Lfunc_begin4
	.long	.Ltmp388-.Lfunc_begin4
	.short	1                               @ Loc expr size
	.byte	81                              @ DW_OP_reg1
	.long	.Ltmp388-.Lfunc_begin4
	.long	.Ltmp391-.Lfunc_begin4
	.short	2                               @ Loc expr size
	.byte	125                             @ DW_OP_breg13
	.byte	0                               @ 0
	.long	.Ltmp391-.Lfunc_begin4
	.long	.Ltmp392-.Lfunc_begin4
	.short	1                               @ Loc expr size
	.byte	80                              @ DW_OP_reg0
	.long	.Ltmp392-.Lfunc_begin4
	.long	.Ltmp393-.Lfunc_begin4
	.short	2                               @ Loc expr size
	.byte	125                             @ DW_OP_breg13
	.byte	0                               @ 0
	.long	0
	.long	0
.Ldebug_loc44:
	.long	-1
	.long	.Lfunc_begin4                   @   base address
	.long	.Ltmp396-.Lfunc_begin4
	.long	.Ltmp397-.Lfunc_begin4
	.short	1                               @ Loc expr size
	.byte	80                              @ DW_OP_reg0
	.long	.Ltmp397-.Lfunc_begin4
	.long	.Ltmp399-.Lfunc_begin4
	.short	3                               @ Loc expr size
	.byte	144                             @ super-register DW_OP_regx
	.byte	128                             @ 256
	.byte	2                               @ 
	.long	0
	.long	0
.Ldebug_loc45:
	.long	-1
	.long	.Lfunc_begin4                   @   base address
	.long	.Ltmp398-.Lfunc_begin4
	.long	.Ltmp404-.Lfunc_begin4
	.short	5                               @ Loc expr size
	.byte	112                             @ DW_OP_breg0
	.byte	0                               @ 0
	.byte	64                              @ DW_OP_lit16
	.byte	37                              @ DW_OP_shr
	.byte	159                             @ DW_OP_stack_value
	.long	0
	.long	0
.Ldebug_loc46:
	.long	-1
	.long	.Lfunc_begin4                   @   base address
	.long	.Ltmp400-.Lfunc_begin4
	.long	.Ltmp408-.Lfunc_begin4
	.short	3                               @ Loc expr size
	.byte	144                             @ super-register DW_OP_regx
	.byte	128                             @ 256
	.byte	2                               @ 
	.long	0
	.long	0
.Ldebug_loc47:
	.long	-1
	.long	.Lfunc_begin4                   @   base address
	.long	.Ltmp416-.Lfunc_begin4
	.long	.Ltmp417-.Lfunc_begin4
	.short	5                               @ Loc expr size
	.byte	147                             @ DW_OP_piece
	.byte	12                              @ 12
	.byte	81                              @ DW_OP_reg1
	.byte	147                             @ DW_OP_piece
	.byte	4                               @ 4
	.long	.Ltmp417-.Lfunc_begin4
	.long	.Ltmp419-.Lfunc_begin4
	.short	5                               @ Loc expr size
	.byte	147                             @ DW_OP_piece
	.byte	13                              @ 13
	.byte	82                              @ DW_OP_reg2
	.byte	147                             @ DW_OP_piece
	.byte	1                               @ 1
	.long	0
	.long	0
.Ldebug_loc48:
	.long	-1
	.long	.Lfunc_begin5                   @   base address
	.long	.Lfunc_begin5-.Lfunc_begin5
	.long	.Ltmp423-.Lfunc_begin5
	.short	1                               @ Loc expr size
	.byte	80                              @ DW_OP_reg0
	.long	.Ltmp423-.Lfunc_begin5
	.long	.Lfunc_end5-.Lfunc_begin5
	.short	4                               @ Loc expr size
	.byte	243                             @ DW_OP_GNU_entry_value
	.byte	1                               @ 1
	.byte	80                              @ DW_OP_reg0
	.byte	159                             @ DW_OP_stack_value
	.long	0
	.long	0
.Ldebug_loc49:
	.long	-1
	.long	.Lfunc_begin5                   @   base address
	.long	.Ltmp426-.Lfunc_begin5
	.long	.Lfunc_end5-.Lfunc_begin5
	.short	2                               @ Loc expr size
	.byte	51                              @ DW_OP_lit3
	.byte	159                             @ DW_OP_stack_value
	.long	0
	.long	0
	.section	.debug_abbrev,"",%progbits
	.byte	1                               @ Abbreviation Code
	.byte	17                              @ DW_TAG_compile_unit
	.byte	1                               @ DW_CHILDREN_yes
	.byte	37                              @ DW_AT_producer
	.byte	14                              @ DW_FORM_strp
	.byte	19                              @ DW_AT_language
	.byte	5                               @ DW_FORM_data2
	.byte	3                               @ DW_AT_name
	.byte	14                              @ DW_FORM_strp
	.byte	16                              @ DW_AT_stmt_list
	.byte	23                              @ DW_FORM_sec_offset
	.byte	27                              @ DW_AT_comp_dir
	.byte	14                              @ DW_FORM_strp
	.byte	17                              @ DW_AT_low_pc
	.byte	1                               @ DW_FORM_addr
	.byte	85                              @ DW_AT_ranges
	.byte	23                              @ DW_FORM_sec_offset
	.byte	0                               @ EOM(1)
	.byte	0                               @ EOM(2)
	.byte	2                               @ Abbreviation Code
	.byte	52                              @ DW_TAG_variable
	.byte	0                               @ DW_CHILDREN_no
	.byte	73                              @ DW_AT_type
	.byte	19                              @ DW_FORM_ref4
	.byte	58                              @ DW_AT_decl_file
	.byte	11                              @ DW_FORM_data1
	.byte	59                              @ DW_AT_decl_line
	.byte	11                              @ DW_FORM_data1
	.byte	2                               @ DW_AT_location
	.byte	24                              @ DW_FORM_exprloc
	.byte	0                               @ EOM(1)
	.byte	0                               @ EOM(2)
	.byte	3                               @ Abbreviation Code
	.byte	1                               @ DW_TAG_array_type
	.byte	1                               @ DW_CHILDREN_yes
	.byte	73                              @ DW_AT_type
	.byte	19                              @ DW_FORM_ref4
	.byte	0                               @ EOM(1)
	.byte	0                               @ EOM(2)
	.byte	4                               @ Abbreviation Code
	.byte	33                              @ DW_TAG_subrange_type
	.byte	0                               @ DW_CHILDREN_no
	.byte	73                              @ DW_AT_type
	.byte	19                              @ DW_FORM_ref4
	.byte	55                              @ DW_AT_count
	.byte	11                              @ DW_FORM_data1
	.byte	0                               @ EOM(1)
	.byte	0                               @ EOM(2)
	.byte	5                               @ Abbreviation Code
	.byte	36                              @ DW_TAG_base_type
	.byte	0                               @ DW_CHILDREN_no
	.byte	3                               @ DW_AT_name
	.byte	14                              @ DW_FORM_strp
	.byte	62                              @ DW_AT_encoding
	.byte	11                              @ DW_FORM_data1
	.byte	11                              @ DW_AT_byte_size
	.byte	11                              @ DW_FORM_data1
	.byte	0                               @ EOM(1)
	.byte	0                               @ EOM(2)
	.byte	6                               @ Abbreviation Code
	.byte	36                              @ DW_TAG_base_type
	.byte	0                               @ DW_CHILDREN_no
	.byte	3                               @ DW_AT_name
	.byte	14                              @ DW_FORM_strp
	.byte	11                              @ DW_AT_byte_size
	.byte	11                              @ DW_FORM_data1
	.byte	62                              @ DW_AT_encoding
	.byte	11                              @ DW_FORM_data1
	.byte	0                               @ EOM(1)
	.byte	0                               @ EOM(2)
	.byte	7                               @ Abbreviation Code
	.byte	52                              @ DW_TAG_variable
	.byte	0                               @ DW_CHILDREN_no
	.byte	73                              @ DW_AT_type
	.byte	19                              @ DW_FORM_ref4
	.byte	58                              @ DW_AT_decl_file
	.byte	11                              @ DW_FORM_data1
	.byte	59                              @ DW_AT_decl_line
	.byte	5                               @ DW_FORM_data2
	.byte	2                               @ DW_AT_location
	.byte	24                              @ DW_FORM_exprloc
	.byte	0                               @ EOM(1)
	.byte	0                               @ EOM(2)
	.byte	8                               @ Abbreviation Code
	.byte	22                              @ DW_TAG_typedef
	.byte	0                               @ DW_CHILDREN_no
	.byte	73                              @ DW_AT_type
	.byte	19                              @ DW_FORM_ref4
	.byte	3                               @ DW_AT_name
	.byte	14                              @ DW_FORM_strp
	.byte	58                              @ DW_AT_decl_file
	.byte	11                              @ DW_FORM_data1
	.byte	59                              @ DW_AT_decl_line
	.byte	11                              @ DW_FORM_data1
	.byte	0                               @ EOM(1)
	.byte	0                               @ EOM(2)
	.byte	9                               @ Abbreviation Code
	.byte	15                              @ DW_TAG_pointer_type
	.byte	0                               @ DW_CHILDREN_no
	.byte	73                              @ DW_AT_type
	.byte	19                              @ DW_FORM_ref4
	.byte	0                               @ EOM(1)
	.byte	0                               @ EOM(2)
	.byte	10                              @ Abbreviation Code
	.byte	53                              @ DW_TAG_volatile_type
	.byte	0                               @ DW_CHILDREN_no
	.byte	73                              @ DW_AT_type
	.byte	19                              @ DW_FORM_ref4
	.byte	0                               @ EOM(1)
	.byte	0                               @ EOM(2)
	.byte	11                              @ Abbreviation Code
	.byte	22                              @ DW_TAG_typedef
	.byte	0                               @ DW_CHILDREN_no
	.byte	73                              @ DW_AT_type
	.byte	19                              @ DW_FORM_ref4
	.byte	3                               @ DW_AT_name
	.byte	14                              @ DW_FORM_strp
	.byte	58                              @ DW_AT_decl_file
	.byte	11                              @ DW_FORM_data1
	.byte	59                              @ DW_AT_decl_line
	.byte	5                               @ DW_FORM_data2
	.byte	0                               @ EOM(1)
	.byte	0                               @ EOM(2)
	.byte	12                              @ Abbreviation Code
	.byte	19                              @ DW_TAG_structure_type
	.byte	1                               @ DW_CHILDREN_yes
	.byte	11                              @ DW_AT_byte_size
	.byte	11                              @ DW_FORM_data1
	.byte	58                              @ DW_AT_decl_file
	.byte	11                              @ DW_FORM_data1
	.byte	59                              @ DW_AT_decl_line
	.byte	11                              @ DW_FORM_data1
	.byte	0                               @ EOM(1)
	.byte	0                               @ EOM(2)
	.byte	13                              @ Abbreviation Code
	.byte	13                              @ DW_TAG_member
	.byte	0                               @ DW_CHILDREN_no
	.byte	3                               @ DW_AT_name
	.byte	14                              @ DW_FORM_strp
	.byte	73                              @ DW_AT_type
	.byte	19                              @ DW_FORM_ref4
	.byte	58                              @ DW_AT_decl_file
	.byte	11                              @ DW_FORM_data1
	.byte	59                              @ DW_AT_decl_line
	.byte	5                               @ DW_FORM_data2
	.byte	56                              @ DW_AT_data_member_location
	.byte	11                              @ DW_FORM_data1
	.byte	0                               @ EOM(1)
	.byte	0                               @ EOM(2)
	.byte	14                              @ Abbreviation Code
	.byte	38                              @ DW_TAG_const_type
	.byte	0                               @ DW_CHILDREN_no
	.byte	73                              @ DW_AT_type
	.byte	19                              @ DW_FORM_ref4
	.byte	0                               @ EOM(1)
	.byte	0                               @ EOM(2)
	.byte	15                              @ Abbreviation Code
	.byte	19                              @ DW_TAG_structure_type
	.byte	1                               @ DW_CHILDREN_yes
	.byte	11                              @ DW_AT_byte_size
	.byte	5                               @ DW_FORM_data2
	.byte	58                              @ DW_AT_decl_file
	.byte	11                              @ DW_FORM_data1
	.byte	59                              @ DW_AT_decl_line
	.byte	11                              @ DW_FORM_data1
	.byte	0                               @ EOM(1)
	.byte	0                               @ EOM(2)
	.byte	16                              @ Abbreviation Code
	.byte	13                              @ DW_TAG_member
	.byte	0                               @ DW_CHILDREN_no
	.byte	3                               @ DW_AT_name
	.byte	14                              @ DW_FORM_strp
	.byte	73                              @ DW_AT_type
	.byte	19                              @ DW_FORM_ref4
	.byte	58                              @ DW_AT_decl_file
	.byte	11                              @ DW_FORM_data1
	.byte	59                              @ DW_AT_decl_line
	.byte	5                               @ DW_FORM_data2
	.byte	56                              @ DW_AT_data_member_location
	.byte	5                               @ DW_FORM_data2
	.byte	0                               @ EOM(1)
	.byte	0                               @ EOM(2)
	.byte	17                              @ Abbreviation Code
	.byte	33                              @ DW_TAG_subrange_type
	.byte	0                               @ DW_CHILDREN_no
	.byte	73                              @ DW_AT_type
	.byte	19                              @ DW_FORM_ref4
	.byte	55                              @ DW_AT_count
	.byte	5                               @ DW_FORM_data2
	.byte	0                               @ EOM(1)
	.byte	0                               @ EOM(2)
	.byte	18                              @ Abbreviation Code
	.byte	19                              @ DW_TAG_structure_type
	.byte	1                               @ DW_CHILDREN_yes
	.byte	11                              @ DW_AT_byte_size
	.byte	5                               @ DW_FORM_data2
	.byte	58                              @ DW_AT_decl_file
	.byte	11                              @ DW_FORM_data1
	.byte	59                              @ DW_AT_decl_line
	.byte	5                               @ DW_FORM_data2
	.byte	0                               @ EOM(1)
	.byte	0                               @ EOM(2)
	.byte	19                              @ Abbreviation Code
	.byte	46                              @ DW_TAG_subprogram
	.byte	1                               @ DW_CHILDREN_yes
	.byte	17                              @ DW_AT_low_pc
	.byte	1                               @ DW_FORM_addr
	.byte	18                              @ DW_AT_high_pc
	.byte	6                               @ DW_FORM_data4
	.byte	64                              @ DW_AT_frame_base
	.byte	24                              @ DW_FORM_exprloc
	.ascii	"\227B"                         @ DW_AT_GNU_all_call_sites
	.byte	25                              @ DW_FORM_flag_present
	.byte	49                              @ DW_AT_abstract_origin
	.byte	19                              @ DW_FORM_ref4
	.byte	0                               @ EOM(1)
	.byte	0                               @ EOM(2)
	.byte	20                              @ Abbreviation Code
	.byte	5                               @ DW_TAG_formal_parameter
	.byte	0                               @ DW_CHILDREN_no
	.byte	2                               @ DW_AT_location
	.byte	23                              @ DW_FORM_sec_offset
	.byte	49                              @ DW_AT_abstract_origin
	.byte	19                              @ DW_FORM_ref4
	.byte	0                               @ EOM(1)
	.byte	0                               @ EOM(2)
	.byte	21                              @ Abbreviation Code
	.byte	52                              @ DW_TAG_variable
	.byte	0                               @ DW_CHILDREN_no
	.byte	2                               @ DW_AT_location
	.byte	23                              @ DW_FORM_sec_offset
	.byte	49                              @ DW_AT_abstract_origin
	.byte	19                              @ DW_FORM_ref4
	.byte	0                               @ EOM(1)
	.byte	0                               @ EOM(2)
	.byte	22                              @ Abbreviation Code
	.byte	52                              @ DW_TAG_variable
	.byte	0                               @ DW_CHILDREN_no
	.byte	49                              @ DW_AT_abstract_origin
	.byte	19                              @ DW_FORM_ref4
	.byte	0                               @ EOM(1)
	.byte	0                               @ EOM(2)
	.byte	23                              @ Abbreviation Code
	.byte	11                              @ DW_TAG_lexical_block
	.byte	1                               @ DW_CHILDREN_yes
	.byte	85                              @ DW_AT_ranges
	.byte	23                              @ DW_FORM_sec_offset
	.byte	0                               @ EOM(1)
	.byte	0                               @ EOM(2)
	.byte	24                              @ Abbreviation Code
	.byte	11                              @ DW_TAG_lexical_block
	.byte	1                               @ DW_CHILDREN_yes
	.byte	17                              @ DW_AT_low_pc
	.byte	1                               @ DW_FORM_addr
	.byte	18                              @ DW_AT_high_pc
	.byte	6                               @ DW_FORM_data4
	.byte	0                               @ EOM(1)
	.byte	0                               @ EOM(2)
	.byte	25                              @ Abbreviation Code
	.byte	52                              @ DW_TAG_variable
	.byte	0                               @ DW_CHILDREN_no
	.byte	28                              @ DW_AT_const_value
	.byte	15                              @ DW_FORM_udata
	.byte	49                              @ DW_AT_abstract_origin
	.byte	19                              @ DW_FORM_ref4
	.byte	0                               @ EOM(1)
	.byte	0                               @ EOM(2)
	.byte	26                              @ Abbreviation Code
	.byte	46                              @ DW_TAG_subprogram
	.byte	1                               @ DW_CHILDREN_yes
	.byte	17                              @ DW_AT_low_pc
	.byte	1                               @ DW_FORM_addr
	.byte	18                              @ DW_AT_high_pc
	.byte	6                               @ DW_FORM_data4
	.byte	64                              @ DW_AT_frame_base
	.byte	24                              @ DW_FORM_exprloc
	.ascii	"\227B"                         @ DW_AT_GNU_all_call_sites
	.byte	25                              @ DW_FORM_flag_present
	.byte	3                               @ DW_AT_name
	.byte	14                              @ DW_FORM_strp
	.byte	58                              @ DW_AT_decl_file
	.byte	11                              @ DW_FORM_data1
	.byte	59                              @ DW_AT_decl_line
	.byte	11                              @ DW_FORM_data1
	.byte	39                              @ DW_AT_prototyped
	.byte	25                              @ DW_FORM_flag_present
	.byte	63                              @ DW_AT_external
	.byte	25                              @ DW_FORM_flag_present
	.byte	0                               @ EOM(1)
	.byte	0                               @ EOM(2)
	.byte	27                              @ Abbreviation Code
	.byte	5                               @ DW_TAG_formal_parameter
	.byte	0                               @ DW_CHILDREN_no
	.byte	2                               @ DW_AT_location
	.byte	23                              @ DW_FORM_sec_offset
	.byte	3                               @ DW_AT_name
	.byte	14                              @ DW_FORM_strp
	.byte	58                              @ DW_AT_decl_file
	.byte	11                              @ DW_FORM_data1
	.byte	59                              @ DW_AT_decl_line
	.byte	11                              @ DW_FORM_data1
	.byte	73                              @ DW_AT_type
	.byte	19                              @ DW_FORM_ref4
	.byte	0                               @ EOM(1)
	.byte	0                               @ EOM(2)
	.byte	28                              @ Abbreviation Code
	.byte	52                              @ DW_TAG_variable
	.byte	0                               @ DW_CHILDREN_no
	.byte	2                               @ DW_AT_location
	.byte	23                              @ DW_FORM_sec_offset
	.byte	3                               @ DW_AT_name
	.byte	14                              @ DW_FORM_strp
	.byte	58                              @ DW_AT_decl_file
	.byte	11                              @ DW_FORM_data1
	.byte	59                              @ DW_AT_decl_line
	.byte	11                              @ DW_FORM_data1
	.byte	73                              @ DW_AT_type
	.byte	19                              @ DW_FORM_ref4
	.byte	0                               @ EOM(1)
	.byte	0                               @ EOM(2)
	.byte	29                              @ Abbreviation Code
	.byte	52                              @ DW_TAG_variable
	.byte	0                               @ DW_CHILDREN_no
	.byte	3                               @ DW_AT_name
	.byte	14                              @ DW_FORM_strp
	.byte	58                              @ DW_AT_decl_file
	.byte	11                              @ DW_FORM_data1
	.byte	59                              @ DW_AT_decl_line
	.byte	11                              @ DW_FORM_data1
	.byte	73                              @ DW_AT_type
	.byte	19                              @ DW_FORM_ref4
	.byte	0                               @ EOM(1)
	.byte	0                               @ EOM(2)
	.byte	30                              @ Abbreviation Code
	.byte	46                              @ DW_TAG_subprogram
	.byte	1                               @ DW_CHILDREN_yes
	.byte	3                               @ DW_AT_name
	.byte	14                              @ DW_FORM_strp
	.byte	58                              @ DW_AT_decl_file
	.byte	11                              @ DW_FORM_data1
	.byte	59                              @ DW_AT_decl_line
	.byte	5                               @ DW_FORM_data2
	.byte	39                              @ DW_AT_prototyped
	.byte	25                              @ DW_FORM_flag_present
	.byte	32                              @ DW_AT_inline
	.byte	11                              @ DW_FORM_data1
	.byte	0                               @ EOM(1)
	.byte	0                               @ EOM(2)
	.byte	31                              @ Abbreviation Code
	.byte	5                               @ DW_TAG_formal_parameter
	.byte	0                               @ DW_CHILDREN_no
	.byte	3                               @ DW_AT_name
	.byte	14                              @ DW_FORM_strp
	.byte	58                              @ DW_AT_decl_file
	.byte	11                              @ DW_FORM_data1
	.byte	59                              @ DW_AT_decl_line
	.byte	5                               @ DW_FORM_data2
	.byte	73                              @ DW_AT_type
	.byte	19                              @ DW_FORM_ref4
	.byte	0                               @ EOM(1)
	.byte	0                               @ EOM(2)
	.byte	32                              @ Abbreviation Code
	.byte	11                              @ DW_TAG_lexical_block
	.byte	1                               @ DW_CHILDREN_yes
	.byte	0                               @ EOM(1)
	.byte	0                               @ EOM(2)
	.byte	33                              @ Abbreviation Code
	.byte	52                              @ DW_TAG_variable
	.byte	0                               @ DW_CHILDREN_no
	.byte	3                               @ DW_AT_name
	.byte	14                              @ DW_FORM_strp
	.byte	58                              @ DW_AT_decl_file
	.byte	11                              @ DW_FORM_data1
	.byte	59                              @ DW_AT_decl_line
	.byte	5                               @ DW_FORM_data2
	.byte	73                              @ DW_AT_type
	.byte	19                              @ DW_FORM_ref4
	.byte	0                               @ EOM(1)
	.byte	0                               @ EOM(2)
	.byte	34                              @ Abbreviation Code
	.byte	53                              @ DW_TAG_volatile_type
	.byte	0                               @ DW_CHILDREN_no
	.byte	0                               @ EOM(1)
	.byte	0                               @ EOM(2)
	.byte	35                              @ Abbreviation Code
	.byte	46                              @ DW_TAG_subprogram
	.byte	1                               @ DW_CHILDREN_yes
	.byte	3                               @ DW_AT_name
	.byte	14                              @ DW_FORM_strp
	.byte	58                              @ DW_AT_decl_file
	.byte	11                              @ DW_FORM_data1
	.byte	59                              @ DW_AT_decl_line
	.byte	11                              @ DW_FORM_data1
	.byte	39                              @ DW_AT_prototyped
	.byte	25                              @ DW_FORM_flag_present
	.byte	73                              @ DW_AT_type
	.byte	19                              @ DW_FORM_ref4
	.byte	63                              @ DW_AT_external
	.byte	25                              @ DW_FORM_flag_present
	.byte	32                              @ DW_AT_inline
	.byte	11                              @ DW_FORM_data1
	.byte	0                               @ EOM(1)
	.byte	0                               @ EOM(2)
	.byte	36                              @ Abbreviation Code
	.byte	5                               @ DW_TAG_formal_parameter
	.byte	0                               @ DW_CHILDREN_no
	.byte	3                               @ DW_AT_name
	.byte	14                              @ DW_FORM_strp
	.byte	58                              @ DW_AT_decl_file
	.byte	11                              @ DW_FORM_data1
	.byte	59                              @ DW_AT_decl_line
	.byte	11                              @ DW_FORM_data1
	.byte	73                              @ DW_AT_type
	.byte	19                              @ DW_FORM_ref4
	.byte	0                               @ EOM(1)
	.byte	0                               @ EOM(2)
	.byte	37                              @ Abbreviation Code
	.byte	52                              @ DW_TAG_variable
	.byte	0                               @ DW_CHILDREN_no
	.byte	2                               @ DW_AT_location
	.byte	24                              @ DW_FORM_exprloc
	.byte	3                               @ DW_AT_name
	.byte	14                              @ DW_FORM_strp
	.byte	58                              @ DW_AT_decl_file
	.byte	11                              @ DW_FORM_data1
	.byte	59                              @ DW_AT_decl_line
	.byte	11                              @ DW_FORM_data1
	.byte	73                              @ DW_AT_type
	.byte	19                              @ DW_FORM_ref4
	.byte	0                               @ EOM(1)
	.byte	0                               @ EOM(2)
	.byte	38                              @ Abbreviation Code
	.byte	29                              @ DW_TAG_inlined_subroutine
	.byte	1                               @ DW_CHILDREN_yes
	.byte	49                              @ DW_AT_abstract_origin
	.byte	19                              @ DW_FORM_ref4
	.byte	85                              @ DW_AT_ranges
	.byte	23                              @ DW_FORM_sec_offset
	.byte	88                              @ DW_AT_call_file
	.byte	11                              @ DW_FORM_data1
	.byte	89                              @ DW_AT_call_line
	.byte	11                              @ DW_FORM_data1
	.byte	87                              @ DW_AT_call_column
	.byte	11                              @ DW_FORM_data1
	.byte	0                               @ EOM(1)
	.byte	0                               @ EOM(2)
	.byte	39                              @ Abbreviation Code
	.byte	5                               @ DW_TAG_formal_parameter
	.byte	0                               @ DW_CHILDREN_no
	.byte	2                               @ DW_AT_location
	.byte	24                              @ DW_FORM_exprloc
	.byte	49                              @ DW_AT_abstract_origin
	.byte	19                              @ DW_FORM_ref4
	.byte	0                               @ EOM(1)
	.byte	0                               @ EOM(2)
	.byte	40                              @ Abbreviation Code
	.byte	5                               @ DW_TAG_formal_parameter
	.byte	0                               @ DW_CHILDREN_no
	.byte	28                              @ DW_AT_const_value
	.byte	13                              @ DW_FORM_sdata
	.byte	49                              @ DW_AT_abstract_origin
	.byte	19                              @ DW_FORM_ref4
	.byte	0                               @ EOM(1)
	.byte	0                               @ EOM(2)
	.byte	41                              @ Abbreviation Code
	.byte	29                              @ DW_TAG_inlined_subroutine
	.byte	1                               @ DW_CHILDREN_yes
	.byte	49                              @ DW_AT_abstract_origin
	.byte	19                              @ DW_FORM_ref4
	.byte	17                              @ DW_AT_low_pc
	.byte	1                               @ DW_FORM_addr
	.byte	18                              @ DW_AT_high_pc
	.byte	6                               @ DW_FORM_data4
	.byte	88                              @ DW_AT_call_file
	.byte	11                              @ DW_FORM_data1
	.byte	89                              @ DW_AT_call_line
	.byte	11                              @ DW_FORM_data1
	.byte	87                              @ DW_AT_call_column
	.byte	11                              @ DW_FORM_data1
	.byte	0                               @ EOM(1)
	.byte	0                               @ EOM(2)
	.byte	42                              @ Abbreviation Code
	.byte	46                              @ DW_TAG_subprogram
	.byte	0                               @ DW_CHILDREN_no
	.byte	3                               @ DW_AT_name
	.byte	14                              @ DW_FORM_strp
	.byte	58                              @ DW_AT_decl_file
	.byte	11                              @ DW_FORM_data1
	.byte	59                              @ DW_AT_decl_line
	.byte	5                               @ DW_FORM_data2
	.byte	39                              @ DW_AT_prototyped
	.byte	25                              @ DW_FORM_flag_present
	.byte	32                              @ DW_AT_inline
	.byte	11                              @ DW_FORM_data1
	.byte	0                               @ EOM(1)
	.byte	0                               @ EOM(2)
	.byte	43                              @ Abbreviation Code
	.byte	46                              @ DW_TAG_subprogram
	.byte	1                               @ DW_CHILDREN_yes
	.byte	3                               @ DW_AT_name
	.byte	14                              @ DW_FORM_strp
	.byte	58                              @ DW_AT_decl_file
	.byte	11                              @ DW_FORM_data1
	.byte	59                              @ DW_AT_decl_line
	.byte	5                               @ DW_FORM_data2
	.byte	39                              @ DW_AT_prototyped
	.byte	25                              @ DW_FORM_flag_present
	.byte	73                              @ DW_AT_type
	.byte	19                              @ DW_FORM_ref4
	.byte	32                              @ DW_AT_inline
	.byte	11                              @ DW_FORM_data1
	.byte	0                               @ EOM(1)
	.byte	0                               @ EOM(2)
	.byte	44                              @ Abbreviation Code
	.byte	46                              @ DW_TAG_subprogram
	.byte	1                               @ DW_CHILDREN_yes
	.byte	3                               @ DW_AT_name
	.byte	14                              @ DW_FORM_strp
	.byte	58                              @ DW_AT_decl_file
	.byte	11                              @ DW_FORM_data1
	.byte	59                              @ DW_AT_decl_line
	.byte	11                              @ DW_FORM_data1
	.byte	39                              @ DW_AT_prototyped
	.byte	25                              @ DW_FORM_flag_present
	.byte	63                              @ DW_AT_external
	.byte	25                              @ DW_FORM_flag_present
	.byte	32                              @ DW_AT_inline
	.byte	11                              @ DW_FORM_data1
	.byte	0                               @ EOM(1)
	.byte	0                               @ EOM(2)
	.byte	45                              @ Abbreviation Code
	.byte	46                              @ DW_TAG_subprogram
	.byte	1                               @ DW_CHILDREN_yes
	.byte	17                              @ DW_AT_low_pc
	.byte	1                               @ DW_FORM_addr
	.byte	18                              @ DW_AT_high_pc
	.byte	6                               @ DW_FORM_data4
	.byte	64                              @ DW_AT_frame_base
	.byte	24                              @ DW_FORM_exprloc
	.ascii	"\227B"                         @ DW_AT_GNU_all_call_sites
	.byte	25                              @ DW_FORM_flag_present
	.byte	3                               @ DW_AT_name
	.byte	14                              @ DW_FORM_strp
	.byte	58                              @ DW_AT_decl_file
	.byte	11                              @ DW_FORM_data1
	.byte	59                              @ DW_AT_decl_line
	.byte	5                               @ DW_FORM_data2
	.byte	39                              @ DW_AT_prototyped
	.byte	25                              @ DW_FORM_flag_present
	.byte	63                              @ DW_AT_external
	.byte	25                              @ DW_FORM_flag_present
	.byte	0                               @ EOM(1)
	.byte	0                               @ EOM(2)
	.byte	46                              @ Abbreviation Code
	.byte	5                               @ DW_TAG_formal_parameter
	.byte	0                               @ DW_CHILDREN_no
	.byte	2                               @ DW_AT_location
	.byte	23                              @ DW_FORM_sec_offset
	.byte	3                               @ DW_AT_name
	.byte	14                              @ DW_FORM_strp
	.byte	58                              @ DW_AT_decl_file
	.byte	11                              @ DW_FORM_data1
	.byte	59                              @ DW_AT_decl_line
	.byte	5                               @ DW_FORM_data2
	.byte	73                              @ DW_AT_type
	.byte	19                              @ DW_FORM_ref4
	.byte	0                               @ EOM(1)
	.byte	0                               @ EOM(2)
	.byte	47                              @ Abbreviation Code
	.byte	52                              @ DW_TAG_variable
	.byte	0                               @ DW_CHILDREN_no
	.byte	2                               @ DW_AT_location
	.byte	23                              @ DW_FORM_sec_offset
	.byte	3                               @ DW_AT_name
	.byte	14                              @ DW_FORM_strp
	.byte	58                              @ DW_AT_decl_file
	.byte	11                              @ DW_FORM_data1
	.byte	59                              @ DW_AT_decl_line
	.byte	5                               @ DW_FORM_data2
	.byte	73                              @ DW_AT_type
	.byte	19                              @ DW_FORM_ref4
	.byte	0                               @ EOM(1)
	.byte	0                               @ EOM(2)
	.byte	48                              @ Abbreviation Code
	.byte	29                              @ DW_TAG_inlined_subroutine
	.byte	1                               @ DW_CHILDREN_yes
	.byte	49                              @ DW_AT_abstract_origin
	.byte	19                              @ DW_FORM_ref4
	.byte	17                              @ DW_AT_low_pc
	.byte	1                               @ DW_FORM_addr
	.byte	18                              @ DW_AT_high_pc
	.byte	6                               @ DW_FORM_data4
	.byte	88                              @ DW_AT_call_file
	.byte	11                              @ DW_FORM_data1
	.byte	89                              @ DW_AT_call_line
	.byte	5                               @ DW_FORM_data2
	.byte	87                              @ DW_AT_call_column
	.byte	11                              @ DW_FORM_data1
	.byte	0                               @ EOM(1)
	.byte	0                               @ EOM(2)
	.byte	49                              @ Abbreviation Code
	.byte	29                              @ DW_TAG_inlined_subroutine
	.byte	0                               @ DW_CHILDREN_no
	.byte	49                              @ DW_AT_abstract_origin
	.byte	19                              @ DW_FORM_ref4
	.byte	17                              @ DW_AT_low_pc
	.byte	1                               @ DW_FORM_addr
	.byte	18                              @ DW_AT_high_pc
	.byte	6                               @ DW_FORM_data4
	.byte	88                              @ DW_AT_call_file
	.byte	11                              @ DW_FORM_data1
	.byte	89                              @ DW_AT_call_line
	.byte	5                               @ DW_FORM_data2
	.byte	87                              @ DW_AT_call_column
	.byte	11                              @ DW_FORM_data1
	.byte	0                               @ EOM(1)
	.byte	0                               @ EOM(2)
	.byte	50                              @ Abbreviation Code
	.byte	5                               @ DW_TAG_formal_parameter
	.byte	0                               @ DW_CHILDREN_no
	.byte	28                              @ DW_AT_const_value
	.byte	15                              @ DW_FORM_udata
	.byte	49                              @ DW_AT_abstract_origin
	.byte	19                              @ DW_FORM_ref4
	.byte	0                               @ EOM(1)
	.byte	0                               @ EOM(2)
	.byte	51                              @ Abbreviation Code
	.ascii	"\211\202\001"                  @ DW_TAG_GNU_call_site
	.byte	0                               @ DW_CHILDREN_no
	.byte	49                              @ DW_AT_abstract_origin
	.byte	19                              @ DW_FORM_ref4
	.ascii	"\225B"                         @ DW_AT_GNU_tail_call
	.byte	25                              @ DW_FORM_flag_present
	.byte	17                              @ DW_AT_low_pc
	.byte	1                               @ DW_FORM_addr
	.byte	0                               @ EOM(1)
	.byte	0                               @ EOM(2)
	.byte	52                              @ Abbreviation Code
	.byte	46                              @ DW_TAG_subprogram
	.byte	1                               @ DW_CHILDREN_yes
	.byte	3                               @ DW_AT_name
	.byte	14                              @ DW_FORM_strp
	.byte	58                              @ DW_AT_decl_file
	.byte	11                              @ DW_FORM_data1
	.byte	59                              @ DW_AT_decl_line
	.byte	5                               @ DW_FORM_data2
	.byte	39                              @ DW_AT_prototyped
	.byte	25                              @ DW_FORM_flag_present
	.byte	73                              @ DW_AT_type
	.byte	19                              @ DW_FORM_ref4
	.byte	60                              @ DW_AT_declaration
	.byte	25                              @ DW_FORM_flag_present
	.byte	63                              @ DW_AT_external
	.byte	25                              @ DW_FORM_flag_present
	.byte	0                               @ EOM(1)
	.byte	0                               @ EOM(2)
	.byte	53                              @ Abbreviation Code
	.byte	5                               @ DW_TAG_formal_parameter
	.byte	0                               @ DW_CHILDREN_no
	.byte	73                              @ DW_AT_type
	.byte	19                              @ DW_FORM_ref4
	.byte	0                               @ EOM(1)
	.byte	0                               @ EOM(2)
	.byte	54                              @ Abbreviation Code
	.byte	46                              @ DW_TAG_subprogram
	.byte	1                               @ DW_CHILDREN_yes
	.byte	3                               @ DW_AT_name
	.byte	14                              @ DW_FORM_strp
	.byte	58                              @ DW_AT_decl_file
	.byte	11                              @ DW_FORM_data1
	.byte	59                              @ DW_AT_decl_line
	.byte	5                               @ DW_FORM_data2
	.byte	39                              @ DW_AT_prototyped
	.byte	25                              @ DW_FORM_flag_present
	.byte	60                              @ DW_AT_declaration
	.byte	25                              @ DW_FORM_flag_present
	.byte	63                              @ DW_AT_external
	.byte	25                              @ DW_FORM_flag_present
	.byte	0                               @ EOM(1)
	.byte	0                               @ EOM(2)
	.byte	55                              @ Abbreviation Code
	.byte	13                              @ DW_TAG_member
	.byte	0                               @ DW_CHILDREN_no
	.byte	3                               @ DW_AT_name
	.byte	14                              @ DW_FORM_strp
	.byte	73                              @ DW_AT_type
	.byte	19                              @ DW_FORM_ref4
	.byte	58                              @ DW_AT_decl_file
	.byte	11                              @ DW_FORM_data1
	.byte	59                              @ DW_AT_decl_line
	.byte	11                              @ DW_FORM_data1
	.byte	56                              @ DW_AT_data_member_location
	.byte	11                              @ DW_FORM_data1
	.byte	0                               @ EOM(1)
	.byte	0                               @ EOM(2)
	.byte	56                              @ Abbreviation Code
	.byte	23                              @ DW_TAG_union_type
	.byte	1                               @ DW_CHILDREN_yes
	.byte	11                              @ DW_AT_byte_size
	.byte	11                              @ DW_FORM_data1
	.byte	58                              @ DW_AT_decl_file
	.byte	11                              @ DW_FORM_data1
	.byte	59                              @ DW_AT_decl_line
	.byte	11                              @ DW_FORM_data1
	.byte	0                               @ EOM(1)
	.byte	0                               @ EOM(2)
	.byte	57                              @ Abbreviation Code
	.byte	13                              @ DW_TAG_member
	.byte	0                               @ DW_CHILDREN_no
	.byte	73                              @ DW_AT_type
	.byte	19                              @ DW_FORM_ref4
	.byte	58                              @ DW_AT_decl_file
	.byte	11                              @ DW_FORM_data1
	.byte	59                              @ DW_AT_decl_line
	.byte	11                              @ DW_FORM_data1
	.byte	56                              @ DW_AT_data_member_location
	.byte	11                              @ DW_FORM_data1
	.byte	0                               @ EOM(1)
	.byte	0                               @ EOM(2)
	.byte	58                              @ Abbreviation Code
	.byte	13                              @ DW_TAG_member
	.byte	0                               @ DW_CHILDREN_no
	.byte	3                               @ DW_AT_name
	.byte	14                              @ DW_FORM_strp
	.byte	73                              @ DW_AT_type
	.byte	19                              @ DW_FORM_ref4
	.byte	58                              @ DW_AT_decl_file
	.byte	11                              @ DW_FORM_data1
	.byte	59                              @ DW_AT_decl_line
	.byte	11                              @ DW_FORM_data1
	.byte	13                              @ DW_AT_bit_size
	.byte	11                              @ DW_FORM_data1
	.byte	107                             @ DW_AT_data_bit_offset
	.byte	11                              @ DW_FORM_data1
	.byte	0                               @ EOM(1)
	.byte	0                               @ EOM(2)
	.byte	0                               @ EOM(3)
	.section	.debug_info,"",%progbits
.Lcu_begin0:
	.long	.Ldebug_info_end0-.Ldebug_info_start0 @ Length of Unit
.Ldebug_info_start0:
	.short	4                               @ DWARF version number
	.long	.debug_abbrev                   @ Offset Into Abbrev. Section
	.byte	4                               @ Address Size (in bytes)
	.byte	1                               @ Abbrev [1] 0xb:0x1a17 DW_TAG_compile_unit
	.long	.Linfo_string0                  @ DW_AT_producer
	.short	29                              @ DW_AT_language
	.long	.Linfo_string1                  @ DW_AT_name
	.long	.Lline_table_start0             @ DW_AT_stmt_list
	.long	.Linfo_string2                  @ DW_AT_comp_dir
	.long	0                               @ DW_AT_low_pc
	.long	.Ldebug_ranges5                 @ DW_AT_ranges
	.byte	2                               @ Abbrev [2] 0x26:0xd DW_TAG_variable
	.long	51                              @ DW_AT_type
	.byte	1                               @ DW_AT_decl_file
	.byte	87                              @ DW_AT_decl_line
	.byte	5                               @ DW_AT_location
	.byte	3
	.long	.L.str
	.byte	3                               @ Abbrev [3] 0x33:0xc DW_TAG_array_type
	.long	63                              @ DW_AT_type
	.byte	4                               @ Abbrev [4] 0x38:0x6 DW_TAG_subrange_type
	.long	70                              @ DW_AT_type
	.byte	69                              @ DW_AT_count
	.byte	0                               @ End Of Children Mark
	.byte	5                               @ Abbrev [5] 0x3f:0x7 DW_TAG_base_type
	.long	.Linfo_string3                  @ DW_AT_name
	.byte	8                               @ DW_AT_encoding
	.byte	1                               @ DW_AT_byte_size
	.byte	6                               @ Abbrev [6] 0x46:0x7 DW_TAG_base_type
	.long	.Linfo_string4                  @ DW_AT_name
	.byte	8                               @ DW_AT_byte_size
	.byte	7                               @ DW_AT_encoding
	.byte	2                               @ Abbrev [2] 0x4d:0xd DW_TAG_variable
	.long	90                              @ DW_AT_type
	.byte	1                               @ DW_AT_decl_file
	.byte	102                             @ DW_AT_decl_line
	.byte	5                               @ DW_AT_location
	.byte	3
	.long	.L.str.1
	.byte	3                               @ Abbrev [3] 0x5a:0xc DW_TAG_array_type
	.long	63                              @ DW_AT_type
	.byte	4                               @ Abbrev [4] 0x5f:0x6 DW_TAG_subrange_type
	.long	70                              @ DW_AT_type
	.byte	76                              @ DW_AT_count
	.byte	0                               @ End Of Children Mark
	.byte	7                               @ Abbrev [7] 0x66:0xe DW_TAG_variable
	.long	116                             @ DW_AT_type
	.byte	1                               @ DW_AT_decl_file
	.short	256                             @ DW_AT_decl_line
	.byte	5                               @ DW_AT_location
	.byte	3
	.long	.L.str.2
	.byte	3                               @ Abbrev [3] 0x74:0xc DW_TAG_array_type
	.long	63                              @ DW_AT_type
	.byte	4                               @ Abbrev [4] 0x79:0x6 DW_TAG_subrange_type
	.long	70                              @ DW_AT_type
	.byte	25                              @ DW_AT_count
	.byte	0                               @ End Of Children Mark
	.byte	5                               @ Abbrev [5] 0x80:0x7 DW_TAG_base_type
	.long	.Linfo_string5                  @ DW_AT_name
	.byte	4                               @ DW_AT_encoding
	.byte	4                               @ DW_AT_byte_size
	.byte	8                               @ Abbrev [8] 0x87:0xb DW_TAG_typedef
	.long	146                             @ DW_AT_type
	.long	.Linfo_string7                  @ DW_AT_name
	.byte	2                               @ DW_AT_decl_file
	.byte	64                              @ DW_AT_decl_line
	.byte	5                               @ Abbrev [5] 0x92:0x7 DW_TAG_base_type
	.long	.Linfo_string6                  @ DW_AT_name
	.byte	7                               @ DW_AT_encoding
	.byte	4                               @ DW_AT_byte_size
	.byte	9                               @ Abbrev [9] 0x99:0x5 DW_TAG_pointer_type
	.long	158                             @ DW_AT_type
	.byte	8                               @ Abbrev [8] 0x9e:0xb DW_TAG_typedef
	.long	169                             @ DW_AT_type
	.long	.Linfo_string9                  @ DW_AT_name
	.byte	2                               @ DW_AT_decl_file
	.byte	62                              @ DW_AT_decl_line
	.byte	5                               @ Abbrev [5] 0xa9:0x7 DW_TAG_base_type
	.long	.Linfo_string8                  @ DW_AT_name
	.byte	8                               @ DW_AT_encoding
	.byte	1                               @ DW_AT_byte_size
	.byte	9                               @ Abbrev [9] 0xb0:0x5 DW_TAG_pointer_type
	.long	181                             @ DW_AT_type
	.byte	10                              @ Abbrev [10] 0xb5:0x5 DW_TAG_volatile_type
	.long	135                             @ DW_AT_type
	.byte	8                               @ Abbrev [8] 0xba:0xb DW_TAG_typedef
	.long	197                             @ DW_AT_type
	.long	.Linfo_string11                 @ DW_AT_name
	.byte	2                               @ DW_AT_decl_file
	.byte	58                              @ DW_AT_decl_line
	.byte	5                               @ Abbrev [5] 0xc5:0x7 DW_TAG_base_type
	.long	.Linfo_string10                 @ DW_AT_name
	.byte	5                               @ DW_AT_encoding
	.byte	4                               @ DW_AT_byte_size
	.byte	9                               @ Abbrev [9] 0xcc:0x5 DW_TAG_pointer_type
	.long	209                             @ DW_AT_type
	.byte	10                              @ Abbrev [10] 0xd1:0x5 DW_TAG_volatile_type
	.long	214                             @ DW_AT_type
	.byte	8                               @ Abbrev [8] 0xd6:0xb DW_TAG_typedef
	.long	225                             @ DW_AT_type
	.long	.Linfo_string13                 @ DW_AT_name
	.byte	2                               @ DW_AT_decl_file
	.byte	65                              @ DW_AT_decl_line
	.byte	5                               @ Abbrev [5] 0xe1:0x7 DW_TAG_base_type
	.long	.Linfo_string12                 @ DW_AT_name
	.byte	7                               @ DW_AT_encoding
	.byte	8                               @ DW_AT_byte_size
	.byte	9                               @ Abbrev [9] 0xe8:0x5 DW_TAG_pointer_type
	.long	237                             @ DW_AT_type
	.byte	11                              @ Abbrev [11] 0xed:0xc DW_TAG_typedef
	.long	249                             @ DW_AT_type
	.long	.Linfo_string44                 @ DW_AT_name
	.byte	3                               @ DW_AT_decl_file
	.short	882                             @ DW_AT_decl_line
	.byte	12                              @ Abbrev [12] 0xf9:0x18b DW_TAG_structure_type
	.byte	160                             @ DW_AT_byte_size
	.byte	3                               @ DW_AT_decl_file
	.byte	29                              @ DW_AT_decl_line
	.byte	13                              @ Abbrev [13] 0xfd:0xd DW_TAG_member
	.long	.Linfo_string14                 @ DW_AT_name
	.long	181                             @ DW_AT_type
	.byte	3                               @ DW_AT_decl_file
	.short	852                             @ DW_AT_decl_line
	.byte	0                               @ DW_AT_data_member_location
	.byte	13                              @ Abbrev [13] 0x10a:0xd DW_TAG_member
	.long	.Linfo_string15                 @ DW_AT_name
	.long	181                             @ DW_AT_type
	.byte	3                               @ DW_AT_decl_file
	.short	853                             @ DW_AT_decl_line
	.byte	4                               @ DW_AT_data_member_location
	.byte	13                              @ Abbrev [13] 0x117:0xd DW_TAG_member
	.long	.Linfo_string16                 @ DW_AT_name
	.long	644                             @ DW_AT_type
	.byte	3                               @ DW_AT_decl_file
	.short	854                             @ DW_AT_decl_line
	.byte	8                               @ DW_AT_data_member_location
	.byte	13                              @ Abbrev [13] 0x124:0xd DW_TAG_member
	.long	.Linfo_string17                 @ DW_AT_name
	.long	181                             @ DW_AT_type
	.byte	3                               @ DW_AT_decl_file
	.short	855                             @ DW_AT_decl_line
	.byte	12                              @ DW_AT_data_member_location
	.byte	13                              @ Abbrev [13] 0x131:0xd DW_TAG_member
	.long	.Linfo_string18                 @ DW_AT_name
	.long	661                             @ DW_AT_type
	.byte	3                               @ DW_AT_decl_file
	.short	856                             @ DW_AT_decl_line
	.byte	16                              @ DW_AT_data_member_location
	.byte	13                              @ Abbrev [13] 0x13e:0xd DW_TAG_member
	.long	.Linfo_string19                 @ DW_AT_name
	.long	673                             @ DW_AT_type
	.byte	3                               @ DW_AT_decl_file
	.short	857                             @ DW_AT_decl_line
	.byte	32                              @ DW_AT_data_member_location
	.byte	13                              @ Abbrev [13] 0x14b:0xd DW_TAG_member
	.long	.Linfo_string20                 @ DW_AT_name
	.long	181                             @ DW_AT_type
	.byte	3                               @ DW_AT_decl_file
	.short	858                             @ DW_AT_decl_line
	.byte	48                              @ DW_AT_data_member_location
	.byte	13                              @ Abbrev [13] 0x158:0xd DW_TAG_member
	.long	.Linfo_string21                 @ DW_AT_name
	.long	181                             @ DW_AT_type
	.byte	3                               @ DW_AT_decl_file
	.short	859                             @ DW_AT_decl_line
	.byte	52                              @ DW_AT_data_member_location
	.byte	13                              @ Abbrev [13] 0x165:0xd DW_TAG_member
	.long	.Linfo_string22                 @ DW_AT_name
	.long	181                             @ DW_AT_type
	.byte	3                               @ DW_AT_decl_file
	.short	860                             @ DW_AT_decl_line
	.byte	56                              @ DW_AT_data_member_location
	.byte	13                              @ Abbrev [13] 0x172:0xd DW_TAG_member
	.long	.Linfo_string23                 @ DW_AT_name
	.long	685                             @ DW_AT_type
	.byte	3                               @ DW_AT_decl_file
	.short	861                             @ DW_AT_decl_line
	.byte	60                              @ DW_AT_data_member_location
	.byte	13                              @ Abbrev [13] 0x17f:0xd DW_TAG_member
	.long	.Linfo_string24                 @ DW_AT_name
	.long	181                             @ DW_AT_type
	.byte	3                               @ DW_AT_decl_file
	.short	862                             @ DW_AT_decl_line
	.byte	68                              @ DW_AT_data_member_location
	.byte	13                              @ Abbrev [13] 0x18c:0xd DW_TAG_member
	.long	.Linfo_string25                 @ DW_AT_name
	.long	181                             @ DW_AT_type
	.byte	3                               @ DW_AT_decl_file
	.short	863                             @ DW_AT_decl_line
	.byte	72                              @ DW_AT_data_member_location
	.byte	13                              @ Abbrev [13] 0x199:0xd DW_TAG_member
	.long	.Linfo_string26                 @ DW_AT_name
	.long	181                             @ DW_AT_type
	.byte	3                               @ DW_AT_decl_file
	.short	864                             @ DW_AT_decl_line
	.byte	76                              @ DW_AT_data_member_location
	.byte	13                              @ Abbrev [13] 0x1a6:0xd DW_TAG_member
	.long	.Linfo_string27                 @ DW_AT_name
	.long	181                             @ DW_AT_type
	.byte	3                               @ DW_AT_decl_file
	.short	865                             @ DW_AT_decl_line
	.byte	80                              @ DW_AT_data_member_location
	.byte	13                              @ Abbrev [13] 0x1b3:0xd DW_TAG_member
	.long	.Linfo_string28                 @ DW_AT_name
	.long	181                             @ DW_AT_type
	.byte	3                               @ DW_AT_decl_file
	.short	866                             @ DW_AT_decl_line
	.byte	84                              @ DW_AT_data_member_location
	.byte	13                              @ Abbrev [13] 0x1c0:0xd DW_TAG_member
	.long	.Linfo_string29                 @ DW_AT_name
	.long	181                             @ DW_AT_type
	.byte	3                               @ DW_AT_decl_file
	.short	867                             @ DW_AT_decl_line
	.byte	88                              @ DW_AT_data_member_location
	.byte	13                              @ Abbrev [13] 0x1cd:0xd DW_TAG_member
	.long	.Linfo_string30                 @ DW_AT_name
	.long	181                             @ DW_AT_type
	.byte	3                               @ DW_AT_decl_file
	.short	868                             @ DW_AT_decl_line
	.byte	92                              @ DW_AT_data_member_location
	.byte	13                              @ Abbrev [13] 0x1da:0xd DW_TAG_member
	.long	.Linfo_string31                 @ DW_AT_name
	.long	685                             @ DW_AT_type
	.byte	3                               @ DW_AT_decl_file
	.short	869                             @ DW_AT_decl_line
	.byte	96                              @ DW_AT_data_member_location
	.byte	13                              @ Abbrev [13] 0x1e7:0xd DW_TAG_member
	.long	.Linfo_string32                 @ DW_AT_name
	.long	181                             @ DW_AT_type
	.byte	3                               @ DW_AT_decl_file
	.short	870                             @ DW_AT_decl_line
	.byte	104                             @ DW_AT_data_member_location
	.byte	13                              @ Abbrev [13] 0x1f4:0xd DW_TAG_member
	.long	.Linfo_string33                 @ DW_AT_name
	.long	181                             @ DW_AT_type
	.byte	3                               @ DW_AT_decl_file
	.short	871                             @ DW_AT_decl_line
	.byte	108                             @ DW_AT_data_member_location
	.byte	13                              @ Abbrev [13] 0x201:0xd DW_TAG_member
	.long	.Linfo_string34                 @ DW_AT_name
	.long	181                             @ DW_AT_type
	.byte	3                               @ DW_AT_decl_file
	.short	872                             @ DW_AT_decl_line
	.byte	112                             @ DW_AT_data_member_location
	.byte	13                              @ Abbrev [13] 0x20e:0xd DW_TAG_member
	.long	.Linfo_string35                 @ DW_AT_name
	.long	697                             @ DW_AT_type
	.byte	3                               @ DW_AT_decl_file
	.short	873                             @ DW_AT_decl_line
	.byte	116                             @ DW_AT_data_member_location
	.byte	13                              @ Abbrev [13] 0x21b:0xd DW_TAG_member
	.long	.Linfo_string36                 @ DW_AT_name
	.long	181                             @ DW_AT_type
	.byte	3                               @ DW_AT_decl_file
	.short	874                             @ DW_AT_decl_line
	.byte	128                             @ DW_AT_data_member_location
	.byte	13                              @ Abbrev [13] 0x228:0xd DW_TAG_member
	.long	.Linfo_string37                 @ DW_AT_name
	.long	181                             @ DW_AT_type
	.byte	3                               @ DW_AT_decl_file
	.short	875                             @ DW_AT_decl_line
	.byte	132                             @ DW_AT_data_member_location
	.byte	13                              @ Abbrev [13] 0x235:0xd DW_TAG_member
	.long	.Linfo_string38                 @ DW_AT_name
	.long	181                             @ DW_AT_type
	.byte	3                               @ DW_AT_decl_file
	.short	876                             @ DW_AT_decl_line
	.byte	136                             @ DW_AT_data_member_location
	.byte	13                              @ Abbrev [13] 0x242:0xd DW_TAG_member
	.long	.Linfo_string39                 @ DW_AT_name
	.long	181                             @ DW_AT_type
	.byte	3                               @ DW_AT_decl_file
	.short	877                             @ DW_AT_decl_line
	.byte	140                             @ DW_AT_data_member_location
	.byte	13                              @ Abbrev [13] 0x24f:0xd DW_TAG_member
	.long	.Linfo_string40                 @ DW_AT_name
	.long	181                             @ DW_AT_type
	.byte	3                               @ DW_AT_decl_file
	.short	878                             @ DW_AT_decl_line
	.byte	144                             @ DW_AT_data_member_location
	.byte	13                              @ Abbrev [13] 0x25c:0xd DW_TAG_member
	.long	.Linfo_string41                 @ DW_AT_name
	.long	656                             @ DW_AT_type
	.byte	3                               @ DW_AT_decl_file
	.short	879                             @ DW_AT_decl_line
	.byte	148                             @ DW_AT_data_member_location
	.byte	13                              @ Abbrev [13] 0x269:0xd DW_TAG_member
	.long	.Linfo_string42                 @ DW_AT_name
	.long	181                             @ DW_AT_type
	.byte	3                               @ DW_AT_decl_file
	.short	880                             @ DW_AT_decl_line
	.byte	152                             @ DW_AT_data_member_location
	.byte	13                              @ Abbrev [13] 0x276:0xd DW_TAG_member
	.long	.Linfo_string43                 @ DW_AT_name
	.long	181                             @ DW_AT_type
	.byte	3                               @ DW_AT_decl_file
	.short	881                             @ DW_AT_decl_line
	.byte	156                             @ DW_AT_data_member_location
	.byte	0                               @ End Of Children Mark
	.byte	3                               @ Abbrev [3] 0x284:0xc DW_TAG_array_type
	.long	656                             @ DW_AT_type
	.byte	4                               @ Abbrev [4] 0x289:0x6 DW_TAG_subrange_type
	.long	70                              @ DW_AT_type
	.byte	1                               @ DW_AT_count
	.byte	0                               @ End Of Children Mark
	.byte	14                              @ Abbrev [14] 0x290:0x5 DW_TAG_const_type
	.long	181                             @ DW_AT_type
	.byte	3                               @ Abbrev [3] 0x295:0xc DW_TAG_array_type
	.long	656                             @ DW_AT_type
	.byte	4                               @ Abbrev [4] 0x29a:0x6 DW_TAG_subrange_type
	.long	70                              @ DW_AT_type
	.byte	4                               @ DW_AT_count
	.byte	0                               @ End Of Children Mark
	.byte	3                               @ Abbrev [3] 0x2a1:0xc DW_TAG_array_type
	.long	181                             @ DW_AT_type
	.byte	4                               @ Abbrev [4] 0x2a6:0x6 DW_TAG_subrange_type
	.long	70                              @ DW_AT_type
	.byte	4                               @ DW_AT_count
	.byte	0                               @ End Of Children Mark
	.byte	3                               @ Abbrev [3] 0x2ad:0xc DW_TAG_array_type
	.long	656                             @ DW_AT_type
	.byte	4                               @ Abbrev [4] 0x2b2:0x6 DW_TAG_subrange_type
	.long	70                              @ DW_AT_type
	.byte	2                               @ DW_AT_count
	.byte	0                               @ End Of Children Mark
	.byte	3                               @ Abbrev [3] 0x2b9:0xc DW_TAG_array_type
	.long	656                             @ DW_AT_type
	.byte	4                               @ Abbrev [4] 0x2be:0x6 DW_TAG_subrange_type
	.long	70                              @ DW_AT_type
	.byte	3                               @ DW_AT_count
	.byte	0                               @ End Of Children Mark
	.byte	9                               @ Abbrev [9] 0x2c5:0x5 DW_TAG_pointer_type
	.long	714                             @ DW_AT_type
	.byte	11                              @ Abbrev [11] 0x2ca:0xc DW_TAG_typedef
	.long	726                             @ DW_AT_type
	.long	.Linfo_string187                @ DW_AT_name
	.byte	4                               @ DW_AT_decl_file
	.short	3508                            @ DW_AT_decl_line
	.byte	15                              @ Abbrev [15] 0x2d6:0x7e5 DW_TAG_structure_type
	.short	3740                            @ DW_AT_byte_size
	.byte	4                               @ DW_AT_decl_file
	.byte	27                              @ DW_AT_decl_line
	.byte	13                              @ Abbrev [13] 0x2db:0xd DW_TAG_member
	.long	.Linfo_string45                 @ DW_AT_name
	.long	656                             @ DW_AT_type
	.byte	4                               @ DW_AT_decl_file
	.short	3361                            @ DW_AT_decl_line
	.byte	0                               @ DW_AT_data_member_location
	.byte	13                              @ Abbrev [13] 0x2e8:0xd DW_TAG_member
	.long	.Linfo_string46                 @ DW_AT_name
	.long	181                             @ DW_AT_type
	.byte	4                               @ DW_AT_decl_file
	.short	3362                            @ DW_AT_decl_line
	.byte	4                               @ DW_AT_data_member_location
	.byte	13                              @ Abbrev [13] 0x2f5:0xd DW_TAG_member
	.long	.Linfo_string47                 @ DW_AT_name
	.long	181                             @ DW_AT_type
	.byte	4                               @ DW_AT_decl_file
	.short	3363                            @ DW_AT_decl_line
	.byte	8                               @ DW_AT_data_member_location
	.byte	13                              @ Abbrev [13] 0x302:0xd DW_TAG_member
	.long	.Linfo_string48                 @ DW_AT_name
	.long	181                             @ DW_AT_type
	.byte	4                               @ DW_AT_decl_file
	.short	3364                            @ DW_AT_decl_line
	.byte	12                              @ DW_AT_data_member_location
	.byte	13                              @ Abbrev [13] 0x30f:0xd DW_TAG_member
	.long	.Linfo_string49                 @ DW_AT_name
	.long	181                             @ DW_AT_type
	.byte	4                               @ DW_AT_decl_file
	.short	3365                            @ DW_AT_decl_line
	.byte	16                              @ DW_AT_data_member_location
	.byte	13                              @ Abbrev [13] 0x31c:0xd DW_TAG_member
	.long	.Linfo_string50                 @ DW_AT_name
	.long	181                             @ DW_AT_type
	.byte	4                               @ DW_AT_decl_file
	.short	3366                            @ DW_AT_decl_line
	.byte	20                              @ DW_AT_data_member_location
	.byte	13                              @ Abbrev [13] 0x329:0xd DW_TAG_member
	.long	.Linfo_string51                 @ DW_AT_name
	.long	656                             @ DW_AT_type
	.byte	4                               @ DW_AT_decl_file
	.short	3367                            @ DW_AT_decl_line
	.byte	24                              @ DW_AT_data_member_location
	.byte	13                              @ Abbrev [13] 0x336:0xd DW_TAG_member
	.long	.Linfo_string16                 @ DW_AT_name
	.long	644                             @ DW_AT_type
	.byte	4                               @ DW_AT_decl_file
	.short	3368                            @ DW_AT_decl_line
	.byte	28                              @ DW_AT_data_member_location
	.byte	13                              @ Abbrev [13] 0x343:0xd DW_TAG_member
	.long	.Linfo_string52                 @ DW_AT_name
	.long	181                             @ DW_AT_type
	.byte	4                               @ DW_AT_decl_file
	.short	3369                            @ DW_AT_decl_line
	.byte	32                              @ DW_AT_data_member_location
	.byte	13                              @ Abbrev [13] 0x350:0xd DW_TAG_member
	.long	.Linfo_string53                 @ DW_AT_name
	.long	181                             @ DW_AT_type
	.byte	4                               @ DW_AT_decl_file
	.short	3370                            @ DW_AT_decl_line
	.byte	36                              @ DW_AT_data_member_location
	.byte	13                              @ Abbrev [13] 0x35d:0xd DW_TAG_member
	.long	.Linfo_string54                 @ DW_AT_name
	.long	181                             @ DW_AT_type
	.byte	4                               @ DW_AT_decl_file
	.short	3371                            @ DW_AT_decl_line
	.byte	40                              @ DW_AT_data_member_location
	.byte	13                              @ Abbrev [13] 0x36a:0xd DW_TAG_member
	.long	.Linfo_string55                 @ DW_AT_name
	.long	181                             @ DW_AT_type
	.byte	4                               @ DW_AT_decl_file
	.short	3372                            @ DW_AT_decl_line
	.byte	44                              @ DW_AT_data_member_location
	.byte	13                              @ Abbrev [13] 0x377:0xd DW_TAG_member
	.long	.Linfo_string56                 @ DW_AT_name
	.long	181                             @ DW_AT_type
	.byte	4                               @ DW_AT_decl_file
	.short	3373                            @ DW_AT_decl_line
	.byte	48                              @ DW_AT_data_member_location
	.byte	13                              @ Abbrev [13] 0x384:0xd DW_TAG_member
	.long	.Linfo_string57                 @ DW_AT_name
	.long	181                             @ DW_AT_type
	.byte	4                               @ DW_AT_decl_file
	.short	3374                            @ DW_AT_decl_line
	.byte	52                              @ DW_AT_data_member_location
	.byte	13                              @ Abbrev [13] 0x391:0xd DW_TAG_member
	.long	.Linfo_string58                 @ DW_AT_name
	.long	181                             @ DW_AT_type
	.byte	4                               @ DW_AT_decl_file
	.short	3375                            @ DW_AT_decl_line
	.byte	56                              @ DW_AT_data_member_location
	.byte	13                              @ Abbrev [13] 0x39e:0xd DW_TAG_member
	.long	.Linfo_string23                 @ DW_AT_name
	.long	644                             @ DW_AT_type
	.byte	4                               @ DW_AT_decl_file
	.short	3376                            @ DW_AT_decl_line
	.byte	60                              @ DW_AT_data_member_location
	.byte	13                              @ Abbrev [13] 0x3ab:0xd DW_TAG_member
	.long	.Linfo_string59                 @ DW_AT_name
	.long	181                             @ DW_AT_type
	.byte	4                               @ DW_AT_decl_file
	.short	3377                            @ DW_AT_decl_line
	.byte	64                              @ DW_AT_data_member_location
	.byte	13                              @ Abbrev [13] 0x3b8:0xd DW_TAG_member
	.long	.Linfo_string31                 @ DW_AT_name
	.long	2747                            @ DW_AT_type
	.byte	4                               @ DW_AT_decl_file
	.short	3378                            @ DW_AT_decl_line
	.byte	68                              @ DW_AT_data_member_location
	.byte	13                              @ Abbrev [13] 0x3c5:0xd DW_TAG_member
	.long	.Linfo_string60                 @ DW_AT_name
	.long	181                             @ DW_AT_type
	.byte	4                               @ DW_AT_decl_file
	.short	3379                            @ DW_AT_decl_line
	.byte	128                             @ DW_AT_data_member_location
	.byte	13                              @ Abbrev [13] 0x3d2:0xd DW_TAG_member
	.long	.Linfo_string61                 @ DW_AT_name
	.long	181                             @ DW_AT_type
	.byte	4                               @ DW_AT_decl_file
	.short	3380                            @ DW_AT_decl_line
	.byte	132                             @ DW_AT_data_member_location
	.byte	13                              @ Abbrev [13] 0x3df:0xd DW_TAG_member
	.long	.Linfo_string62                 @ DW_AT_name
	.long	181                             @ DW_AT_type
	.byte	4                               @ DW_AT_decl_file
	.short	3381                            @ DW_AT_decl_line
	.byte	136                             @ DW_AT_data_member_location
	.byte	13                              @ Abbrev [13] 0x3ec:0xd DW_TAG_member
	.long	.Linfo_string63                 @ DW_AT_name
	.long	181                             @ DW_AT_type
	.byte	4                               @ DW_AT_decl_file
	.short	3382                            @ DW_AT_decl_line
	.byte	140                             @ DW_AT_data_member_location
	.byte	13                              @ Abbrev [13] 0x3f9:0xd DW_TAG_member
	.long	.Linfo_string64                 @ DW_AT_name
	.long	181                             @ DW_AT_type
	.byte	4                               @ DW_AT_decl_file
	.short	3383                            @ DW_AT_decl_line
	.byte	144                             @ DW_AT_data_member_location
	.byte	13                              @ Abbrev [13] 0x406:0xd DW_TAG_member
	.long	.Linfo_string65                 @ DW_AT_name
	.long	181                             @ DW_AT_type
	.byte	4                               @ DW_AT_decl_file
	.short	3384                            @ DW_AT_decl_line
	.byte	148                             @ DW_AT_data_member_location
	.byte	13                              @ Abbrev [13] 0x413:0xd DW_TAG_member
	.long	.Linfo_string66                 @ DW_AT_name
	.long	181                             @ DW_AT_type
	.byte	4                               @ DW_AT_decl_file
	.short	3385                            @ DW_AT_decl_line
	.byte	152                             @ DW_AT_data_member_location
	.byte	13                              @ Abbrev [13] 0x420:0xd DW_TAG_member
	.long	.Linfo_string67                 @ DW_AT_name
	.long	181                             @ DW_AT_type
	.byte	4                               @ DW_AT_decl_file
	.short	3386                            @ DW_AT_decl_line
	.byte	156                             @ DW_AT_data_member_location
	.byte	13                              @ Abbrev [13] 0x42d:0xd DW_TAG_member
	.long	.Linfo_string68                 @ DW_AT_name
	.long	181                             @ DW_AT_type
	.byte	4                               @ DW_AT_decl_file
	.short	3387                            @ DW_AT_decl_line
	.byte	160                             @ DW_AT_data_member_location
	.byte	13                              @ Abbrev [13] 0x43a:0xd DW_TAG_member
	.long	.Linfo_string69                 @ DW_AT_name
	.long	181                             @ DW_AT_type
	.byte	4                               @ DW_AT_decl_file
	.short	3388                            @ DW_AT_decl_line
	.byte	164                             @ DW_AT_data_member_location
	.byte	13                              @ Abbrev [13] 0x447:0xd DW_TAG_member
	.long	.Linfo_string35                 @ DW_AT_name
	.long	2759                            @ DW_AT_type
	.byte	4                               @ DW_AT_decl_file
	.short	3389                            @ DW_AT_decl_line
	.byte	168                             @ DW_AT_data_member_location
	.byte	16                              @ Abbrev [16] 0x454:0xe DW_TAG_member
	.long	.Linfo_string70                 @ DW_AT_name
	.long	181                             @ DW_AT_type
	.byte	4                               @ DW_AT_decl_file
	.short	3390                            @ DW_AT_decl_line
	.short	256                             @ DW_AT_data_member_location
	.byte	16                              @ Abbrev [16] 0x462:0xe DW_TAG_member
	.long	.Linfo_string71                 @ DW_AT_name
	.long	697                             @ DW_AT_type
	.byte	4                               @ DW_AT_decl_file
	.short	3391                            @ DW_AT_decl_line
	.short	260                             @ DW_AT_data_member_location
	.byte	16                              @ Abbrev [16] 0x470:0xe DW_TAG_member
	.long	.Linfo_string72                 @ DW_AT_name
	.long	181                             @ DW_AT_type
	.byte	4                               @ DW_AT_decl_file
	.short	3392                            @ DW_AT_decl_line
	.short	272                             @ DW_AT_data_member_location
	.byte	16                              @ Abbrev [16] 0x47e:0xe DW_TAG_member
	.long	.Linfo_string73                 @ DW_AT_name
	.long	181                             @ DW_AT_type
	.byte	4                               @ DW_AT_decl_file
	.short	3393                            @ DW_AT_decl_line
	.short	276                             @ DW_AT_data_member_location
	.byte	16                              @ Abbrev [16] 0x48c:0xe DW_TAG_member
	.long	.Linfo_string74                 @ DW_AT_name
	.long	181                             @ DW_AT_type
	.byte	4                               @ DW_AT_decl_file
	.short	3394                            @ DW_AT_decl_line
	.short	280                             @ DW_AT_data_member_location
	.byte	16                              @ Abbrev [16] 0x49a:0xe DW_TAG_member
	.long	.Linfo_string75                 @ DW_AT_name
	.long	644                             @ DW_AT_type
	.byte	4                               @ DW_AT_decl_file
	.short	3395                            @ DW_AT_decl_line
	.short	284                             @ DW_AT_data_member_location
	.byte	16                              @ Abbrev [16] 0x4a8:0xe DW_TAG_member
	.long	.Linfo_string76                 @ DW_AT_name
	.long	181                             @ DW_AT_type
	.byte	4                               @ DW_AT_decl_file
	.short	3396                            @ DW_AT_decl_line
	.short	288                             @ DW_AT_data_member_location
	.byte	16                              @ Abbrev [16] 0x4b6:0xe DW_TAG_member
	.long	.Linfo_string77                 @ DW_AT_name
	.long	181                             @ DW_AT_type
	.byte	4                               @ DW_AT_decl_file
	.short	3397                            @ DW_AT_decl_line
	.short	292                             @ DW_AT_data_member_location
	.byte	16                              @ Abbrev [16] 0x4c4:0xe DW_TAG_member
	.long	.Linfo_string78                 @ DW_AT_name
	.long	181                             @ DW_AT_type
	.byte	4                               @ DW_AT_decl_file
	.short	3398                            @ DW_AT_decl_line
	.short	296                             @ DW_AT_data_member_location
	.byte	16                              @ Abbrev [16] 0x4d2:0xe DW_TAG_member
	.long	.Linfo_string79                 @ DW_AT_name
	.long	644                             @ DW_AT_type
	.byte	4                               @ DW_AT_decl_file
	.short	3399                            @ DW_AT_decl_line
	.short	300                             @ DW_AT_data_member_location
	.byte	16                              @ Abbrev [16] 0x4e0:0xe DW_TAG_member
	.long	.Linfo_string80                 @ DW_AT_name
	.long	181                             @ DW_AT_type
	.byte	4                               @ DW_AT_decl_file
	.short	3400                            @ DW_AT_decl_line
	.short	304                             @ DW_AT_data_member_location
	.byte	16                              @ Abbrev [16] 0x4ee:0xe DW_TAG_member
	.long	.Linfo_string81                 @ DW_AT_name
	.long	181                             @ DW_AT_type
	.byte	4                               @ DW_AT_decl_file
	.short	3401                            @ DW_AT_decl_line
	.short	308                             @ DW_AT_data_member_location
	.byte	16                              @ Abbrev [16] 0x4fc:0xe DW_TAG_member
	.long	.Linfo_string82                 @ DW_AT_name
	.long	181                             @ DW_AT_type
	.byte	4                               @ DW_AT_decl_file
	.short	3402                            @ DW_AT_decl_line
	.short	312                             @ DW_AT_data_member_location
	.byte	16                              @ Abbrev [16] 0x50a:0xe DW_TAG_member
	.long	.Linfo_string83                 @ DW_AT_name
	.long	2771                            @ DW_AT_type
	.byte	4                               @ DW_AT_decl_file
	.short	3403                            @ DW_AT_decl_line
	.short	316                             @ DW_AT_data_member_location
	.byte	16                              @ Abbrev [16] 0x518:0xe DW_TAG_member
	.long	.Linfo_string84                 @ DW_AT_name
	.long	181                             @ DW_AT_type
	.byte	4                               @ DW_AT_decl_file
	.short	3404                            @ DW_AT_decl_line
	.short	512                             @ DW_AT_data_member_location
	.byte	16                              @ Abbrev [16] 0x526:0xe DW_TAG_member
	.long	.Linfo_string85                 @ DW_AT_name
	.long	181                             @ DW_AT_type
	.byte	4                               @ DW_AT_decl_file
	.short	3405                            @ DW_AT_decl_line
	.short	516                             @ DW_AT_data_member_location
	.byte	16                              @ Abbrev [16] 0x534:0xe DW_TAG_member
	.long	.Linfo_string86                 @ DW_AT_name
	.long	181                             @ DW_AT_type
	.byte	4                               @ DW_AT_decl_file
	.short	3406                            @ DW_AT_decl_line
	.short	520                             @ DW_AT_data_member_location
	.byte	16                              @ Abbrev [16] 0x542:0xe DW_TAG_member
	.long	.Linfo_string87                 @ DW_AT_name
	.long	181                             @ DW_AT_type
	.byte	4                               @ DW_AT_decl_file
	.short	3407                            @ DW_AT_decl_line
	.short	524                             @ DW_AT_data_member_location
	.byte	16                              @ Abbrev [16] 0x550:0xe DW_TAG_member
	.long	.Linfo_string88                 @ DW_AT_name
	.long	181                             @ DW_AT_type
	.byte	4                               @ DW_AT_decl_file
	.short	3408                            @ DW_AT_decl_line
	.short	528                             @ DW_AT_data_member_location
	.byte	16                              @ Abbrev [16] 0x55e:0xe DW_TAG_member
	.long	.Linfo_string89                 @ DW_AT_name
	.long	181                             @ DW_AT_type
	.byte	4                               @ DW_AT_decl_file
	.short	3409                            @ DW_AT_decl_line
	.short	532                             @ DW_AT_data_member_location
	.byte	16                              @ Abbrev [16] 0x56c:0xe DW_TAG_member
	.long	.Linfo_string90                 @ DW_AT_name
	.long	181                             @ DW_AT_type
	.byte	4                               @ DW_AT_decl_file
	.short	3410                            @ DW_AT_decl_line
	.short	536                             @ DW_AT_data_member_location
	.byte	16                              @ Abbrev [16] 0x57a:0xe DW_TAG_member
	.long	.Linfo_string91                 @ DW_AT_name
	.long	181                             @ DW_AT_type
	.byte	4                               @ DW_AT_decl_file
	.short	3411                            @ DW_AT_decl_line
	.short	540                             @ DW_AT_data_member_location
	.byte	16                              @ Abbrev [16] 0x588:0xe DW_TAG_member
	.long	.Linfo_string92                 @ DW_AT_name
	.long	181                             @ DW_AT_type
	.byte	4                               @ DW_AT_decl_file
	.short	3412                            @ DW_AT_decl_line
	.short	544                             @ DW_AT_data_member_location
	.byte	16                              @ Abbrev [16] 0x596:0xe DW_TAG_member
	.long	.Linfo_string93                 @ DW_AT_name
	.long	181                             @ DW_AT_type
	.byte	4                               @ DW_AT_decl_file
	.short	3413                            @ DW_AT_decl_line
	.short	548                             @ DW_AT_data_member_location
	.byte	16                              @ Abbrev [16] 0x5a4:0xe DW_TAG_member
	.long	.Linfo_string94                 @ DW_AT_name
	.long	181                             @ DW_AT_type
	.byte	4                               @ DW_AT_decl_file
	.short	3414                            @ DW_AT_decl_line
	.short	552                             @ DW_AT_data_member_location
	.byte	16                              @ Abbrev [16] 0x5b2:0xe DW_TAG_member
	.long	.Linfo_string95                 @ DW_AT_name
	.long	181                             @ DW_AT_type
	.byte	4                               @ DW_AT_decl_file
	.short	3415                            @ DW_AT_decl_line
	.short	556                             @ DW_AT_data_member_location
	.byte	16                              @ Abbrev [16] 0x5c0:0xe DW_TAG_member
	.long	.Linfo_string96                 @ DW_AT_name
	.long	181                             @ DW_AT_type
	.byte	4                               @ DW_AT_decl_file
	.short	3416                            @ DW_AT_decl_line
	.short	560                             @ DW_AT_data_member_location
	.byte	16                              @ Abbrev [16] 0x5ce:0xe DW_TAG_member
	.long	.Linfo_string97                 @ DW_AT_name
	.long	181                             @ DW_AT_type
	.byte	4                               @ DW_AT_decl_file
	.short	3417                            @ DW_AT_decl_line
	.short	564                             @ DW_AT_data_member_location
	.byte	16                              @ Abbrev [16] 0x5dc:0xe DW_TAG_member
	.long	.Linfo_string98                 @ DW_AT_name
	.long	181                             @ DW_AT_type
	.byte	4                               @ DW_AT_decl_file
	.short	3418                            @ DW_AT_decl_line
	.short	568                             @ DW_AT_data_member_location
	.byte	16                              @ Abbrev [16] 0x5ea:0xe DW_TAG_member
	.long	.Linfo_string99                 @ DW_AT_name
	.long	181                             @ DW_AT_type
	.byte	4                               @ DW_AT_decl_file
	.short	3419                            @ DW_AT_decl_line
	.short	572                             @ DW_AT_data_member_location
	.byte	16                              @ Abbrev [16] 0x5f8:0xe DW_TAG_member
	.long	.Linfo_string100                @ DW_AT_name
	.long	181                             @ DW_AT_type
	.byte	4                               @ DW_AT_decl_file
	.short	3420                            @ DW_AT_decl_line
	.short	576                             @ DW_AT_data_member_location
	.byte	16                              @ Abbrev [16] 0x606:0xe DW_TAG_member
	.long	.Linfo_string101                @ DW_AT_name
	.long	181                             @ DW_AT_type
	.byte	4                               @ DW_AT_decl_file
	.short	3421                            @ DW_AT_decl_line
	.short	580                             @ DW_AT_data_member_location
	.byte	16                              @ Abbrev [16] 0x614:0xe DW_TAG_member
	.long	.Linfo_string102                @ DW_AT_name
	.long	181                             @ DW_AT_type
	.byte	4                               @ DW_AT_decl_file
	.short	3422                            @ DW_AT_decl_line
	.short	584                             @ DW_AT_data_member_location
	.byte	16                              @ Abbrev [16] 0x622:0xe DW_TAG_member
	.long	.Linfo_string103                @ DW_AT_name
	.long	181                             @ DW_AT_type
	.byte	4                               @ DW_AT_decl_file
	.short	3423                            @ DW_AT_decl_line
	.short	588                             @ DW_AT_data_member_location
	.byte	16                              @ Abbrev [16] 0x630:0xe DW_TAG_member
	.long	.Linfo_string104                @ DW_AT_name
	.long	181                             @ DW_AT_type
	.byte	4                               @ DW_AT_decl_file
	.short	3424                            @ DW_AT_decl_line
	.short	592                             @ DW_AT_data_member_location
	.byte	16                              @ Abbrev [16] 0x63e:0xe DW_TAG_member
	.long	.Linfo_string105                @ DW_AT_name
	.long	181                             @ DW_AT_type
	.byte	4                               @ DW_AT_decl_file
	.short	3425                            @ DW_AT_decl_line
	.short	596                             @ DW_AT_data_member_location
	.byte	16                              @ Abbrev [16] 0x64c:0xe DW_TAG_member
	.long	.Linfo_string106                @ DW_AT_name
	.long	181                             @ DW_AT_type
	.byte	4                               @ DW_AT_decl_file
	.short	3426                            @ DW_AT_decl_line
	.short	600                             @ DW_AT_data_member_location
	.byte	16                              @ Abbrev [16] 0x65a:0xe DW_TAG_member
	.long	.Linfo_string107                @ DW_AT_name
	.long	181                             @ DW_AT_type
	.byte	4                               @ DW_AT_decl_file
	.short	3427                            @ DW_AT_decl_line
	.short	604                             @ DW_AT_data_member_location
	.byte	16                              @ Abbrev [16] 0x668:0xe DW_TAG_member
	.long	.Linfo_string108                @ DW_AT_name
	.long	181                             @ DW_AT_type
	.byte	4                               @ DW_AT_decl_file
	.short	3428                            @ DW_AT_decl_line
	.short	608                             @ DW_AT_data_member_location
	.byte	16                              @ Abbrev [16] 0x676:0xe DW_TAG_member
	.long	.Linfo_string109                @ DW_AT_name
	.long	181                             @ DW_AT_type
	.byte	4                               @ DW_AT_decl_file
	.short	3429                            @ DW_AT_decl_line
	.short	612                             @ DW_AT_data_member_location
	.byte	16                              @ Abbrev [16] 0x684:0xe DW_TAG_member
	.long	.Linfo_string110                @ DW_AT_name
	.long	181                             @ DW_AT_type
	.byte	4                               @ DW_AT_decl_file
	.short	3430                            @ DW_AT_decl_line
	.short	616                             @ DW_AT_data_member_location
	.byte	16                              @ Abbrev [16] 0x692:0xe DW_TAG_member
	.long	.Linfo_string111                @ DW_AT_name
	.long	181                             @ DW_AT_type
	.byte	4                               @ DW_AT_decl_file
	.short	3431                            @ DW_AT_decl_line
	.short	620                             @ DW_AT_data_member_location
	.byte	16                              @ Abbrev [16] 0x6a0:0xe DW_TAG_member
	.long	.Linfo_string112                @ DW_AT_name
	.long	181                             @ DW_AT_type
	.byte	4                               @ DW_AT_decl_file
	.short	3432                            @ DW_AT_decl_line
	.short	624                             @ DW_AT_data_member_location
	.byte	16                              @ Abbrev [16] 0x6ae:0xe DW_TAG_member
	.long	.Linfo_string113                @ DW_AT_name
	.long	181                             @ DW_AT_type
	.byte	4                               @ DW_AT_decl_file
	.short	3433                            @ DW_AT_decl_line
	.short	628                             @ DW_AT_data_member_location
	.byte	16                              @ Abbrev [16] 0x6bc:0xe DW_TAG_member
	.long	.Linfo_string114                @ DW_AT_name
	.long	181                             @ DW_AT_type
	.byte	4                               @ DW_AT_decl_file
	.short	3434                            @ DW_AT_decl_line
	.short	632                             @ DW_AT_data_member_location
	.byte	16                              @ Abbrev [16] 0x6ca:0xe DW_TAG_member
	.long	.Linfo_string115                @ DW_AT_name
	.long	181                             @ DW_AT_type
	.byte	4                               @ DW_AT_decl_file
	.short	3435                            @ DW_AT_decl_line
	.short	636                             @ DW_AT_data_member_location
	.byte	16                              @ Abbrev [16] 0x6d8:0xe DW_TAG_member
	.long	.Linfo_string116                @ DW_AT_name
	.long	181                             @ DW_AT_type
	.byte	4                               @ DW_AT_decl_file
	.short	3436                            @ DW_AT_decl_line
	.short	640                             @ DW_AT_data_member_location
	.byte	16                              @ Abbrev [16] 0x6e6:0xe DW_TAG_member
	.long	.Linfo_string117                @ DW_AT_name
	.long	181                             @ DW_AT_type
	.byte	4                               @ DW_AT_decl_file
	.short	3437                            @ DW_AT_decl_line
	.short	644                             @ DW_AT_data_member_location
	.byte	16                              @ Abbrev [16] 0x6f4:0xe DW_TAG_member
	.long	.Linfo_string118                @ DW_AT_name
	.long	181                             @ DW_AT_type
	.byte	4                               @ DW_AT_decl_file
	.short	3438                            @ DW_AT_decl_line
	.short	648                             @ DW_AT_data_member_location
	.byte	16                              @ Abbrev [16] 0x702:0xe DW_TAG_member
	.long	.Linfo_string119                @ DW_AT_name
	.long	181                             @ DW_AT_type
	.byte	4                               @ DW_AT_decl_file
	.short	3439                            @ DW_AT_decl_line
	.short	652                             @ DW_AT_data_member_location
	.byte	16                              @ Abbrev [16] 0x710:0xe DW_TAG_member
	.long	.Linfo_string120                @ DW_AT_name
	.long	181                             @ DW_AT_type
	.byte	4                               @ DW_AT_decl_file
	.short	3440                            @ DW_AT_decl_line
	.short	656                             @ DW_AT_data_member_location
	.byte	16                              @ Abbrev [16] 0x71e:0xe DW_TAG_member
	.long	.Linfo_string121                @ DW_AT_name
	.long	181                             @ DW_AT_type
	.byte	4                               @ DW_AT_decl_file
	.short	3441                            @ DW_AT_decl_line
	.short	660                             @ DW_AT_data_member_location
	.byte	16                              @ Abbrev [16] 0x72c:0xe DW_TAG_member
	.long	.Linfo_string122                @ DW_AT_name
	.long	181                             @ DW_AT_type
	.byte	4                               @ DW_AT_decl_file
	.short	3442                            @ DW_AT_decl_line
	.short	664                             @ DW_AT_data_member_location
	.byte	16                              @ Abbrev [16] 0x73a:0xe DW_TAG_member
	.long	.Linfo_string123                @ DW_AT_name
	.long	181                             @ DW_AT_type
	.byte	4                               @ DW_AT_decl_file
	.short	3443                            @ DW_AT_decl_line
	.short	668                             @ DW_AT_data_member_location
	.byte	16                              @ Abbrev [16] 0x748:0xe DW_TAG_member
	.long	.Linfo_string124                @ DW_AT_name
	.long	181                             @ DW_AT_type
	.byte	4                               @ DW_AT_decl_file
	.short	3444                            @ DW_AT_decl_line
	.short	672                             @ DW_AT_data_member_location
	.byte	16                              @ Abbrev [16] 0x756:0xe DW_TAG_member
	.long	.Linfo_string125                @ DW_AT_name
	.long	181                             @ DW_AT_type
	.byte	4                               @ DW_AT_decl_file
	.short	3445                            @ DW_AT_decl_line
	.short	676                             @ DW_AT_data_member_location
	.byte	16                              @ Abbrev [16] 0x764:0xe DW_TAG_member
	.long	.Linfo_string126                @ DW_AT_name
	.long	181                             @ DW_AT_type
	.byte	4                               @ DW_AT_decl_file
	.short	3446                            @ DW_AT_decl_line
	.short	680                             @ DW_AT_data_member_location
	.byte	16                              @ Abbrev [16] 0x772:0xe DW_TAG_member
	.long	.Linfo_string127                @ DW_AT_name
	.long	181                             @ DW_AT_type
	.byte	4                               @ DW_AT_decl_file
	.short	3447                            @ DW_AT_decl_line
	.short	684                             @ DW_AT_data_member_location
	.byte	16                              @ Abbrev [16] 0x780:0xe DW_TAG_member
	.long	.Linfo_string128                @ DW_AT_name
	.long	181                             @ DW_AT_type
	.byte	4                               @ DW_AT_decl_file
	.short	3448                            @ DW_AT_decl_line
	.short	688                             @ DW_AT_data_member_location
	.byte	16                              @ Abbrev [16] 0x78e:0xe DW_TAG_member
	.long	.Linfo_string129                @ DW_AT_name
	.long	697                             @ DW_AT_type
	.byte	4                               @ DW_AT_decl_file
	.short	3449                            @ DW_AT_decl_line
	.short	692                             @ DW_AT_data_member_location
	.byte	16                              @ Abbrev [16] 0x79c:0xe DW_TAG_member
	.long	.Linfo_string130                @ DW_AT_name
	.long	181                             @ DW_AT_type
	.byte	4                               @ DW_AT_decl_file
	.short	3450                            @ DW_AT_decl_line
	.short	704                             @ DW_AT_data_member_location
	.byte	16                              @ Abbrev [16] 0x7aa:0xe DW_TAG_member
	.long	.Linfo_string131                @ DW_AT_name
	.long	181                             @ DW_AT_type
	.byte	4                               @ DW_AT_decl_file
	.short	3451                            @ DW_AT_decl_line
	.short	708                             @ DW_AT_data_member_location
	.byte	16                              @ Abbrev [16] 0x7b8:0xe DW_TAG_member
	.long	.Linfo_string132                @ DW_AT_name
	.long	181                             @ DW_AT_type
	.byte	4                               @ DW_AT_decl_file
	.short	3452                            @ DW_AT_decl_line
	.short	712                             @ DW_AT_data_member_location
	.byte	16                              @ Abbrev [16] 0x7c6:0xe DW_TAG_member
	.long	.Linfo_string133                @ DW_AT_name
	.long	181                             @ DW_AT_type
	.byte	4                               @ DW_AT_decl_file
	.short	3453                            @ DW_AT_decl_line
	.short	716                             @ DW_AT_data_member_location
	.byte	16                              @ Abbrev [16] 0x7d4:0xe DW_TAG_member
	.long	.Linfo_string134                @ DW_AT_name
	.long	181                             @ DW_AT_type
	.byte	4                               @ DW_AT_decl_file
	.short	3454                            @ DW_AT_decl_line
	.short	720                             @ DW_AT_data_member_location
	.byte	16                              @ Abbrev [16] 0x7e2:0xe DW_TAG_member
	.long	.Linfo_string135                @ DW_AT_name
	.long	181                             @ DW_AT_type
	.byte	4                               @ DW_AT_decl_file
	.short	3455                            @ DW_AT_decl_line
	.short	724                             @ DW_AT_data_member_location
	.byte	16                              @ Abbrev [16] 0x7f0:0xe DW_TAG_member
	.long	.Linfo_string136                @ DW_AT_name
	.long	181                             @ DW_AT_type
	.byte	4                               @ DW_AT_decl_file
	.short	3456                            @ DW_AT_decl_line
	.short	728                             @ DW_AT_data_member_location
	.byte	16                              @ Abbrev [16] 0x7fe:0xe DW_TAG_member
	.long	.Linfo_string137                @ DW_AT_name
	.long	181                             @ DW_AT_type
	.byte	4                               @ DW_AT_decl_file
	.short	3457                            @ DW_AT_decl_line
	.short	732                             @ DW_AT_data_member_location
	.byte	16                              @ Abbrev [16] 0x80c:0xe DW_TAG_member
	.long	.Linfo_string138                @ DW_AT_name
	.long	181                             @ DW_AT_type
	.byte	4                               @ DW_AT_decl_file
	.short	3458                            @ DW_AT_decl_line
	.short	736                             @ DW_AT_data_member_location
	.byte	16                              @ Abbrev [16] 0x81a:0xe DW_TAG_member
	.long	.Linfo_string139                @ DW_AT_name
	.long	2783                            @ DW_AT_type
	.byte	4                               @ DW_AT_decl_file
	.short	3459                            @ DW_AT_decl_line
	.short	740                             @ DW_AT_data_member_location
	.byte	16                              @ Abbrev [16] 0x828:0xe DW_TAG_member
	.long	.Linfo_string140                @ DW_AT_name
	.long	181                             @ DW_AT_type
	.byte	4                               @ DW_AT_decl_file
	.short	3460                            @ DW_AT_decl_line
	.short	768                             @ DW_AT_data_member_location
	.byte	16                              @ Abbrev [16] 0x836:0xe DW_TAG_member
	.long	.Linfo_string141                @ DW_AT_name
	.long	181                             @ DW_AT_type
	.byte	4                               @ DW_AT_decl_file
	.short	3461                            @ DW_AT_decl_line
	.short	772                             @ DW_AT_data_member_location
	.byte	16                              @ Abbrev [16] 0x844:0xe DW_TAG_member
	.long	.Linfo_string142                @ DW_AT_name
	.long	181                             @ DW_AT_type
	.byte	4                               @ DW_AT_decl_file
	.short	3462                            @ DW_AT_decl_line
	.short	776                             @ DW_AT_data_member_location
	.byte	16                              @ Abbrev [16] 0x852:0xe DW_TAG_member
	.long	.Linfo_string143                @ DW_AT_name
	.long	181                             @ DW_AT_type
	.byte	4                               @ DW_AT_decl_file
	.short	3463                            @ DW_AT_decl_line
	.short	780                             @ DW_AT_data_member_location
	.byte	16                              @ Abbrev [16] 0x860:0xe DW_TAG_member
	.long	.Linfo_string144                @ DW_AT_name
	.long	181                             @ DW_AT_type
	.byte	4                               @ DW_AT_decl_file
	.short	3464                            @ DW_AT_decl_line
	.short	784                             @ DW_AT_data_member_location
	.byte	16                              @ Abbrev [16] 0x86e:0xe DW_TAG_member
	.long	.Linfo_string145                @ DW_AT_name
	.long	181                             @ DW_AT_type
	.byte	4                               @ DW_AT_decl_file
	.short	3465                            @ DW_AT_decl_line
	.short	788                             @ DW_AT_data_member_location
	.byte	16                              @ Abbrev [16] 0x87c:0xe DW_TAG_member
	.long	.Linfo_string146                @ DW_AT_name
	.long	181                             @ DW_AT_type
	.byte	4                               @ DW_AT_decl_file
	.short	3466                            @ DW_AT_decl_line
	.short	792                             @ DW_AT_data_member_location
	.byte	16                              @ Abbrev [16] 0x88a:0xe DW_TAG_member
	.long	.Linfo_string147                @ DW_AT_name
	.long	181                             @ DW_AT_type
	.byte	4                               @ DW_AT_decl_file
	.short	3467                            @ DW_AT_decl_line
	.short	796                             @ DW_AT_data_member_location
	.byte	16                              @ Abbrev [16] 0x898:0xe DW_TAG_member
	.long	.Linfo_string148                @ DW_AT_name
	.long	181                             @ DW_AT_type
	.byte	4                               @ DW_AT_decl_file
	.short	3468                            @ DW_AT_decl_line
	.short	800                             @ DW_AT_data_member_location
	.byte	16                              @ Abbrev [16] 0x8a6:0xe DW_TAG_member
	.long	.Linfo_string149                @ DW_AT_name
	.long	181                             @ DW_AT_type
	.byte	4                               @ DW_AT_decl_file
	.short	3469                            @ DW_AT_decl_line
	.short	804                             @ DW_AT_data_member_location
	.byte	16                              @ Abbrev [16] 0x8b4:0xe DW_TAG_member
	.long	.Linfo_string150                @ DW_AT_name
	.long	181                             @ DW_AT_type
	.byte	4                               @ DW_AT_decl_file
	.short	3470                            @ DW_AT_decl_line
	.short	808                             @ DW_AT_data_member_location
	.byte	16                              @ Abbrev [16] 0x8c2:0xe DW_TAG_member
	.long	.Linfo_string151                @ DW_AT_name
	.long	181                             @ DW_AT_type
	.byte	4                               @ DW_AT_decl_file
	.short	3471                            @ DW_AT_decl_line
	.short	812                             @ DW_AT_data_member_location
	.byte	16                              @ Abbrev [16] 0x8d0:0xe DW_TAG_member
	.long	.Linfo_string152                @ DW_AT_name
	.long	181                             @ DW_AT_type
	.byte	4                               @ DW_AT_decl_file
	.short	3472                            @ DW_AT_decl_line
	.short	816                             @ DW_AT_data_member_location
	.byte	16                              @ Abbrev [16] 0x8de:0xe DW_TAG_member
	.long	.Linfo_string153                @ DW_AT_name
	.long	181                             @ DW_AT_type
	.byte	4                               @ DW_AT_decl_file
	.short	3473                            @ DW_AT_decl_line
	.short	820                             @ DW_AT_data_member_location
	.byte	16                              @ Abbrev [16] 0x8ec:0xe DW_TAG_member
	.long	.Linfo_string154                @ DW_AT_name
	.long	181                             @ DW_AT_type
	.byte	4                               @ DW_AT_decl_file
	.short	3474                            @ DW_AT_decl_line
	.short	824                             @ DW_AT_data_member_location
	.byte	16                              @ Abbrev [16] 0x8fa:0xe DW_TAG_member
	.long	.Linfo_string155                @ DW_AT_name
	.long	181                             @ DW_AT_type
	.byte	4                               @ DW_AT_decl_file
	.short	3475                            @ DW_AT_decl_line
	.short	828                             @ DW_AT_data_member_location
	.byte	16                              @ Abbrev [16] 0x908:0xe DW_TAG_member
	.long	.Linfo_string156                @ DW_AT_name
	.long	181                             @ DW_AT_type
	.byte	4                               @ DW_AT_decl_file
	.short	3476                            @ DW_AT_decl_line
	.short	832                             @ DW_AT_data_member_location
	.byte	16                              @ Abbrev [16] 0x916:0xe DW_TAG_member
	.long	.Linfo_string157                @ DW_AT_name
	.long	181                             @ DW_AT_type
	.byte	4                               @ DW_AT_decl_file
	.short	3477                            @ DW_AT_decl_line
	.short	836                             @ DW_AT_data_member_location
	.byte	16                              @ Abbrev [16] 0x924:0xe DW_TAG_member
	.long	.Linfo_string158                @ DW_AT_name
	.long	181                             @ DW_AT_type
	.byte	4                               @ DW_AT_decl_file
	.short	3478                            @ DW_AT_decl_line
	.short	840                             @ DW_AT_data_member_location
	.byte	16                              @ Abbrev [16] 0x932:0xe DW_TAG_member
	.long	.Linfo_string159                @ DW_AT_name
	.long	181                             @ DW_AT_type
	.byte	4                               @ DW_AT_decl_file
	.short	3479                            @ DW_AT_decl_line
	.short	844                             @ DW_AT_data_member_location
	.byte	16                              @ Abbrev [16] 0x940:0xe DW_TAG_member
	.long	.Linfo_string160                @ DW_AT_name
	.long	181                             @ DW_AT_type
	.byte	4                               @ DW_AT_decl_file
	.short	3480                            @ DW_AT_decl_line
	.short	848                             @ DW_AT_data_member_location
	.byte	16                              @ Abbrev [16] 0x94e:0xe DW_TAG_member
	.long	.Linfo_string161                @ DW_AT_name
	.long	181                             @ DW_AT_type
	.byte	4                               @ DW_AT_decl_file
	.short	3481                            @ DW_AT_decl_line
	.short	852                             @ DW_AT_data_member_location
	.byte	16                              @ Abbrev [16] 0x95c:0xe DW_TAG_member
	.long	.Linfo_string162                @ DW_AT_name
	.long	181                             @ DW_AT_type
	.byte	4                               @ DW_AT_decl_file
	.short	3482                            @ DW_AT_decl_line
	.short	856                             @ DW_AT_data_member_location
	.byte	16                              @ Abbrev [16] 0x96a:0xe DW_TAG_member
	.long	.Linfo_string163                @ DW_AT_name
	.long	644                             @ DW_AT_type
	.byte	4                               @ DW_AT_decl_file
	.short	3483                            @ DW_AT_decl_line
	.short	860                             @ DW_AT_data_member_location
	.byte	16                              @ Abbrev [16] 0x978:0xe DW_TAG_member
	.long	.Linfo_string164                @ DW_AT_name
	.long	181                             @ DW_AT_type
	.byte	4                               @ DW_AT_decl_file
	.short	3484                            @ DW_AT_decl_line
	.short	864                             @ DW_AT_data_member_location
	.byte	16                              @ Abbrev [16] 0x986:0xe DW_TAG_member
	.long	.Linfo_string165                @ DW_AT_name
	.long	181                             @ DW_AT_type
	.byte	4                               @ DW_AT_decl_file
	.short	3485                            @ DW_AT_decl_line
	.short	868                             @ DW_AT_data_member_location
	.byte	16                              @ Abbrev [16] 0x994:0xe DW_TAG_member
	.long	.Linfo_string166                @ DW_AT_name
	.long	181                             @ DW_AT_type
	.byte	4                               @ DW_AT_decl_file
	.short	3486                            @ DW_AT_decl_line
	.short	872                             @ DW_AT_data_member_location
	.byte	16                              @ Abbrev [16] 0x9a2:0xe DW_TAG_member
	.long	.Linfo_string167                @ DW_AT_name
	.long	181                             @ DW_AT_type
	.byte	4                               @ DW_AT_decl_file
	.short	3487                            @ DW_AT_decl_line
	.short	876                             @ DW_AT_data_member_location
	.byte	16                              @ Abbrev [16] 0x9b0:0xe DW_TAG_member
	.long	.Linfo_string168                @ DW_AT_name
	.long	181                             @ DW_AT_type
	.byte	4                               @ DW_AT_decl_file
	.short	3488                            @ DW_AT_decl_line
	.short	880                             @ DW_AT_data_member_location
	.byte	16                              @ Abbrev [16] 0x9be:0xe DW_TAG_member
	.long	.Linfo_string169                @ DW_AT_name
	.long	181                             @ DW_AT_type
	.byte	4                               @ DW_AT_decl_file
	.short	3489                            @ DW_AT_decl_line
	.short	884                             @ DW_AT_data_member_location
	.byte	16                              @ Abbrev [16] 0x9cc:0xe DW_TAG_member
	.long	.Linfo_string170                @ DW_AT_name
	.long	181                             @ DW_AT_type
	.byte	4                               @ DW_AT_decl_file
	.short	3490                            @ DW_AT_decl_line
	.short	888                             @ DW_AT_data_member_location
	.byte	16                              @ Abbrev [16] 0x9da:0xe DW_TAG_member
	.long	.Linfo_string171                @ DW_AT_name
	.long	181                             @ DW_AT_type
	.byte	4                               @ DW_AT_decl_file
	.short	3491                            @ DW_AT_decl_line
	.short	892                             @ DW_AT_data_member_location
	.byte	16                              @ Abbrev [16] 0x9e8:0xe DW_TAG_member
	.long	.Linfo_string172                @ DW_AT_name
	.long	644                             @ DW_AT_type
	.byte	4                               @ DW_AT_decl_file
	.short	3492                            @ DW_AT_decl_line
	.short	896                             @ DW_AT_data_member_location
	.byte	16                              @ Abbrev [16] 0x9f6:0xe DW_TAG_member
	.long	.Linfo_string173                @ DW_AT_name
	.long	181                             @ DW_AT_type
	.byte	4                               @ DW_AT_decl_file
	.short	3493                            @ DW_AT_decl_line
	.short	900                             @ DW_AT_data_member_location
	.byte	16                              @ Abbrev [16] 0xa04:0xe DW_TAG_member
	.long	.Linfo_string174                @ DW_AT_name
	.long	181                             @ DW_AT_type
	.byte	4                               @ DW_AT_decl_file
	.short	3494                            @ DW_AT_decl_line
	.short	904                             @ DW_AT_data_member_location
	.byte	16                              @ Abbrev [16] 0xa12:0xe DW_TAG_member
	.long	.Linfo_string175                @ DW_AT_name
	.long	181                             @ DW_AT_type
	.byte	4                               @ DW_AT_decl_file
	.short	3495                            @ DW_AT_decl_line
	.short	908                             @ DW_AT_data_member_location
	.byte	16                              @ Abbrev [16] 0xa20:0xe DW_TAG_member
	.long	.Linfo_string176                @ DW_AT_name
	.long	181                             @ DW_AT_type
	.byte	4                               @ DW_AT_decl_file
	.short	3496                            @ DW_AT_decl_line
	.short	912                             @ DW_AT_data_member_location
	.byte	16                              @ Abbrev [16] 0xa2e:0xe DW_TAG_member
	.long	.Linfo_string177                @ DW_AT_name
	.long	181                             @ DW_AT_type
	.byte	4                               @ DW_AT_decl_file
	.short	3497                            @ DW_AT_decl_line
	.short	916                             @ DW_AT_data_member_location
	.byte	16                              @ Abbrev [16] 0xa3c:0xe DW_TAG_member
	.long	.Linfo_string178                @ DW_AT_name
	.long	181                             @ DW_AT_type
	.byte	4                               @ DW_AT_decl_file
	.short	3498                            @ DW_AT_decl_line
	.short	920                             @ DW_AT_data_member_location
	.byte	16                              @ Abbrev [16] 0xa4a:0xe DW_TAG_member
	.long	.Linfo_string179                @ DW_AT_name
	.long	181                             @ DW_AT_type
	.byte	4                               @ DW_AT_decl_file
	.short	3499                            @ DW_AT_decl_line
	.short	924                             @ DW_AT_data_member_location
	.byte	16                              @ Abbrev [16] 0xa58:0xe DW_TAG_member
	.long	.Linfo_string180                @ DW_AT_name
	.long	2795                            @ DW_AT_type
	.byte	4                               @ DW_AT_decl_file
	.short	3500                            @ DW_AT_decl_line
	.short	928                             @ DW_AT_data_member_location
	.byte	16                              @ Abbrev [16] 0xa66:0xe DW_TAG_member
	.long	.Linfo_string181                @ DW_AT_name
	.long	181                             @ DW_AT_type
	.byte	4                               @ DW_AT_decl_file
	.short	3501                            @ DW_AT_decl_line
	.short	1280                            @ DW_AT_data_member_location
	.byte	16                              @ Abbrev [16] 0xa74:0xe DW_TAG_member
	.long	.Linfo_string182                @ DW_AT_name
	.long	656                             @ DW_AT_type
	.byte	4                               @ DW_AT_decl_file
	.short	3502                            @ DW_AT_decl_line
	.short	1284                            @ DW_AT_data_member_location
	.byte	16                              @ Abbrev [16] 0xa82:0xe DW_TAG_member
	.long	.Linfo_string183                @ DW_AT_name
	.long	2807                            @ DW_AT_type
	.byte	4                               @ DW_AT_decl_file
	.short	3503                            @ DW_AT_decl_line
	.short	1288                            @ DW_AT_data_member_location
	.byte	16                              @ Abbrev [16] 0xa90:0xe DW_TAG_member
	.long	.Linfo_string184                @ DW_AT_name
	.long	181                             @ DW_AT_type
	.byte	4                               @ DW_AT_decl_file
	.short	3504                            @ DW_AT_decl_line
	.short	3728                            @ DW_AT_data_member_location
	.byte	16                              @ Abbrev [16] 0xa9e:0xe DW_TAG_member
	.long	.Linfo_string185                @ DW_AT_name
	.long	656                             @ DW_AT_type
	.byte	4                               @ DW_AT_decl_file
	.short	3505                            @ DW_AT_decl_line
	.short	3732                            @ DW_AT_data_member_location
	.byte	16                              @ Abbrev [16] 0xaac:0xe DW_TAG_member
	.long	.Linfo_string186                @ DW_AT_name
	.long	656                             @ DW_AT_type
	.byte	4                               @ DW_AT_decl_file
	.short	3506                            @ DW_AT_decl_line
	.short	3736                            @ DW_AT_data_member_location
	.byte	0                               @ End Of Children Mark
	.byte	3                               @ Abbrev [3] 0xabb:0xc DW_TAG_array_type
	.long	656                             @ DW_AT_type
	.byte	4                               @ Abbrev [4] 0xac0:0x6 DW_TAG_subrange_type
	.long	70                              @ DW_AT_type
	.byte	15                              @ DW_AT_count
	.byte	0                               @ End Of Children Mark
	.byte	3                               @ Abbrev [3] 0xac7:0xc DW_TAG_array_type
	.long	656                             @ DW_AT_type
	.byte	4                               @ Abbrev [4] 0xacc:0x6 DW_TAG_subrange_type
	.long	70                              @ DW_AT_type
	.byte	22                              @ DW_AT_count
	.byte	0                               @ End Of Children Mark
	.byte	3                               @ Abbrev [3] 0xad3:0xc DW_TAG_array_type
	.long	656                             @ DW_AT_type
	.byte	4                               @ Abbrev [4] 0xad8:0x6 DW_TAG_subrange_type
	.long	70                              @ DW_AT_type
	.byte	49                              @ DW_AT_count
	.byte	0                               @ End Of Children Mark
	.byte	3                               @ Abbrev [3] 0xadf:0xc DW_TAG_array_type
	.long	656                             @ DW_AT_type
	.byte	4                               @ Abbrev [4] 0xae4:0x6 DW_TAG_subrange_type
	.long	70                              @ DW_AT_type
	.byte	7                               @ DW_AT_count
	.byte	0                               @ End Of Children Mark
	.byte	3                               @ Abbrev [3] 0xaeb:0xc DW_TAG_array_type
	.long	656                             @ DW_AT_type
	.byte	4                               @ Abbrev [4] 0xaf0:0x6 DW_TAG_subrange_type
	.long	70                              @ DW_AT_type
	.byte	88                              @ DW_AT_count
	.byte	0                               @ End Of Children Mark
	.byte	3                               @ Abbrev [3] 0xaf7:0xd DW_TAG_array_type
	.long	656                             @ DW_AT_type
	.byte	17                              @ Abbrev [17] 0xafc:0x7 DW_TAG_subrange_type
	.long	70                              @ DW_AT_type
	.short	610                             @ DW_AT_count
	.byte	0                               @ End Of Children Mark
	.byte	9                               @ Abbrev [9] 0xb04:0x5 DW_TAG_pointer_type
	.long	2825                            @ DW_AT_type
	.byte	11                              @ Abbrev [11] 0xb09:0xc DW_TAG_typedef
	.long	2837                            @ DW_AT_type
	.long	.Linfo_string200                @ DW_AT_name
	.byte	5                               @ DW_AT_decl_file
	.short	293                             @ DW_AT_decl_line
	.byte	12                              @ Abbrev [12] 0xb15:0xbb DW_TAG_structure_type
	.byte	56                              @ DW_AT_byte_size
	.byte	5                               @ DW_AT_decl_file
	.byte	28                              @ DW_AT_decl_line
	.byte	13                              @ Abbrev [13] 0xb19:0xd DW_TAG_member
	.long	.Linfo_string27                 @ DW_AT_name
	.long	181                             @ DW_AT_type
	.byte	5                               @ DW_AT_decl_file
	.short	278                             @ DW_AT_decl_line
	.byte	0                               @ DW_AT_data_member_location
	.byte	13                              @ Abbrev [13] 0xb26:0xd DW_TAG_member
	.long	.Linfo_string188                @ DW_AT_name
	.long	181                             @ DW_AT_type
	.byte	5                               @ DW_AT_decl_file
	.short	279                             @ DW_AT_decl_line
	.byte	4                               @ DW_AT_data_member_location
	.byte	13                              @ Abbrev [13] 0xb33:0xd DW_TAG_member
	.long	.Linfo_string189                @ DW_AT_name
	.long	181                             @ DW_AT_type
	.byte	5                               @ DW_AT_decl_file
	.short	280                             @ DW_AT_decl_line
	.byte	8                               @ DW_AT_data_member_location
	.byte	13                              @ Abbrev [13] 0xb40:0xd DW_TAG_member
	.long	.Linfo_string190                @ DW_AT_name
	.long	181                             @ DW_AT_type
	.byte	5                               @ DW_AT_decl_file
	.short	281                             @ DW_AT_decl_line
	.byte	12                              @ DW_AT_data_member_location
	.byte	13                              @ Abbrev [13] 0xb4d:0xd DW_TAG_member
	.long	.Linfo_string191                @ DW_AT_name
	.long	656                             @ DW_AT_type
	.byte	5                               @ DW_AT_decl_file
	.short	282                             @ DW_AT_decl_line
	.byte	16                              @ DW_AT_data_member_location
	.byte	13                              @ Abbrev [13] 0xb5a:0xd DW_TAG_member
	.long	.Linfo_string192                @ DW_AT_name
	.long	181                             @ DW_AT_type
	.byte	5                               @ DW_AT_decl_file
	.short	283                             @ DW_AT_decl_line
	.byte	20                              @ DW_AT_data_member_location
	.byte	13                              @ Abbrev [13] 0xb67:0xd DW_TAG_member
	.long	.Linfo_string193                @ DW_AT_name
	.long	181                             @ DW_AT_type
	.byte	5                               @ DW_AT_decl_file
	.short	284                             @ DW_AT_decl_line
	.byte	24                              @ DW_AT_data_member_location
	.byte	13                              @ Abbrev [13] 0xb74:0xd DW_TAG_member
	.long	.Linfo_string194                @ DW_AT_name
	.long	181                             @ DW_AT_type
	.byte	5                               @ DW_AT_decl_file
	.short	285                             @ DW_AT_decl_line
	.byte	28                              @ DW_AT_data_member_location
	.byte	13                              @ Abbrev [13] 0xb81:0xd DW_TAG_member
	.long	.Linfo_string195                @ DW_AT_name
	.long	181                             @ DW_AT_type
	.byte	5                               @ DW_AT_decl_file
	.short	286                             @ DW_AT_decl_line
	.byte	32                              @ DW_AT_data_member_location
	.byte	13                              @ Abbrev [13] 0xb8e:0xd DW_TAG_member
	.long	.Linfo_string196                @ DW_AT_name
	.long	181                             @ DW_AT_type
	.byte	5                               @ DW_AT_decl_file
	.short	287                             @ DW_AT_decl_line
	.byte	36                              @ DW_AT_data_member_location
	.byte	13                              @ Abbrev [13] 0xb9b:0xd DW_TAG_member
	.long	.Linfo_string197                @ DW_AT_name
	.long	181                             @ DW_AT_type
	.byte	5                               @ DW_AT_decl_file
	.short	288                             @ DW_AT_decl_line
	.byte	40                              @ DW_AT_data_member_location
	.byte	13                              @ Abbrev [13] 0xba8:0xd DW_TAG_member
	.long	.Linfo_string16                 @ DW_AT_name
	.long	644                             @ DW_AT_type
	.byte	5                               @ DW_AT_decl_file
	.short	289                             @ DW_AT_decl_line
	.byte	44                              @ DW_AT_data_member_location
	.byte	13                              @ Abbrev [13] 0xbb5:0xd DW_TAG_member
	.long	.Linfo_string198                @ DW_AT_name
	.long	181                             @ DW_AT_type
	.byte	5                               @ DW_AT_decl_file
	.short	290                             @ DW_AT_decl_line
	.byte	48                              @ DW_AT_data_member_location
	.byte	13                              @ Abbrev [13] 0xbc2:0xd DW_TAG_member
	.long	.Linfo_string199                @ DW_AT_name
	.long	181                             @ DW_AT_type
	.byte	5                               @ DW_AT_decl_file
	.short	291                             @ DW_AT_decl_line
	.byte	52                              @ DW_AT_data_member_location
	.byte	0                               @ End Of Children Mark
	.byte	9                               @ Abbrev [9] 0xbd0:0x5 DW_TAG_pointer_type
	.long	3029                            @ DW_AT_type
	.byte	11                              @ Abbrev [11] 0xbd5:0xc DW_TAG_typedef
	.long	3041                            @ DW_AT_type
	.long	.Linfo_string232                @ DW_AT_name
	.byte	6                               @ DW_AT_decl_file
	.short	466                             @ DW_AT_decl_line
	.byte	15                              @ Abbrev [15] 0xbe1:0x20c DW_TAG_structure_type
	.short	448                             @ DW_AT_byte_size
	.byte	6                               @ DW_AT_decl_file
	.byte	28                              @ DW_AT_decl_line
	.byte	13                              @ Abbrev [13] 0xbe6:0xd DW_TAG_member
	.long	.Linfo_string201                @ DW_AT_name
	.long	181                             @ DW_AT_type
	.byte	6                               @ DW_AT_decl_file
	.short	427                             @ DW_AT_decl_line
	.byte	0                               @ DW_AT_data_member_location
	.byte	13                              @ Abbrev [13] 0xbf3:0xd DW_TAG_member
	.long	.Linfo_string202                @ DW_AT_name
	.long	181                             @ DW_AT_type
	.byte	6                               @ DW_AT_decl_file
	.short	428                             @ DW_AT_decl_line
	.byte	4                               @ DW_AT_data_member_location
	.byte	13                              @ Abbrev [13] 0xc00:0xd DW_TAG_member
	.long	.Linfo_string194                @ DW_AT_name
	.long	181                             @ DW_AT_type
	.byte	6                               @ DW_AT_decl_file
	.short	429                             @ DW_AT_decl_line
	.byte	8                               @ DW_AT_data_member_location
	.byte	13                              @ Abbrev [13] 0xc0d:0xd DW_TAG_member
	.long	.Linfo_string203                @ DW_AT_name
	.long	181                             @ DW_AT_type
	.byte	6                               @ DW_AT_decl_file
	.short	430                             @ DW_AT_decl_line
	.byte	12                              @ DW_AT_data_member_location
	.byte	13                              @ Abbrev [13] 0xc1a:0xd DW_TAG_member
	.long	.Linfo_string204                @ DW_AT_name
	.long	181                             @ DW_AT_type
	.byte	6                               @ DW_AT_decl_file
	.short	431                             @ DW_AT_decl_line
	.byte	16                              @ DW_AT_data_member_location
	.byte	13                              @ Abbrev [13] 0xc27:0xd DW_TAG_member
	.long	.Linfo_string16                 @ DW_AT_name
	.long	697                             @ DW_AT_type
	.byte	6                               @ DW_AT_decl_file
	.short	432                             @ DW_AT_decl_line
	.byte	20                              @ DW_AT_data_member_location
	.byte	13                              @ Abbrev [13] 0xc34:0xd DW_TAG_member
	.long	.Linfo_string205                @ DW_AT_name
	.long	181                             @ DW_AT_type
	.byte	6                               @ DW_AT_decl_file
	.short	433                             @ DW_AT_decl_line
	.byte	32                              @ DW_AT_data_member_location
	.byte	13                              @ Abbrev [13] 0xc41:0xd DW_TAG_member
	.long	.Linfo_string206                @ DW_AT_name
	.long	181                             @ DW_AT_type
	.byte	6                               @ DW_AT_decl_file
	.short	434                             @ DW_AT_decl_line
	.byte	36                              @ DW_AT_data_member_location
	.byte	13                              @ Abbrev [13] 0xc4e:0xd DW_TAG_member
	.long	.Linfo_string207                @ DW_AT_name
	.long	181                             @ DW_AT_type
	.byte	6                               @ DW_AT_decl_file
	.short	435                             @ DW_AT_decl_line
	.byte	40                              @ DW_AT_data_member_location
	.byte	13                              @ Abbrev [13] 0xc5b:0xd DW_TAG_member
	.long	.Linfo_string208                @ DW_AT_name
	.long	181                             @ DW_AT_type
	.byte	6                               @ DW_AT_decl_file
	.short	436                             @ DW_AT_decl_line
	.byte	44                              @ DW_AT_data_member_location
	.byte	13                              @ Abbrev [13] 0xc68:0xd DW_TAG_member
	.long	.Linfo_string209                @ DW_AT_name
	.long	181                             @ DW_AT_type
	.byte	6                               @ DW_AT_decl_file
	.short	437                             @ DW_AT_decl_line
	.byte	48                              @ DW_AT_data_member_location
	.byte	13                              @ Abbrev [13] 0xc75:0xd DW_TAG_member
	.long	.Linfo_string210                @ DW_AT_name
	.long	181                             @ DW_AT_type
	.byte	6                               @ DW_AT_decl_file
	.short	438                             @ DW_AT_decl_line
	.byte	52                              @ DW_AT_data_member_location
	.byte	13                              @ Abbrev [13] 0xc82:0xd DW_TAG_member
	.long	.Linfo_string23                 @ DW_AT_name
	.long	644                             @ DW_AT_type
	.byte	6                               @ DW_AT_decl_file
	.short	439                             @ DW_AT_decl_line
	.byte	56                              @ DW_AT_data_member_location
	.byte	13                              @ Abbrev [13] 0xc8f:0xd DW_TAG_member
	.long	.Linfo_string211                @ DW_AT_name
	.long	181                             @ DW_AT_type
	.byte	6                               @ DW_AT_decl_file
	.short	440                             @ DW_AT_decl_line
	.byte	60                              @ DW_AT_data_member_location
	.byte	13                              @ Abbrev [13] 0xc9c:0xd DW_TAG_member
	.long	.Linfo_string212                @ DW_AT_name
	.long	181                             @ DW_AT_type
	.byte	6                               @ DW_AT_decl_file
	.short	441                             @ DW_AT_decl_line
	.byte	64                              @ DW_AT_data_member_location
	.byte	13                              @ Abbrev [13] 0xca9:0xd DW_TAG_member
	.long	.Linfo_string213                @ DW_AT_name
	.long	181                             @ DW_AT_type
	.byte	6                               @ DW_AT_decl_file
	.short	442                             @ DW_AT_decl_line
	.byte	68                              @ DW_AT_data_member_location
	.byte	13                              @ Abbrev [13] 0xcb6:0xd DW_TAG_member
	.long	.Linfo_string214                @ DW_AT_name
	.long	181                             @ DW_AT_type
	.byte	6                               @ DW_AT_decl_file
	.short	443                             @ DW_AT_decl_line
	.byte	72                              @ DW_AT_data_member_location
	.byte	13                              @ Abbrev [13] 0xcc3:0xd DW_TAG_member
	.long	.Linfo_string215                @ DW_AT_name
	.long	181                             @ DW_AT_type
	.byte	6                               @ DW_AT_decl_file
	.short	444                             @ DW_AT_decl_line
	.byte	76                              @ DW_AT_data_member_location
	.byte	13                              @ Abbrev [13] 0xcd0:0xd DW_TAG_member
	.long	.Linfo_string216                @ DW_AT_name
	.long	656                             @ DW_AT_type
	.byte	6                               @ DW_AT_decl_file
	.short	445                             @ DW_AT_decl_line
	.byte	80                              @ DW_AT_data_member_location
	.byte	13                              @ Abbrev [13] 0xcdd:0xd DW_TAG_member
	.long	.Linfo_string217                @ DW_AT_name
	.long	656                             @ DW_AT_type
	.byte	6                               @ DW_AT_decl_file
	.short	446                             @ DW_AT_decl_line
	.byte	84                              @ DW_AT_data_member_location
	.byte	13                              @ Abbrev [13] 0xcea:0xd DW_TAG_member
	.long	.Linfo_string218                @ DW_AT_name
	.long	656                             @ DW_AT_type
	.byte	6                               @ DW_AT_decl_file
	.short	447                             @ DW_AT_decl_line
	.byte	88                              @ DW_AT_data_member_location
	.byte	13                              @ Abbrev [13] 0xcf7:0xd DW_TAG_member
	.long	.Linfo_string219                @ DW_AT_name
	.long	656                             @ DW_AT_type
	.byte	6                               @ DW_AT_decl_file
	.short	448                             @ DW_AT_decl_line
	.byte	92                              @ DW_AT_data_member_location
	.byte	13                              @ Abbrev [13] 0xd04:0xd DW_TAG_member
	.long	.Linfo_string220                @ DW_AT_name
	.long	181                             @ DW_AT_type
	.byte	6                               @ DW_AT_decl_file
	.short	449                             @ DW_AT_decl_line
	.byte	96                              @ DW_AT_data_member_location
	.byte	13                              @ Abbrev [13] 0xd11:0xd DW_TAG_member
	.long	.Linfo_string31                 @ DW_AT_name
	.long	2783                            @ DW_AT_type
	.byte	6                               @ DW_AT_decl_file
	.short	450                             @ DW_AT_decl_line
	.byte	100                             @ DW_AT_data_member_location
	.byte	13                              @ Abbrev [13] 0xd1e:0xd DW_TAG_member
	.long	.Linfo_string221                @ DW_AT_name
	.long	181                             @ DW_AT_type
	.byte	6                               @ DW_AT_decl_file
	.short	451                             @ DW_AT_decl_line
	.byte	128                             @ DW_AT_data_member_location
	.byte	13                              @ Abbrev [13] 0xd2b:0xd DW_TAG_member
	.long	.Linfo_string222                @ DW_AT_name
	.long	181                             @ DW_AT_type
	.byte	6                               @ DW_AT_decl_file
	.short	452                             @ DW_AT_decl_line
	.byte	132                             @ DW_AT_data_member_location
	.byte	13                              @ Abbrev [13] 0xd38:0xd DW_TAG_member
	.long	.Linfo_string223                @ DW_AT_name
	.long	181                             @ DW_AT_type
	.byte	6                               @ DW_AT_decl_file
	.short	453                             @ DW_AT_decl_line
	.byte	136                             @ DW_AT_data_member_location
	.byte	13                              @ Abbrev [13] 0xd45:0xd DW_TAG_member
	.long	.Linfo_string35                 @ DW_AT_name
	.long	3565                            @ DW_AT_type
	.byte	6                               @ DW_AT_decl_file
	.short	454                             @ DW_AT_decl_line
	.byte	140                             @ DW_AT_data_member_location
	.byte	16                              @ Abbrev [16] 0xd52:0xe DW_TAG_member
	.long	.Linfo_string224                @ DW_AT_name
	.long	181                             @ DW_AT_type
	.byte	6                               @ DW_AT_decl_file
	.short	455                             @ DW_AT_decl_line
	.short	256                             @ DW_AT_data_member_location
	.byte	16                              @ Abbrev [16] 0xd60:0xe DW_TAG_member
	.long	.Linfo_string225                @ DW_AT_name
	.long	181                             @ DW_AT_type
	.byte	6                               @ DW_AT_decl_file
	.short	456                             @ DW_AT_decl_line
	.short	260                             @ DW_AT_data_member_location
	.byte	16                              @ Abbrev [16] 0xd6e:0xe DW_TAG_member
	.long	.Linfo_string71                 @ DW_AT_name
	.long	685                             @ DW_AT_type
	.byte	6                               @ DW_AT_decl_file
	.short	457                             @ DW_AT_decl_line
	.short	264                             @ DW_AT_data_member_location
	.byte	16                              @ Abbrev [16] 0xd7c:0xe DW_TAG_member
	.long	.Linfo_string226                @ DW_AT_name
	.long	181                             @ DW_AT_type
	.byte	6                               @ DW_AT_decl_file
	.short	458                             @ DW_AT_decl_line
	.short	272                             @ DW_AT_data_member_location
	.byte	16                              @ Abbrev [16] 0xd8a:0xe DW_TAG_member
	.long	.Linfo_string227                @ DW_AT_name
	.long	656                             @ DW_AT_type
	.byte	6                               @ DW_AT_decl_file
	.short	459                             @ DW_AT_decl_line
	.short	276                             @ DW_AT_data_member_location
	.byte	16                              @ Abbrev [16] 0xd98:0xe DW_TAG_member
	.long	.Linfo_string75                 @ DW_AT_name
	.long	685                             @ DW_AT_type
	.byte	6                               @ DW_AT_decl_file
	.short	460                             @ DW_AT_decl_line
	.short	280                             @ DW_AT_data_member_location
	.byte	16                              @ Abbrev [16] 0xda6:0xe DW_TAG_member
	.long	.Linfo_string228                @ DW_AT_name
	.long	181                             @ DW_AT_type
	.byte	6                               @ DW_AT_decl_file
	.short	461                             @ DW_AT_decl_line
	.short	288                             @ DW_AT_data_member_location
	.byte	16                              @ Abbrev [16] 0xdb4:0xe DW_TAG_member
	.long	.Linfo_string229                @ DW_AT_name
	.long	656                             @ DW_AT_type
	.byte	6                               @ DW_AT_decl_file
	.short	462                             @ DW_AT_decl_line
	.short	292                             @ DW_AT_data_member_location
	.byte	16                              @ Abbrev [16] 0xdc2:0xe DW_TAG_member
	.long	.Linfo_string79                 @ DW_AT_name
	.long	3577                            @ DW_AT_type
	.byte	6                               @ DW_AT_decl_file
	.short	463                             @ DW_AT_decl_line
	.short	296                             @ DW_AT_data_member_location
	.byte	16                              @ Abbrev [16] 0xdd0:0xe DW_TAG_member
	.long	.Linfo_string230                @ DW_AT_name
	.long	3589                            @ DW_AT_type
	.byte	6                               @ DW_AT_decl_file
	.short	464                             @ DW_AT_decl_line
	.short	320                             @ DW_AT_data_member_location
	.byte	16                              @ Abbrev [16] 0xdde:0xe DW_TAG_member
	.long	.Linfo_string231                @ DW_AT_name
	.long	3601                            @ DW_AT_type
	.byte	6                               @ DW_AT_decl_file
	.short	465                             @ DW_AT_decl_line
	.short	384                             @ DW_AT_data_member_location
	.byte	0                               @ End Of Children Mark
	.byte	3                               @ Abbrev [3] 0xded:0xc DW_TAG_array_type
	.long	656                             @ DW_AT_type
	.byte	4                               @ Abbrev [4] 0xdf2:0x6 DW_TAG_subrange_type
	.long	70                              @ DW_AT_type
	.byte	29                              @ DW_AT_count
	.byte	0                               @ End Of Children Mark
	.byte	3                               @ Abbrev [3] 0xdf9:0xc DW_TAG_array_type
	.long	656                             @ DW_AT_type
	.byte	4                               @ Abbrev [4] 0xdfe:0x6 DW_TAG_subrange_type
	.long	70                              @ DW_AT_type
	.byte	6                               @ DW_AT_count
	.byte	0                               @ End Of Children Mark
	.byte	3                               @ Abbrev [3] 0xe05:0xc DW_TAG_array_type
	.long	181                             @ DW_AT_type
	.byte	4                               @ Abbrev [4] 0xe0a:0x6 DW_TAG_subrange_type
	.long	70                              @ DW_AT_type
	.byte	16                              @ DW_AT_count
	.byte	0                               @ End Of Children Mark
	.byte	3                               @ Abbrev [3] 0xe11:0xc DW_TAG_array_type
	.long	656                             @ DW_AT_type
	.byte	4                               @ Abbrev [4] 0xe16:0x6 DW_TAG_subrange_type
	.long	70                              @ DW_AT_type
	.byte	16                              @ DW_AT_count
	.byte	0                               @ End Of Children Mark
	.byte	9                               @ Abbrev [9] 0xe1d:0x5 DW_TAG_pointer_type
	.long	3618                            @ DW_AT_type
	.byte	11                              @ Abbrev [11] 0xe22:0xc DW_TAG_typedef
	.long	3630                            @ DW_AT_type
	.long	.Linfo_string280                @ DW_AT_name
	.byte	7                               @ DW_AT_decl_file
	.short	580                             @ DW_AT_decl_line
	.byte	18                              @ Abbrev [18] 0xe2e:0x27c DW_TAG_structure_type
	.short	636                             @ DW_AT_byte_size
	.byte	7                               @ DW_AT_decl_file
	.short	531                             @ DW_AT_decl_line
	.byte	13                              @ Abbrev [13] 0xe34:0xd DW_TAG_member
	.long	.Linfo_string233                @ DW_AT_name
	.long	656                             @ DW_AT_type
	.byte	7                               @ DW_AT_decl_file
	.short	533                             @ DW_AT_decl_line
	.byte	0                               @ DW_AT_data_member_location
	.byte	13                              @ Abbrev [13] 0xe41:0xd DW_TAG_member
	.long	.Linfo_string234                @ DW_AT_name
	.long	181                             @ DW_AT_type
	.byte	7                               @ DW_AT_decl_file
	.short	534                             @ DW_AT_decl_line
	.byte	4                               @ DW_AT_data_member_location
	.byte	13                              @ Abbrev [13] 0xe4e:0xd DW_TAG_member
	.long	.Linfo_string235                @ DW_AT_name
	.long	181                             @ DW_AT_type
	.byte	7                               @ DW_AT_decl_file
	.short	535                             @ DW_AT_decl_line
	.byte	8                               @ DW_AT_data_member_location
	.byte	13                              @ Abbrev [13] 0xe5b:0xd DW_TAG_member
	.long	.Linfo_string236                @ DW_AT_name
	.long	181                             @ DW_AT_type
	.byte	7                               @ DW_AT_decl_file
	.short	536                             @ DW_AT_decl_line
	.byte	12                              @ DW_AT_data_member_location
	.byte	13                              @ Abbrev [13] 0xe68:0xd DW_TAG_member
	.long	.Linfo_string237                @ DW_AT_name
	.long	181                             @ DW_AT_type
	.byte	7                               @ DW_AT_decl_file
	.short	537                             @ DW_AT_decl_line
	.byte	16                              @ DW_AT_data_member_location
	.byte	13                              @ Abbrev [13] 0xe75:0xd DW_TAG_member
	.long	.Linfo_string238                @ DW_AT_name
	.long	181                             @ DW_AT_type
	.byte	7                               @ DW_AT_decl_file
	.short	538                             @ DW_AT_decl_line
	.byte	20                              @ DW_AT_data_member_location
	.byte	13                              @ Abbrev [13] 0xe82:0xd DW_TAG_member
	.long	.Linfo_string239                @ DW_AT_name
	.long	4266                            @ DW_AT_type
	.byte	7                               @ DW_AT_decl_file
	.short	539                             @ DW_AT_decl_line
	.byte	24                              @ DW_AT_data_member_location
	.byte	13                              @ Abbrev [13] 0xe8f:0xd DW_TAG_member
	.long	.Linfo_string240                @ DW_AT_name
	.long	181                             @ DW_AT_type
	.byte	7                               @ DW_AT_decl_file
	.short	540                             @ DW_AT_decl_line
	.byte	36                              @ DW_AT_data_member_location
	.byte	13                              @ Abbrev [13] 0xe9c:0xd DW_TAG_member
	.long	.Linfo_string241                @ DW_AT_name
	.long	181                             @ DW_AT_type
	.byte	7                               @ DW_AT_decl_file
	.short	541                             @ DW_AT_decl_line
	.byte	40                              @ DW_AT_data_member_location
	.byte	13                              @ Abbrev [13] 0xea9:0xd DW_TAG_member
	.long	.Linfo_string242                @ DW_AT_name
	.long	181                             @ DW_AT_type
	.byte	7                               @ DW_AT_decl_file
	.short	542                             @ DW_AT_decl_line
	.byte	44                              @ DW_AT_data_member_location
	.byte	13                              @ Abbrev [13] 0xeb6:0xd DW_TAG_member
	.long	.Linfo_string243                @ DW_AT_name
	.long	181                             @ DW_AT_type
	.byte	7                               @ DW_AT_decl_file
	.short	543                             @ DW_AT_decl_line
	.byte	48                              @ DW_AT_data_member_location
	.byte	13                              @ Abbrev [13] 0xec3:0xd DW_TAG_member
	.long	.Linfo_string244                @ DW_AT_name
	.long	181                             @ DW_AT_type
	.byte	7                               @ DW_AT_decl_file
	.short	544                             @ DW_AT_decl_line
	.byte	52                              @ DW_AT_data_member_location
	.byte	13                              @ Abbrev [13] 0xed0:0xd DW_TAG_member
	.long	.Linfo_string245                @ DW_AT_name
	.long	181                             @ DW_AT_type
	.byte	7                               @ DW_AT_decl_file
	.short	545                             @ DW_AT_decl_line
	.byte	56                              @ DW_AT_data_member_location
	.byte	13                              @ Abbrev [13] 0xedd:0xd DW_TAG_member
	.long	.Linfo_string246                @ DW_AT_name
	.long	181                             @ DW_AT_type
	.byte	7                               @ DW_AT_decl_file
	.short	546                             @ DW_AT_decl_line
	.byte	60                              @ DW_AT_data_member_location
	.byte	13                              @ Abbrev [13] 0xeea:0xd DW_TAG_member
	.long	.Linfo_string247                @ DW_AT_name
	.long	685                             @ DW_AT_type
	.byte	7                               @ DW_AT_decl_file
	.short	547                             @ DW_AT_decl_line
	.byte	64                              @ DW_AT_data_member_location
	.byte	13                              @ Abbrev [13] 0xef7:0xd DW_TAG_member
	.long	.Linfo_string248                @ DW_AT_name
	.long	656                             @ DW_AT_type
	.byte	7                               @ DW_AT_decl_file
	.short	548                             @ DW_AT_decl_line
	.byte	72                              @ DW_AT_data_member_location
	.byte	13                              @ Abbrev [13] 0xf04:0xd DW_TAG_member
	.long	.Linfo_string249                @ DW_AT_name
	.long	656                             @ DW_AT_type
	.byte	7                               @ DW_AT_decl_file
	.short	549                             @ DW_AT_decl_line
	.byte	76                              @ DW_AT_data_member_location
	.byte	13                              @ Abbrev [13] 0xf11:0xd DW_TAG_member
	.long	.Linfo_string250                @ DW_AT_name
	.long	661                             @ DW_AT_type
	.byte	7                               @ DW_AT_decl_file
	.short	550                             @ DW_AT_decl_line
	.byte	80                              @ DW_AT_data_member_location
	.byte	13                              @ Abbrev [13] 0xf1e:0xd DW_TAG_member
	.long	.Linfo_string251                @ DW_AT_name
	.long	3577                            @ DW_AT_type
	.byte	7                               @ DW_AT_decl_file
	.short	551                             @ DW_AT_decl_line
	.byte	96                              @ DW_AT_data_member_location
	.byte	13                              @ Abbrev [13] 0xf2b:0xd DW_TAG_member
	.long	.Linfo_string252                @ DW_AT_name
	.long	656                             @ DW_AT_type
	.byte	7                               @ DW_AT_decl_file
	.short	552                             @ DW_AT_decl_line
	.byte	120                             @ DW_AT_data_member_location
	.byte	13                              @ Abbrev [13] 0xf38:0xd DW_TAG_member
	.long	.Linfo_string253                @ DW_AT_name
	.long	656                             @ DW_AT_type
	.byte	7                               @ DW_AT_decl_file
	.short	553                             @ DW_AT_decl_line
	.byte	124                             @ DW_AT_data_member_location
	.byte	13                              @ Abbrev [13] 0xf45:0xd DW_TAG_member
	.long	.Linfo_string254                @ DW_AT_name
	.long	656                             @ DW_AT_type
	.byte	7                               @ DW_AT_decl_file
	.short	554                             @ DW_AT_decl_line
	.byte	128                             @ DW_AT_data_member_location
	.byte	13                              @ Abbrev [13] 0xf52:0xd DW_TAG_member
	.long	.Linfo_string255                @ DW_AT_name
	.long	181                             @ DW_AT_type
	.byte	7                               @ DW_AT_decl_file
	.short	555                             @ DW_AT_decl_line
	.byte	132                             @ DW_AT_data_member_location
	.byte	13                              @ Abbrev [13] 0xf5f:0xd DW_TAG_member
	.long	.Linfo_string256                @ DW_AT_name
	.long	181                             @ DW_AT_type
	.byte	7                               @ DW_AT_decl_file
	.short	556                             @ DW_AT_decl_line
	.byte	136                             @ DW_AT_data_member_location
	.byte	13                              @ Abbrev [13] 0xf6c:0xd DW_TAG_member
	.long	.Linfo_string257                @ DW_AT_name
	.long	181                             @ DW_AT_type
	.byte	7                               @ DW_AT_decl_file
	.short	557                             @ DW_AT_decl_line
	.byte	140                             @ DW_AT_data_member_location
	.byte	13                              @ Abbrev [13] 0xf79:0xd DW_TAG_member
	.long	.Linfo_string258                @ DW_AT_name
	.long	4283                            @ DW_AT_type
	.byte	7                               @ DW_AT_decl_file
	.short	558                             @ DW_AT_decl_line
	.byte	144                             @ DW_AT_data_member_location
	.byte	13                              @ Abbrev [13] 0xf86:0xd DW_TAG_member
	.long	.Linfo_string259                @ DW_AT_name
	.long	181                             @ DW_AT_type
	.byte	7                               @ DW_AT_decl_file
	.short	559                             @ DW_AT_decl_line
	.byte	228                             @ DW_AT_data_member_location
	.byte	13                              @ Abbrev [13] 0xf93:0xd DW_TAG_member
	.long	.Linfo_string260                @ DW_AT_name
	.long	181                             @ DW_AT_type
	.byte	7                               @ DW_AT_decl_file
	.short	560                             @ DW_AT_decl_line
	.byte	232                             @ DW_AT_data_member_location
	.byte	13                              @ Abbrev [13] 0xfa0:0xd DW_TAG_member
	.long	.Linfo_string261                @ DW_AT_name
	.long	4295                            @ DW_AT_type
	.byte	7                               @ DW_AT_decl_file
	.short	561                             @ DW_AT_decl_line
	.byte	236                             @ DW_AT_data_member_location
	.byte	16                              @ Abbrev [16] 0xfad:0xe DW_TAG_member
	.long	.Linfo_string262                @ DW_AT_name
	.long	181                             @ DW_AT_type
	.byte	7                               @ DW_AT_decl_file
	.short	562                             @ DW_AT_decl_line
	.short	512                             @ DW_AT_data_member_location
	.byte	16                              @ Abbrev [16] 0xfbb:0xe DW_TAG_member
	.long	.Linfo_string263                @ DW_AT_name
	.long	181                             @ DW_AT_type
	.byte	7                               @ DW_AT_decl_file
	.short	563                             @ DW_AT_decl_line
	.short	516                             @ DW_AT_data_member_location
	.byte	16                              @ Abbrev [16] 0xfc9:0xe DW_TAG_member
	.long	.Linfo_string264                @ DW_AT_name
	.long	4307                            @ DW_AT_type
	.byte	7                               @ DW_AT_decl_file
	.short	564                             @ DW_AT_decl_line
	.short	520                             @ DW_AT_data_member_location
	.byte	16                              @ Abbrev [16] 0xfd7:0xe DW_TAG_member
	.long	.Linfo_string265                @ DW_AT_name
	.long	656                             @ DW_AT_type
	.byte	7                               @ DW_AT_decl_file
	.short	565                             @ DW_AT_decl_line
	.short	576                             @ DW_AT_data_member_location
	.byte	16                              @ Abbrev [16] 0xfe5:0xe DW_TAG_member
	.long	.Linfo_string266                @ DW_AT_name
	.long	656                             @ DW_AT_type
	.byte	7                               @ DW_AT_decl_file
	.short	566                             @ DW_AT_decl_line
	.short	580                             @ DW_AT_data_member_location
	.byte	16                              @ Abbrev [16] 0xff3:0xe DW_TAG_member
	.long	.Linfo_string267                @ DW_AT_name
	.long	656                             @ DW_AT_type
	.byte	7                               @ DW_AT_decl_file
	.short	567                             @ DW_AT_decl_line
	.short	584                             @ DW_AT_data_member_location
	.byte	16                              @ Abbrev [16] 0x1001:0xe DW_TAG_member
	.long	.Linfo_string268                @ DW_AT_name
	.long	4319                            @ DW_AT_type
	.byte	7                               @ DW_AT_decl_file
	.short	568                             @ DW_AT_decl_line
	.short	588                             @ DW_AT_data_member_location
	.byte	16                              @ Abbrev [16] 0x100f:0xe DW_TAG_member
	.long	.Linfo_string269                @ DW_AT_name
	.long	181                             @ DW_AT_type
	.byte	7                               @ DW_AT_decl_file
	.short	569                             @ DW_AT_decl_line
	.short	592                             @ DW_AT_data_member_location
	.byte	16                              @ Abbrev [16] 0x101d:0xe DW_TAG_member
	.long	.Linfo_string270                @ DW_AT_name
	.long	4319                            @ DW_AT_type
	.byte	7                               @ DW_AT_decl_file
	.short	570                             @ DW_AT_decl_line
	.short	596                             @ DW_AT_data_member_location
	.byte	16                              @ Abbrev [16] 0x102b:0xe DW_TAG_member
	.long	.Linfo_string271                @ DW_AT_name
	.long	181                             @ DW_AT_type
	.byte	7                               @ DW_AT_decl_file
	.short	571                             @ DW_AT_decl_line
	.short	600                             @ DW_AT_data_member_location
	.byte	16                              @ Abbrev [16] 0x1039:0xe DW_TAG_member
	.long	.Linfo_string272                @ DW_AT_name
	.long	181                             @ DW_AT_type
	.byte	7                               @ DW_AT_decl_file
	.short	572                             @ DW_AT_decl_line
	.short	604                             @ DW_AT_data_member_location
	.byte	16                              @ Abbrev [16] 0x1047:0xe DW_TAG_member
	.long	.Linfo_string273                @ DW_AT_name
	.long	181                             @ DW_AT_type
	.byte	7                               @ DW_AT_decl_file
	.short	573                             @ DW_AT_decl_line
	.short	608                             @ DW_AT_data_member_location
	.byte	16                              @ Abbrev [16] 0x1055:0xe DW_TAG_member
	.long	.Linfo_string274                @ DW_AT_name
	.long	181                             @ DW_AT_type
	.byte	7                               @ DW_AT_decl_file
	.short	574                             @ DW_AT_decl_line
	.short	612                             @ DW_AT_data_member_location
	.byte	16                              @ Abbrev [16] 0x1063:0xe DW_TAG_member
	.long	.Linfo_string275                @ DW_AT_name
	.long	181                             @ DW_AT_type
	.byte	7                               @ DW_AT_decl_file
	.short	575                             @ DW_AT_decl_line
	.short	616                             @ DW_AT_data_member_location
	.byte	16                              @ Abbrev [16] 0x1071:0xe DW_TAG_member
	.long	.Linfo_string276                @ DW_AT_name
	.long	181                             @ DW_AT_type
	.byte	7                               @ DW_AT_decl_file
	.short	576                             @ DW_AT_decl_line
	.short	620                             @ DW_AT_data_member_location
	.byte	16                              @ Abbrev [16] 0x107f:0xe DW_TAG_member
	.long	.Linfo_string277                @ DW_AT_name
	.long	181                             @ DW_AT_type
	.byte	7                               @ DW_AT_decl_file
	.short	577                             @ DW_AT_decl_line
	.short	624                             @ DW_AT_data_member_location
	.byte	16                              @ Abbrev [16] 0x108d:0xe DW_TAG_member
	.long	.Linfo_string278                @ DW_AT_name
	.long	181                             @ DW_AT_type
	.byte	7                               @ DW_AT_decl_file
	.short	578                             @ DW_AT_decl_line
	.short	628                             @ DW_AT_data_member_location
	.byte	16                              @ Abbrev [16] 0x109b:0xe DW_TAG_member
	.long	.Linfo_string279                @ DW_AT_name
	.long	181                             @ DW_AT_type
	.byte	7                               @ DW_AT_decl_file
	.short	579                             @ DW_AT_decl_line
	.short	632                             @ DW_AT_data_member_location
	.byte	0                               @ End Of Children Mark
	.byte	3                               @ Abbrev [3] 0x10aa:0xc DW_TAG_array_type
	.long	4278                            @ DW_AT_type
	.byte	4                               @ Abbrev [4] 0x10af:0x6 DW_TAG_subrange_type
	.long	70                              @ DW_AT_type
	.byte	12                              @ DW_AT_count
	.byte	0                               @ End Of Children Mark
	.byte	10                              @ Abbrev [10] 0x10b6:0x5 DW_TAG_volatile_type
	.long	158                             @ DW_AT_type
	.byte	3                               @ Abbrev [3] 0x10bb:0xc DW_TAG_array_type
	.long	135                             @ DW_AT_type
	.byte	4                               @ Abbrev [4] 0x10c0:0x6 DW_TAG_subrange_type
	.long	70                              @ DW_AT_type
	.byte	21                              @ DW_AT_count
	.byte	0                               @ End Of Children Mark
	.byte	3                               @ Abbrev [3] 0x10c7:0xc DW_TAG_array_type
	.long	135                             @ DW_AT_type
	.byte	4                               @ Abbrev [4] 0x10cc:0x6 DW_TAG_subrange_type
	.long	70                              @ DW_AT_type
	.byte	69                              @ DW_AT_count
	.byte	0                               @ End Of Children Mark
	.byte	3                               @ Abbrev [3] 0x10d3:0xc DW_TAG_array_type
	.long	135                             @ DW_AT_type
	.byte	4                               @ Abbrev [4] 0x10d8:0x6 DW_TAG_subrange_type
	.long	70                              @ DW_AT_type
	.byte	14                              @ DW_AT_count
	.byte	0                               @ End Of Children Mark
	.byte	3                               @ Abbrev [3] 0x10df:0xc DW_TAG_array_type
	.long	135                             @ DW_AT_type
	.byte	4                               @ Abbrev [4] 0x10e4:0x6 DW_TAG_subrange_type
	.long	70                              @ DW_AT_type
	.byte	1                               @ DW_AT_count
	.byte	0                               @ End Of Children Mark
	.byte	19                              @ Abbrev [19] 0x10eb:0x80 DW_TAG_subprogram
	.long	.Lfunc_begin0                   @ DW_AT_low_pc
	.long	.Lfunc_end0-.Lfunc_begin0       @ DW_AT_high_pc
	.byte	1                               @ DW_AT_frame_base
	.byte	93
                                        @ DW_AT_GNU_all_call_sites
	.long	5321                            @ DW_AT_abstract_origin
	.byte	20                              @ Abbrev [20] 0x10fa:0x9 DW_TAG_formal_parameter
	.long	.Ldebug_loc0                    @ DW_AT_location
	.long	5329                            @ DW_AT_abstract_origin
	.byte	20                              @ Abbrev [20] 0x1103:0x9 DW_TAG_formal_parameter
	.long	.Ldebug_loc1                    @ DW_AT_location
	.long	5340                            @ DW_AT_abstract_origin
	.byte	20                              @ Abbrev [20] 0x110c:0x9 DW_TAG_formal_parameter
	.long	.Ldebug_loc2                    @ DW_AT_location
	.long	5351                            @ DW_AT_abstract_origin
	.byte	20                              @ Abbrev [20] 0x1115:0x9 DW_TAG_formal_parameter
	.long	.Ldebug_loc3                    @ DW_AT_location
	.long	5362                            @ DW_AT_abstract_origin
	.byte	21                              @ Abbrev [21] 0x111e:0x9 DW_TAG_variable
	.long	.Ldebug_loc4                    @ DW_AT_location
	.long	5373                            @ DW_AT_abstract_origin
	.byte	21                              @ Abbrev [21] 0x1127:0x9 DW_TAG_variable
	.long	.Ldebug_loc5                    @ DW_AT_location
	.long	5384                            @ DW_AT_abstract_origin
	.byte	21                              @ Abbrev [21] 0x1130:0x9 DW_TAG_variable
	.long	.Ldebug_loc6                    @ DW_AT_location
	.long	5395                            @ DW_AT_abstract_origin
	.byte	22                              @ Abbrev [22] 0x1139:0x5 DW_TAG_variable
	.long	5406                            @ DW_AT_abstract_origin
	.byte	22                              @ Abbrev [22] 0x113e:0x5 DW_TAG_variable
	.long	5417                            @ DW_AT_abstract_origin
	.byte	23                              @ Abbrev [23] 0x1143:0xb DW_TAG_lexical_block
	.long	.Ldebug_ranges0                 @ DW_AT_ranges
	.byte	22                              @ Abbrev [22] 0x1148:0x5 DW_TAG_variable
	.long	5429                            @ DW_AT_abstract_origin
	.byte	0                               @ End Of Children Mark
	.byte	24                              @ Abbrev [24] 0x114e:0x10 DW_TAG_lexical_block
	.long	.Ltmp15                         @ DW_AT_low_pc
	.long	.Ltmp16-.Ltmp15                 @ DW_AT_high_pc
	.byte	25                              @ Abbrev [25] 0x1157:0x6 DW_TAG_variable
	.byte	3                               @ DW_AT_const_value
	.long	5442                            @ DW_AT_abstract_origin
	.byte	0                               @ End Of Children Mark
	.byte	23                              @ Abbrev [23] 0x115e:0xc DW_TAG_lexical_block
	.long	.Ldebug_ranges1                 @ DW_AT_ranges
	.byte	25                              @ Abbrev [25] 0x1163:0x6 DW_TAG_variable
	.byte	4                               @ DW_AT_const_value
	.long	5455                            @ DW_AT_abstract_origin
	.byte	0                               @ End Of Children Mark
	.byte	0                               @ End Of Children Mark
	.byte	26                              @ Abbrev [26] 0x116b:0x68 DW_TAG_subprogram
	.long	.Lfunc_begin1                   @ DW_AT_low_pc
	.long	.Lfunc_end1-.Lfunc_begin1       @ DW_AT_high_pc
	.byte	1                               @ DW_AT_frame_base
	.byte	93
                                        @ DW_AT_GNU_all_call_sites
	.long	.Linfo_string317                @ DW_AT_name
	.byte	1                               @ DW_AT_decl_file
	.byte	74                              @ DW_AT_decl_line
                                        @ DW_AT_prototyped
                                        @ DW_AT_external
	.byte	27                              @ Abbrev [27] 0x117c:0xf DW_TAG_formal_parameter
	.long	.Ldebug_loc7                    @ DW_AT_location
	.long	.Linfo_string300                @ DW_AT_name
	.byte	1                               @ DW_AT_decl_file
	.byte	74                              @ DW_AT_decl_line
	.long	232                             @ DW_AT_type
	.byte	27                              @ Abbrev [27] 0x118b:0xf DW_TAG_formal_parameter
	.long	.Ldebug_loc8                    @ DW_AT_location
	.long	.Linfo_string321                @ DW_AT_name
	.byte	1                               @ DW_AT_decl_file
	.byte	74                              @ DW_AT_decl_line
	.long	135                             @ DW_AT_type
	.byte	27                              @ Abbrev [27] 0x119a:0xf DW_TAG_formal_parameter
	.long	.Ldebug_loc9                    @ DW_AT_location
	.long	.Linfo_string322                @ DW_AT_name
	.byte	1                               @ DW_AT_decl_file
	.byte	74                              @ DW_AT_decl_line
	.long	135                             @ DW_AT_type
	.byte	28                              @ Abbrev [28] 0x11a9:0xf DW_TAG_variable
	.long	.Ldebug_loc10                   @ DW_AT_location
	.long	.Linfo_string292                @ DW_AT_name
	.byte	1                               @ DW_AT_decl_file
	.byte	77                              @ DW_AT_decl_line
	.long	135                             @ DW_AT_type
	.byte	28                              @ Abbrev [28] 0x11b8:0xf DW_TAG_variable
	.long	.Ldebug_loc11                   @ DW_AT_location
	.long	.Linfo_string323                @ DW_AT_name
	.byte	1                               @ DW_AT_decl_file
	.byte	76                              @ DW_AT_decl_line
	.long	6204                            @ DW_AT_type
	.byte	29                              @ Abbrev [29] 0x11c7:0xb DW_TAG_variable
	.long	.Linfo_string326                @ DW_AT_name
	.byte	1                               @ DW_AT_decl_file
	.byte	78                              @ DW_AT_decl_line
	.long	135                             @ DW_AT_type
	.byte	0                               @ End Of Children Mark
	.byte	19                              @ Abbrev [19] 0x11d3:0x54 DW_TAG_subprogram
	.long	.Lfunc_begin2                   @ DW_AT_low_pc
	.long	.Lfunc_end2-.Lfunc_begin2       @ DW_AT_high_pc
	.byte	1                               @ DW_AT_frame_base
	.byte	93
                                        @ DW_AT_GNU_all_call_sites
	.long	4713                            @ DW_AT_abstract_origin
	.byte	20                              @ Abbrev [20] 0x11e2:0x9 DW_TAG_formal_parameter
	.long	.Ldebug_loc12                   @ DW_AT_location
	.long	4725                            @ DW_AT_abstract_origin
	.byte	20                              @ Abbrev [20] 0x11eb:0x9 DW_TAG_formal_parameter
	.long	.Ldebug_loc13                   @ DW_AT_location
	.long	4736                            @ DW_AT_abstract_origin
	.byte	21                              @ Abbrev [21] 0x11f4:0x9 DW_TAG_variable
	.long	.Ldebug_loc14                   @ DW_AT_location
	.long	4791                            @ DW_AT_abstract_origin
	.byte	21                              @ Abbrev [21] 0x11fd:0x9 DW_TAG_variable
	.long	.Ldebug_loc15                   @ DW_AT_location
	.long	4780                            @ DW_AT_abstract_origin
	.byte	21                              @ Abbrev [21] 0x1206:0x9 DW_TAG_variable
	.long	.Ldebug_loc16                   @ DW_AT_location
	.long	4769                            @ DW_AT_abstract_origin
	.byte	21                              @ Abbrev [21] 0x120f:0x9 DW_TAG_variable
	.long	.Ldebug_loc17                   @ DW_AT_location
	.long	4758                            @ DW_AT_abstract_origin
	.byte	21                              @ Abbrev [21] 0x1218:0x9 DW_TAG_variable
	.long	.Ldebug_loc18                   @ DW_AT_location
	.long	4747                            @ DW_AT_abstract_origin
	.byte	22                              @ Abbrev [22] 0x1221:0x5 DW_TAG_variable
	.long	4802                            @ DW_AT_abstract_origin
	.byte	0                               @ End Of Children Mark
	.byte	30                              @ Abbrev [30] 0x1227:0x3c DW_TAG_subprogram
	.long	.Linfo_string281                @ DW_AT_name
	.byte	8                               @ DW_AT_decl_file
	.short	356                             @ DW_AT_decl_line
                                        @ DW_AT_prototyped
	.byte	1                               @ DW_AT_inline
	.byte	31                              @ Abbrev [31] 0x1230:0xc DW_TAG_formal_parameter
	.long	.Linfo_string282                @ DW_AT_name
	.byte	8                               @ DW_AT_decl_file
	.short	356                             @ DW_AT_decl_line
	.long	4707                            @ DW_AT_type
	.byte	31                              @ Abbrev [31] 0x123c:0xc DW_TAG_formal_parameter
	.long	.Linfo_string283                @ DW_AT_name
	.byte	8                               @ DW_AT_decl_file
	.short	356                             @ DW_AT_decl_line
	.long	186                             @ DW_AT_type
	.byte	32                              @ Abbrev [32] 0x1248:0x1a DW_TAG_lexical_block
	.byte	33                              @ Abbrev [33] 0x1249:0xc DW_TAG_variable
	.long	.Linfo_string284                @ DW_AT_name
	.byte	8                               @ DW_AT_decl_file
	.short	360                             @ DW_AT_decl_line
	.long	186                             @ DW_AT_type
	.byte	33                              @ Abbrev [33] 0x1255:0xc DW_TAG_variable
	.long	.Linfo_string285                @ DW_AT_name
	.byte	8                               @ DW_AT_decl_file
	.short	361                             @ DW_AT_decl_line
	.long	135                             @ DW_AT_type
	.byte	0                               @ End Of Children Mark
	.byte	0                               @ End Of Children Mark
	.byte	9                               @ Abbrev [9] 0x1263:0x5 DW_TAG_pointer_type
	.long	4712                            @ DW_AT_type
	.byte	34                              @ Abbrev [34] 0x1268:0x1 DW_TAG_volatile_type
	.byte	35                              @ Abbrev [35] 0x1269:0x65 DW_TAG_subprogram
	.long	.Linfo_string286                @ DW_AT_name
	.byte	1                               @ DW_AT_decl_file
	.byte	118                             @ DW_AT_decl_line
                                        @ DW_AT_prototyped
	.long	158                             @ DW_AT_type
                                        @ DW_AT_external
	.byte	1                               @ DW_AT_inline
	.byte	36                              @ Abbrev [36] 0x1275:0xb DW_TAG_formal_parameter
	.long	.Linfo_string287                @ DW_AT_name
	.byte	1                               @ DW_AT_decl_file
	.byte	118                             @ DW_AT_decl_line
	.long	153                             @ DW_AT_type
	.byte	36                              @ Abbrev [36] 0x1280:0xb DW_TAG_formal_parameter
	.long	.Linfo_string288                @ DW_AT_name
	.byte	1                               @ DW_AT_decl_file
	.byte	118                             @ DW_AT_decl_line
	.long	135                             @ DW_AT_type
	.byte	29                              @ Abbrev [29] 0x128b:0xb DW_TAG_variable
	.long	.Linfo_string289                @ DW_AT_name
	.byte	1                               @ DW_AT_decl_file
	.byte	120                             @ DW_AT_decl_line
	.long	158                             @ DW_AT_type
	.byte	29                              @ Abbrev [29] 0x1296:0xb DW_TAG_variable
	.long	.Linfo_string290                @ DW_AT_name
	.byte	1                               @ DW_AT_decl_file
	.byte	120                             @ DW_AT_decl_line
	.long	158                             @ DW_AT_type
	.byte	29                              @ Abbrev [29] 0x12a1:0xb DW_TAG_variable
	.long	.Linfo_string291                @ DW_AT_name
	.byte	1                               @ DW_AT_decl_file
	.byte	120                             @ DW_AT_decl_line
	.long	158                             @ DW_AT_type
	.byte	29                              @ Abbrev [29] 0x12ac:0xb DW_TAG_variable
	.long	.Linfo_string292                @ DW_AT_name
	.byte	1                               @ DW_AT_decl_file
	.byte	121                             @ DW_AT_decl_line
	.long	135                             @ DW_AT_type
	.byte	29                              @ Abbrev [29] 0x12b7:0xb DW_TAG_variable
	.long	.Linfo_string293                @ DW_AT_name
	.byte	1                               @ DW_AT_decl_file
	.byte	121                             @ DW_AT_decl_line
	.long	135                             @ DW_AT_type
	.byte	29                              @ Abbrev [29] 0x12c2:0xb DW_TAG_variable
	.long	.Linfo_string294                @ DW_AT_name
	.byte	1                               @ DW_AT_decl_file
	.byte	124                             @ DW_AT_decl_line
	.long	4814                            @ DW_AT_type
	.byte	0                               @ End Of Children Mark
	.byte	5                               @ Abbrev [5] 0x12ce:0x7 DW_TAG_base_type
	.long	.Linfo_string295                @ DW_AT_name
	.byte	2                               @ DW_AT_encoding
	.byte	1                               @ DW_AT_byte_size
	.byte	26                              @ Abbrev [26] 0x12d5:0x194 DW_TAG_subprogram
	.long	.Lfunc_begin3                   @ DW_AT_low_pc
	.long	.Lfunc_end3-.Lfunc_begin3       @ DW_AT_high_pc
	.byte	1                               @ DW_AT_frame_base
	.byte	93
                                        @ DW_AT_GNU_all_call_sites
	.long	.Linfo_string318                @ DW_AT_name
	.byte	1                               @ DW_AT_decl_file
	.byte	154                             @ DW_AT_decl_line
                                        @ DW_AT_prototyped
                                        @ DW_AT_external
	.byte	27                              @ Abbrev [27] 0x12e6:0xf DW_TAG_formal_parameter
	.long	.Ldebug_loc19                   @ DW_AT_location
	.long	.Linfo_string300                @ DW_AT_name
	.byte	1                               @ DW_AT_decl_file
	.byte	154                             @ DW_AT_decl_line
	.long	232                             @ DW_AT_type
	.byte	37                              @ Abbrev [37] 0x12f5:0xf DW_TAG_variable
	.byte	3                               @ DW_AT_location
	.byte	145
	.ascii	"\250\003"
	.long	.Linfo_string327                @ DW_AT_name
	.byte	1                               @ DW_AT_decl_file
	.byte	162                             @ DW_AT_decl_line
	.long	6222                            @ DW_AT_type
	.byte	37                              @ Abbrev [37] 0x1304:0xf DW_TAG_variable
	.byte	3                               @ DW_AT_location
	.byte	145
	.ascii	"\250\001"
	.long	.Linfo_string328                @ DW_AT_name
	.byte	1                               @ DW_AT_decl_file
	.byte	173                             @ DW_AT_decl_line
	.long	6234                            @ DW_AT_type
	.byte	37                              @ Abbrev [37] 0x1313:0xe DW_TAG_variable
	.byte	2                               @ DW_AT_location
	.byte	145
	.byte	40
	.long	.Linfo_string329                @ DW_AT_name
	.byte	1                               @ DW_AT_decl_file
	.byte	174                             @ DW_AT_decl_line
	.long	6246                            @ DW_AT_type
	.byte	28                              @ Abbrev [28] 0x1321:0xf DW_TAG_variable
	.long	.Ldebug_loc20                   @ DW_AT_location
	.long	.Linfo_string330                @ DW_AT_name
	.byte	1                               @ DW_AT_decl_file
	.byte	161                             @ DW_AT_decl_line
	.long	158                             @ DW_AT_type
	.byte	28                              @ Abbrev [28] 0x1330:0xf DW_TAG_variable
	.long	.Ldebug_loc21                   @ DW_AT_location
	.long	.Linfo_string331                @ DW_AT_name
	.byte	1                               @ DW_AT_decl_file
	.byte	171                             @ DW_AT_decl_line
	.long	135                             @ DW_AT_type
	.byte	28                              @ Abbrev [28] 0x133f:0xf DW_TAG_variable
	.long	.Ldebug_loc22                   @ DW_AT_location
	.long	.Linfo_string332                @ DW_AT_name
	.byte	1                               @ DW_AT_decl_file
	.byte	170                             @ DW_AT_decl_line
	.long	135                             @ DW_AT_type
	.byte	28                              @ Abbrev [28] 0x134e:0xf DW_TAG_variable
	.long	.Ldebug_loc23                   @ DW_AT_location
	.long	.Linfo_string333                @ DW_AT_name
	.byte	1                               @ DW_AT_decl_file
	.byte	169                             @ DW_AT_decl_line
	.long	135                             @ DW_AT_type
	.byte	28                              @ Abbrev [28] 0x135d:0xf DW_TAG_variable
	.long	.Ldebug_loc24                   @ DW_AT_location
	.long	.Linfo_string334                @ DW_AT_name
	.byte	1                               @ DW_AT_decl_file
	.byte	168                             @ DW_AT_decl_line
	.long	135                             @ DW_AT_type
	.byte	28                              @ Abbrev [28] 0x136c:0xf DW_TAG_variable
	.long	.Ldebug_loc25                   @ DW_AT_location
	.long	.Linfo_string293                @ DW_AT_name
	.byte	1                               @ DW_AT_decl_file
	.byte	167                             @ DW_AT_decl_line
	.long	135                             @ DW_AT_type
	.byte	28                              @ Abbrev [28] 0x137b:0xf DW_TAG_variable
	.long	.Ldebug_loc26                   @ DW_AT_location
	.long	.Linfo_string292                @ DW_AT_name
	.byte	1                               @ DW_AT_decl_file
	.byte	166                             @ DW_AT_decl_line
	.long	135                             @ DW_AT_type
	.byte	28                              @ Abbrev [28] 0x138a:0xf DW_TAG_variable
	.long	.Ldebug_loc27                   @ DW_AT_location
	.long	.Linfo_string335                @ DW_AT_name
	.byte	1                               @ DW_AT_decl_file
	.byte	165                             @ DW_AT_decl_line
	.long	135                             @ DW_AT_type
	.byte	28                              @ Abbrev [28] 0x1399:0xf DW_TAG_variable
	.long	.Ldebug_loc28                   @ DW_AT_location
	.long	.Linfo_string336                @ DW_AT_name
	.byte	1                               @ DW_AT_decl_file
	.byte	164                             @ DW_AT_decl_line
	.long	135                             @ DW_AT_type
	.byte	28                              @ Abbrev [28] 0x13a8:0xf DW_TAG_variable
	.long	.Ldebug_loc29                   @ DW_AT_location
	.long	.Linfo_string337                @ DW_AT_name
	.byte	1                               @ DW_AT_decl_file
	.byte	163                             @ DW_AT_decl_line
	.long	135                             @ DW_AT_type
	.byte	28                              @ Abbrev [28] 0x13b7:0xf DW_TAG_variable
	.long	.Ldebug_loc30                   @ DW_AT_location
	.long	.Linfo_string338                @ DW_AT_name
	.byte	1                               @ DW_AT_decl_file
	.byte	177                             @ DW_AT_decl_line
	.long	135                             @ DW_AT_type
	.byte	28                              @ Abbrev [28] 0x13c6:0xf DW_TAG_variable
	.long	.Ldebug_loc31                   @ DW_AT_location
	.long	.Linfo_string339                @ DW_AT_name
	.byte	1                               @ DW_AT_decl_file
	.byte	176                             @ DW_AT_decl_line
	.long	153                             @ DW_AT_type
	.byte	28                              @ Abbrev [28] 0x13d5:0xf DW_TAG_variable
	.long	.Ldebug_loc32                   @ DW_AT_location
	.long	.Linfo_string340                @ DW_AT_name
	.byte	1                               @ DW_AT_decl_file
	.byte	175                             @ DW_AT_decl_line
	.long	153                             @ DW_AT_type
	.byte	38                              @ Abbrev [38] 0x13e4:0x33 DW_TAG_inlined_subroutine
	.long	4647                            @ DW_AT_abstract_origin
	.long	.Ldebug_ranges2                 @ DW_AT_ranges
	.byte	1                               @ DW_AT_call_file
	.byte	215                             @ DW_AT_call_line
	.byte	17                              @ DW_AT_call_column
	.byte	39                              @ Abbrev [39] 0x13f0:0x7 DW_TAG_formal_parameter
	.byte	1                               @ DW_AT_location
	.byte	91
	.long	4656                            @ DW_AT_abstract_origin
	.byte	40                              @ Abbrev [40] 0x13f7:0x7 DW_TAG_formal_parameter
	.ascii	"\200\002"                      @ DW_AT_const_value
	.long	4668                            @ DW_AT_abstract_origin
	.byte	23                              @ Abbrev [23] 0x13fe:0x18 DW_TAG_lexical_block
	.long	.Ldebug_ranges3                 @ DW_AT_ranges
	.byte	21                              @ Abbrev [21] 0x1403:0x9 DW_TAG_variable
	.long	.Ldebug_loc33                   @ DW_AT_location
	.long	4681                            @ DW_AT_abstract_origin
	.byte	21                              @ Abbrev [21] 0x140c:0x9 DW_TAG_variable
	.long	.Ldebug_loc34                   @ DW_AT_location
	.long	4693                            @ DW_AT_abstract_origin
	.byte	0                               @ End Of Children Mark
	.byte	0                               @ End Of Children Mark
	.byte	41                              @ Abbrev [41] 0x1417:0x51 DW_TAG_inlined_subroutine
	.long	4713                            @ DW_AT_abstract_origin
	.long	.Ltmp249                        @ DW_AT_low_pc
	.long	.Ltmp325-.Ltmp249               @ DW_AT_high_pc
	.byte	1                               @ DW_AT_call_file
	.byte	254                             @ DW_AT_call_line
	.byte	48                              @ DW_AT_call_column
	.byte	39                              @ Abbrev [39] 0x1427:0xa DW_TAG_formal_parameter
	.byte	4                               @ DW_AT_location
	.byte	145
	.ascii	"\250\003"
	.byte	159
	.long	4725                            @ DW_AT_abstract_origin
	.byte	20                              @ Abbrev [20] 0x1431:0x9 DW_TAG_formal_parameter
	.long	.Ldebug_loc35                   @ DW_AT_location
	.long	4736                            @ DW_AT_abstract_origin
	.byte	21                              @ Abbrev [21] 0x143a:0x9 DW_TAG_variable
	.long	.Ldebug_loc36                   @ DW_AT_location
	.long	4747                            @ DW_AT_abstract_origin
	.byte	21                              @ Abbrev [21] 0x1443:0x9 DW_TAG_variable
	.long	.Ldebug_loc37                   @ DW_AT_location
	.long	4758                            @ DW_AT_abstract_origin
	.byte	21                              @ Abbrev [21] 0x144c:0x9 DW_TAG_variable
	.long	.Ldebug_loc38                   @ DW_AT_location
	.long	4769                            @ DW_AT_abstract_origin
	.byte	21                              @ Abbrev [21] 0x1455:0x9 DW_TAG_variable
	.long	.Ldebug_loc39                   @ DW_AT_location
	.long	4780                            @ DW_AT_abstract_origin
	.byte	21                              @ Abbrev [21] 0x145e:0x9 DW_TAG_variable
	.long	.Ldebug_loc40                   @ DW_AT_location
	.long	4791                            @ DW_AT_abstract_origin
	.byte	0                               @ End Of Children Mark
	.byte	0                               @ End Of Children Mark
	.byte	30                              @ Abbrev [30] 0x1469:0x16 DW_TAG_subprogram
	.long	.Linfo_string296                @ DW_AT_name
	.byte	9                               @ DW_AT_decl_file
	.short	4255                            @ DW_AT_decl_line
                                        @ DW_AT_prototyped
	.byte	1                               @ DW_AT_inline
	.byte	33                              @ Abbrev [33] 0x1472:0xc DW_TAG_variable
	.long	.Linfo_string297                @ DW_AT_name
	.byte	9                               @ DW_AT_decl_file
	.short	4257                            @ DW_AT_decl_line
	.long	135                             @ DW_AT_type
	.byte	0                               @ End Of Children Mark
	.byte	42                              @ Abbrev [42] 0x147f:0x9 DW_TAG_subprogram
	.long	.Linfo_string298                @ DW_AT_name
	.byte	9                               @ DW_AT_decl_file
	.short	4276                            @ DW_AT_decl_line
                                        @ DW_AT_prototyped
	.byte	1                               @ DW_AT_inline
	.byte	43                              @ Abbrev [43] 0x1488:0x26 DW_TAG_subprogram
	.long	.Linfo_string299                @ DW_AT_name
	.byte	10                              @ DW_AT_decl_file
	.short	640                             @ DW_AT_decl_line
                                        @ DW_AT_prototyped
	.long	186                             @ DW_AT_type
	.byte	1                               @ DW_AT_inline
	.byte	31                              @ Abbrev [31] 0x1495:0xc DW_TAG_formal_parameter
	.long	.Linfo_string300                @ DW_AT_name
	.byte	10                              @ DW_AT_decl_file
	.short	640                             @ DW_AT_decl_line
	.long	232                             @ DW_AT_type
	.byte	33                              @ Abbrev [33] 0x14a1:0xc DW_TAG_variable
	.long	.Linfo_string301                @ DW_AT_name
	.byte	10                              @ DW_AT_decl_file
	.short	642                             @ DW_AT_decl_line
	.long	5294                            @ DW_AT_type
	.byte	0                               @ End Of Children Mark
	.byte	10                              @ Abbrev [10] 0x14ae:0x5 DW_TAG_volatile_type
	.long	186                             @ DW_AT_type
	.byte	30                              @ Abbrev [30] 0x14b3:0x16 DW_TAG_subprogram
	.long	.Linfo_string302                @ DW_AT_name
	.byte	10                              @ DW_AT_decl_file
	.short	673                             @ DW_AT_decl_line
                                        @ DW_AT_prototyped
	.byte	1                               @ DW_AT_inline
	.byte	31                              @ Abbrev [31] 0x14bc:0xc DW_TAG_formal_parameter
	.long	.Linfo_string300                @ DW_AT_name
	.byte	10                              @ DW_AT_decl_file
	.short	673                             @ DW_AT_decl_line
	.long	232                             @ DW_AT_type
	.byte	0                               @ End Of Children Mark
	.byte	44                              @ Abbrev [44] 0x14c9:0x93 DW_TAG_subprogram
	.long	.Linfo_string303                @ DW_AT_name
	.byte	1                               @ DW_AT_decl_file
	.byte	37                              @ DW_AT_decl_line
                                        @ DW_AT_prototyped
                                        @ DW_AT_external
	.byte	1                               @ DW_AT_inline
	.byte	36                              @ Abbrev [36] 0x14d1:0xb DW_TAG_formal_parameter
	.long	.Linfo_string300                @ DW_AT_name
	.byte	1                               @ DW_AT_decl_file
	.byte	37                              @ DW_AT_decl_line
	.long	232                             @ DW_AT_type
	.byte	36                              @ Abbrev [36] 0x14dc:0xb DW_TAG_formal_parameter
	.long	.Linfo_string304                @ DW_AT_name
	.byte	1                               @ DW_AT_decl_file
	.byte	37                              @ DW_AT_decl_line
	.long	135                             @ DW_AT_type
	.byte	36                              @ Abbrev [36] 0x14e7:0xb DW_TAG_formal_parameter
	.long	.Linfo_string305                @ DW_AT_name
	.byte	1                               @ DW_AT_decl_file
	.byte	37                              @ DW_AT_decl_line
	.long	135                             @ DW_AT_type
	.byte	36                              @ Abbrev [36] 0x14f2:0xb DW_TAG_formal_parameter
	.long	.Linfo_string306                @ DW_AT_name
	.byte	1                               @ DW_AT_decl_file
	.byte	37                              @ DW_AT_decl_line
	.long	135                             @ DW_AT_type
	.byte	29                              @ Abbrev [29] 0x14fd:0xb DW_TAG_variable
	.long	.Linfo_string307                @ DW_AT_name
	.byte	1                               @ DW_AT_decl_file
	.byte	39                              @ DW_AT_decl_line
	.long	135                             @ DW_AT_type
	.byte	29                              @ Abbrev [29] 0x1508:0xb DW_TAG_variable
	.long	.Linfo_string308                @ DW_AT_name
	.byte	1                               @ DW_AT_decl_file
	.byte	41                              @ DW_AT_decl_line
	.long	135                             @ DW_AT_type
	.byte	29                              @ Abbrev [29] 0x1513:0xb DW_TAG_variable
	.long	.Linfo_string309                @ DW_AT_name
	.byte	1                               @ DW_AT_decl_file
	.byte	40                              @ DW_AT_decl_line
	.long	128                             @ DW_AT_type
	.byte	29                              @ Abbrev [29] 0x151e:0xb DW_TAG_variable
	.long	.Linfo_string310                @ DW_AT_name
	.byte	1                               @ DW_AT_decl_file
	.byte	42                              @ DW_AT_decl_line
	.long	135                             @ DW_AT_type
	.byte	29                              @ Abbrev [29] 0x1529:0xb DW_TAG_variable
	.long	.Linfo_string311                @ DW_AT_name
	.byte	1                               @ DW_AT_decl_file
	.byte	43                              @ DW_AT_decl_line
	.long	135                             @ DW_AT_type
	.byte	32                              @ Abbrev [32] 0x1534:0xd DW_TAG_lexical_block
	.byte	29                              @ Abbrev [29] 0x1535:0xb DW_TAG_variable
	.long	.Linfo_string312                @ DW_AT_name
	.byte	1                               @ DW_AT_decl_file
	.byte	46                              @ DW_AT_decl_line
	.long	135                             @ DW_AT_type
	.byte	0                               @ End Of Children Mark
	.byte	32                              @ Abbrev [32] 0x1541:0xd DW_TAG_lexical_block
	.byte	29                              @ Abbrev [29] 0x1542:0xb DW_TAG_variable
	.long	.Linfo_string313                @ DW_AT_name
	.byte	1                               @ DW_AT_decl_file
	.byte	49                              @ DW_AT_decl_line
	.long	135                             @ DW_AT_type
	.byte	0                               @ End Of Children Mark
	.byte	32                              @ Abbrev [32] 0x154e:0xd DW_TAG_lexical_block
	.byte	29                              @ Abbrev [29] 0x154f:0xb DW_TAG_variable
	.long	.Linfo_string314                @ DW_AT_name
	.byte	1                               @ DW_AT_decl_file
	.byte	52                              @ DW_AT_decl_line
	.long	135                             @ DW_AT_type
	.byte	0                               @ End Of Children Mark
	.byte	0                               @ End Of Children Mark
	.byte	45                              @ Abbrev [45] 0x155c:0x106 DW_TAG_subprogram
	.long	.Lfunc_begin4                   @ DW_AT_low_pc
	.long	.Lfunc_end4-.Lfunc_begin4       @ DW_AT_high_pc
	.byte	1                               @ DW_AT_frame_base
	.byte	93
                                        @ DW_AT_GNU_all_call_sites
	.long	.Linfo_string319                @ DW_AT_name
	.byte	1                               @ DW_AT_decl_file
	.short	261                             @ DW_AT_decl_line
                                        @ DW_AT_prototyped
                                        @ DW_AT_external
	.byte	46                              @ Abbrev [46] 0x156e:0x10 DW_TAG_formal_parameter
	.long	.Ldebug_loc41                   @ DW_AT_location
	.long	.Linfo_string300                @ DW_AT_name
	.byte	1                               @ DW_AT_decl_file
	.short	261                             @ DW_AT_decl_line
	.long	232                             @ DW_AT_type
	.byte	47                              @ Abbrev [47] 0x157e:0x10 DW_TAG_variable
	.long	.Ldebug_loc47                   @ DW_AT_location
	.long	.Linfo_string341                @ DW_AT_name
	.byte	1                               @ DW_AT_decl_file
	.short	263                             @ DW_AT_decl_line
	.long	6258                            @ DW_AT_type
	.byte	48                              @ Abbrev [48] 0x158e:0x1b DW_TAG_inlined_subroutine
	.long	5225                            @ DW_AT_abstract_origin
	.long	.Ltmp330                        @ DW_AT_low_pc
	.long	.Ltmp349-.Ltmp330               @ DW_AT_high_pc
	.byte	1                               @ DW_AT_call_file
	.short	266                             @ DW_AT_call_line
	.byte	5                               @ DW_AT_call_column
	.byte	21                              @ Abbrev [21] 0x159f:0x9 DW_TAG_variable
	.long	.Ldebug_loc42                   @ DW_AT_location
	.long	5234                            @ DW_AT_abstract_origin
	.byte	0                               @ End Of Children Mark
	.byte	49                              @ Abbrev [49] 0x15a9:0x11 DW_TAG_inlined_subroutine
	.long	5247                            @ DW_AT_abstract_origin
	.long	.Ltmp351                        @ DW_AT_low_pc
	.long	.Ltmp352-.Ltmp351               @ DW_AT_high_pc
	.byte	1                               @ DW_AT_call_file
	.short	272                             @ DW_AT_call_line
	.byte	5                               @ DW_AT_call_column
	.byte	48                              @ Abbrev [48] 0x15ba:0x3b DW_TAG_inlined_subroutine
	.long	5299                            @ DW_AT_abstract_origin
	.long	.Ltmp353                        @ DW_AT_low_pc
	.long	.Ltmp394-.Ltmp353               @ DW_AT_high_pc
	.byte	1                               @ DW_AT_call_file
	.short	278                             @ DW_AT_call_line
	.byte	5                               @ DW_AT_call_column
	.byte	39                              @ Abbrev [39] 0x15cb:0x7 DW_TAG_formal_parameter
	.byte	1                               @ DW_AT_location
	.byte	84
	.long	5308                            @ DW_AT_abstract_origin
	.byte	48                              @ Abbrev [48] 0x15d2:0x22 DW_TAG_inlined_subroutine
	.long	5256                            @ DW_AT_abstract_origin
	.long	.Ltmp353                        @ DW_AT_low_pc
	.long	.Ltmp393-.Ltmp353               @ DW_AT_high_pc
	.byte	10                              @ DW_AT_call_file
	.short	675                             @ DW_AT_call_line
	.byte	5                               @ DW_AT_call_column
	.byte	39                              @ Abbrev [39] 0x15e3:0x7 DW_TAG_formal_parameter
	.byte	1                               @ DW_AT_location
	.byte	84
	.long	5269                            @ DW_AT_abstract_origin
	.byte	21                              @ Abbrev [21] 0x15ea:0x9 DW_TAG_variable
	.long	.Ldebug_loc43                   @ DW_AT_location
	.long	5281                            @ DW_AT_abstract_origin
	.byte	0                               @ End Of Children Mark
	.byte	0                               @ End Of Children Mark
	.byte	48                              @ Abbrev [48] 0x15f5:0x63 DW_TAG_inlined_subroutine
	.long	5321                            @ DW_AT_abstract_origin
	.long	.Ltmp394                        @ DW_AT_low_pc
	.long	.Ltmp412-.Ltmp394               @ DW_AT_high_pc
	.byte	1                               @ DW_AT_call_file
	.short	281                             @ DW_AT_call_line
	.byte	5                               @ DW_AT_call_column
	.byte	39                              @ Abbrev [39] 0x1606:0x7 DW_TAG_formal_parameter
	.byte	1                               @ DW_AT_location
	.byte	84
	.long	5329                            @ DW_AT_abstract_origin
	.byte	50                              @ Abbrev [50] 0x160d:0x7 DW_TAG_formal_parameter
	.ascii	"\240\037"                      @ DW_AT_const_value
	.long	5340                            @ DW_AT_abstract_origin
	.byte	50                              @ Abbrev [50] 0x1614:0x6 DW_TAG_formal_parameter
	.byte	7                               @ DW_AT_const_value
	.long	5351                            @ DW_AT_abstract_origin
	.byte	50                              @ Abbrev [50] 0x161a:0x6 DW_TAG_formal_parameter
	.byte	7                               @ DW_AT_const_value
	.long	5362                            @ DW_AT_abstract_origin
	.byte	21                              @ Abbrev [21] 0x1620:0x9 DW_TAG_variable
	.long	.Ldebug_loc44                   @ DW_AT_location
	.long	5373                            @ DW_AT_abstract_origin
	.byte	21                              @ Abbrev [21] 0x1629:0x9 DW_TAG_variable
	.long	.Ldebug_loc45                   @ DW_AT_location
	.long	5384                            @ DW_AT_abstract_origin
	.byte	21                              @ Abbrev [21] 0x1632:0x9 DW_TAG_variable
	.long	.Ldebug_loc46                   @ DW_AT_location
	.long	5395                            @ DW_AT_abstract_origin
	.byte	24                              @ Abbrev [24] 0x163b:0x10 DW_TAG_lexical_block
	.long	.Ltmp405                        @ DW_AT_low_pc
	.long	.Ltmp406-.Ltmp405               @ DW_AT_high_pc
	.byte	25                              @ Abbrev [25] 0x1644:0x6 DW_TAG_variable
	.byte	3                               @ DW_AT_const_value
	.long	5442                            @ DW_AT_abstract_origin
	.byte	0                               @ End Of Children Mark
	.byte	23                              @ Abbrev [23] 0x164b:0xc DW_TAG_lexical_block
	.long	.Ldebug_ranges4                 @ DW_AT_ranges
	.byte	25                              @ Abbrev [25] 0x1650:0x6 DW_TAG_variable
	.byte	4                               @ DW_AT_const_value
	.long	5455                            @ DW_AT_abstract_origin
	.byte	0                               @ End Of Children Mark
	.byte	0                               @ End Of Children Mark
	.byte	51                              @ Abbrev [51] 0x1658:0x9 DW_TAG_GNU_call_site
	.long	5730                            @ DW_AT_abstract_origin
                                        @ DW_AT_GNU_tail_call
	.long	.Ltmp419                        @ DW_AT_low_pc
	.byte	0                               @ End Of Children Mark
	.byte	52                              @ Abbrev [52] 0x1662:0x1c DW_TAG_subprogram
	.long	.Linfo_string315                @ DW_AT_name
	.byte	10                              @ DW_AT_decl_file
	.short	728                             @ DW_AT_decl_line
                                        @ DW_AT_prototyped
	.long	186                             @ DW_AT_type
                                        @ DW_AT_declaration
                                        @ DW_AT_external
	.byte	53                              @ Abbrev [53] 0x166e:0x5 DW_TAG_formal_parameter
	.long	232                             @ DW_AT_type
	.byte	53                              @ Abbrev [53] 0x1673:0x5 DW_TAG_formal_parameter
	.long	135                             @ DW_AT_type
	.byte	53                              @ Abbrev [53] 0x1678:0x5 DW_TAG_formal_parameter
	.long	135                             @ DW_AT_type
	.byte	0                               @ End Of Children Mark
	.byte	45                              @ Abbrev [45] 0x167e:0x1a6 DW_TAG_subprogram
	.long	.Lfunc_begin5                   @ DW_AT_low_pc
	.long	.Lfunc_end5-.Lfunc_begin5       @ DW_AT_high_pc
	.byte	1                               @ DW_AT_frame_base
	.byte	93
                                        @ DW_AT_GNU_all_call_sites
	.long	.Linfo_string320                @ DW_AT_name
	.byte	1                               @ DW_AT_decl_file
	.short	309                             @ DW_AT_decl_line
                                        @ DW_AT_prototyped
                                        @ DW_AT_external
	.byte	46                              @ Abbrev [46] 0x1690:0x10 DW_TAG_formal_parameter
	.long	.Ldebug_loc48                   @ DW_AT_location
	.long	.Linfo_string300                @ DW_AT_name
	.byte	1                               @ DW_AT_decl_file
	.short	309                             @ DW_AT_decl_line
	.long	232                             @ DW_AT_type
	.byte	24                              @ Abbrev [24] 0x16a0:0x17a DW_TAG_lexical_block
	.long	.Ltmp422                        @ DW_AT_low_pc
	.long	.Ltmp460-.Ltmp422               @ DW_AT_high_pc
	.byte	47                              @ Abbrev [47] 0x16a9:0x10 DW_TAG_variable
	.long	.Ldebug_loc49                   @ DW_AT_location
	.long	.Linfo_string366                @ DW_AT_name
	.byte	1                               @ DW_AT_decl_file
	.short	326                             @ DW_AT_decl_line
	.long	135                             @ DW_AT_type
	.byte	24                              @ Abbrev [24] 0x16b9:0x16 DW_TAG_lexical_block
	.long	.Ltmp427                        @ DW_AT_low_pc
	.long	.Ltmp428-.Ltmp427               @ DW_AT_high_pc
	.byte	33                              @ Abbrev [33] 0x16c2:0xc DW_TAG_variable
	.long	.Linfo_string367                @ DW_AT_name
	.byte	1                               @ DW_AT_decl_file
	.short	342                             @ DW_AT_decl_line
	.long	146                             @ DW_AT_type
	.byte	0                               @ End Of Children Mark
	.byte	24                              @ Abbrev [24] 0x16cf:0x16 DW_TAG_lexical_block
	.long	.Ltmp429                        @ DW_AT_low_pc
	.long	.Ltmp430-.Ltmp429               @ DW_AT_high_pc
	.byte	33                              @ Abbrev [33] 0x16d8:0xc DW_TAG_variable
	.long	.Linfo_string367                @ DW_AT_name
	.byte	1                               @ DW_AT_decl_file
	.short	345                             @ DW_AT_decl_line
	.long	146                             @ DW_AT_type
	.byte	0                               @ End Of Children Mark
	.byte	24                              @ Abbrev [24] 0x16e5:0x16 DW_TAG_lexical_block
	.long	.Ltmp431                        @ DW_AT_low_pc
	.long	.Ltmp432-.Ltmp431               @ DW_AT_high_pc
	.byte	33                              @ Abbrev [33] 0x16ee:0xc DW_TAG_variable
	.long	.Linfo_string367                @ DW_AT_name
	.byte	1                               @ DW_AT_decl_file
	.short	349                             @ DW_AT_decl_line
	.long	146                             @ DW_AT_type
	.byte	0                               @ End Of Children Mark
	.byte	24                              @ Abbrev [24] 0x16fb:0x16 DW_TAG_lexical_block
	.long	.Ltmp433                        @ DW_AT_low_pc
	.long	.Ltmp434-.Ltmp433               @ DW_AT_high_pc
	.byte	33                              @ Abbrev [33] 0x1704:0xc DW_TAG_variable
	.long	.Linfo_string367                @ DW_AT_name
	.byte	1                               @ DW_AT_decl_file
	.short	357                             @ DW_AT_decl_line
	.long	146                             @ DW_AT_type
	.byte	0                               @ End Of Children Mark
	.byte	24                              @ Abbrev [24] 0x1711:0x16 DW_TAG_lexical_block
	.long	.Ltmp435                        @ DW_AT_low_pc
	.long	.Ltmp436-.Ltmp435               @ DW_AT_high_pc
	.byte	33                              @ Abbrev [33] 0x171a:0xc DW_TAG_variable
	.long	.Linfo_string367                @ DW_AT_name
	.byte	1                               @ DW_AT_decl_file
	.short	358                             @ DW_AT_decl_line
	.long	146                             @ DW_AT_type
	.byte	0                               @ End Of Children Mark
	.byte	24                              @ Abbrev [24] 0x1727:0x16 DW_TAG_lexical_block
	.long	.Ltmp437                        @ DW_AT_low_pc
	.long	.Ltmp438-.Ltmp437               @ DW_AT_high_pc
	.byte	33                              @ Abbrev [33] 0x1730:0xc DW_TAG_variable
	.long	.Linfo_string367                @ DW_AT_name
	.byte	1                               @ DW_AT_decl_file
	.short	359                             @ DW_AT_decl_line
	.long	146                             @ DW_AT_type
	.byte	0                               @ End Of Children Mark
	.byte	24                              @ Abbrev [24] 0x173d:0x16 DW_TAG_lexical_block
	.long	.Ltmp439                        @ DW_AT_low_pc
	.long	.Ltmp440-.Ltmp439               @ DW_AT_high_pc
	.byte	33                              @ Abbrev [33] 0x1746:0xc DW_TAG_variable
	.long	.Linfo_string367                @ DW_AT_name
	.byte	1                               @ DW_AT_decl_file
	.short	361                             @ DW_AT_decl_line
	.long	146                             @ DW_AT_type
	.byte	0                               @ End Of Children Mark
	.byte	24                              @ Abbrev [24] 0x1753:0x16 DW_TAG_lexical_block
	.long	.Ltmp441                        @ DW_AT_low_pc
	.long	.Ltmp442-.Ltmp441               @ DW_AT_high_pc
	.byte	33                              @ Abbrev [33] 0x175c:0xc DW_TAG_variable
	.long	.Linfo_string367                @ DW_AT_name
	.byte	1                               @ DW_AT_decl_file
	.short	362                             @ DW_AT_decl_line
	.long	146                             @ DW_AT_type
	.byte	0                               @ End Of Children Mark
	.byte	24                              @ Abbrev [24] 0x1769:0x16 DW_TAG_lexical_block
	.long	.Ltmp443                        @ DW_AT_low_pc
	.long	.Ltmp444-.Ltmp443               @ DW_AT_high_pc
	.byte	33                              @ Abbrev [33] 0x1772:0xc DW_TAG_variable
	.long	.Linfo_string367                @ DW_AT_name
	.byte	1                               @ DW_AT_decl_file
	.short	363                             @ DW_AT_decl_line
	.long	146                             @ DW_AT_type
	.byte	0                               @ End Of Children Mark
	.byte	24                              @ Abbrev [24] 0x177f:0x16 DW_TAG_lexical_block
	.long	.Ltmp445                        @ DW_AT_low_pc
	.long	.Ltmp446-.Ltmp445               @ DW_AT_high_pc
	.byte	33                              @ Abbrev [33] 0x1788:0xc DW_TAG_variable
	.long	.Linfo_string367                @ DW_AT_name
	.byte	1                               @ DW_AT_decl_file
	.short	364                             @ DW_AT_decl_line
	.long	146                             @ DW_AT_type
	.byte	0                               @ End Of Children Mark
	.byte	24                              @ Abbrev [24] 0x1795:0x16 DW_TAG_lexical_block
	.long	.Ltmp447                        @ DW_AT_low_pc
	.long	.Ltmp448-.Ltmp447               @ DW_AT_high_pc
	.byte	33                              @ Abbrev [33] 0x179e:0xc DW_TAG_variable
	.long	.Linfo_string367                @ DW_AT_name
	.byte	1                               @ DW_AT_decl_file
	.short	366                             @ DW_AT_decl_line
	.long	146                             @ DW_AT_type
	.byte	0                               @ End Of Children Mark
	.byte	24                              @ Abbrev [24] 0x17ab:0x16 DW_TAG_lexical_block
	.long	.Ltmp449                        @ DW_AT_low_pc
	.long	.Ltmp450-.Ltmp449               @ DW_AT_high_pc
	.byte	33                              @ Abbrev [33] 0x17b4:0xc DW_TAG_variable
	.long	.Linfo_string367                @ DW_AT_name
	.byte	1                               @ DW_AT_decl_file
	.short	367                             @ DW_AT_decl_line
	.long	146                             @ DW_AT_type
	.byte	0                               @ End Of Children Mark
	.byte	24                              @ Abbrev [24] 0x17c1:0x16 DW_TAG_lexical_block
	.long	.Ltmp451                        @ DW_AT_low_pc
	.long	.Ltmp452-.Ltmp451               @ DW_AT_high_pc
	.byte	33                              @ Abbrev [33] 0x17ca:0xc DW_TAG_variable
	.long	.Linfo_string367                @ DW_AT_name
	.byte	1                               @ DW_AT_decl_file
	.short	368                             @ DW_AT_decl_line
	.long	146                             @ DW_AT_type
	.byte	0                               @ End Of Children Mark
	.byte	24                              @ Abbrev [24] 0x17d7:0x16 DW_TAG_lexical_block
	.long	.Ltmp453                        @ DW_AT_low_pc
	.long	.Ltmp454-.Ltmp453               @ DW_AT_high_pc
	.byte	33                              @ Abbrev [33] 0x17e0:0xc DW_TAG_variable
	.long	.Linfo_string367                @ DW_AT_name
	.byte	1                               @ DW_AT_decl_file
	.short	369                             @ DW_AT_decl_line
	.long	146                             @ DW_AT_type
	.byte	0                               @ End Of Children Mark
	.byte	24                              @ Abbrev [24] 0x17ed:0x16 DW_TAG_lexical_block
	.long	.Ltmp455                        @ DW_AT_low_pc
	.long	.Ltmp456-.Ltmp455               @ DW_AT_high_pc
	.byte	33                              @ Abbrev [33] 0x17f6:0xc DW_TAG_variable
	.long	.Linfo_string367                @ DW_AT_name
	.byte	1                               @ DW_AT_decl_file
	.short	370                             @ DW_AT_decl_line
	.long	146                             @ DW_AT_type
	.byte	0                               @ End Of Children Mark
	.byte	24                              @ Abbrev [24] 0x1803:0x16 DW_TAG_lexical_block
	.long	.Ltmp457                        @ DW_AT_low_pc
	.long	.Ltmp458-.Ltmp457               @ DW_AT_high_pc
	.byte	33                              @ Abbrev [33] 0x180c:0xc DW_TAG_variable
	.long	.Linfo_string367                @ DW_AT_name
	.byte	1                               @ DW_AT_decl_file
	.short	371                             @ DW_AT_decl_line
	.long	146                             @ DW_AT_type
	.byte	0                               @ End Of Children Mark
	.byte	0                               @ End Of Children Mark
	.byte	51                              @ Abbrev [51] 0x181a:0x9 DW_TAG_GNU_call_site
	.long	6180                            @ DW_AT_abstract_origin
                                        @ DW_AT_GNU_tail_call
	.long	.Ltmp460                        @ DW_AT_low_pc
	.byte	0                               @ End Of Children Mark
	.byte	54                              @ Abbrev [54] 0x1824:0x18 DW_TAG_subprogram
	.long	.Linfo_string316                @ DW_AT_name
	.byte	11                              @ DW_AT_decl_file
	.short	1388                            @ DW_AT_decl_line
                                        @ DW_AT_prototyped
                                        @ DW_AT_declaration
                                        @ DW_AT_external
	.byte	53                              @ Abbrev [53] 0x182c:0x5 DW_TAG_formal_parameter
	.long	2820                            @ DW_AT_type
	.byte	53                              @ Abbrev [53] 0x1831:0x5 DW_TAG_formal_parameter
	.long	135                             @ DW_AT_type
	.byte	53                              @ Abbrev [53] 0x1836:0x5 DW_TAG_formal_parameter
	.long	135                             @ DW_AT_type
	.byte	0                               @ End Of Children Mark
	.byte	8                               @ Abbrev [8] 0x183c:0xb DW_TAG_typedef
	.long	6215                            @ DW_AT_type
	.long	.Linfo_string325                @ DW_AT_name
	.byte	2                               @ DW_AT_decl_file
	.byte	63                              @ DW_AT_decl_line
	.byte	5                               @ Abbrev [5] 0x1847:0x7 DW_TAG_base_type
	.long	.Linfo_string324                @ DW_AT_name
	.byte	7                               @ DW_AT_encoding
	.byte	2                               @ DW_AT_byte_size
	.byte	3                               @ Abbrev [3] 0x184e:0xc DW_TAG_array_type
	.long	158                             @ DW_AT_type
	.byte	4                               @ Abbrev [4] 0x1853:0x6 DW_TAG_subrange_type
	.long	70                              @ DW_AT_type
	.byte	32                              @ DW_AT_count
	.byte	0                               @ End Of Children Mark
	.byte	3                               @ Abbrev [3] 0x185a:0xc DW_TAG_array_type
	.long	214                             @ DW_AT_type
	.byte	4                               @ Abbrev [4] 0x185f:0x6 DW_TAG_subrange_type
	.long	70                              @ DW_AT_type
	.byte	32                              @ DW_AT_count
	.byte	0                               @ End Of Children Mark
	.byte	3                               @ Abbrev [3] 0x1866:0xc DW_TAG_array_type
	.long	214                             @ DW_AT_type
	.byte	4                               @ Abbrev [4] 0x186b:0x6 DW_TAG_subrange_type
	.long	70                              @ DW_AT_type
	.byte	16                              @ DW_AT_count
	.byte	0                               @ End Of Children Mark
	.byte	8                               @ Abbrev [8] 0x1872:0xb DW_TAG_typedef
	.long	6269                            @ DW_AT_type
	.long	.Linfo_string365                @ DW_AT_name
	.byte	12                              @ DW_AT_decl_file
	.byte	74                              @ DW_AT_decl_line
	.byte	12                              @ Abbrev [12] 0x187d:0x1a4 DW_TAG_structure_type
	.byte	20                              @ DW_AT_byte_size
	.byte	12                              @ DW_AT_decl_file
	.byte	17                              @ DW_AT_decl_line
	.byte	55                              @ Abbrev [55] 0x1881:0xc DW_TAG_member
	.long	.Linfo_string342                @ DW_AT_name
	.long	6285                            @ DW_AT_type
	.byte	12                              @ DW_AT_decl_file
	.byte	31                              @ DW_AT_decl_line
	.byte	0                               @ DW_AT_data_member_location
	.byte	56                              @ Abbrev [56] 0x188d:0x5f DW_TAG_union_type
	.byte	8                               @ DW_AT_byte_size
	.byte	12                              @ DW_AT_decl_file
	.byte	19                              @ DW_AT_decl_line
	.byte	55                              @ Abbrev [55] 0x1891:0xc DW_TAG_member
	.long	.Linfo_string343                @ DW_AT_name
	.long	135                             @ DW_AT_type
	.byte	12                              @ DW_AT_decl_file
	.byte	21                              @ DW_AT_decl_line
	.byte	0                               @ DW_AT_data_member_location
	.byte	57                              @ Abbrev [57] 0x189d:0x8 DW_TAG_member
	.long	6309                            @ DW_AT_type
	.byte	12                              @ DW_AT_decl_file
	.byte	22                              @ DW_AT_decl_line
	.byte	0                               @ DW_AT_data_member_location
	.byte	12                              @ Abbrev [12] 0x18a5:0x46 DW_TAG_structure_type
	.byte	8                               @ DW_AT_byte_size
	.byte	12                              @ DW_AT_decl_file
	.byte	22                              @ DW_AT_decl_line
	.byte	58                              @ Abbrev [58] 0x18a9:0xd DW_TAG_member
	.long	.Linfo_string344                @ DW_AT_name
	.long	135                             @ DW_AT_type
	.byte	12                              @ DW_AT_decl_file
	.byte	24                              @ DW_AT_decl_line
	.byte	4                               @ DW_AT_bit_size
	.byte	0                               @ DW_AT_data_bit_offset
	.byte	58                              @ Abbrev [58] 0x18b6:0xd DW_TAG_member
	.long	.Linfo_string345                @ DW_AT_name
	.long	135                             @ DW_AT_type
	.byte	12                              @ DW_AT_decl_file
	.byte	25                              @ DW_AT_decl_line
	.byte	4                               @ DW_AT_bit_size
	.byte	4                               @ DW_AT_data_bit_offset
	.byte	58                              @ Abbrev [58] 0x18c3:0xd DW_TAG_member
	.long	.Linfo_string346                @ DW_AT_name
	.long	135                             @ DW_AT_type
	.byte	12                              @ DW_AT_decl_file
	.byte	26                              @ DW_AT_decl_line
	.byte	4                               @ DW_AT_bit_size
	.byte	8                               @ DW_AT_data_bit_offset
	.byte	58                              @ Abbrev [58] 0x18d0:0xd DW_TAG_member
	.long	.Linfo_string347                @ DW_AT_name
	.long	135                             @ DW_AT_type
	.byte	12                              @ DW_AT_decl_file
	.byte	27                              @ DW_AT_decl_line
	.byte	3                               @ DW_AT_bit_size
	.byte	12                              @ DW_AT_data_bit_offset
	.byte	58                              @ Abbrev [58] 0x18dd:0xd DW_TAG_member
	.long	.Linfo_string348                @ DW_AT_name
	.long	135                             @ DW_AT_type
	.byte	12                              @ DW_AT_decl_file
	.byte	28                              @ DW_AT_decl_line
	.byte	2                               @ DW_AT_bit_size
	.byte	15                              @ DW_AT_data_bit_offset
	.byte	0                               @ End Of Children Mark
	.byte	0                               @ End Of Children Mark
	.byte	55                              @ Abbrev [55] 0x18ec:0xc DW_TAG_member
	.long	.Linfo_string349                @ DW_AT_name
	.long	6392                            @ DW_AT_type
	.byte	12                              @ DW_AT_decl_file
	.byte	42                              @ DW_AT_decl_line
	.byte	8                               @ DW_AT_data_member_location
	.byte	56                              @ Abbrev [56] 0x18f8:0x38 DW_TAG_union_type
	.byte	4                               @ DW_AT_byte_size
	.byte	12                              @ DW_AT_decl_file
	.byte	33                              @ DW_AT_decl_line
	.byte	55                              @ Abbrev [55] 0x18fc:0xc DW_TAG_member
	.long	.Linfo_string343                @ DW_AT_name
	.long	135                             @ DW_AT_type
	.byte	12                              @ DW_AT_decl_file
	.byte	35                              @ DW_AT_decl_line
	.byte	0                               @ DW_AT_data_member_location
	.byte	57                              @ Abbrev [57] 0x1908:0x8 DW_TAG_member
	.long	6416                            @ DW_AT_type
	.byte	12                              @ DW_AT_decl_file
	.byte	36                              @ DW_AT_decl_line
	.byte	0                               @ DW_AT_data_member_location
	.byte	12                              @ Abbrev [12] 0x1910:0x1f DW_TAG_structure_type
	.byte	4                               @ DW_AT_byte_size
	.byte	12                              @ DW_AT_decl_file
	.byte	36                              @ DW_AT_decl_line
	.byte	58                              @ Abbrev [58] 0x1914:0xd DW_TAG_member
	.long	.Linfo_string350                @ DW_AT_name
	.long	135                             @ DW_AT_type
	.byte	12                              @ DW_AT_decl_file
	.byte	38                              @ DW_AT_decl_line
	.byte	4                               @ DW_AT_bit_size
	.byte	0                               @ DW_AT_data_bit_offset
	.byte	58                              @ Abbrev [58] 0x1921:0xd DW_TAG_member
	.long	.Linfo_string351                @ DW_AT_name
	.long	135                             @ DW_AT_type
	.byte	12                              @ DW_AT_decl_file
	.byte	39                              @ DW_AT_decl_line
	.byte	12                              @ DW_AT_bit_size
	.byte	4                               @ DW_AT_data_bit_offset
	.byte	0                               @ End Of Children Mark
	.byte	0                               @ End Of Children Mark
	.byte	55                              @ Abbrev [55] 0x1930:0xc DW_TAG_member
	.long	.Linfo_string352                @ DW_AT_name
	.long	6460                            @ DW_AT_type
	.byte	12                              @ DW_AT_decl_file
	.byte	58                              @ DW_AT_decl_line
	.byte	12                              @ DW_AT_data_member_location
	.byte	56                              @ Abbrev [56] 0x193c:0x79 DW_TAG_union_type
	.byte	4                               @ DW_AT_byte_size
	.byte	12                              @ DW_AT_decl_file
	.byte	44                              @ DW_AT_decl_line
	.byte	55                              @ Abbrev [55] 0x1940:0xc DW_TAG_member
	.long	.Linfo_string343                @ DW_AT_name
	.long	135                             @ DW_AT_type
	.byte	12                              @ DW_AT_decl_file
	.byte	46                              @ DW_AT_decl_line
	.byte	0                               @ DW_AT_data_member_location
	.byte	57                              @ Abbrev [57] 0x194c:0x8 DW_TAG_member
	.long	6484                            @ DW_AT_type
	.byte	12                              @ DW_AT_decl_file
	.byte	47                              @ DW_AT_decl_line
	.byte	0                               @ DW_AT_data_member_location
	.byte	12                              @ Abbrev [12] 0x1954:0x60 DW_TAG_structure_type
	.byte	4                               @ DW_AT_byte_size
	.byte	12                              @ DW_AT_decl_file
	.byte	47                              @ DW_AT_decl_line
	.byte	58                              @ Abbrev [58] 0x1958:0xd DW_TAG_member
	.long	.Linfo_string353                @ DW_AT_name
	.long	135                             @ DW_AT_type
	.byte	12                              @ DW_AT_decl_file
	.byte	49                              @ DW_AT_decl_line
	.byte	2                               @ DW_AT_bit_size
	.byte	0                               @ DW_AT_data_bit_offset
	.byte	58                              @ Abbrev [58] 0x1965:0xd DW_TAG_member
	.long	.Linfo_string354                @ DW_AT_name
	.long	135                             @ DW_AT_type
	.byte	12                              @ DW_AT_decl_file
	.byte	50                              @ DW_AT_decl_line
	.byte	1                               @ DW_AT_bit_size
	.byte	2                               @ DW_AT_data_bit_offset
	.byte	58                              @ Abbrev [58] 0x1972:0xd DW_TAG_member
	.long	.Linfo_string355                @ DW_AT_name
	.long	135                             @ DW_AT_type
	.byte	12                              @ DW_AT_decl_file
	.byte	51                              @ DW_AT_decl_line
	.byte	1                               @ DW_AT_bit_size
	.byte	3                               @ DW_AT_data_bit_offset
	.byte	58                              @ Abbrev [58] 0x197f:0xd DW_TAG_member
	.long	.Linfo_string356                @ DW_AT_name
	.long	135                             @ DW_AT_type
	.byte	12                              @ DW_AT_decl_file
	.byte	52                              @ DW_AT_decl_line
	.byte	4                               @ DW_AT_bit_size
	.byte	4                               @ DW_AT_data_bit_offset
	.byte	58                              @ Abbrev [58] 0x198c:0xd DW_TAG_member
	.long	.Linfo_string347                @ DW_AT_name
	.long	135                             @ DW_AT_type
	.byte	12                              @ DW_AT_decl_file
	.byte	53                              @ DW_AT_decl_line
	.byte	4                               @ DW_AT_bit_size
	.byte	8                               @ DW_AT_data_bit_offset
	.byte	58                              @ Abbrev [58] 0x1999:0xd DW_TAG_member
	.long	.Linfo_string357                @ DW_AT_name
	.long	135                             @ DW_AT_type
	.byte	12                              @ DW_AT_decl_file
	.byte	54                              @ DW_AT_decl_line
	.byte	3                               @ DW_AT_bit_size
	.byte	12                              @ DW_AT_data_bit_offset
	.byte	58                              @ Abbrev [58] 0x19a6:0xd DW_TAG_member
	.long	.Linfo_string358                @ DW_AT_name
	.long	135                             @ DW_AT_type
	.byte	12                              @ DW_AT_decl_file
	.byte	55                              @ DW_AT_decl_line
	.byte	1                               @ DW_AT_bit_size
	.byte	15                              @ DW_AT_data_bit_offset
	.byte	0                               @ End Of Children Mark
	.byte	0                               @ End Of Children Mark
	.byte	55                              @ Abbrev [55] 0x19b5:0xc DW_TAG_member
	.long	.Linfo_string359                @ DW_AT_name
	.long	6593                            @ DW_AT_type
	.byte	12                              @ DW_AT_decl_file
	.byte	72                              @ DW_AT_decl_line
	.byte	16                              @ DW_AT_data_member_location
	.byte	56                              @ Abbrev [56] 0x19c1:0x5f DW_TAG_union_type
	.byte	4                               @ DW_AT_byte_size
	.byte	12                              @ DW_AT_decl_file
	.byte	60                              @ DW_AT_decl_line
	.byte	55                              @ Abbrev [55] 0x19c5:0xc DW_TAG_member
	.long	.Linfo_string343                @ DW_AT_name
	.long	135                             @ DW_AT_type
	.byte	12                              @ DW_AT_decl_file
	.byte	62                              @ DW_AT_decl_line
	.byte	0                               @ DW_AT_data_member_location
	.byte	57                              @ Abbrev [57] 0x19d1:0x8 DW_TAG_member
	.long	6617                            @ DW_AT_type
	.byte	12                              @ DW_AT_decl_file
	.byte	63                              @ DW_AT_decl_line
	.byte	0                               @ DW_AT_data_member_location
	.byte	12                              @ Abbrev [12] 0x19d9:0x46 DW_TAG_structure_type
	.byte	4                               @ DW_AT_byte_size
	.byte	12                              @ DW_AT_decl_file
	.byte	63                              @ DW_AT_decl_line
	.byte	58                              @ Abbrev [58] 0x19dd:0xd DW_TAG_member
	.long	.Linfo_string360                @ DW_AT_name
	.long	135                             @ DW_AT_type
	.byte	12                              @ DW_AT_decl_file
	.byte	65                              @ DW_AT_decl_line
	.byte	2                               @ DW_AT_bit_size
	.byte	0                               @ DW_AT_data_bit_offset
	.byte	58                              @ Abbrev [58] 0x19ea:0xd DW_TAG_member
	.long	.Linfo_string361                @ DW_AT_name
	.long	135                             @ DW_AT_type
	.byte	12                              @ DW_AT_decl_file
	.byte	66                              @ DW_AT_decl_line
	.byte	3                               @ DW_AT_bit_size
	.byte	2                               @ DW_AT_data_bit_offset
	.byte	58                              @ Abbrev [58] 0x19f7:0xd DW_TAG_member
	.long	.Linfo_string362                @ DW_AT_name
	.long	135                             @ DW_AT_type
	.byte	12                              @ DW_AT_decl_file
	.byte	67                              @ DW_AT_decl_line
	.byte	1                               @ DW_AT_bit_size
	.byte	5                               @ DW_AT_data_bit_offset
	.byte	58                              @ Abbrev [58] 0x1a04:0xd DW_TAG_member
	.long	.Linfo_string363                @ DW_AT_name
	.long	135                             @ DW_AT_type
	.byte	12                              @ DW_AT_decl_file
	.byte	68                              @ DW_AT_decl_line
	.byte	1                               @ DW_AT_bit_size
	.byte	6                               @ DW_AT_data_bit_offset
	.byte	58                              @ Abbrev [58] 0x1a11:0xd DW_TAG_member
	.long	.Linfo_string364                @ DW_AT_name
	.long	135                             @ DW_AT_type
	.byte	12                              @ DW_AT_decl_file
	.byte	69                              @ DW_AT_decl_line
	.byte	8                               @ DW_AT_bit_size
	.byte	7                               @ DW_AT_data_bit_offset
	.byte	0                               @ End Of Children Mark
	.byte	0                               @ End Of Children Mark
	.byte	0                               @ End Of Children Mark
	.byte	0                               @ End Of Children Mark
.Ldebug_info_end0:
	.section	.debug_ranges,"",%progbits
.Ldebug_ranges0:
	.long	.Ltmp12
	.long	.Ltmp13
	.long	.Ltmp14
	.long	.Ltmp15
	.long	0
	.long	0
.Ldebug_ranges1:
	.long	.Ltmp16
	.long	.Ltmp17
	.long	.Ltmp19
	.long	.Ltmp20
	.long	0
	.long	0
.Ldebug_ranges2:
	.long	.Ltmp146
	.long	.Ltmp150
	.long	.Ltmp151
	.long	.Ltmp163
	.long	0
	.long	0
.Ldebug_ranges3:
	.long	.Ltmp146
	.long	.Ltmp150
	.long	.Ltmp151
	.long	.Ltmp163
	.long	0
	.long	0
.Ldebug_ranges4:
	.long	.Ltmp406
	.long	.Ltmp407
	.long	.Ltmp409
	.long	.Ltmp410
	.long	0
	.long	0
.Ldebug_ranges5:
	.long	.Lfunc_begin0
	.long	.Lfunc_end0
	.long	.Lfunc_begin1
	.long	.Lfunc_end1
	.long	.Lfunc_begin2
	.long	.Lfunc_end2
	.long	.Lfunc_begin3
	.long	.Lfunc_end3
	.long	.Lfunc_begin4
	.long	.Lfunc_end4
	.long	.Lfunc_begin5
	.long	.Lfunc_end5
	.long	0
	.long	0
	.section	.debug_str,"MS",%progbits,1
.Linfo_string0:
	.asciz	"Component: Arm Compiler for Embedded 6.22 Tool: armclang [5ee92100]" @ string offset=0
.Linfo_string1:
	.asciz	"../Device/HyperRAM\\hyperram_code.c" @ string offset=68
.Linfo_string2:
	.asciz	"C:\\ML\\ML_M55M1_SampleCode-master 2\\ML_M55M1_SampleCode-master\\M55M1BSP-3.01.003\\SampleCode\\NuEdgeWise\\PoseLandmark_YOLOv8n\\KEIL" @ string offset=103
.Linfo_string3:
	.asciz	"char"                          @ string offset=231
.Linfo_string4:
	.asciz	"__ARRAY_SIZE_TYPE__"           @ string offset=236
.Linfo_string5:
	.asciz	"float"                         @ string offset=256
.Linfo_string6:
	.asciz	"unsigned int"                  @ string offset=262
.Linfo_string7:
	.asciz	"uint32_t"                      @ string offset=275
.Linfo_string8:
	.asciz	"unsigned char"                 @ string offset=284
.Linfo_string9:
	.asciz	"uint8_t"                       @ string offset=298
.Linfo_string10:
	.asciz	"int"                           @ string offset=306
.Linfo_string11:
	.asciz	"int32_t"                       @ string offset=310
.Linfo_string12:
	.asciz	"unsigned long long"            @ string offset=318
.Linfo_string13:
	.asciz	"uint64_t"                      @ string offset=337
.Linfo_string14:
	.asciz	"CTL0"                          @ string offset=346
.Linfo_string15:
	.asciz	"CTL1"                          @ string offset=351
.Linfo_string16:
	.asciz	"RESERVE0"                      @ string offset=356
.Linfo_string17:
	.asciz	"RXCLKDLY"                      @ string offset=365
.Linfo_string18:
	.asciz	"RX"                            @ string offset=374
.Linfo_string19:
	.asciz	"TX"                            @ string offset=377
.Linfo_string20:
	.asciz	"SRAMADDR"                      @ string offset=380
.Linfo_string21:
	.asciz	"DMACNT"                        @ string offset=389
.Linfo_string22:
	.asciz	"FADDR"                         @ string offset=396
.Linfo_string23:
	.asciz	"RESERVE1"                      @ string offset=402
.Linfo_string24:
	.asciz	"DMMCTL"                        @ string offset=411
.Linfo_string25:
	.asciz	"CTL2"                          @ string offset=418
.Linfo_string26:
	.asciz	"CMDCODE"                       @ string offset=423
.Linfo_string27:
	.asciz	"MODE"                          @ string offset=431
.Linfo_string28:
	.asciz	"PHDMAW"                        @ string offset=436
.Linfo_string29:
	.asciz	"PHDMAR"                        @ string offset=443
.Linfo_string30:
	.asciz	"PHDMM"                         @ string offset=450
.Linfo_string31:
	.asciz	"RESERVE2"                      @ string offset=456
.Linfo_string32:
	.asciz	"DLL0"                          @ string offset=465
.Linfo_string33:
	.asciz	"DLL1"                          @ string offset=470
.Linfo_string34:
	.asciz	"DLL2"                          @ string offset=475
.Linfo_string35:
	.asciz	"RESERVE3"                      @ string offset=480
.Linfo_string36:
	.asciz	"HYPER_CMD"                     @ string offset=489
.Linfo_string37:
	.asciz	"HYPER_CONFIG1"                 @ string offset=499
.Linfo_string38:
	.asciz	"HYPER_CONFIG2"                 @ string offset=513
.Linfo_string39:
	.asciz	"HYPER_ADR"                     @ string offset=527
.Linfo_string40:
	.asciz	"HYPER_WDATA"                   @ string offset=537
.Linfo_string41:
	.asciz	"HYPER_RDATA"                   @ string offset=549
.Linfo_string42:
	.asciz	"HYPER_INTEN"                   @ string offset=561
.Linfo_string43:
	.asciz	"HYPER_INTSTS"                  @ string offset=573
.Linfo_string44:
	.asciz	"SPIM_T"                        @ string offset=586
.Linfo_string45:
	.asciz	"PDID"                          @ string offset=593
.Linfo_string46:
	.asciz	"RSTCTL"                        @ string offset=598
.Linfo_string47:
	.asciz	"RSTSTS"                        @ string offset=605
.Linfo_string48:
	.asciz	"VTORSET"                       @ string offset=612
.Linfo_string49:
	.asciz	"SRAMICTL"                      @ string offset=620
.Linfo_string50:
	.asciz	"SRAMSTS"                       @ string offset=629
.Linfo_string51:
	.asciz	"SRAMEADR"                      @ string offset=637
.Linfo_string52:
	.asciz	"BODCTL"                        @ string offset=646
.Linfo_string53:
	.asciz	"BODSTS"                        @ string offset=653
.Linfo_string54:
	.asciz	"PORCTL"                        @ string offset=660
.Linfo_string55:
	.asciz	"VREFCTL"                       @ string offset=667
.Linfo_string56:
	.asciz	"IVSCTL"                        @ string offset=675
.Linfo_string57:
	.asciz	"USBPHY"                        @ string offset=682
.Linfo_string58:
	.asciz	"UTCPDCTL"                      @ string offset=689
.Linfo_string59:
	.asciz	"DBUSCTL"                       @ string offset=698
.Linfo_string60:
	.asciz	"GPA_MFOS"                      @ string offset=706
.Linfo_string61:
	.asciz	"GPB_MFOS"                      @ string offset=715
.Linfo_string62:
	.asciz	"GPC_MFOS"                      @ string offset=724
.Linfo_string63:
	.asciz	"GPD_MFOS"                      @ string offset=733
.Linfo_string64:
	.asciz	"GPE_MFOS"                      @ string offset=742
.Linfo_string65:
	.asciz	"GPF_MFOS"                      @ string offset=751
.Linfo_string66:
	.asciz	"GPG_MFOS"                      @ string offset=760
.Linfo_string67:
	.asciz	"GPH_MFOS"                      @ string offset=769
.Linfo_string68:
	.asciz	"GPI_MFOS"                      @ string offset=778
.Linfo_string69:
	.asciz	"GPJ_MFOS"                      @ string offset=787
.Linfo_string70:
	.asciz	"REGLCTL"                       @ string offset=796
.Linfo_string71:
	.asciz	"RESERVE4"                      @ string offset=804
.Linfo_string72:
	.asciz	"TCTL48M"                       @ string offset=813
.Linfo_string73:
	.asciz	"TIEN48M"                       @ string offset=821
.Linfo_string74:
	.asciz	"TISTS48M"                      @ string offset=829
.Linfo_string75:
	.asciz	"RESERVE5"                      @ string offset=838
.Linfo_string76:
	.asciz	"TCTL12M"                       @ string offset=847
.Linfo_string77:
	.asciz	"TIEN12M"                       @ string offset=855
.Linfo_string78:
	.asciz	"TISTS12M"                      @ string offset=863
.Linfo_string79:
	.asciz	"RESERVE6"                      @ string offset=872
.Linfo_string80:
	.asciz	"TCTLMIRC"                      @ string offset=881
.Linfo_string81:
	.asciz	"TIENMIRC"                      @ string offset=890
.Linfo_string82:
	.asciz	"TISTSMIRC"                     @ string offset=899
.Linfo_string83:
	.asciz	"RESERVE7"                      @ string offset=909
.Linfo_string84:
	.asciz	"ACMPRST"                       @ string offset=918
.Linfo_string85:
	.asciz	"AWFRST"                        @ string offset=926
.Linfo_string86:
	.asciz	"BPWMRST"                       @ string offset=933
.Linfo_string87:
	.asciz	"CANFDRST"                      @ string offset=941
.Linfo_string88:
	.asciz	"CCAPRST"                       @ string offset=950
.Linfo_string89:
	.asciz	"CRCRST"                        @ string offset=958
.Linfo_string90:
	.asciz	"CRYPTORST"                     @ string offset=965
.Linfo_string91:
	.asciz	"DACRST"                        @ string offset=975
.Linfo_string92:
	.asciz	"DMICRST"                       @ string offset=982
.Linfo_string93:
	.asciz	"EADCRST"                       @ string offset=990
.Linfo_string94:
	.asciz	"EBIRST"                        @ string offset=998
.Linfo_string95:
	.asciz	"ECAPRST"                       @ string offset=1005
.Linfo_string96:
	.asciz	"EMACRST"                       @ string offset=1013
.Linfo_string97:
	.asciz	"EPWMRST"                       @ string offset=1021
.Linfo_string98:
	.asciz	"EQEIRST"                       @ string offset=1029
.Linfo_string99:
	.asciz	"FMCRST"                        @ string offset=1037
.Linfo_string100:
	.asciz	"GDMARST"                       @ string offset=1044
.Linfo_string101:
	.asciz	"GPIORST"                       @ string offset=1052
.Linfo_string102:
	.asciz	"HSOTGRST"                      @ string offset=1060
.Linfo_string103:
	.asciz	"HSUSBDRST"                     @ string offset=1069
.Linfo_string104:
	.asciz	"HSUSBHRST"                     @ string offset=1079
.Linfo_string105:
	.asciz	"I2CRST"                        @ string offset=1089
.Linfo_string106:
	.asciz	"I2SRST"                        @ string offset=1096
.Linfo_string107:
	.asciz	"I3CRST"                        @ string offset=1103
.Linfo_string108:
	.asciz	"KDFRST"                        @ string offset=1110
.Linfo_string109:
	.asciz	"KPIRST"                        @ string offset=1117
.Linfo_string110:
	.asciz	"KSRST"                         @ string offset=1124
.Linfo_string111:
	.asciz	"LPADCRST"                      @ string offset=1130
.Linfo_string112:
	.asciz	"LPPDMARST"                     @ string offset=1139
.Linfo_string113:
	.asciz	"LPGPIORST"                     @ string offset=1149
.Linfo_string114:
	.asciz	"LPI2CRST"                      @ string offset=1159
.Linfo_string115:
	.asciz	"LPSPIRST"                      @ string offset=1168
.Linfo_string116:
	.asciz	"LPTMRRST"                      @ string offset=1177
.Linfo_string117:
	.asciz	"LPUARTRST"                     @ string offset=1186
.Linfo_string118:
	.asciz	"OTFCRST"                       @ string offset=1196
.Linfo_string119:
	.asciz	"OTGRST"                        @ string offset=1204
.Linfo_string120:
	.asciz	"PDMARST"                       @ string offset=1211
.Linfo_string121:
	.asciz	"PSIORST"                       @ string offset=1219
.Linfo_string122:
	.asciz	"QSPIRST"                       @ string offset=1227
.Linfo_string123:
	.asciz	"RTCRST"                        @ string offset=1235
.Linfo_string124:
	.asciz	"SCRST"                         @ string offset=1242
.Linfo_string125:
	.asciz	"SCURST"                        @ string offset=1248
.Linfo_string126:
	.asciz	"SDHRST"                        @ string offset=1255
.Linfo_string127:
	.asciz	"SPIRST"                        @ string offset=1262
.Linfo_string128:
	.asciz	"SPIMRST"                       @ string offset=1269
.Linfo_string129:
	.asciz	"RESERVE8"                      @ string offset=1277
.Linfo_string130:
	.asciz	"TMRRST"                        @ string offset=1286
.Linfo_string131:
	.asciz	"TRNGRST"                       @ string offset=1293
.Linfo_string132:
	.asciz	"TTMRRST"                       @ string offset=1301
.Linfo_string133:
	.asciz	"UARTRST"                       @ string offset=1309
.Linfo_string134:
	.asciz	"USBDRST"                       @ string offset=1317
.Linfo_string135:
	.asciz	"USBHRST"                       @ string offset=1325
.Linfo_string136:
	.asciz	"USCIRST"                       @ string offset=1333
.Linfo_string137:
	.asciz	"UTCPDRST"                      @ string offset=1341
.Linfo_string138:
	.asciz	"WWDTRST"                       @ string offset=1350
.Linfo_string139:
	.asciz	"RESERVE9"                      @ string offset=1358
.Linfo_string140:
	.asciz	"GPA_MFP0"                      @ string offset=1367
.Linfo_string141:
	.asciz	"GPA_MFP1"                      @ string offset=1376
.Linfo_string142:
	.asciz	"GPA_MFP2"                      @ string offset=1385
.Linfo_string143:
	.asciz	"GPA_MFP3"                      @ string offset=1394
.Linfo_string144:
	.asciz	"GPB_MFP0"                      @ string offset=1403
.Linfo_string145:
	.asciz	"GPB_MFP1"                      @ string offset=1412
.Linfo_string146:
	.asciz	"GPB_MFP2"                      @ string offset=1421
.Linfo_string147:
	.asciz	"GPB_MFP3"                      @ string offset=1430
.Linfo_string148:
	.asciz	"GPC_MFP0"                      @ string offset=1439
.Linfo_string149:
	.asciz	"GPC_MFP1"                      @ string offset=1448
.Linfo_string150:
	.asciz	"GPC_MFP2"                      @ string offset=1457
.Linfo_string151:
	.asciz	"GPC_MFP3"                      @ string offset=1466
.Linfo_string152:
	.asciz	"GPD_MFP0"                      @ string offset=1475
.Linfo_string153:
	.asciz	"GPD_MFP1"                      @ string offset=1484
.Linfo_string154:
	.asciz	"GPD_MFP2"                      @ string offset=1493
.Linfo_string155:
	.asciz	"GPD_MFP3"                      @ string offset=1502
.Linfo_string156:
	.asciz	"GPE_MFP0"                      @ string offset=1511
.Linfo_string157:
	.asciz	"GPE_MFP1"                      @ string offset=1520
.Linfo_string158:
	.asciz	"GPE_MFP2"                      @ string offset=1529
.Linfo_string159:
	.asciz	"GPE_MFP3"                      @ string offset=1538
.Linfo_string160:
	.asciz	"GPF_MFP0"                      @ string offset=1547
.Linfo_string161:
	.asciz	"GPF_MFP1"                      @ string offset=1556
.Linfo_string162:
	.asciz	"GPF_MFP2"                      @ string offset=1565
.Linfo_string163:
	.asciz	"RESERVE10"                     @ string offset=1574
.Linfo_string164:
	.asciz	"GPG_MFP0"                      @ string offset=1584
.Linfo_string165:
	.asciz	"GPG_MFP1"                      @ string offset=1593
.Linfo_string166:
	.asciz	"GPG_MFP2"                      @ string offset=1602
.Linfo_string167:
	.asciz	"GPG_MFP3"                      @ string offset=1611
.Linfo_string168:
	.asciz	"GPH_MFP0"                      @ string offset=1620
.Linfo_string169:
	.asciz	"GPH_MFP1"                      @ string offset=1629
.Linfo_string170:
	.asciz	"GPH_MFP2"                      @ string offset=1638
.Linfo_string171:
	.asciz	"GPH_MFP3"                      @ string offset=1647
.Linfo_string172:
	.asciz	"RESERVE11"                     @ string offset=1656
.Linfo_string173:
	.asciz	"GPI_MFP1"                      @ string offset=1666
.Linfo_string174:
	.asciz	"GPI_MFP2"                      @ string offset=1675
.Linfo_string175:
	.asciz	"GPI_MFP3"                      @ string offset=1684
.Linfo_string176:
	.asciz	"GPJ_MFP0"                      @ string offset=1693
.Linfo_string177:
	.asciz	"GPJ_MFP1"                      @ string offset=1702
.Linfo_string178:
	.asciz	"GPJ_MFP2"                      @ string offset=1711
.Linfo_string179:
	.asciz	"GPJ_MFP3"                      @ string offset=1720
.Linfo_string180:
	.asciz	"RESERVE12"                     @ string offset=1729
.Linfo_string181:
	.asciz	"NMIEN"                         @ string offset=1739
.Linfo_string182:
	.asciz	"NMISTS"                        @ string offset=1745
.Linfo_string183:
	.asciz	"RESERVE13"                     @ string offset=1752
.Linfo_string184:
	.asciz	"SRAMBCTL"                      @ string offset=1762
.Linfo_string185:
	.asciz	"SRAMBFF"                       @ string offset=1771
.Linfo_string186:
	.asciz	"SRAMBRF"                       @ string offset=1779
.Linfo_string187:
	.asciz	"SYS_T"                         @ string offset=1787
.Linfo_string188:
	.asciz	"DINOFF"                        @ string offset=1793
.Linfo_string189:
	.asciz	"DOUT"                          @ string offset=1800
.Linfo_string190:
	.asciz	"DATMSK"                        @ string offset=1805
.Linfo_string191:
	.asciz	"PIN"                           @ string offset=1812
.Linfo_string192:
	.asciz	"DBEN"                          @ string offset=1816
.Linfo_string193:
	.asciz	"INTTYPE"                       @ string offset=1821
.Linfo_string194:
	.asciz	"INTEN"                         @ string offset=1829
.Linfo_string195:
	.asciz	"INTSRC"                        @ string offset=1835
.Linfo_string196:
	.asciz	"SMTEN"                         @ string offset=1842
.Linfo_string197:
	.asciz	"SLEWCTL"                       @ string offset=1848
.Linfo_string198:
	.asciz	"PUSEL"                         @ string offset=1856
.Linfo_string199:
	.asciz	"DBCTL"                         @ string offset=1862
.Linfo_string200:
	.asciz	"GPIO_T"                        @ string offset=1868
.Linfo_string201:
	.asciz	"CTL"                           @ string offset=1875
.Linfo_string202:
	.asciz	"PAR"                           @ string offset=1879
.Linfo_string203:
	.asciz	"INTSTS"                        @ string offset=1883
.Linfo_string204:
	.asciz	"PARM"                          @ string offset=1890
.Linfo_string205:
	.asciz	"CWSP"                          @ string offset=1895
.Linfo_string206:
	.asciz	"CWS"                           @ string offset=1900
.Linfo_string207:
	.asciz	"PKTSL"                         @ string offset=1904
.Linfo_string208:
	.asciz	"PLNSL"                         @ string offset=1910
.Linfo_string209:
	.asciz	"FRCTL"                         @ string offset=1916
.Linfo_string210:
	.asciz	"STRIDE"                        @ string offset=1922
.Linfo_string211:
	.asciz	"FIFOTH"                        @ string offset=1929
.Linfo_string212:
	.asciz	"CMPADDR"                       @ string offset=1936
.Linfo_string213:
	.asciz	"LUMA_Y1_THD"                   @ string offset=1944
.Linfo_string214:
	.asciz	"PKTSM"                         @ string offset=1956
.Linfo_string215:
	.asciz	"PLNSM"                         @ string offset=1962
.Linfo_string216:
	.asciz	"CURADDRP"                      @ string offset=1968
.Linfo_string217:
	.asciz	"CURADDRY"                      @ string offset=1977
.Linfo_string218:
	.asciz	"CURADDRU"                      @ string offset=1986
.Linfo_string219:
	.asciz	"CURADDRV"                      @ string offset=1995
.Linfo_string220:
	.asciz	"PKTBA0"                        @ string offset=2004
.Linfo_string221:
	.asciz	"YBA"                           @ string offset=2011
.Linfo_string222:
	.asciz	"UBA"                           @ string offset=2015
.Linfo_string223:
	.asciz	"VBA"                           @ string offset=2019
.Linfo_string224:
	.asciz	"MDCTL"                         @ string offset=2023
.Linfo_string225:
	.asciz	"MDTRG_WK"                      @ string offset=2029
.Linfo_string226:
	.asciz	"MDTTH"                         @ string offset=2038
.Linfo_string227:
	.asciz	"MDTSAD"                        @ string offset=2044
.Linfo_string228:
	.asciz	"MDWOCTH"                       @ string offset=2051
.Linfo_string229:
	.asciz	"MDWOC"                         @ string offset=2059
.Linfo_string230:
	.asciz	"MDWTH"                         @ string offset=2065
.Linfo_string231:
	.asciz	"MDWSAD"                        @ string offset=2071
.Linfo_string232:
	.asciz	"CCAP_T"                        @ string offset=2078
.Linfo_string233:
	.asciz	"CPUID"                         @ string offset=2085
.Linfo_string234:
	.asciz	"ICSR"                          @ string offset=2091
.Linfo_string235:
	.asciz	"VTOR"                          @ string offset=2096
.Linfo_string236:
	.asciz	"AIRCR"                         @ string offset=2101
.Linfo_string237:
	.asciz	"SCR"                           @ string offset=2107
.Linfo_string238:
	.asciz	"CCR"                           @ string offset=2111
.Linfo_string239:
	.asciz	"SHPR"                          @ string offset=2115
.Linfo_string240:
	.asciz	"SHCSR"                         @ string offset=2120
.Linfo_string241:
	.asciz	"CFSR"                          @ string offset=2126
.Linfo_string242:
	.asciz	"HFSR"                          @ string offset=2131
.Linfo_string243:
	.asciz	"DFSR"                          @ string offset=2136
.Linfo_string244:
	.asciz	"MMFAR"                         @ string offset=2141
.Linfo_string245:
	.asciz	"BFAR"                          @ string offset=2147
.Linfo_string246:
	.asciz	"AFSR"                          @ string offset=2152
.Linfo_string247:
	.asciz	"ID_PFR"                        @ string offset=2157
.Linfo_string248:
	.asciz	"ID_DFR"                        @ string offset=2164
.Linfo_string249:
	.asciz	"ID_AFR"                        @ string offset=2171
.Linfo_string250:
	.asciz	"ID_MMFR"                       @ string offset=2178
.Linfo_string251:
	.asciz	"ID_ISAR"                       @ string offset=2186
.Linfo_string252:
	.asciz	"CLIDR"                         @ string offset=2194
.Linfo_string253:
	.asciz	"CTR"                           @ string offset=2200
.Linfo_string254:
	.asciz	"CCSIDR"                        @ string offset=2204
.Linfo_string255:
	.asciz	"CSSELR"                        @ string offset=2211
.Linfo_string256:
	.asciz	"CPACR"                         @ string offset=2218
.Linfo_string257:
	.asciz	"NSACR"                         @ string offset=2224
.Linfo_string258:
	.asciz	"RESERVED7"                     @ string offset=2230
.Linfo_string259:
	.asciz	"SFSR"                          @ string offset=2240
.Linfo_string260:
	.asciz	"SFAR"                          @ string offset=2245
.Linfo_string261:
	.asciz	"RESERVED3"                     @ string offset=2250
.Linfo_string262:
	.asciz	"STIR"                          @ string offset=2260
.Linfo_string263:
	.asciz	"RFSR"                          @ string offset=2265
.Linfo_string264:
	.asciz	"RESERVED4"                     @ string offset=2270
.Linfo_string265:
	.asciz	"MVFR0"                         @ string offset=2280
.Linfo_string266:
	.asciz	"MVFR1"                         @ string offset=2286
.Linfo_string267:
	.asciz	"MVFR2"                         @ string offset=2292
.Linfo_string268:
	.asciz	"RESERVED5"                     @ string offset=2298
.Linfo_string269:
	.asciz	"ICIALLU"                       @ string offset=2308
.Linfo_string270:
	.asciz	"RESERVED6"                     @ string offset=2316
.Linfo_string271:
	.asciz	"ICIMVAU"                       @ string offset=2326
.Linfo_string272:
	.asciz	"DCIMVAC"                       @ string offset=2334
.Linfo_string273:
	.asciz	"DCISW"                         @ string offset=2342
.Linfo_string274:
	.asciz	"DCCMVAU"                       @ string offset=2348
.Linfo_string275:
	.asciz	"DCCMVAC"                       @ string offset=2356
.Linfo_string276:
	.asciz	"DCCSW"                         @ string offset=2364
.Linfo_string277:
	.asciz	"DCCIMVAC"                      @ string offset=2370
.Linfo_string278:
	.asciz	"DCCISW"                        @ string offset=2379
.Linfo_string279:
	.asciz	"BPIALL"                        @ string offset=2386
.Linfo_string280:
	.asciz	"SCB_Type"                      @ string offset=2393
.Linfo_string281:
	.asciz	"SCB_InvalidateDCache_by_Addr"  @ string offset=2402
.Linfo_string282:
	.asciz	"addr"                          @ string offset=2431
.Linfo_string283:
	.asciz	"dsize"                         @ string offset=2436
.Linfo_string284:
	.asciz	"op_size"                       @ string offset=2442
.Linfo_string285:
	.asciz	"op_addr"                       @ string offset=2450
.Linfo_string286:
	.asciz	"isConsecutive"                 @ string offset=2458
.Linfo_string287:
	.asciz	"au8Src"                        @ string offset=2472
.Linfo_string288:
	.asciz	"size"                          @ string offset=2479
.Linfo_string289:
	.asciz	"u8Find"                        @ string offset=2484
.Linfo_string290:
	.asciz	"u8StartIdx"                    @ string offset=2491
.Linfo_string291:
	.asciz	"u8MaxRang"                     @ string offset=2502
.Linfo_string292:
	.asciz	"u32i"                          @ string offset=2512
.Linfo_string293:
	.asciz	"u32j"                          @ string offset=2517
.Linfo_string294:
	.asciz	"increasing"                    @ string offset=2522
.Linfo_string295:
	.asciz	"_Bool"                         @ string offset=2533
.Linfo_string296:
	.asciz	"SYS_UnlockReg"                 @ string offset=2539
.Linfo_string297:
	.asciz	"u32TimeOutCount"               @ string offset=2553
.Linfo_string298:
	.asciz	"SYS_LockReg"                   @ string offset=2569
.Linfo_string299:
	.asciz	"SPIM_HYPER_WAIT_DMMDONE"       @ string offset=2581
.Linfo_string300:
	.asciz	"spim"                          @ string offset=2605
.Linfo_string301:
	.asciz	"i32TimeOutCount"               @ string offset=2610
.Linfo_string302:
	.asciz	"SPIM_HYPER_DISABLE_CIPHER"     @ string offset=2626
.Linfo_string303:
	.asciz	"SPIM_Hyper_DefaultConfig"      @ string offset=2652
.Linfo_string304:
	.asciz	"u32CSM"                        @ string offset=2677
.Linfo_string305:
	.asciz	"u32AcctRD"                     @ string offset=2684
.Linfo_string306:
	.asciz	"u32AcctWR"                     @ string offset=2694
.Linfo_string307:
	.asciz	"u32CoreFreq"                   @ string offset=2704
.Linfo_string308:
	.asciz	"u32DIV"                        @ string offset=2716
.Linfo_string309:
	.asciz	"fFreq"                         @ string offset=2723
.Linfo_string310:
	.asciz	"u32CipherEn"                   @ string offset=2729
.Linfo_string311:
	.asciz	"u32CSMAXLT"                    @ string offset=2741
.Linfo_string312:
	.asciz	"_u32CSST"                      @ string offset=2752
.Linfo_string313:
	.asciz	"u32CSH"                        @ string offset=2761
.Linfo_string314:
	.asciz	"u32CSHI"                       @ string offset=2768
.Linfo_string315:
	.asciz	"SPIM_HYPER_WriteHyperRAMReg"   @ string offset=2776
.Linfo_string316:
	.asciz	"GPIO_SetSlewCtl"               @ string offset=2804
.Linfo_string317:
	.asciz	"HyperRAM_Erase"                @ string offset=2820
.Linfo_string318:
	.asciz	"HyperRAM_TrimDLLDelayNumber"   @ string offset=2835
.Linfo_string319:
	.asciz	"HyperRAM_Init"                 @ string offset=2863
.Linfo_string320:
	.asciz	"HyperRAM_PinConfig"            @ string offset=2877
.Linfo_string321:
	.asciz	"u32StartAddr"                  @ string offset=2896
.Linfo_string322:
	.asciz	"u32EraseSize"                  @ string offset=2909
.Linfo_string323:
	.asciz	"u16Data"                       @ string offset=2922
.Linfo_string324:
	.asciz	"unsigned short"                @ string offset=2930
.Linfo_string325:
	.asciz	"uint16_t"                      @ string offset=2945
.Linfo_string326:
	.asciz	"u32RemainSize"                 @ string offset=2954
.Linfo_string327:
	.asciz	"u8RdDelayRes"                  @ string offset=2968
.Linfo_string328:
	.asciz	"au64TrimPattern"               @ string offset=2981
.Linfo_string329:
	.asciz	"au64VerifyBuf"                 @ string offset=2997
.Linfo_string330:
	.asciz	"u8RdDelay"                     @ string offset=3011
.Linfo_string331:
	.asciz	"u32ReTrimMaxCnt"               @ string offset=3021
.Linfo_string332:
	.asciz	"u32ReTrimCnt"                  @ string offset=3037
.Linfo_string333:
	.asciz	"u32SrcAddr"                    @ string offset=3050
.Linfo_string334:
	.asciz	"u32k"                          @ string offset=3061
.Linfo_string335:
	.asciz	"u32Val"                        @ string offset=3066
.Linfo_string336:
	.asciz	"u32LoopAddr"                   @ string offset=3073
.Linfo_string337:
	.asciz	"u32PatternSize"                @ string offset=3085
.Linfo_string338:
	.asciz	"u32DMMAddr"                    @ string offset=3100
.Linfo_string339:
	.asciz	"pu8VerfiyBuf"                  @ string offset=3111
.Linfo_string340:
	.asciz	"pu8TrimPattern"                @ string offset=3124
.Linfo_string341:
	.asciz	"sHRAMReg"                      @ string offset=3139
.Linfo_string342:
	.asciz	"ID0"                           @ string offset=3148
.Linfo_string343:
	.asciz	"u32REG"                        @ string offset=3152
.Linfo_string344:
	.asciz	"u4Manufacturer"                @ string offset=3159
.Linfo_string345:
	.asciz	"u4ColumnAddressBitCount"       @ string offset=3174
.Linfo_string346:
	.asciz	"u4RowAddressBitCount"          @ string offset=3198
.Linfo_string347:
	.asciz	"u3Reserved"                    @ string offset=3219
.Linfo_string348:
	.asciz	"u2MCPDieAddr"                  @ string offset=3230
.Linfo_string349:
	.asciz	"ID1"                           @ string offset=3243
.Linfo_string350:
	.asciz	"u4DeviceType"                  @ string offset=3247
.Linfo_string351:
	.asciz	"u12Reserved"                   @ string offset=3260
.Linfo_string352:
	.asciz	"CONFIG0"                       @ string offset=3272
.Linfo_string353:
	.asciz	"u2BurstLength"                 @ string offset=3280
.Linfo_string354:
	.asciz	"u1HybridBurstEnable"           @ string offset=3294
.Linfo_string355:
	.asciz	"u1FixedLatencyEanble"          @ string offset=3314
.Linfo_string356:
	.asciz	"u4InitialLatency"              @ string offset=3335
.Linfo_string357:
	.asciz	"u3DriveStrength"               @ string offset=3352
.Linfo_string358:
	.asciz	"u1DeepPowerDownEnable"         @ string offset=3368
.Linfo_string359:
	.asciz	"CONFIG1"                       @ string offset=3390
.Linfo_string360:
	.asciz	"u2DistributedRefreshInerval"   @ string offset=3398
.Linfo_string361:
	.asciz	"u3PartialArrayRefresh"         @ string offset=3426
.Linfo_string362:
	.asciz	"u1HybirdSleep"                 @ string offset=3448
.Linfo_string363:
	.asciz	"u1MasterClockType"             @ string offset=3462
.Linfo_string364:
	.asciz	"u8Reserved"                    @ string offset=3480
.Linfo_string365:
	.asciz	"HRAM_REG_T"                    @ string offset=3491
.Linfo_string366:
	.asciz	"u32SlewRate"                   @ string offset=3502
.Linfo_string367:
	.asciz	"current_pc"                    @ string offset=3514
	.ident	"Component: Arm Compiler for Embedded 6.22 Tool: armclang [5ee92100]"
	.section	".note.GNU-stack","",%progbits
	.eabi_attribute	30, 1	@ Tag_ABI_optimization_goals
	.ARM_attribute	16, 1	@ Tag_AV_eba
	.section	.debug_line,"",%progbits
.Lline_table_start0:
