	.text
	.syntax unified
	.eabi_attribute	67, "2.09"	@ Tag_conformance
	.cpu	cortex-m55
	.eabi_attribute	6, 21	@ Tag_CPU_arch
	.eabi_attribute	7, 77	@ Tag_CPU_arch_profile
	.eabi_attribute	8, 0	@ Tag_ARM_ISA_use
	.eabi_attribute	9, 3	@ Tag_THUMB_ISA_use
	.fpu	fpv5-d16
	.arch_extension	mve.fp
	.eabi_attribute	36, 1	@ Tag_FP_HP_extension
	.eabi_attribute	48, 2	@ Tag_MVE_arch
	.eabi_attribute	46, 1	@ Tag_DSP_extension
	.eabi_attribute	34, 1	@ Tag_CPU_unaligned_access
	.eabi_attribute	17, 1	@ Tag_ABI_PCS_GOT_use
	.eabi_attribute	20, 2	@ Tag_ABI_FP_denormal
	.eabi_attribute	21, 0	@ Tag_ABI_FP_exceptions
	.eabi_attribute	23, 1	@ Tag_ABI_FP_number_model
	.eabi_attribute	24, 1	@ Tag_ABI_align_needed
	.eabi_attribute	25, 1	@ Tag_ABI_align_preserved
	.eabi_attribute	28, 1	@ Tag_ABI_VFP_args
	.eabi_attribute	38, 1	@ Tag_ABI_FP_16bit_format
	.eabi_attribute	18, 2	@ Tag_ABI_PCS_wchar_t
	.eabi_attribute	26, 1	@ Tag_ABI_enum_size
	.eabi_attribute	14, 0	@ Tag_ABI_PCS_R9_use
	.file	"UVC.c"
	.file	1 "C:\\Users\\yuxia\\AppData\\Local\\Keil_v5\\ARM\\ARMCLANG\\bin\\..\\include" "stdint.h"
	.file	2 "C:\\ML\\ML_M55M1_SampleCode-master 2\\ML_M55M1_SampleCode-master\\M55M1BSP-3.01.003\\SampleCode\\NuEdgeWise\\PoseLandmark_YOLOv8n\\KEIL" "../Device/UVC/UVC.c"
	.file	3 "C:\\ML\\ML_M55M1_SampleCode-master 2\\ML_M55M1_SampleCode-master\\M55M1BSP-3.01.003\\SampleCode\\NuEdgeWise\\PoseLandmark_YOLOv8n\\KEIL" "../Device/include\\UVC.h"
	.file	4 "C:\\ML\\ML_M55M1_SampleCode-master 2\\ML_M55M1_SampleCode-master\\M55M1BSP-3.01.003\\SampleCode\\NuEdgeWise\\PoseLandmark_YOLOv8n\\KEIL" "../../../../Library/Device/Nuvoton/M55M1/Include\\M55M1.h"
	.file	5 "C:\\ML\\ML_M55M1_SampleCode-master 2\\ML_M55M1_SampleCode-master\\M55M1BSP-3.01.003\\SampleCode\\NuEdgeWise\\PoseLandmark_YOLOv8n\\KEIL" "../../../../Library/Device/Nuvoton/M55M1/Include\\hsusbd_reg.h"
	.file	6 "C:\\ML\\ML_M55M1_SampleCode-master 2\\ML_M55M1_SampleCode-master\\M55M1BSP-3.01.003\\SampleCode\\NuEdgeWise\\PoseLandmark_YOLOv8n\\KEIL" "../../../../Library/Device/Nuvoton/M55M1/Include\\ccap_reg.h"
	.file	7 "C:\\ML\\ML_M55M1_SampleCode-master 2\\ML_M55M1_SampleCode-master\\M55M1BSP-3.01.003\\SampleCode\\NuEdgeWise\\PoseLandmark_YOLOv8n\\KEIL" "../../../../Library/Device/Nuvoton/M55M1/Include\\sys_reg.h"
	.file	8 "C:\\ML\\ML_M55M1_SampleCode-master 2\\ML_M55M1_SampleCode-master\\M55M1BSP-3.01.003\\SampleCode\\NuEdgeWise\\PoseLandmark_YOLOv8n\\KEIL" "../../../../Library/CMSIS/Core/Include\\core_cm55.h"
	.section	.text.HSUSBD_IRQHandler,"ax",%progbits
	.hidden	HSUSBD_IRQHandler               @ -- Begin function HSUSBD_IRQHandler
	.globl	HSUSBD_IRQHandler
	.p2align	2
	.type	HSUSBD_IRQHandler,%function
	.code	16                              @ @HSUSBD_IRQHandler
	.thumb_func
HSUSBD_IRQHandler:
.Lfunc_begin0:
	.loc	2 30 0                          @ ../Device/UVC/UVC.c:30:0
	.fnstart
	.cfi_sections .debug_frame
	.cfi_startproc
@ %bb.0:
	.save	{r4, lr}
	push	{r4, lr}
	.cfi_def_cfa_offset 8
	.cfi_offset lr, -4
	.cfi_offset r4, -8
	.pad	#8
	sub	sp, #8
	.cfi_def_cfa_offset 16
	movw	r4, #20532
	movt	r4, #16416
.Ltmp0:
	.loc	2 34 22 prologue_end            @ ../Device/UVC/UVC.c:34:22
	ldr	r0, [r4, #-52]
	.loc	2 34 40 is_stmt 0               @ ../Device/UVC/UVC.c:34:40
	ldr	r1, [r4, #-44]
	.loc	2 34 30                         @ ../Device/UVC/UVC.c:34:30
	ands	r0, r1
	.loc	2 34 12                         @ ../Device/UVC/UVC.c:34:12
	str	r0, [sp, #4]
.Ltmp1:
	.loc	2 36 10 is_stmt 1               @ ../Device/UVC/UVC.c:36:10
	ldr	r0, [sp, #4]
.Ltmp2:
	.loc	2 36 9 is_stmt 0                @ ../Device/UVC/UVC.c:36:9
	cmp	r0, #0
	beq.w	.LBB0_65
@ %bb.1:
.Ltmp3:
	.loc	2 39 9 is_stmt 1                @ ../Device/UVC/UVC.c:39:9
	ldr	r0, [sp, #4]
.Ltmp4:
	.loc	2 39 9 is_stmt 0                @ ../Device/UVC/UVC.c:39:9
	lsls	r0, r0, #31
	beq.w	.LBB0_12
@ %bb.2:
.Ltmp5:
	.loc	2 41 25 is_stmt 1               @ ../Device/UVC/UVC.c:41:25
	ldr	r0, [r4, #-36]
	.loc	2 41 45 is_stmt 0               @ ../Device/UVC/UVC.c:41:45
	ldr	r1, [r4, #-32]
	.loc	2 41 35                         @ ../Device/UVC/UVC.c:41:35
	ands	r0, r1
	.loc	2 41 15                         @ ../Device/UVC/UVC.c:41:15
	str	r0, [sp]
.Ltmp6:
	.loc	2 43 13 is_stmt 1               @ ../Device/UVC/UVC.c:43:13
	ldr	r0, [sp]
.Ltmp7:
	.loc	2 43 13 is_stmt 0               @ ../Device/UVC/UVC.c:43:13
	lsls	r0, r0, #31
	itt	ne
	movne	r0, #1
.Ltmp8:
	.loc	2 44 13 is_stmt 1               @ ../Device/UVC/UVC.c:44:13
	strne	r0, [r4, #-36]
.Ltmp9:
	.loc	2 46 13                         @ ../Device/UVC/UVC.c:46:13
	ldr	r0, [sp]
.Ltmp10:
	.loc	2 46 13 is_stmt 0               @ ../Device/UVC/UVC.c:46:13
	lsls	r0, r0, #30
	bpl	.LBB0_4
@ %bb.3:
.Ltmp11:
	.loc	2 48 13 is_stmt 1               @ ../Device/UVC/UVC.c:48:13
	bl	HSUSBD_SwReset
.Ltmp12:
	.loc	2 49 27                         @ ../Device/UVC/UVC.c:49:27
	movw	r1, :lower16:gAppConnected
	movs	r0, #0
	movt	r1, :upper16:gAppConnected
.Ltmp13:
	.loc	2 0 0 is_stmt 0                 @ ../Device/UVC/UVC.c:0:0
	movw	r2, :lower16:gMaxPacketSize
.Ltmp14:
	.loc	2 49 27                         @ ../Device/UVC/UVC.c:49:27
	strb	r0, [r1]
	movs	r1, #128
.Ltmp15:
	.file	9 "C:\\ML\\ML_M55M1_SampleCode-master 2\\ML_M55M1_SampleCode-master\\M55M1BSP-3.01.003\\SampleCode\\NuEdgeWise\\PoseLandmark_YOLOv8n\\KEIL" "../../../../Library/StdDriver/inc\\hsusbd.h"
	.loc	9 225 20 is_stmt 1              @ ../../../../Library/StdDriver/inc\hsusbd.h:225:20
	str	r0, [r4, #44]
	.loc	9 226 20                        @ ../../../../Library/StdDriver/inc\hsusbd.h:226:20
	str	r1, [r4, #40]
	movs	r1, #1
	.loc	9 227 20                        @ ../../../../Library/StdDriver/inc\hsusbd.h:227:20
	str	r0, [r4, #40]
.Ltmp16:
	.loc	2 52 38                         @ ../Device/UVC/UVC.c:52:38
	str	r1, [r4, #64]
	.loc	2 53 38                         @ ../Device/UVC/UVC.c:53:38
	str	r1, [r4, #104]
.Ltmp17:
	.loc	2 55 25                         @ ../Device/UVC/UVC.c:55:25
	ldr	r1, [r4, #-28]
.Ltmp18:
	@DEBUG_VALUE: HSUSBD_ConfigEp:u32EpDir <- 8
	@DEBUG_VALUE: HSUSBD_ConfigEp:u32EpDir <- 8
	@DEBUG_VALUE: HSUSBD_ConfigEp:u32EpType <- 4
	@DEBUG_VALUE: HSUSBD_ConfigEp:u32EpType <- 4
	@DEBUG_VALUE: HSUSBD_ConfigEp:u32EpNum <- 3
	@DEBUG_VALUE: HSUSBD_ConfigEp:u32EpNum <- 3
	@DEBUG_VALUE: HSUSBD_ConfigEp:u32Ep <- 2
	@DEBUG_VALUE: HSUSBD_ConfigEp:u32Ep <- 2
	@DEBUG_VALUE: HSUSBD_SetEpBufAddr:u32Len <- 8
	@DEBUG_VALUE: HSUSBD_SetEpBufAddr:u32Len <- 8
	@DEBUG_VALUE: HSUSBD_SetEpBufAddr:u32Base <- 3584
	@DEBUG_VALUE: HSUSBD_SetEpBufAddr:u32Base <- 3584
	@DEBUG_VALUE: HSUSBD_SetEpBufAddr:u32Ep <- 2
	@DEBUG_VALUE: HSUSBD_SetEpBufAddr:u32Ep <- 2
	@DEBUG_VALUE: HSUSBD_ConfigEp:u32EpDir <- 8
	@DEBUG_VALUE: HSUSBD_ConfigEp:u32EpDir <- 8
	@DEBUG_VALUE: HSUSBD_ConfigEp:u32EpType <- 6
	@DEBUG_VALUE: HSUSBD_ConfigEp:u32EpType <- 6
	@DEBUG_VALUE: HSUSBD_ConfigEp:u32EpNum <- 1
	@DEBUG_VALUE: HSUSBD_ConfigEp:u32EpNum <- 1
	@DEBUG_VALUE: HSUSBD_ConfigEp:u32Ep <- 0
	@DEBUG_VALUE: HSUSBD_ConfigEp:u32Ep <- 0
	@DEBUG_VALUE: HSUSBD_SetEpBufAddr:u32Len <- 2048
	@DEBUG_VALUE: HSUSBD_SetEpBufAddr:u32Len <- 2048
	@DEBUG_VALUE: HSUSBD_SetEpBufAddr:u32Base <- 512
	@DEBUG_VALUE: HSUSBD_SetEpBufAddr:u32Base <- 512
	@DEBUG_VALUE: HSUSBD_SetEpBufAddr:u32Ep <- 0
	@DEBUG_VALUE: HSUSBD_SetEpBufAddr:u32Ep <- 0
	.loc	2 0 0 is_stmt 0                 @ ../Device/UVC/UVC.c:0:0
	movt	r2, :upper16:gMaxPacketSize
	lsls	r1, r1, #29
	mov.w	r1, #1024
	it	pl
	movpl	r1, #64
	str	r1, [r2]
	mov.w	r2, #512
	str	r2, [r4, #80]
	movw	r2, #2559
	str	r2, [r4, #84]
	str	r1, [r4, #68]
	movs	r1, #5
	str	r1, [r4, #64]
	movs	r1, #31
	str	r1, [r4, #76]
	mov.w	r1, #3584
	str.w	r1, [r4, #160]
	movw	r1, #3591
	str.w	r1, [r4, #164]
	movs	r1, #8
	str.w	r1, [r4, #148]
	movs	r1, #3
	str.w	r1, [r4, #144]
	movs	r1, #61
	str.w	r1, [r4, #156]
	movs	r1, #2
.Ltmp19:
	.loc	2 60 13 is_stmt 1               @ ../Device/UVC/UVC.c:60:13
	str	r1, [r4, #-4]
	.loc	2 61 13                         @ ../Device/UVC/UVC.c:61:13
	str	r0, [r4, #-20]
	movs	r0, #14
	.loc	2 62 13                         @ ../Device/UVC/UVC.c:62:13
	str	r0, [r4, #-32]
	movw	r0, #8188
	.loc	2 63 13                         @ ../Device/UVC/UVC.c:63:13
	str	r1, [r4, #-36]
	.loc	2 64 13                         @ ../Device/UVC/UVC.c:64:13
	str	r0, [r4]
.Ltmp20:
.LBB0_4:
	.loc	2 67 13                         @ ../Device/UVC/UVC.c:67:13
	ldr	r0, [sp]
.Ltmp21:
	.loc	2 67 13 is_stmt 0               @ ../Device/UVC/UVC.c:67:13
	lsls	r0, r0, #29
	itttt	mi
	movmi	r0, #10
.Ltmp22:
	.loc	2 69 13 is_stmt 1               @ ../Device/UVC/UVC.c:69:13
	strmi	r0, [r4, #-32]
	movmi	r0, #4
	.loc	2 70 13                         @ ../Device/UVC/UVC.c:70:13
	strmi	r0, [r4, #-36]
.Ltmp23:
	.loc	2 73 13                         @ ../Device/UVC/UVC.c:73:13
	ldr	r0, [sp]
.Ltmp24:
	.loc	2 73 13 is_stmt 0               @ ../Device/UVC/UVC.c:73:13
	lsls	r0, r0, #28
	itttt	mi
	movmi	r0, #6
.Ltmp25:
	.loc	2 75 13 is_stmt 1               @ ../Device/UVC/UVC.c:75:13
	strmi	r0, [r4, #-32]
	movmi	r0, #8
	.loc	2 76 13                         @ ../Device/UVC/UVC.c:76:13
	strmi	r0, [r4, #-36]
.Ltmp26:
	.loc	2 79 13                         @ ../Device/UVC/UVC.c:79:13
	ldr	r0, [sp]
.Ltmp27:
	.loc	2 79 13 is_stmt 0               @ ../Device/UVC/UVC.c:79:13
	lsls	r0, r0, #27
	itttt	mi
	movmi	r0, #2
.Ltmp28:
	.loc	2 81 13 is_stmt 1               @ ../Device/UVC/UVC.c:81:13
	strmi	r0, [r4, #-4]
	movmi	r0, #16
	.loc	2 82 13                         @ ../Device/UVC/UVC.c:82:13
	strmi	r0, [r4, #-36]
.Ltmp29:
	.loc	2 85 13                         @ ../Device/UVC/UVC.c:85:13
	ldr	r0, [sp]
.Ltmp30:
	.loc	2 85 13 is_stmt 0               @ ../Device/UVC/UVC.c:85:13
	lsls	r0, r0, #26
	bpl	.LBB0_8
@ %bb.5:
.Ltmp31:
	.loc	2 87 30 is_stmt 1               @ ../Device/UVC/UVC.c:87:30
	movw	r0, :lower16:g_hsusbd_DmaDone
	movs	r1, #1
	movt	r0, :upper16:g_hsusbd_DmaDone
	str	r1, [r0]
	movs	r0, #32
	.loc	2 88 13                         @ ../Device/UVC/UVC.c:88:13
	str	r0, [r4, #-36]
.Ltmp32:
	.loc	2 90 25                         @ ../Device/UVC/UVC.c:90:25
	ldr	r0, [r4, #40]
.Ltmp33:
	.loc	2 90 17 is_stmt 0               @ ../Device/UVC/UVC.c:90:17
	lsls	r0, r0, #27
	bpl	.LBB0_8
@ %bb.6:
	.loc	2 0 17                          @ ../Device/UVC/UVC.c:0:17
	movw	r0, :lower16:g_hsusbd_ShortPacket
	movt	r0, :upper16:g_hsusbd_ShortPacket
	ldrb	r1, [r0]
	.loc	2 90 17                         @ ../Device/UVC/UVC.c:90:17
	cmp	r1, #1
	bne	.LBB0_8
@ %bb.7:
.Ltmp34:
	.loc	2 94 65 is_stmt 1               @ ../Device/UVC/UVC.c:94:65
	ldr	r1, [r4, #64]
	.loc	2 94 74 is_stmt 0               @ ../Device/UVC/UVC.c:94:74
	and	r1, r1, #16
	.loc	2 94 82                         @ ../Device/UVC/UVC.c:94:82
	adds	r1, #64
	.loc	2 94 46                         @ ../Device/UVC/UVC.c:94:46
	str	r1, [r4, #64]
	movs	r1, #0
	.loc	2 95 42 is_stmt 1               @ ../Device/UVC/UVC.c:95:42
	strb	r1, [r0]
.Ltmp35:
.LBB0_8:
	.loc	2 100 13                        @ ../Device/UVC/UVC.c:100:13
	ldr	r0, [sp]
.Ltmp36:
	.loc	2 100 13 is_stmt 0              @ ../Device/UVC/UVC.c:100:13
	lsls	r0, r0, #25
	itt	mi
	movmi	r0, #64
.Ltmp37:
	.loc	2 101 13 is_stmt 1              @ ../Device/UVC/UVC.c:101:13
	strmi	r0, [r4, #-36]
.Ltmp38:
	.loc	2 103 13                        @ ../Device/UVC/UVC.c:103:13
	ldr	r0, [sp]
.Ltmp39:
	.loc	2 103 13 is_stmt 0              @ ../Device/UVC/UVC.c:103:13
	lsls	r0, r0, #23
	bpl	.LBB0_12
@ %bb.9:
	.loc	2 0 13                          @ ../Device/UVC/UVC.c:0:13
	movw	r0, #22276
	movt	r0, #16416
.Ltmp40:
	.loc	2 105 17 is_stmt 1              @ ../Device/UVC/UVC.c:105:17
	ldr	r1, [r0]
.Ltmp41:
	.loc	2 105 17 is_stmt 0              @ ../Device/UVC/UVC.c:105:17
	cmp.w	r1, #-1
	ble.w	.LBB0_53
@ %bb.10:
.Ltmp42:
	.loc	2 117 31 is_stmt 1              @ ../Device/UVC/UVC.c:117:31
	movw	r1, :lower16:gAppConnected
	movs	r2, #0
	movt	r1, :upper16:gAppConnected
	strb	r2, [r1]
	.loc	2 119 17                        @ ../Device/UVC/UVC.c:119:17
	ldr	r1, [r0]
	bic	r1, r1, #256
	str	r1, [r0]
	.loc	2 120 30                        @ ../Device/UVC/UVC.c:120:30
	ldr	r0, [r4, #-28]
	bic	r0, r0, #8
	str	r0, [r4, #-28]
.Ltmp43:
.LBB0_11:
	.loc	2 0 30 is_stmt 0                @ ../Device/UVC/UVC.c:0:30
	mov.w	r0, #256
	.loc	2 123 13 is_stmt 1              @ ../Device/UVC/UVC.c:123:13
	str	r0, [r4, #-36]
.Ltmp44:
.LBB0_12:
	.loc	2 127 9                         @ ../Device/UVC/UVC.c:127:9
	ldr	r0, [sp, #4]
.Ltmp45:
	.loc	2 127 9 is_stmt 0               @ ../Device/UVC/UVC.c:127:9
	lsls	r0, r0, #30
	bmi.w	.LBB0_37
.LBB0_13:
.Ltmp46:
	.loc	2 247 9 is_stmt 1               @ ../Device/UVC/UVC.c:247:9
	ldr	r0, [sp, #4]
.Ltmp47:
	.loc	2 247 9 is_stmt 0               @ ../Device/UVC/UVC.c:247:9
	lsls	r0, r0, #29
	bpl	.LBB0_15
@ %bb.14:
.Ltmp48:
	.loc	2 249 33 is_stmt 1              @ ../Device/UVC/UVC.c:249:33
	ldr	r0, [r4, #52]
	.loc	2 249 60 is_stmt 0              @ ../Device/UVC/UVC.c:249:60
	ldr	r1, [r4, #56]
	.loc	2 249 42                        @ ../Device/UVC/UVC.c:249:42
	ands	r0, r1
	.loc	2 249 15                        @ ../Device/UVC/UVC.c:249:15
	str	r0, [sp]
	movs	r0, #0
	.loc	2 251 9 is_stmt 1               @ ../Device/UVC/UVC.c:251:9
	str	r0, [r4, #56]
	.loc	2 252 9                         @ ../Device/UVC/UVC.c:252:9
	ldr	r0, [sp]
	str	r0, [r4, #52]
.Ltmp49:
.LBB0_15:
	.loc	2 256 9                         @ ../Device/UVC/UVC.c:256:9
	ldr	r0, [sp, #4]
.Ltmp50:
	.loc	2 256 9 is_stmt 0               @ ../Device/UVC/UVC.c:256:9
	lsls	r0, r0, #28
	bpl	.LBB0_17
@ %bb.16:
.Ltmp51:
	.loc	2 258 33 is_stmt 1              @ ../Device/UVC/UVC.c:258:33
	ldr	r0, [r4, #92]
	.loc	2 258 60 is_stmt 0              @ ../Device/UVC/UVC.c:258:60
	ldr	r1, [r4, #96]
	.loc	2 258 42                        @ ../Device/UVC/UVC.c:258:42
	ands	r0, r1
	.loc	2 258 15                        @ ../Device/UVC/UVC.c:258:15
	str	r0, [sp]
	.loc	2 259 9 is_stmt 1               @ ../Device/UVC/UVC.c:259:9
	ldr	r0, [sp]
	str	r0, [r4, #92]
.Ltmp52:
.LBB0_17:
	.loc	2 262 9                         @ ../Device/UVC/UVC.c:262:9
	ldr	r0, [sp, #4]
.Ltmp53:
	.loc	2 262 9 is_stmt 0               @ ../Device/UVC/UVC.c:262:9
	lsls	r0, r0, #27
	bpl	.LBB0_19
@ %bb.18:
.Ltmp54:
	.loc	2 264 33 is_stmt 1              @ ../Device/UVC/UVC.c:264:33
	ldr.w	r0, [r4, #132]
	.loc	2 264 60 is_stmt 0              @ ../Device/UVC/UVC.c:264:60
	ldr.w	r1, [r4, #136]
	.loc	2 264 42                        @ ../Device/UVC/UVC.c:264:42
	ands	r0, r1
	.loc	2 264 15                        @ ../Device/UVC/UVC.c:264:15
	str	r0, [sp]
	.loc	2 265 9 is_stmt 1               @ ../Device/UVC/UVC.c:265:9
	ldr	r0, [sp]
	str.w	r0, [r4, #132]
.Ltmp55:
.LBB0_19:
	.loc	2 268 9                         @ ../Device/UVC/UVC.c:268:9
	ldr	r0, [sp, #4]
.Ltmp56:
	.loc	2 268 9 is_stmt 0               @ ../Device/UVC/UVC.c:268:9
	lsls	r0, r0, #26
	bpl	.LBB0_21
@ %bb.20:
.Ltmp57:
	.loc	2 270 33 is_stmt 1              @ ../Device/UVC/UVC.c:270:33
	ldr.w	r0, [r4, #172]
	.loc	2 270 60 is_stmt 0              @ ../Device/UVC/UVC.c:270:60
	ldr.w	r1, [r4, #176]
	.loc	2 270 42                        @ ../Device/UVC/UVC.c:270:42
	ands	r0, r1
	.loc	2 270 15                        @ ../Device/UVC/UVC.c:270:15
	str	r0, [sp]
	.loc	2 271 9 is_stmt 1               @ ../Device/UVC/UVC.c:271:9
	ldr	r0, [sp]
	str.w	r0, [r4, #172]
.Ltmp58:
.LBB0_21:
	.loc	2 274 9                         @ ../Device/UVC/UVC.c:274:9
	ldr	r0, [sp, #4]
.Ltmp59:
	.loc	2 274 9 is_stmt 0               @ ../Device/UVC/UVC.c:274:9
	lsls	r0, r0, #25
	bpl	.LBB0_23
@ %bb.22:
.Ltmp60:
	.loc	2 276 33 is_stmt 1              @ ../Device/UVC/UVC.c:276:33
	ldr.w	r0, [r4, #212]
	.loc	2 276 60 is_stmt 0              @ ../Device/UVC/UVC.c:276:60
	ldr.w	r1, [r4, #216]
	.loc	2 276 42                        @ ../Device/UVC/UVC.c:276:42
	ands	r0, r1
	.loc	2 276 15                        @ ../Device/UVC/UVC.c:276:15
	str	r0, [sp]
	.loc	2 277 9 is_stmt 1               @ ../Device/UVC/UVC.c:277:9
	ldr	r0, [sp]
	str.w	r0, [r4, #212]
.Ltmp61:
.LBB0_23:
	.loc	2 280 9                         @ ../Device/UVC/UVC.c:280:9
	ldr	r0, [sp, #4]
.Ltmp62:
	.loc	2 280 9 is_stmt 0               @ ../Device/UVC/UVC.c:280:9
	lsls	r0, r0, #24
	bpl	.LBB0_25
@ %bb.24:
.Ltmp63:
	.loc	2 282 33 is_stmt 1              @ ../Device/UVC/UVC.c:282:33
	ldr.w	r0, [r4, #252]
	.loc	2 282 60 is_stmt 0              @ ../Device/UVC/UVC.c:282:60
	ldr.w	r1, [r4, #256]
	.loc	2 282 42                        @ ../Device/UVC/UVC.c:282:42
	ands	r0, r1
	.loc	2 282 15                        @ ../Device/UVC/UVC.c:282:15
	str	r0, [sp]
	.loc	2 283 9 is_stmt 1               @ ../Device/UVC/UVC.c:283:9
	ldr	r0, [sp]
	str.w	r0, [r4, #252]
.Ltmp64:
.LBB0_25:
	.loc	2 286 9                         @ ../Device/UVC/UVC.c:286:9
	ldr	r0, [sp, #4]
.Ltmp65:
	.loc	2 286 9 is_stmt 0               @ ../Device/UVC/UVC.c:286:9
	lsls	r0, r0, #23
	bpl	.LBB0_27
@ %bb.26:
.Ltmp66:
	.loc	2 288 33 is_stmt 1              @ ../Device/UVC/UVC.c:288:33
	ldr.w	r0, [r4, #292]
	.loc	2 288 60 is_stmt 0              @ ../Device/UVC/UVC.c:288:60
	ldr.w	r1, [r4, #296]
	.loc	2 288 42                        @ ../Device/UVC/UVC.c:288:42
	ands	r0, r1
	.loc	2 288 15                        @ ../Device/UVC/UVC.c:288:15
	str	r0, [sp]
	.loc	2 289 9 is_stmt 1               @ ../Device/UVC/UVC.c:289:9
	ldr	r0, [sp]
	str.w	r0, [r4, #292]
.Ltmp67:
.LBB0_27:
	.loc	2 292 9                         @ ../Device/UVC/UVC.c:292:9
	ldr	r0, [sp, #4]
.Ltmp68:
	.loc	2 292 9 is_stmt 0               @ ../Device/UVC/UVC.c:292:9
	lsls	r0, r0, #22
	bpl	.LBB0_29
@ %bb.28:
.Ltmp69:
	.loc	2 294 33 is_stmt 1              @ ../Device/UVC/UVC.c:294:33
	ldr.w	r0, [r4, #332]
	.loc	2 294 60 is_stmt 0              @ ../Device/UVC/UVC.c:294:60
	ldr.w	r1, [r4, #336]
	.loc	2 294 42                        @ ../Device/UVC/UVC.c:294:42
	ands	r0, r1
	.loc	2 294 15                        @ ../Device/UVC/UVC.c:294:15
	str	r0, [sp]
	.loc	2 295 9 is_stmt 1               @ ../Device/UVC/UVC.c:295:9
	ldr	r0, [sp]
	str.w	r0, [r4, #332]
.Ltmp70:
.LBB0_29:
	.loc	2 298 9                         @ ../Device/UVC/UVC.c:298:9
	ldr	r0, [sp, #4]
.Ltmp71:
	.loc	2 298 9 is_stmt 0               @ ../Device/UVC/UVC.c:298:9
	lsls	r0, r0, #21
	bpl	.LBB0_31
@ %bb.30:
.Ltmp72:
	.loc	2 300 33 is_stmt 1              @ ../Device/UVC/UVC.c:300:33
	ldr.w	r0, [r4, #372]
	.loc	2 300 60 is_stmt 0              @ ../Device/UVC/UVC.c:300:60
	ldr.w	r1, [r4, #376]
	.loc	2 300 42                        @ ../Device/UVC/UVC.c:300:42
	ands	r0, r1
	.loc	2 300 15                        @ ../Device/UVC/UVC.c:300:15
	str	r0, [sp]
	.loc	2 301 9 is_stmt 1               @ ../Device/UVC/UVC.c:301:9
	ldr	r0, [sp]
	str.w	r0, [r4, #372]
.Ltmp73:
.LBB0_31:
	.loc	2 304 9                         @ ../Device/UVC/UVC.c:304:9
	ldr	r0, [sp, #4]
.Ltmp74:
	.loc	2 304 9 is_stmt 0               @ ../Device/UVC/UVC.c:304:9
	lsls	r0, r0, #20
	bpl	.LBB0_33
@ %bb.32:
.Ltmp75:
	.loc	2 306 33 is_stmt 1              @ ../Device/UVC/UVC.c:306:33
	ldr.w	r0, [r4, #412]
	.loc	2 306 60 is_stmt 0              @ ../Device/UVC/UVC.c:306:60
	ldr.w	r1, [r4, #416]
	.loc	2 306 42                        @ ../Device/UVC/UVC.c:306:42
	ands	r0, r1
	.loc	2 306 15                        @ ../Device/UVC/UVC.c:306:15
	str	r0, [sp]
	.loc	2 307 9 is_stmt 1               @ ../Device/UVC/UVC.c:307:9
	ldr	r0, [sp]
	str.w	r0, [r4, #412]
.Ltmp76:
.LBB0_33:
	.loc	2 310 9                         @ ../Device/UVC/UVC.c:310:9
	ldr	r0, [sp, #4]
.Ltmp77:
	.loc	2 310 9 is_stmt 0               @ ../Device/UVC/UVC.c:310:9
	lsls	r0, r0, #19
	bpl	.LBB0_35
@ %bb.34:
.Ltmp78:
	.loc	2 312 33 is_stmt 1              @ ../Device/UVC/UVC.c:312:33
	ldr.w	r0, [r4, #452]
	.loc	2 312 60 is_stmt 0              @ ../Device/UVC/UVC.c:312:60
	ldr.w	r1, [r4, #456]
	.loc	2 312 42                        @ ../Device/UVC/UVC.c:312:42
	ands	r0, r1
	.loc	2 312 15                        @ ../Device/UVC/UVC.c:312:15
	str	r0, [sp]
	.loc	2 313 9 is_stmt 1               @ ../Device/UVC/UVC.c:313:9
	ldr	r0, [sp]
	str.w	r0, [r4, #452]
.Ltmp79:
.LBB0_35:
	.loc	2 316 9                         @ ../Device/UVC/UVC.c:316:9
	ldr	r0, [sp, #4]
.Ltmp80:
	.loc	2 316 9 is_stmt 0               @ ../Device/UVC/UVC.c:316:9
	lsls	r0, r0, #18
	bpl	.LBB0_64
@ %bb.36:
.Ltmp81:
	.loc	2 318 33 is_stmt 1              @ ../Device/UVC/UVC.c:318:33
	ldr.w	r0, [r4, #492]
	.loc	2 318 60 is_stmt 0              @ ../Device/UVC/UVC.c:318:60
	ldr.w	r1, [r4, #496]
	.loc	2 318 42                        @ ../Device/UVC/UVC.c:318:42
	ands	r0, r1
	.loc	2 318 15                        @ ../Device/UVC/UVC.c:318:15
	str	r0, [sp]
	.loc	2 319 9 is_stmt 1               @ ../Device/UVC/UVC.c:319:9
	ldr	r0, [sp]
	str.w	r0, [r4, #492]
	b	.LBB0_64
.Ltmp82:
.LBB0_37:
	.loc	2 129 25                        @ ../Device/UVC/UVC.c:129:25
	ldr	r0, [r4]
	.loc	2 129 45 is_stmt 0              @ ../Device/UVC/UVC.c:129:45
	ldr	r1, [r4, #-4]
	.loc	2 129 35                        @ ../Device/UVC/UVC.c:129:35
	ands	r0, r1
	.loc	2 129 15                        @ ../Device/UVC/UVC.c:129:15
	str	r0, [sp]
.Ltmp83:
	.loc	2 131 13 is_stmt 1              @ ../Device/UVC/UVC.c:131:13
	ldr	r0, [sp]
.Ltmp84:
	.loc	2 131 13 is_stmt 0              @ ../Device/UVC/UVC.c:131:13
	lsls	r0, r0, #31
	bne	.LBB0_51
@ %bb.38:
.Ltmp85:
	.loc	2 137 13 is_stmt 1              @ ../Device/UVC/UVC.c:137:13
	ldr	r0, [sp]
.Ltmp86:
	.loc	2 137 13 is_stmt 0              @ ../Device/UVC/UVC.c:137:13
	lsls	r0, r0, #30
	bmi	.LBB0_52
@ %bb.39:
.Ltmp87:
	.loc	2 144 13 is_stmt 1              @ ../Device/UVC/UVC.c:144:13
	ldr	r0, [sp]
.Ltmp88:
	.loc	2 144 13 is_stmt 0              @ ../Device/UVC/UVC.c:144:13
	lsls	r0, r0, #29
	bmi	.LBB0_62
@ %bb.40:
.Ltmp89:
	.loc	2 151 13 is_stmt 1              @ ../Device/UVC/UVC.c:151:13
	ldr	r0, [sp]
.Ltmp90:
	.loc	2 151 13 is_stmt 0              @ ../Device/UVC/UVC.c:151:13
	lsls	r0, r0, #28
	bmi	.LBB0_66
@ %bb.41:
.Ltmp91:
	.loc	2 170 13 is_stmt 1              @ ../Device/UVC/UVC.c:170:13
	ldr	r0, [sp]
.Ltmp92:
	.loc	2 170 13 is_stmt 0              @ ../Device/UVC/UVC.c:170:13
	lsls	r0, r0, #27
	bmi	.LBB0_68
@ %bb.42:
.Ltmp93:
	.loc	2 176 13 is_stmt 1              @ ../Device/UVC/UVC.c:176:13
	ldr	r0, [sp]
.Ltmp94:
	.loc	2 176 13 is_stmt 0              @ ../Device/UVC/UVC.c:176:13
	lsls	r0, r0, #26
	bmi	.LBB0_70
@ %bb.43:
.Ltmp95:
	.loc	2 199 13 is_stmt 1              @ ../Device/UVC/UVC.c:199:13
	ldr	r0, [sp]
.Ltmp96:
	.loc	2 199 13 is_stmt 0              @ ../Device/UVC/UVC.c:199:13
	lsls	r0, r0, #25
	bmi	.LBB0_72
@ %bb.44:
.Ltmp97:
	.loc	2 207 13 is_stmt 1              @ ../Device/UVC/UVC.c:207:13
	ldr	r0, [sp]
.Ltmp98:
	.loc	2 207 13 is_stmt 0              @ ../Device/UVC/UVC.c:207:13
	lsls	r0, r0, #24
	bmi.w	.LBB0_75
@ %bb.45:
.Ltmp99:
	.loc	2 213 13 is_stmt 1              @ ../Device/UVC/UVC.c:213:13
	ldr	r0, [sp]
.Ltmp100:
	.loc	2 213 13 is_stmt 0              @ ../Device/UVC/UVC.c:213:13
	lsls	r0, r0, #23
	bmi.w	.LBB0_76
@ %bb.46:
.Ltmp101:
	.loc	2 219 13 is_stmt 1              @ ../Device/UVC/UVC.c:219:13
	ldr	r0, [sp]
.Ltmp102:
	.loc	2 219 13 is_stmt 0              @ ../Device/UVC/UVC.c:219:13
	lsls	r0, r0, #22
	bmi.w	.LBB0_77
@ %bb.47:
.Ltmp103:
	.loc	2 225 13 is_stmt 1              @ ../Device/UVC/UVC.c:225:13
	ldr	r0, [sp]
.Ltmp104:
	.loc	2 225 13 is_stmt 0              @ ../Device/UVC/UVC.c:225:13
	lsls	r0, r0, #21
	bmi.w	.LBB0_78
@ %bb.48:
.Ltmp105:
	.loc	2 233 13 is_stmt 1              @ ../Device/UVC/UVC.c:233:13
	ldr	r0, [sp]
.Ltmp106:
	.loc	2 233 13 is_stmt 0              @ ../Device/UVC/UVC.c:233:13
	lsls	r0, r0, #20
	bmi.w	.LBB0_79
@ %bb.49:
.Ltmp107:
	.loc	2 239 13 is_stmt 1              @ ../Device/UVC/UVC.c:239:13
	ldr	r0, [sp]
.Ltmp108:
	.loc	2 239 13 is_stmt 0              @ ../Device/UVC/UVC.c:239:13
	lsls	r0, r0, #19
	bpl.w	.LBB0_13
@ %bb.50:
	.loc	2 0 13                          @ ../Device/UVC/UVC.c:0:13
	mov.w	r0, #4096
.Ltmp109:
	.loc	2 241 13 is_stmt 1              @ ../Device/UVC/UVC.c:241:13
	str	r0, [r4]
	b	.LBB0_64
.Ltmp110:
.LBB0_51:
	.loc	2 0 13 is_stmt 0                @ ../Device/UVC/UVC.c:0:13
	movs	r0, #1
.Ltmp111:
	.loc	2 133 13 is_stmt 1              @ ../Device/UVC/UVC.c:133:13
	str	r0, [r4]
	b	.LBB0_64
.Ltmp112:
.LBB0_52:
	.loc	2 0 13 is_stmt 0                @ ../Device/UVC/UVC.c:0:13
	movs	r0, #2
.Ltmp113:
	.loc	2 139 13 is_stmt 1              @ ../Device/UVC/UVC.c:139:13
	str	r0, [r4]
	.loc	2 140 13                        @ ../Device/UVC/UVC.c:140:13
	bl	HSUSBD_ProcessSetupPacket
.Ltmp114:
	.loc	2 0 13 is_stmt 0                @ ../Device/UVC/UVC.c:0:13
	b	.LBB0_64
.Ltmp115:
.LBB0_53:
	.loc	2 108 17 is_stmt 1              @ ../Device/UVC/UVC.c:108:17
	ldr	r1, [r0]
	orr	r1, r1, #768
	str	r1, [r0]
	.loc	2 109 33                        @ ../Device/UVC/UVC.c:109:33
	movw	r1, :lower16:SystemCoreClock
	movt	r1, :upper16:SystemCoreClock
	ldr	r1, [r1]
.Ltmp116:
	@DEBUG_VALUE: HSUSBD_IRQHandler:u32TimeOutCnt <- $r1
	.loc	2 111 17                        @ ../Device/UVC/UVC.c:111:17
	rsb.w	r1, r1, #2
.Ltmp117:
	.p2align	2
.LBB0_54:                               @ =>This Inner Loop Header: Depth=1
	@DEBUG_VALUE: HSUSBD_IRQHandler:u32TimeOutCnt <- [DW_OP_LLVM_arg 0, DW_OP_consts 2, DW_OP_consts 18446744073709551615, DW_OP_LLVM_arg 0, DW_OP_mul, DW_OP_plus, DW_OP_minus, DW_OP_consts 4, DW_OP_div, DW_OP_consts 18446744073709551612, DW_OP_mul, DW_OP_LLVM_arg 0, DW_OP_plus, DW_OP_stack_value] undef
	.loc	2 111 34 is_stmt 0              @ ../Device/UVC/UVC.c:111:34
	ldr	r2, [r0]
.Ltmp118:
	@DEBUG_VALUE: HSUSBD_IRQHandler:u32TimeOutCnt <- [DW_OP_constu 1, DW_OP_minus, DW_OP_stack_value] $r1
	.loc	2 111 17                        @ ../Device/UVC/UVC.c:111:17
	lsls	r2, r2, #4
	bmi.w	.LBB0_11
.Ltmp119:
@ %bb.55:                               @   in Loop: Header=BB0_54 Depth=1
	@DEBUG_VALUE: HSUSBD_IRQHandler:u32TimeOutCnt <- [DW_OP_constu 1, DW_OP_minus, DW_OP_stack_value] $r1
	cmp	r1, #1
	beq.w	.LBB0_11
.Ltmp120:
@ %bb.56:                               @   in Loop: Header=BB0_54 Depth=1
	@DEBUG_VALUE: HSUSBD_IRQHandler:u32TimeOutCnt <- [DW_OP_constu 1, DW_OP_minus, DW_OP_stack_value] $r1
	@DEBUG_VALUE: HSUSBD_IRQHandler:u32TimeOutCnt <- [DW_OP_constu 1, DW_OP_minus, DW_OP_stack_value] $r1
	.loc	2 111 34                        @ ../Device/UVC/UVC.c:111:34
	ldr	r2, [r0]
.Ltmp121:
	@DEBUG_VALUE: HSUSBD_IRQHandler:u32TimeOutCnt <- [DW_OP_constu 2, DW_OP_minus, DW_OP_stack_value] $r1
	.loc	2 111 17                        @ ../Device/UVC/UVC.c:111:17
	lsls	r2, r2, #4
	bmi.w	.LBB0_11
.Ltmp122:
@ %bb.57:                               @   in Loop: Header=BB0_54 Depth=1
	@DEBUG_VALUE: HSUSBD_IRQHandler:u32TimeOutCnt <- [DW_OP_constu 2, DW_OP_minus, DW_OP_stack_value] $r1
	cmp	r1, #0
	beq.w	.LBB0_11
.Ltmp123:
@ %bb.58:                               @   in Loop: Header=BB0_54 Depth=1
	@DEBUG_VALUE: HSUSBD_IRQHandler:u32TimeOutCnt <- [DW_OP_constu 2, DW_OP_minus, DW_OP_stack_value] $r1
	@DEBUG_VALUE: HSUSBD_IRQHandler:u32TimeOutCnt <- [DW_OP_constu 2, DW_OP_minus, DW_OP_stack_value] $r1
	.loc	2 111 34                        @ ../Device/UVC/UVC.c:111:34
	ldr	r2, [r0]
.Ltmp124:
	@DEBUG_VALUE: HSUSBD_IRQHandler:u32TimeOutCnt <- [DW_OP_constu 3, DW_OP_minus, DW_OP_stack_value] $r1
	.loc	2 111 17                        @ ../Device/UVC/UVC.c:111:17
	lsls	r2, r2, #4
	bmi.w	.LBB0_11
.Ltmp125:
@ %bb.59:                               @   in Loop: Header=BB0_54 Depth=1
	@DEBUG_VALUE: HSUSBD_IRQHandler:u32TimeOutCnt <- [DW_OP_constu 3, DW_OP_minus, DW_OP_stack_value] $r1
	adds	r2, r1, #1
	beq.w	.LBB0_11
.Ltmp126:
@ %bb.60:                               @   in Loop: Header=BB0_54 Depth=1
	@DEBUG_VALUE: HSUSBD_IRQHandler:u32TimeOutCnt <- [DW_OP_constu 3, DW_OP_minus, DW_OP_stack_value] $r1
	@DEBUG_VALUE: HSUSBD_IRQHandler:u32TimeOutCnt <- [DW_OP_constu 3, DW_OP_minus, DW_OP_stack_value] $r1
	.loc	2 111 34                        @ ../Device/UVC/UVC.c:111:34
	ldr	r2, [r0]
.Ltmp127:
	@DEBUG_VALUE: HSUSBD_IRQHandler:u32TimeOutCnt <- [DW_OP_LLVM_arg 0, DW_OP_consts 2, DW_OP_consts 18446744073709551615, DW_OP_LLVM_arg 0, DW_OP_mul, DW_OP_plus, DW_OP_minus, DW_OP_consts 4, DW_OP_div, DW_OP_consts 18446744073709551612, DW_OP_mul, DW_OP_consts 18446744073709551612, DW_OP_LLVM_arg 0, DW_OP_plus, DW_OP_plus, DW_OP_stack_value] undef
	.loc	2 111 17                        @ ../Device/UVC/UVC.c:111:17
	lsls	r2, r2, #4
	bmi.w	.LBB0_11
.Ltmp128:
@ %bb.61:                               @   in Loop: Header=BB0_54 Depth=1
	adds	r2, r1, #2
	add.w	r1, r1, #4
	bne	.LBB0_54
	b	.LBB0_11
.Ltmp129:
.LBB0_62:
	.loc	2 0 17                          @ ../Device/UVC/UVC.c:0:17
	movs	r0, #4
.Ltmp130:
	.loc	2 146 13 is_stmt 1              @ ../Device/UVC/UVC.c:146:13
	str	r0, [r4]
	mov.w	r0, #1024
.Ltmp131:
.LBB0_63:
	.loc	2 0 0 is_stmt 0                 @ ../Device/UVC/UVC.c:0:0
	str	r0, [r4, #-4]
.Ltmp132:
.LBB0_64:
	@DEBUG_LABEL: HSUSBD_IRQHandler:exit_HSUSBD_IRQHandler
	.loc	2 324 5 is_stmt 1               @ ../Device/UVC/UVC.c:324:5
	isb	sy
	.loc	2 325 5                         @ ../Device/UVC/UVC.c:325:5
	dsb	sy
.LBB0_65:
	.loc	2 326 1 epilogue_begin          @ ../Device/UVC/UVC.c:326:1
	add	sp, #8
	pop	{r4, pc}
.LBB0_66:
	.loc	2 0 1 is_stmt 0                 @ ../Device/UVC/UVC.c:0:1
	movs	r0, #8
.Ltmp133:
	.loc	2 153 13 is_stmt 1              @ ../Device/UVC/UVC.c:153:13
	str	r0, [r4]
	movs	r0, #32
.Ltmp134:
	.loc	2 155 19                        @ ../Device/UVC/UVC.c:155:19
	ldr	r1, [sp]
	.loc	2 0 0 is_stmt 0                 @ ../Device/UVC/UVC.c:0:0
	str	r0, [r4]
.Ltmp135:
	.loc	2 155 17                        @ ../Device/UVC/UVC.c:155:17
	lsls	r1, r1, #21
	bmi	.LBB0_69
@ %bb.67:
.Ltmp136:
	.loc	2 158 17 is_stmt 1              @ ../Device/UVC/UVC.c:158:17
	str	r0, [r4, #-4]
	.loc	2 159 17                        @ ../Device/UVC/UVC.c:159:17
	bl	HSUSBD_CtrlIn
.Ltmp137:
	.loc	2 0 17 is_stmt 0                @ ../Device/UVC/UVC.c:0:17
	b	.LBB0_64
.Ltmp138:
.LBB0_68:
	movs	r0, #16
.Ltmp139:
	.loc	2 172 13 is_stmt 1              @ ../Device/UVC/UVC.c:172:13
	str	r0, [r4]
	b	.LBB0_64
.Ltmp140:
.LBB0_69:
	.loc	2 0 13 is_stmt 0                @ ../Device/UVC/UVC.c:0:13
	mov.w	r0, #1056
	b	.LBB0_63
.LBB0_70:
	mov.w	r0, #1024
.Ltmp141:
	.loc	2 178 13 is_stmt 1              @ ../Device/UVC/UVC.c:178:13
	str	r0, [r4]
	movs	r0, #0
	.loc	2 179 13                        @ ../Device/UVC/UVC.c:179:13
	str	r0, [r4, #-8]
.Ltmp142:
	.loc	2 181 17                        @ ../Device/UVC/UVC.c:181:17
	movw	r0, :lower16:g_hsusbd_CtrlInSize
	movt	r0, :upper16:g_hsusbd_CtrlInSize
	ldr	r0, [r0]
.Ltmp143:
	.loc	2 181 17 is_stmt 0              @ ../Device/UVC/UVC.c:181:17
	cbz	r0, .LBB0_73
.Ltmp144:
@ %bb.71:
	.loc	2 0 17                          @ ../Device/UVC/UVC.c:0:17
	movs	r1, #8
	movs	r0, #8
	b	.LBB0_74
.LBB0_72:
	movs	r0, #64
.Ltmp145:
	.loc	2 201 13 is_stmt 1              @ ../Device/UVC/UVC.c:201:13
	str	r0, [r4]
	movs	r0, #0
	.loc	2 202 13                        @ ../Device/UVC/UVC.c:202:13
	str	r0, [r4, #-8]
	movw	r0, #1026
	b	.LBB0_63
.Ltmp146:
.LBB0_73:
	.loc	2 188 21                        @ ../Device/UVC/UVC.c:188:21
	movw	r0, :lower16:g_hsusbd_CtrlZero
	mov.w	r1, #1024
	movt	r0, :upper16:g_hsusbd_CtrlZero
	ldrb	r0, [r0]
.Ltmp147:
	.loc	2 188 21 is_stmt 0              @ ../Device/UVC/UVC.c:188:21
	cmp	r0, #1
	itt	eq
	moveq	r0, #4
.Ltmp148:
	.loc	2 189 21 is_stmt 1              @ ../Device/UVC/UVC.c:189:21
	streq	r0, [r4, #-8]
	movw	r0, #1026
.Ltmp149:
.LBB0_74:
	.loc	2 0 0 is_stmt 0                 @ ../Device/UVC/UVC.c:0:0
	str	r1, [r4]
	str	r0, [r4, #-4]
	movs	r0, #32
.Ltmp150:
	.loc	2 195 13 is_stmt 1              @ ../Device/UVC/UVC.c:195:13
	str	r0, [r4]
	b	.LBB0_64
.Ltmp151:
.LBB0_75:
	.loc	2 0 13 is_stmt 0                @ ../Device/UVC/UVC.c:0:13
	movs	r0, #128
.Ltmp152:
	.loc	2 209 13 is_stmt 1              @ ../Device/UVC/UVC.c:209:13
	str	r0, [r4]
	b	.LBB0_64
.Ltmp153:
.LBB0_76:
	.loc	2 0 13 is_stmt 0                @ ../Device/UVC/UVC.c:0:13
	mov.w	r0, #256
.Ltmp154:
	.loc	2 215 13 is_stmt 1              @ ../Device/UVC/UVC.c:215:13
	str	r0, [r4]
	b	.LBB0_64
.Ltmp155:
.LBB0_77:
	.loc	2 0 13 is_stmt 0                @ ../Device/UVC/UVC.c:0:13
	mov.w	r0, #512
.Ltmp156:
	.loc	2 221 13 is_stmt 1              @ ../Device/UVC/UVC.c:221:13
	str	r0, [r4]
	b	.LBB0_64
.Ltmp157:
.LBB0_78:
	.loc	2 227 13                        @ ../Device/UVC/UVC.c:227:13
	bl	HSUSBD_UpdateDeviceState
.Ltmp158:
	.loc	2 0 13 is_stmt 0                @ ../Device/UVC/UVC.c:0:13
	mov.w	r0, #1024
	.loc	2 228 13 is_stmt 1              @ ../Device/UVC/UVC.c:228:13
	str	r0, [r4]
	movs	r0, #2
	b	.LBB0_63
.Ltmp159:
.LBB0_79:
	.loc	2 0 13 is_stmt 0                @ ../Device/UVC/UVC.c:0:13
	mov.w	r0, #2048
.Ltmp160:
	.loc	2 235 13 is_stmt 1              @ ../Device/UVC/UVC.c:235:13
	str	r0, [r4]
	b	.LBB0_64
.Ltmp161:
.Lfunc_end0:
	.size	HSUSBD_IRQHandler, .Lfunc_end0-HSUSBD_IRQHandler
	.cfi_endproc
	.cantunwind
	.fnend
                                        @ -- End function
	.section	.text.UVC_InitForHighSpeed,"ax",%progbits
	.hidden	UVC_InitForHighSpeed            @ -- Begin function UVC_InitForHighSpeed
	.globl	UVC_InitForHighSpeed
	.p2align	2
	.type	UVC_InitForHighSpeed,%function
	.code	16                              @ @UVC_InitForHighSpeed
	.thumb_func
UVC_InitForHighSpeed:
.Lfunc_begin1:
	.fnstart
	.cfi_startproc
@ %bb.0:
	.loc	2 337 20 prologue_end           @ ../Device/UVC/UVC.c:337:20
	movw	r0, :lower16:gMaxPacketSize
	mov.w	r1, #1024
	movt	r0, :upper16:gMaxPacketSize
	mov.w	r2, #512
.Ltmp162:
	@DEBUG_VALUE: HSUSBD_SetEpBufAddr:u32Len <- 2048
	@DEBUG_VALUE: HSUSBD_SetEpBufAddr:u32Base <- 512
	@DEBUG_VALUE: HSUSBD_SetEpBufAddr:u32Ep <- 0
	str	r1, [r0]
	movw	r0, #20596
	movt	r0, #16416
.Ltmp163:
	.loc	9 245 38                        @ ../../../../Library/StdDriver/inc\hsusbd.h:245:38
	str	r2, [r0, #16]
	movw	r2, #2559
	.loc	9 246 36                        @ ../../../../Library/StdDriver/inc\hsusbd.h:246:36
	str	r2, [r0, #20]
.Ltmp164:
	.loc	2 340 5                         @ ../Device/UVC/UVC.c:340:5
	str	r1, [r0, #4]
	movs	r1, #5
.Ltmp165:
	@DEBUG_VALUE: HSUSBD_ConfigEp:u32EpDir <- 8
	@DEBUG_VALUE: HSUSBD_ConfigEp:u32EpType <- 6
	@DEBUG_VALUE: HSUSBD_ConfigEp:u32EpNum <- 1
	@DEBUG_VALUE: HSUSBD_ConfigEp:u32Ep <- 0
	.loc	9 0 0 is_stmt 0                 @ ../../../../Library/StdDriver/inc\hsusbd.h:0:0
	str	r1, [r0]
	movs	r1, #31
.Ltmp166:
	.loc	9 273 29 is_stmt 1              @ ../../../../Library/StdDriver/inc\hsusbd.h:273:29
	str	r1, [r0, #12]
	mov.w	r1, #3584
.Ltmp167:
	@DEBUG_VALUE: HSUSBD_SetEpBufAddr:u32Len <- 8
	@DEBUG_VALUE: HSUSBD_SetEpBufAddr:u32Base <- 3584
	@DEBUG_VALUE: HSUSBD_SetEpBufAddr:u32Ep <- 2
	.loc	9 245 38                        @ ../../../../Library/StdDriver/inc\hsusbd.h:245:38
	str	r1, [r0, #96]
	movw	r1, #3591
	.loc	9 246 36                        @ ../../../../Library/StdDriver/inc\hsusbd.h:246:36
	str	r1, [r0, #100]
	movs	r1, #8
.Ltmp168:
	.loc	2 345 5                         @ ../Device/UVC/UVC.c:345:5
	str	r1, [r0, #84]
	movs	r1, #3
.Ltmp169:
	@DEBUG_VALUE: HSUSBD_ConfigEp:u32EpDir <- 8
	@DEBUG_VALUE: HSUSBD_ConfigEp:u32EpType <- 4
	@DEBUG_VALUE: HSUSBD_ConfigEp:u32EpNum <- 3
	@DEBUG_VALUE: HSUSBD_ConfigEp:u32Ep <- 2
	.loc	9 0 0 is_stmt 0                 @ ../../../../Library/StdDriver/inc\hsusbd.h:0:0
	str	r1, [r0, #80]
	movs	r1, #61
.Ltmp170:
	.loc	9 273 29 is_stmt 1              @ ../../../../Library/StdDriver/inc\hsusbd.h:273:29
	str	r1, [r0, #92]
.Ltmp171:
	.loc	2 347 1                         @ ../Device/UVC/UVC.c:347:1
	bx	lr
.Ltmp172:
.Lfunc_end1:
	.size	UVC_InitForHighSpeed, .Lfunc_end1-UVC_InitForHighSpeed
	.cfi_endproc
	.cantunwind
	.fnend
                                        @ -- End function
	.section	.text.UVC_InitForFullSpeed,"ax",%progbits
	.hidden	UVC_InitForFullSpeed            @ -- Begin function UVC_InitForFullSpeed
	.globl	UVC_InitForFullSpeed
	.p2align	2
	.type	UVC_InitForFullSpeed,%function
	.code	16                              @ @UVC_InitForFullSpeed
	.thumb_func
UVC_InitForFullSpeed:
.Lfunc_begin2:
	.fnstart
	.cfi_startproc
@ %bb.0:
	.loc	2 351 20 prologue_end           @ ../Device/UVC/UVC.c:351:20
	movw	r0, :lower16:gMaxPacketSize
	movs	r1, #64
	movt	r0, :upper16:gMaxPacketSize
	mov.w	r2, #512
.Ltmp173:
	@DEBUG_VALUE: HSUSBD_SetEpBufAddr:u32Len <- 2048
	@DEBUG_VALUE: HSUSBD_SetEpBufAddr:u32Base <- 512
	@DEBUG_VALUE: HSUSBD_SetEpBufAddr:u32Ep <- 0
	str	r1, [r0]
	movw	r0, #20596
	movt	r0, #16416
.Ltmp174:
	.loc	9 245 38                        @ ../../../../Library/StdDriver/inc\hsusbd.h:245:38
	str	r2, [r0, #16]
	movw	r2, #2559
	.loc	9 246 36                        @ ../../../../Library/StdDriver/inc\hsusbd.h:246:36
	str	r2, [r0, #20]
.Ltmp175:
	.loc	2 354 5                         @ ../Device/UVC/UVC.c:354:5
	str	r1, [r0, #4]
	movs	r1, #5
.Ltmp176:
	@DEBUG_VALUE: HSUSBD_ConfigEp:u32EpDir <- 8
	@DEBUG_VALUE: HSUSBD_ConfigEp:u32EpType <- 6
	@DEBUG_VALUE: HSUSBD_ConfigEp:u32EpNum <- 1
	@DEBUG_VALUE: HSUSBD_ConfigEp:u32Ep <- 0
	.loc	9 0 0 is_stmt 0                 @ ../../../../Library/StdDriver/inc\hsusbd.h:0:0
	str	r1, [r0]
	movs	r1, #31
.Ltmp177:
	.loc	9 273 29 is_stmt 1              @ ../../../../Library/StdDriver/inc\hsusbd.h:273:29
	str	r1, [r0, #12]
	mov.w	r1, #3584
.Ltmp178:
	@DEBUG_VALUE: HSUSBD_SetEpBufAddr:u32Len <- 8
	@DEBUG_VALUE: HSUSBD_SetEpBufAddr:u32Base <- 3584
	@DEBUG_VALUE: HSUSBD_SetEpBufAddr:u32Ep <- 2
	.loc	9 245 38                        @ ../../../../Library/StdDriver/inc\hsusbd.h:245:38
	str	r1, [r0, #96]
	movw	r1, #3591
	.loc	9 246 36                        @ ../../../../Library/StdDriver/inc\hsusbd.h:246:36
	str	r1, [r0, #100]
	movs	r1, #8
.Ltmp179:
	.loc	2 359 5                         @ ../Device/UVC/UVC.c:359:5
	str	r1, [r0, #84]
	movs	r1, #3
.Ltmp180:
	@DEBUG_VALUE: HSUSBD_ConfigEp:u32EpDir <- 8
	@DEBUG_VALUE: HSUSBD_ConfigEp:u32EpType <- 4
	@DEBUG_VALUE: HSUSBD_ConfigEp:u32EpNum <- 3
	@DEBUG_VALUE: HSUSBD_ConfigEp:u32Ep <- 2
	.loc	9 0 0 is_stmt 0                 @ ../../../../Library/StdDriver/inc\hsusbd.h:0:0
	str	r1, [r0, #80]
	movs	r1, #61
.Ltmp181:
	.loc	9 273 29 is_stmt 1              @ ../../../../Library/StdDriver/inc\hsusbd.h:273:29
	str	r1, [r0, #92]
.Ltmp182:
	.loc	2 361 1                         @ ../Device/UVC/UVC.c:361:1
	bx	lr
.Ltmp183:
.Lfunc_end2:
	.size	UVC_InitForFullSpeed, .Lfunc_end2-UVC_InitForFullSpeed
	.cfi_endproc
	.cantunwind
	.fnend
                                        @ -- End function
	.section	.text.UVC_Init,"ax",%progbits
	.hidden	UVC_Init                        @ -- Begin function UVC_Init
	.globl	UVC_Init
	.p2align	2
	.type	UVC_Init,%function
	.code	16                              @ @UVC_Init
	.thumb_func
UVC_Init:
.Lfunc_begin3:
	.loc	2 383 0                         @ ../Device/UVC/UVC.c:383:0
	.fnstart
	.cfi_startproc
@ %bb.0:
	.save	{r4, r5, r7, lr}
	push	{r4, r5, r7, lr}
	.cfi_def_cfa_offset 16
	.cfi_offset lr, -4
	.cfi_offset r7, -8
	.cfi_offset r5, -12
	.cfi_offset r4, -16
.Ltmp184:
	.file	10 "C:\\ML\\ML_M55M1_SampleCode-master 2\\ML_M55M1_SampleCode-master\\M55M1BSP-3.01.003\\SampleCode\\NuEdgeWise\\PoseLandmark_YOLOv8n\\KEIL" "../../../../Library/StdDriver/inc\\sys.h"
	.loc	10 4257 32 prologue_end         @ ../../../../Library/StdDriver/inc\sys.h:4257:32
	movw	r0, :lower16:SystemCoreClock
	movw	r4, #256
	movt	r0, :upper16:SystemCoreClock
	movs	r1, #89
	ldr	r0, [r0]
.Ltmp185:
	@DEBUG_VALUE: SYS_UnlockReg:u32TimeOutCount <- $r0
	.loc	10 0 32 is_stmt 0               @ ../../../../Library/StdDriver/inc\sys.h:0:32
	movs	r2, #22
	movt	r4, #16384
	movs	r3, #136
.Ltmp186:
.LBB3_1:                                @ =>This Inner Loop Header: Depth=1
	@DEBUG_VALUE: SYS_UnlockReg:u32TimeOutCount <- $r0
	@DEBUG_VALUE: SYS_UnlockReg:u32TimeOutCount <- $r0
	.loc	10 4265 13 is_stmt 1            @ ../../../../Library/StdDriver/inc\sys.h:4265:13
	cmp	r0, #1
	.loc	10 4261 22                      @ ../../../../Library/StdDriver/inc\sys.h:4261:22
	str	r1, [r4]
	.loc	10 4262 22                      @ ../../../../Library/StdDriver/inc\sys.h:4262:22
	str	r2, [r4]
	.loc	10 4263 22                      @ ../../../../Library/StdDriver/inc\sys.h:4263:22
	str	r3, [r4]
.Ltmp187:
	@DEBUG_VALUE: SYS_UnlockReg:u32TimeOutCount <- [DW_OP_constu 1, DW_OP_minus, DW_OP_stack_value] $r0
	.loc	10 4265 13                      @ ../../../../Library/StdDriver/inc\sys.h:4265:13
	beq	.LBB3_9
.Ltmp188:
@ %bb.2:                                @   in Loop: Header=BB3_1 Depth=1
	@DEBUG_VALUE: SYS_UnlockReg:u32TimeOutCount <- [DW_OP_constu 1, DW_OP_minus, DW_OP_stack_value] $r0
	.loc	10 4266 19                      @ ../../../../Library/StdDriver/inc\sys.h:4266:19
	ldr	r5, [r4]
.Ltmp189:
	.loc	10 4266 5 is_stmt 0             @ ../../../../Library/StdDriver/inc\sys.h:4266:5
	cbnz	r5, .LBB3_9
.Ltmp190:
@ %bb.3:                                @   in Loop: Header=BB3_1 Depth=1
	@DEBUG_VALUE: SYS_UnlockReg:u32TimeOutCount <- [DW_OP_constu 1, DW_OP_minus, DW_OP_stack_value] $r0
	@DEBUG_VALUE: SYS_UnlockReg:u32TimeOutCount <- [DW_OP_constu 1, DW_OP_minus, DW_OP_stack_value] $r0
	.loc	10 4265 13 is_stmt 1            @ ../../../../Library/StdDriver/inc\sys.h:4265:13
	cmp	r0, #2
	.loc	10 4261 22                      @ ../../../../Library/StdDriver/inc\sys.h:4261:22
	str	r1, [r4]
	.loc	10 4262 22                      @ ../../../../Library/StdDriver/inc\sys.h:4262:22
	str	r2, [r4]
	.loc	10 4263 22                      @ ../../../../Library/StdDriver/inc\sys.h:4263:22
	str	r3, [r4]
.Ltmp191:
	@DEBUG_VALUE: SYS_UnlockReg:u32TimeOutCount <- [DW_OP_constu 2, DW_OP_minus, DW_OP_stack_value] $r0
	.loc	10 4265 13                      @ ../../../../Library/StdDriver/inc\sys.h:4265:13
	beq	.LBB3_9
.Ltmp192:
@ %bb.4:                                @   in Loop: Header=BB3_1 Depth=1
	@DEBUG_VALUE: SYS_UnlockReg:u32TimeOutCount <- [DW_OP_constu 2, DW_OP_minus, DW_OP_stack_value] $r0
	.loc	10 4266 19                      @ ../../../../Library/StdDriver/inc\sys.h:4266:19
	ldr	r5, [r4]
.Ltmp193:
	.loc	10 4266 5 is_stmt 0             @ ../../../../Library/StdDriver/inc\sys.h:4266:5
	cbnz	r5, .LBB3_9
.Ltmp194:
@ %bb.5:                                @   in Loop: Header=BB3_1 Depth=1
	@DEBUG_VALUE: SYS_UnlockReg:u32TimeOutCount <- [DW_OP_constu 2, DW_OP_minus, DW_OP_stack_value] $r0
	@DEBUG_VALUE: SYS_UnlockReg:u32TimeOutCount <- [DW_OP_constu 2, DW_OP_minus, DW_OP_stack_value] $r0
	.loc	10 4265 13 is_stmt 1            @ ../../../../Library/StdDriver/inc\sys.h:4265:13
	cmp	r0, #3
	.loc	10 4261 22                      @ ../../../../Library/StdDriver/inc\sys.h:4261:22
	str	r1, [r4]
	.loc	10 4262 22                      @ ../../../../Library/StdDriver/inc\sys.h:4262:22
	str	r2, [r4]
	.loc	10 4263 22                      @ ../../../../Library/StdDriver/inc\sys.h:4263:22
	str	r3, [r4]
.Ltmp195:
	@DEBUG_VALUE: SYS_UnlockReg:u32TimeOutCount <- [DW_OP_constu 3, DW_OP_minus, DW_OP_stack_value] $r0
	.loc	10 4265 13                      @ ../../../../Library/StdDriver/inc\sys.h:4265:13
	beq	.LBB3_9
.Ltmp196:
@ %bb.6:                                @   in Loop: Header=BB3_1 Depth=1
	@DEBUG_VALUE: SYS_UnlockReg:u32TimeOutCount <- [DW_OP_constu 3, DW_OP_minus, DW_OP_stack_value] $r0
	.loc	10 4266 19                      @ ../../../../Library/StdDriver/inc\sys.h:4266:19
	ldr	r5, [r4]
.Ltmp197:
	.loc	10 4266 5 is_stmt 0             @ ../../../../Library/StdDriver/inc\sys.h:4266:5
	cbnz	r5, .LBB3_9
.Ltmp198:
@ %bb.7:                                @   in Loop: Header=BB3_1 Depth=1
	@DEBUG_VALUE: SYS_UnlockReg:u32TimeOutCount <- [DW_OP_constu 3, DW_OP_minus, DW_OP_stack_value] $r0
	@DEBUG_VALUE: SYS_UnlockReg:u32TimeOutCount <- [DW_OP_constu 3, DW_OP_minus, DW_OP_stack_value] $r0
	.loc	10 4265 13 is_stmt 1            @ ../../../../Library/StdDriver/inc\sys.h:4265:13
	subs	r0, #4
.Ltmp199:
	@DEBUG_VALUE: SYS_UnlockReg:u32TimeOutCount <- $r0
	.loc	10 4261 22                      @ ../../../../Library/StdDriver/inc\sys.h:4261:22
	str	r1, [r4]
	.loc	10 4262 22                      @ ../../../../Library/StdDriver/inc\sys.h:4262:22
	str	r2, [r4]
	.loc	10 4263 22                      @ ../../../../Library/StdDriver/inc\sys.h:4263:22
	str	r3, [r4]
	.loc	10 4265 13                      @ ../../../../Library/StdDriver/inc\sys.h:4265:13
	beq	.LBB3_9
.Ltmp200:
@ %bb.8:                                @   in Loop: Header=BB3_1 Depth=1
	@DEBUG_VALUE: SYS_UnlockReg:u32TimeOutCount <- $r0
	.loc	10 4266 19                      @ ../../../../Library/StdDriver/inc\sys.h:4266:19
	ldr	r5, [r4]
.Ltmp201:
	.loc	10 4266 5 is_stmt 0             @ ../../../../Library/StdDriver/inc\sys.h:4266:5
	cbnz	r5, .LBB3_9
	le	.LBB3_1
.Ltmp202:
.LBB3_9:
	.loc	2 367 17 is_stmt 1              @ ../Device/UVC/UVC.c:367:17
	ldr	r0, [r4, #-204]
	movw	r1, #65535
	movt	r1, #64764
	mov.w	lr, #64
.Ltmp203:
	@DEBUG_VALUE: Enable_USBD_Clock_PHY:i <- 0
	bic	r0, r0, #196608
	str	r0, [r4, #-204]
	.loc	2 369 25                        @ ../Device/UVC/UVC.c:369:25
	ldr	r0, [r4, #-204]
	.loc	2 369 32 is_stmt 0              @ ../Device/UVC/UVC.c:369:32
	ands	r0, r1
	.loc	2 369 89                        @ ../Device/UVC/UVC.c:369:89
	add.w	r0, r0, #16777216
	.loc	2 369 17                        @ ../Device/UVC/UVC.c:369:17
	str	r0, [r4, #-204]
.Ltmp204:
	.p2align	2
.LBB3_10:                               @ =>This Inner Loop Header: Depth=1
	@DEBUG_VALUE: Enable_USBD_Clock_PHY:i <- undef
	.loc	2 373 9 is_stmt 1               @ ../Device/UVC/UVC.c:373:9
	nop
	nop
	nop
	nop
	nop
	nop
	nop
	nop
	nop
	nop
	nop
	nop
	nop
	nop
	nop
	nop
	nop
	nop
	nop
	nop
	nop
	nop
	nop
	nop
	nop
	nop
	nop
	nop
	nop
	nop
	nop
	nop
	nop
	nop
	nop
	nop
	nop
	nop
	nop
	nop
	nop
	nop
	nop
	nop
	nop
	nop
	nop
	nop
	nop
	nop
	nop
	nop
	nop
	nop
	nop
	nop
	nop
	nop
	nop
	nop
	nop
	nop
	nop
	nop
.Ltmp205:
	.loc	2 371 5                         @ ../Device/UVC/UVC.c:371:5
	le	lr, .LBB3_10
.Ltmp206:
@ %bb.11:
	.loc	2 376 17                        @ ../Device/UVC/UVC.c:376:17
	ldr	r0, [r4, #-204]
	.loc	2 379 5                         @ ../Device/UVC/UVC.c:379:5
	mov.w	r1, #622592
	movs	r5, #0
	.loc	2 376 17                        @ ../Device/UVC/UVC.c:376:17
	orr	r0, r0, #33554432
	str	r0, [r4, #-204]
	.loc	2 379 5                         @ ../Device/UVC/UVC.c:379:5
	movs	r0, #0
	bl	CLK_EnableModuleClock
.Ltmp207:
	.loc	2 390 5                         @ ../Device/UVC/UVC.c:390:5
	movw	r0, :lower16:gsHSInfo
	movw	r1, :lower16:UVC_ClassRequest
	movw	r2, :lower16:UVC_SetInterface
	movt	r0, :upper16:gsHSInfo
	movt	r1, :upper16:UVC_ClassRequest
	movt	r2, :upper16:UVC_SetInterface
.Ltmp208:
	.loc	10 4278 18                      @ ../../../../Library/StdDriver/inc\sys.h:4278:18
	str	r5, [r4]
.Ltmp209:
	.loc	2 390 5                         @ ../Device/UVC/UVC.c:390:5
	bl	HSUSBD_Open
.Ltmp210:
	.loc	2 0 5 is_stmt 0                 @ ../Device/UVC/UVC.c:0:5
	movw	r0, #20488
	movs	r1, #23
	movt	r0, #16416
.Ltmp211:
	.loc	2 337 20 is_stmt 1              @ ../Device/UVC/UVC.c:337:20
	movw	r3, :lower16:gMaxPacketSize
.Ltmp212:
	.loc	2 394 5                         @ ../Device/UVC/UVC.c:394:5
	str	r1, [r0]
	mov.w	r1, #294
	.loc	2 396 5                         @ ../Device/UVC/UVC.c:396:5
	str	r1, [r0, #12]
	movs	r1, #63
	.loc	2 398 5                         @ ../Device/UVC/UVC.c:398:5
	str	r5, [r0, #24]
.Ltmp213:
	@DEBUG_VALUE: HSUSBD_SetEpBufAddr:u32Len <- 64
	@DEBUG_VALUE: HSUSBD_SetEpBufAddr:u32Base <- 0
	@DEBUG_VALUE: HSUSBD_SetEpBufAddr:u32Ep <- 255
	.loc	2 0 5 is_stmt 0                 @ ../Device/UVC/UVC.c:0:5
	mov.w	r2, #512
.Ltmp214:
	@DEBUG_VALUE: HSUSBD_SetEpBufAddr:u32Len <- 2048
	@DEBUG_VALUE: HSUSBD_SetEpBufAddr:u32Base <- 512
	@DEBUG_VALUE: HSUSBD_SetEpBufAddr:u32Ep <- 0
	.loc	9 240 29 is_stmt 1              @ ../../../../Library/StdDriver/inc\hsusbd.h:240:29
	str	r5, [r0, #76]
	mov.w	r12, #5
.Ltmp215:
	@DEBUG_VALUE: HSUSBD_ConfigEp:u32EpDir <- 8
	@DEBUG_VALUE: HSUSBD_ConfigEp:u32EpType <- 6
	@DEBUG_VALUE: HSUSBD_ConfigEp:u32EpNum <- 1
	@DEBUG_VALUE: HSUSBD_ConfigEp:u32Ep <- 0
	.loc	9 241 29                        @ ../../../../Library/StdDriver/inc\hsusbd.h:241:29
	str	r1, [r0, #80]
	movw	r1, #1026
.Ltmp216:
	.loc	2 403 5                         @ ../Device/UVC/UVC.c:403:5
	str	r1, [r0, #40]
	mov.w	r1, #1024
.Ltmp217:
	.loc	2 337 20                        @ ../Device/UVC/UVC.c:337:20
	movt	r3, :upper16:gMaxPacketSize
	mov.w	lr, #3
.Ltmp218:
	@DEBUG_VALUE: HSUSBD_ConfigEp:u32EpDir <- 8
	@DEBUG_VALUE: HSUSBD_ConfigEp:u32EpType <- 4
	@DEBUG_VALUE: HSUSBD_ConfigEp:u32EpNum <- 3
	@DEBUG_VALUE: HSUSBD_ConfigEp:u32Ep <- 2
	str	r1, [r3]
	movs	r4, #4
.Ltmp219:
	.loc	9 245 38                        @ ../../../../Library/StdDriver/inc\hsusbd.h:245:38
	str	r2, [r0, #124]
	movw	r2, #2559
	.loc	9 246 36                        @ ../../../../Library/StdDriver/inc\hsusbd.h:246:36
	str.w	r2, [r0, #128]
.Ltmp220:
	.loc	2 340 5                         @ ../Device/UVC/UVC.c:340:5
	str	r1, [r0, #112]
	movs	r1, #31
.Ltmp221:
	.loc	9 0 0 is_stmt 0                 @ ../../../../Library/StdDriver/inc\hsusbd.h:0:0
	str.w	r12, [r0, #108]
.Ltmp222:
	.loc	9 273 29 is_stmt 1              @ ../../../../Library/StdDriver/inc\hsusbd.h:273:29
	str	r1, [r0, #120]
	mov.w	r1, #3584
.Ltmp223:
	@DEBUG_VALUE: HSUSBD_SetEpBufAddr:u32Len <- 8
	@DEBUG_VALUE: HSUSBD_SetEpBufAddr:u32Base <- 3584
	@DEBUG_VALUE: HSUSBD_SetEpBufAddr:u32Ep <- 2
	.loc	9 245 38                        @ ../../../../Library/StdDriver/inc\hsusbd.h:245:38
	str.w	r1, [r0, #204]
	movw	r1, #3591
	.loc	9 246 36                        @ ../../../../Library/StdDriver/inc\hsusbd.h:246:36
	str.w	r1, [r0, #208]
	movs	r1, #8
.Ltmp224:
	.loc	2 345 5                         @ ../Device/UVC/UVC.c:345:5
	str.w	r1, [r0, #192]
	movs	r1, #61
.Ltmp225:
	.loc	9 0 0 is_stmt 0                 @ ../../../../Library/StdDriver/inc\hsusbd.h:0:0
	str.w	lr, [r0, #188]
.Ltmp226:
	.loc	9 273 29 is_stmt 1              @ ../../../../Library/StdDriver/inc\hsusbd.h:273:29
	str.w	r1, [r0, #200]
.Ltmp227:
	.loc	2 408 23                        @ ../Device/UVC/UVC.c:408:23
	movw	r0, :lower16:uvcInfo
	.loc	2 410 26                        @ ../Device/UVC/UVC.c:410:26
	movw	r1, :lower16:uvcStatus
	.loc	2 408 23                        @ ../Device/UVC/UVC.c:408:23
	movt	r0, :upper16:uvcInfo
	.loc	2 410 26                        @ ../Device/UVC/UVC.c:410:26
	movt	r1, :upper16:uvcStatus
	.loc	2 408 23                        @ ../Device/UVC/UVC.c:408:23
	strb.w	r5, [r0, #84]
	.loc	2 409 25                        @ ../Device/UVC/UVC.c:409:25
	strb.w	r5, [r0, #85]
	.loc	2 410 26                        @ ../Device/UVC/UVC.c:410:26
	str	r5, [r1, #24]
	.loc	2 412 35                        @ ../Device/UVC/UVC.c:412:35
	ldr	r2, [r3]
	.loc	2 412 33 is_stmt 0              @ ../Device/UVC/UVC.c:412:33
	str	r2, [r0, #64]
	.loc	2 413 35 is_stmt 1              @ ../Device/UVC/UVC.c:413:35
	ldr	r2, [r3]
	.loc	2 413 33 is_stmt 0              @ ../Device/UVC/UVC.c:413:33
	str	r2, [r0, #68]
	.loc	2 414 35 is_stmt 1              @ ../Device/UVC/UVC.c:414:35
	ldr	r2, [r3]
	movs	r3, #1
	.loc	2 414 33 is_stmt 0              @ ../Device/UVC/UVC.c:414:33
	str	r2, [r0, #72]
	movs	r2, #2
	.loc	2 417 34 is_stmt 1              @ ../Device/UVC/UVC.c:417:34
	strh.w	r3, [r0, #39]
	.loc	2 418 44                        @ ../Device/UVC/UVC.c:418:44
	strb.w	r2, [r0, #45]
	.loc	2 419 34                        @ ../Device/UVC/UVC.c:419:34
	strh.w	r3, [r0, #39]
	.loc	2 420 32                        @ ../Device/UVC/UVC.c:420:32
	strh.w	r2, [r0, #41]
	.loc	2 421 27                        @ ../Device/UVC/UVC.c:421:27
	strh.w	lr, [r0, #43]
	.loc	2 422 34                        @ ../Device/UVC/UVC.c:422:34
	strh	r4, [r0, #46]
	movs	r4, #7
	.loc	2 423 33                        @ ../Device/UVC/UVC.c:423:33
	strh.w	r12, [r0, #48]
	.loc	2 424 29                        @ ../Device/UVC/UVC.c:424:29
	strh.w	lr, [r0, #50]
	.loc	2 425 33                        @ ../Device/UVC/UVC.c:425:33
	strh	r4, [r0, #52]
	mov.w	r4, #256
	.loc	2 428 5                         @ ../Device/UVC/UVC.c:428:5
	strh	r5, [r0, #24]
	strd	r5, r5, [r0, #8]
	strd	r5, r5, [r0, #16]
	.loc	2 429 33                        @ ../Device/UVC/UVC.c:429:33
	strh	r4, [r0]
	.loc	2 430 39                        @ ../Device/UVC/UVC.c:430:39
	strb	r3, [r0, #2]
	.loc	2 431 38                        @ ../Device/UVC/UVC.c:431:38
	strb	r2, [r0, #3]
	.loc	2 432 27                        @ ../Device/UVC/UVC.c:432:27
	str	r3, [r1, #8]
	.loc	2 433 26                        @ ../Device/UVC/UVC.c:433:26
	str	r2, [r1, #12]
	movw	r2, #5653
	movt	r2, #5
	.loc	2 434 42                        @ ../Device/UVC/UVC.c:434:42
	str	r2, [r0, #4]
	.loc	2 437 5                         @ ../Device/UVC/UVC.c:437:5
	str	r5, [r0, #28]
	str.w	r5, [r0, #35]
	str	r5, [r0, #32]
	.loc	2 439 44                        @ ../Device/UVC/UVC.c:439:44
	strb	r3, [r0, #28]
	.loc	2 440 43                        @ ../Device/UVC/UVC.c:440:43
	strb	r3, [r0, #29]
	movw	r0, #57604
	.loc	2 441 35                        @ ../Device/UVC/UVC.c:441:35
	str	r3, [r1, #16]
	.loc	2 442 34                        @ ../Device/UVC/UVC.c:442:34
	str	r3, [r1, #20]
	mov.w	r1, #536870912
.Ltmp228:
	@DEBUG_VALUE: __NVIC_EnableIRQ:IRQn <- 61
	.loc	2 0 34 is_stmt 0                @ ../Device/UVC/UVC.c:0:34
	movt	r0, #57344
.Ltmp229:
	.loc	8 3909 5 is_stmt 1              @ ../../../../Library/CMSIS/Core/Include\core_cm55.h:3909:5
	@APP
	@NO_APP
	.loc	8 3910 43                       @ ../../../../Library/CMSIS/Core/Include\core_cm55.h:3910:43
	str	r1, [r0]
	.loc	8 3911 5                        @ ../../../../Library/CMSIS/Core/Include\core_cm55.h:3911:5
	@APP
	@NO_APP
.Ltmp230:
	.loc	2 446 1 epilogue_begin          @ ../Device/UVC/UVC.c:446:1
	pop	{r4, r5, r7, pc}
.Ltmp231:
.Lfunc_end3:
	.size	UVC_Init, .Lfunc_end3-UVC_Init
	.cfi_endproc
	.cantunwind
	.fnend
                                        @ -- End function
	.section	.text.UVC_ClassRequest,"ax",%progbits
	.hidden	UVC_ClassRequest                @ -- Begin function UVC_ClassRequest
	.globl	UVC_ClassRequest
	.p2align	2
	.type	UVC_ClassRequest,%function
	.code	16                              @ @UVC_ClassRequest
	.thumb_func
UVC_ClassRequest:
.Lfunc_begin4:
	.loc	2 449 0                         @ ../Device/UVC/UVC.c:449:0
	.fnstart
	.cfi_startproc
@ %bb.0:
	.save	{r4, r5, r7, lr}
	push	{r4, r5, r7, lr}
	.cfi_def_cfa_offset 16
	.cfi_offset lr, -4
	.cfi_offset r7, -8
	.cfi_offset r5, -12
	.cfi_offset r4, -16
	.pad	#8
	sub	sp, #8
	.cfi_def_cfa_offset 24
.Ltmp232:
	.loc	2 452 17 prologue_end           @ ../Device/UVC/UVC.c:452:17
	movw	r4, :lower16:gUsbCmd
	movt	r4, :upper16:gUsbCmd
	ldrsb.w	r1, [r4]
	.loc	2 0 0 is_stmt 0                 @ ../Device/UVC/UVC.c:0:0
	ldrh	r0, [r4, #4]
.Ltmp233:
	.loc	2 452 9                         @ ../Device/UVC/UVC.c:452:9
	cmp.w	r1, #-1
	ble	.LBB4_6
@ %bb.1:
.Ltmp234:
	.loc	2 593 13 is_stmt 1              @ ../Device/UVC/UVC.c:593:13
	cmp	r0, #1
	beq	.LBB4_14
@ %bb.2:
	cmp.w	r0, #256
	beq	.LBB4_13
@ %bb.3:
	cmp.w	r0, #1280
	bne	.LBB4_22
@ %bb.4:
.Ltmp235:
	.loc	2 597 25                        @ ../Device/UVC/UVC.c:597:25
	ldrb	r0, [r4, #1]
	movs	r5, #0
.Ltmp236:
	.loc	2 595 22                        @ ../Device/UVC/UVC.c:595:22
	strh.w	r5, [sp, #2]
	.loc	2 597 17                        @ ../Device/UVC/UVC.c:597:17
	cmp	r0, #1
	bne	.LBB4_19
@ %bb.5:
.Ltmp237:
	.loc	2 599 62                        @ ../Device/UVC/UVC.c:599:62
	ldrh	r1, [r4, #6]
	add.w	r0, sp, #2
	.loc	2 599 17 is_stmt 0              @ ../Device/UVC/UVC.c:599:17
	bl	HSUSBD_CtrlOut
.Ltmp238:
	.loc	2 600 32 is_stmt 1              @ ../Device/UVC/UVC.c:600:32
	ldrsh.w	r0, [sp, #2]
	.loc	2 600 17 is_stmt 0              @ ../Device/UVC/UVC.c:600:17
	bl	UVC_PU_Control
.Ltmp239:
	.loc	2 0 17                          @ ../Device/UVC/UVC.c:0:17
	movw	r0, #20528
	mov.w	r1, #1024
	movt	r0, #16416
	.loc	2 602 17 is_stmt 1              @ ../Device/UVC/UVC.c:602:17
	str	r1, [r0, #4]
	.loc	2 603 17                        @ ../Device/UVC/UVC.c:603:17
	str	r5, [r0, #-4]
	b	.LBB4_17
.Ltmp240:
.LBB4_6:
	.loc	2 0 17 is_stmt 0                @ ../Device/UVC/UVC.c:0:17
	ldrh	r1, [r4, #2]
.Ltmp241:
	.loc	2 458 38 is_stmt 1              @ ../Device/UVC/UVC.c:458:38
	cmp	r0, #0
	it	eq
	cmpeq.w	r1, #512
	beq	.LBB4_11
@ %bb.7:
	.loc	2 465 18                        @ ../Device/UVC/UVC.c:465:18
	cmp	r0, #1
	beq	.LBB4_23
@ %bb.8:
	cmp.w	r0, #256
	beq	.LBB4_20
@ %bb.9:
	cmp.w	r0, #1280
	bne	.LBB4_22
@ %bb.10:
.Ltmp242:
	.loc	2 467 40                        @ ../Device/UVC/UVC.c:467:40
	ldrb	r0, [r4, #1]
	.loc	2 467 20 is_stmt 0              @ ../Device/UVC/UVC.c:467:20
	bl	UVC_PU_Info
.Ltmp243:
	.loc	2 467 18                        @ ../Device/UVC/UVC.c:467:18
	str	r0, [sp, #4]
.Ltmp244:
.LBB4_11:
	.loc	2 0 0                           @ ../Device/UVC/UVC.c:0:0
	movw	r0, :lower16:uvcInfo
	ldrh	r1, [r4, #6]
	movt	r0, :upper16:uvcInfo
	adds	r0, #84
.LBB4_12:
	bl	HSUSBD_PrepareCtrlIn
.Ltmp245:
	movw	r0, #20528
	movs	r1, #8
	movt	r0, #16416
	str	r1, [r0, #4]
	movs	r1, #10
	b	.LBB4_18
.Ltmp246:
.LBB4_13:
	.loc	2 609 31 is_stmt 1              @ ../Device/UVC/UVC.c:609:31
	movw	r0, :lower16:uvcInfo
	movs	r1, #7
	b	.LBB4_21
.Ltmp247:
.LBB4_14:
	.loc	2 615 25                        @ ../Device/UVC/UVC.c:615:25
	ldrh	r0, [r4, #2]
.Ltmp248:
	.loc	2 615 17 is_stmt 0              @ ../Device/UVC/UVC.c:615:17
	sub.w	r0, r0, #256
	rev	r0, r0
	lsrs	r0, r0, #16
	cmp	r0, #4
	bhi	.LBB4_16
@ %bb.15:
	adr	r1, .LCPI4_0
	ldr.w	r0, [r1, r0, lsl #2]
.Ltmp249:
	.loc	2 0 0                           @ ../Device/UVC/UVC.c:0:0
	ldrh	r1, [r4, #6]
	bl	HSUSBD_CtrlOut
.Ltmp250:
.LBB4_16:
	movw	r0, #20528
	mov.w	r1, #1024
	movt	r0, #16416
	.loc	2 623 13 is_stmt 1              @ ../Device/UVC/UVC.c:623:13
	str	r1, [r0, #4]
	movs	r1, #0
	.loc	2 624 13                        @ ../Device/UVC/UVC.c:624:13
	str	r1, [r0, #-4]
.Ltmp251:
.LBB4_17:
	.loc	2 0 13 is_stmt 0                @ ../Device/UVC/UVC.c:0:13
	movw	r1, #1026
.LBB4_18:
	str	r1, [r0]
.Ltmp252:
.LBB4_19:
	.loc	2 633 1 epilogue_begin is_stmt 1 @ ../Device/UVC/UVC.c:633:1
	add	sp, #8
	pop	{r4, r5, r7, pc}
.LBB4_20:
.Ltmp253:
	.loc	2 475 31                        @ ../Device/UVC/UVC.c:475:31
	movw	r0, :lower16:uvcInfo
	movs	r1, #6
.Ltmp254:
.LBB4_21:
	.loc	2 0 0 is_stmt 0                 @ ../Device/UVC/UVC.c:0:0
	movt	r0, :upper16:uvcInfo
	strb.w	r1, [r0, #84]
.LBB4_22:
	movw	r0, #20528
	movs	r1, #2
	movt	r0, #16416
	str	r1, [r0, #-4]
.Ltmp255:
	.loc	2 633 1 epilogue_begin is_stmt 1 @ ../Device/UVC/UVC.c:633:1
	add	sp, #8
	pop	{r4, r5, r7, pc}
.LBB4_23:
.Ltmp256:
	.loc	2 482 54                        @ ../Device/UVC/UVC.c:482:54
	sub.w	r0, r1, #256
	rev	r0, r0
	lsrs	r0, r0, #16
	cmp	r0, #2
	blo	.LBB4_27
@ %bb.24:
	subs	r1, r0, #2
	cmp	r1, #2
	bhs	.LBB4_29
@ %bb.25:
.Ltmp257:
	.loc	2 534 30                        @ ../Device/UVC/UVC.c:534:30
	ldrb	r0, [r4, #1]
	movw	r5, #20528
	movt	r5, #16416
	.loc	2 534 56 is_stmt 0              @ ../Device/UVC/UVC.c:534:56
	add.w	r1, r0, #123
	uxtb	r1, r1
	cmp	r1, #1
	bhi	.LBB4_38
@ %bb.26:
.Ltmp258:
	.loc	2 536 25 is_stmt 1              @ ../Device/UVC/UVC.c:536:25
	cmp	r0, #134
	ite	ne
	movne	r0, #11
	moveq	r0, #3
.Ltmp259:
	.loc	2 0 0 is_stmt 0                 @ ../Device/UVC/UVC.c:0:0
	str	r0, [sp, #4]
	add	r0, sp, #4
	b	.LBB4_41
.Ltmp260:
.LBB4_27:
	.loc	2 484 30 is_stmt 1              @ ../Device/UVC/UVC.c:484:30
	ldrb	r0, [r4, #1]
	.loc	2 484 56 is_stmt 0              @ ../Device/UVC/UVC.c:484:56
	add.w	r1, r0, #123
	uxtb	r1, r1
	cmp	r1, #1
	bhi	.LBB4_32
@ %bb.28:
.Ltmp261:
	.loc	2 486 25 is_stmt 1              @ ../Device/UVC/UVC.c:486:25
	cmp	r0, #134
	ite	ne
	movne	r0, #26
	moveq	r0, #3
	b	.LBB4_43
.Ltmp262:
.LBB4_29:
	.loc	2 482 54                        @ ../Device/UVC/UVC.c:482:54
	cmp	r0, #4
	bne	.LBB4_19
@ %bb.30:
.Ltmp263:
	.loc	2 573 29                        @ ../Device/UVC/UVC.c:573:29
	ldrb	r0, [r4, #1]
.Ltmp264:
	.loc	2 573 21 is_stmt 0              @ ../Device/UVC/UVC.c:573:21
	cmp	r0, #134
	bne	.LBB4_42
.Ltmp265:
@ %bb.31:
	.loc	2 0 21                          @ ../Device/UVC/UVC.c:0:21
	movs	r0, #3
	b	.LBB4_43
.LBB4_32:
.Ltmp266:
	.loc	2 497 47 is_stmt 1              @ ../Device/UVC/UVC.c:497:47
	movw	r0, :lower16:uvcInfo
	movt	r0, :upper16:uvcInfo
	ldrb	r1, [r0, #2]
	.loc	2 497 71 is_stmt 0              @ ../Device/UVC/UVC.c:497:71
	ldr	r2, [r0, #60]
	.loc	2 497 86                        @ ../Device/UVC/UVC.c:497:86
	cmp	r2, r1
	bne	.LBB4_34
@ %bb.33:
	.loc	2 497 111                       @ ../Device/UVC/UVC.c:497:111
	ldrb	r1, [r0, #3]
	.loc	2 497 134                       @ ../Device/UVC/UVC.c:497:134
	ldr	r2, [r0, #56]
.Ltmp267:
	.loc	2 497 25                        @ ../Device/UVC/UVC.c:497:25
	cmp	r2, r1
	beq	.LBB4_35
.LBB4_34:
.Ltmp268:
	.loc	2 499 94 is_stmt 1              @ ../Device/UVC/UVC.c:499:94
	ldrb	r1, [r0, #2]
	.loc	2 499 47 is_stmt 0              @ ../Device/UVC/UVC.c:499:47
	movw	r2, :lower16:uvcStatus
	movt	r2, :upper16:uvcStatus
	.loc	2 499 71                        @ ../Device/UVC/UVC.c:499:71
	str	r1, [r0, #60]
	.loc	2 499 47                        @ ../Device/UVC/UVC.c:499:47
	str	r1, [r2, #8]
	.loc	2 500 92 is_stmt 1              @ ../Device/UVC/UVC.c:500:92
	ldrb	r1, [r0, #3]
	.loc	2 500 69 is_stmt 0              @ ../Device/UVC/UVC.c:500:69
	str	r1, [r0, #56]
	.loc	2 500 46                        @ ../Device/UVC/UVC.c:500:46
	str	r1, [r2, #12]
	movs	r1, #1
	.loc	2 502 45 is_stmt 1              @ ../Device/UVC/UVC.c:502:45
	strb.w	r1, [r0, #85]
.Ltmp269:
.LBB4_35:
	.loc	2 505 50                        @ ../Device/UVC/UVC.c:505:50
	ldrb	r1, [r0, #3]
	.loc	2 505 21 is_stmt 0              @ ../Device/UVC/UVC.c:505:21
	subs	r1, #1
	uxtb	r1, r1
	cmp	r1, #2
	bhi	.LBB4_37
@ %bb.36:
	movw	r2, :lower16:.Lswitch.table.UVC_ClassRequest.1
	movt	r2, :upper16:.Lswitch.table.UVC_ClassRequest.1
	ldr.w	r1, [r2, r1, lsl #2]
.Ltmp270:
	.loc	2 0 0                           @ ../Device/UVC/UVC.c:0:0
	str.w	r1, [r0, #18]
.Ltmp271:
.LBB4_37:
	.loc	2 522 94 is_stmt 1              @ ../Device/UVC/UVC.c:522:94
	movw	r1, :lower16:gAltInterface
	.loc	2 524 49                        @ ../Device/UVC/UVC.c:524:49
	movw	r2, :lower16:uvcStatus
	.loc	2 522 94                        @ ../Device/UVC/UVC.c:522:94
	movt	r1, :upper16:gAltInterface
	ldrb	r1, [r1]
	.loc	2 524 49                        @ ../Device/UVC/UVC.c:524:49
	movt	r2, :upper16:uvcStatus
	.loc	2 522 69                        @ ../Device/UVC/UVC.c:522:69
	add.w	r1, r0, r1, lsl #2
	ldr	r1, [r1, #64]
	.loc	2 522 67 is_stmt 0              @ ../Device/UVC/UVC.c:522:67
	str.w	r1, [r0, #22]
	.loc	2 524 72 is_stmt 1              @ ../Device/UVC/UVC.c:524:72
	ldr.w	r1, [r0, #18]
	.loc	2 524 49 is_stmt 0              @ ../Device/UVC/UVC.c:524:49
	str	r1, [r2]
	.loc	2 525 69 is_stmt 1              @ ../Device/UVC/UVC.c:525:69
	movw	r1, :lower16:gMaxPacketSize
	movt	r1, :upper16:gMaxPacketSize
	ldr	r1, [r1]
	.loc	2 525 67 is_stmt 0              @ ../Device/UVC/UVC.c:525:67
	str.w	r1, [r0, #22]
	movs	r1, #61
	.loc	2 526 55 is_stmt 1              @ ../Device/UVC/UVC.c:526:55
	strh	r1, [r0, #12]
	.loc	2 527 84                        @ ../Device/UVC/UVC.c:527:84
	ldrh	r1, [r4, #6]
	b	.LBB4_12
.Ltmp272:
.LBB4_38:
	.loc	2 547 55                        @ ../Device/UVC/UVC.c:547:55
	movw	r1, :lower16:uvcInfo
	movt	r1, :upper16:uvcInfo
	ldrb	r0, [r1, #29]
	.loc	2 547 21 is_stmt 0              @ ../Device/UVC/UVC.c:547:21
	subs	r0, #1
	uxtb	r0, r0
	cmp	r0, #2
	bhi	.LBB4_40
@ %bb.39:
	movw	r2, :lower16:.Lswitch.table.UVC_ClassRequest.1
	movt	r2, :upper16:.Lswitch.table.UVC_ClassRequest.1
	ldr.w	r0, [r2, r0, lsl #2]
.Ltmp273:
	.loc	2 0 0                           @ ../Device/UVC/UVC.c:0:0
	str.w	r0, [r1, #31]
.Ltmp274:
.LBB4_40:
	.loc	2 562 79 is_stmt 1              @ ../Device/UVC/UVC.c:562:79
	mov	r0, r1
	.loc	2 562 51 is_stmt 0              @ ../Device/UVC/UVC.c:562:51
	movw	r3, :lower16:uvcStatus
	.loc	2 562 79                        @ ../Device/UVC/UVC.c:562:79
	ldrb	r2, [r0, #28]!
	.loc	2 562 51                        @ ../Device/UVC/UVC.c:562:51
	movt	r3, :upper16:uvcStatus
	str	r2, [r3, #16]
	.loc	2 563 78 is_stmt 1              @ ../Device/UVC/UVC.c:563:78
	ldrb	r2, [r1, #29]
	.loc	2 563 50 is_stmt 0              @ ../Device/UVC/UVC.c:563:50
	str	r2, [r3, #20]
	.loc	2 564 136 is_stmt 1             @ ../Device/UVC/UVC.c:564:136
	movw	r2, :lower16:gAltInterface
	movt	r2, :upper16:gAltInterface
	ldrb	r2, [r2]
	.loc	2 564 111 is_stmt 0             @ ../Device/UVC/UVC.c:564:111
	add.w	r2, r1, r2, lsl #2
	ldr	r2, [r2, #64]
	.loc	2 564 109                       @ ../Device/UVC/UVC.c:564:109
	str.w	r2, [r1, #35]
	.loc	2 564 57                        @ ../Device/UVC/UVC.c:564:57
	str	r2, [r3, #4]
.Ltmp275:
.LBB4_41:
	.loc	2 0 0                           @ ../Device/UVC/UVC.c:0:0
	ldrh	r1, [r4, #6]
	bl	HSUSBD_PrepareCtrlIn
.Ltmp276:
	movs	r0, #8
	str	r0, [r5, #4]
	movs	r0, #10
	str	r0, [r5]
.Ltmp277:
	.loc	2 633 1 epilogue_begin is_stmt 1 @ ../Device/UVC/UVC.c:633:1
	add	sp, #8
	pop	{r4, r5, r7, pc}
.LBB4_42:
.Ltmp278:
	.loc	2 576 38                        @ ../Device/UVC/UVC.c:576:38
	movw	r0, :lower16:uvcStatus
	movt	r0, :upper16:uvcStatus
	ldr	r0, [r0, #24]
.Ltmp279:
.LBB4_43:
	.loc	2 0 0 is_stmt 0                 @ ../Device/UVC/UVC.c:0:0
	str	r0, [sp, #4]
	add	r0, sp, #4
	ldrh	r1, [r4, #6]
	b	.LBB4_12
.Ltmp280:
	.p2align	2
@ %bb.44:
.LCPI4_0:
.Lswitch.table.UVC_ClassRequest.2:
	.long	uvcInfo
	.long	uvcInfo
	.long	uvcInfo+28
	.long	uvcInfo+28
	.long	uvcStatus+24
.Lfunc_end4:
	.size	UVC_ClassRequest, .Lfunc_end4-UVC_ClassRequest
	.cfi_endproc
	.cantunwind
	.fnend
                                        @ -- End function
	.section	.text.UVC_SetInterface,"ax",%progbits
	.hidden	UVC_SetInterface                @ -- Begin function UVC_SetInterface
	.globl	UVC_SetInterface
	.p2align	2
	.type	UVC_SetInterface,%function
	.code	16                              @ @UVC_SetInterface
	.thumb_func
UVC_SetInterface:
.Lfunc_begin5:
	.fnstart
	.cfi_startproc
@ %bb.0:
	@DEBUG_VALUE: UVC_SetInterface:u32AltInterface <- $r0
	.loc	2 646 35 prologue_end is_stmt 1 @ ../Device/UVC/UVC.c:646:35
	movw	r1, :lower16:gAppConnected
	movt	r1, :upper16:gAppConnected
	strb	r0, [r1]
	.loc	2 646 19 is_stmt 0              @ ../Device/UVC/UVC.c:646:19
	movw	r1, :lower16:gAltInterface
	movt	r1, :upper16:gAltInterface
	strb	r0, [r1]
.Ltmp281:
	.loc	2 648 17 is_stmt 1              @ ../Device/UVC/UVC.c:648:17
	movw	r0, :lower16:gUsbCmd
.Ltmp282:
	@DEBUG_VALUE: UVC_SetInterface:u32AltInterface <- [DW_OP_LLVM_entry_value 1] $r0
	movt	r0, :upper16:gUsbCmd
	ldrh	r0, [r0, #2]
.Ltmp283:
	.loc	2 648 9 is_stmt 0               @ ../Device/UVC/UVC.c:648:9
	cmp	r0, #0
	.loc	2 655 1 is_stmt 1               @ ../Device/UVC/UVC.c:655:1
	it	ne
	bxne	lr
.Ltmp284:
.LBB5_1:
	@DEBUG_VALUE: UVC_SetInterface:u32AltInterface <- [DW_OP_LLVM_entry_value 1] $r0
	.loc	2 650 26                        @ ../Device/UVC/UVC.c:650:26
	movw	r0, :lower16:g_hsusbd_DmaDone
	movs	r1, #1
	movt	r0, :upper16:g_hsusbd_DmaDone
	movs	r2, #128
	str	r1, [r0]
	movw	r0, #20572
	movt	r0, #16416
	movs	r1, #0
.Ltmp285:
	.loc	9 225 20                        @ ../../../../Library/StdDriver/inc\hsusbd.h:225:20
	str	r1, [r0, #4]
	.loc	9 226 20                        @ ../../../../Library/StdDriver/inc\hsusbd.h:226:20
	str	r2, [r0]
	.loc	9 227 20                        @ ../../../../Library/StdDriver/inc\hsusbd.h:227:20
	str	r1, [r0]
.Ltmp286:
	.loc	2 653 34                        @ ../Device/UVC/UVC.c:653:34
	ldr	r1, [r0, #24]
	orr	r1, r1, #1
	str	r1, [r0, #24]
.Ltmp287:
	.loc	2 655 1                         @ ../Device/UVC/UVC.c:655:1
	bx	lr
.Ltmp288:
.Lfunc_end5:
	.size	UVC_SetInterface, .Lfunc_end5-UVC_SetInterface
	.cfi_endproc
	.cantunwind
	.fnend
                                        @ -- End function
	.section	.text.UVC_PU_Info,"ax",%progbits
	.hidden	UVC_PU_Info                     @ -- Begin function UVC_PU_Info
	.globl	UVC_PU_Info
	.p2align	2
	.type	UVC_PU_Info,%function
	.code	16                              @ @UVC_PU_Info
	.thumb_func
UVC_PU_Info:
.Lfunc_begin6:
	.fnstart
	.cfi_startproc
@ %bb.0:
	@DEBUG_VALUE: UVC_PU_Info:Req <- $r0
	@DEBUG_VALUE: UVC_PU_Info:Unit <- $r1
	.loc	2 659 23 prologue_end           @ ../Device/UVC/UVC.c:659:23
	movw	r12, :lower16:uvcInfo
	.loc	2 661 5                         @ ../Device/UVC/UVC.c:661:5
	sub.w	r3, r0, #129
	.loc	2 659 23                        @ ../Device/UVC/UVC.c:659:23
	movt	r12, :upper16:uvcInfo
	movs	r0, #0
.Ltmp289:
	@DEBUG_VALUE: UVC_PU_Info:Req <- [DW_OP_LLVM_entry_value 1] $r0
	.loc	2 661 5                         @ ../Device/UVC/UVC.c:661:5
	cmp	r3, #6
	.loc	2 659 23                        @ ../Device/UVC/UVC.c:659:23
	strb.w	r0, [r12, #84]
	.loc	2 661 5                         @ ../Device/UVC/UVC.c:661:5
	bhi	.LBB6_8
.Ltmp290:
@ %bb.1:
	@DEBUG_VALUE: UVC_PU_Info:Req <- [DW_OP_LLVM_entry_value 1] $r0
	@DEBUG_VALUE: UVC_PU_Info:Unit <- $r1
	.loc	2 0 5 is_stmt 0                 @ ../Device/UVC/UVC.c:0:5
	movs	r0, #1
	.loc	2 661 5                         @ ../Device/UVC/UVC.c:661:5
.LCPI6_0:
	tbb	[pc, r3]
.Ltmp291:
@ %bb.2:
	.loc	2 0 5                           @ ../Device/UVC/UVC.c:0:5
.LJTI6_0:
	.byte	(.LBB6_3-(.LCPI6_0+4))/2
	.byte	(.LBB6_13-(.LCPI6_0+4))/2
	.byte	(.LBB6_9-(.LCPI6_0+4))/2
	.byte	(.LBB6_26-(.LCPI6_0+4))/2
	.byte	(.LBB6_7-(.LCPI6_0+4))/2
	.byte	(.LBB6_17-(.LCPI6_0+4))/2
	.byte	(.LBB6_20-(.LCPI6_0+4))/2
	.p2align	1
.LBB6_3:
.Ltmp292:
	@DEBUG_VALUE: UVC_PU_Info:Req <- [DW_OP_LLVM_entry_value 1] $r0
	@DEBUG_VALUE: UVC_PU_Info:Unit <- $r1
	.loc	2 664 13 is_stmt 1              @ ../Device/UVC/UVC.c:664:13
	sub.w	r0, r1, #256
	ror.w	r0, r0, #8
	cmp	r0, #8
	bhi.w	.LBB6_24
.Ltmp293:
@ %bb.4:
	@DEBUG_VALUE: UVC_PU_Info:Req <- [DW_OP_LLVM_entry_value 1] $r0
	@DEBUG_VALUE: UVC_PU_Info:Unit <- $r1
	adr.w	r1, .LJTI6_4
.Ltmp294:
	@DEBUG_VALUE: UVC_PU_Info:Unit <- [DW_OP_LLVM_entry_value 1] $r1
.LCPI6_1:
	tbh	[pc, r0, lsl #1]
.Ltmp295:
@ %bb.5:
	.loc	2 0 13 is_stmt 0                @ ../Device/UVC/UVC.c:0:13
.LJTI6_4:
	.short	(.LBB6_6-(.LCPI6_1+4))/2
	.short	(.LBB6_31-(.LCPI6_1+4))/2
	.short	(.LBB6_44-(.LCPI6_1+4))/2
	.short	(.LBB6_24-(.LCPI6_1+4))/2
	.short	(.LBB6_46-(.LCPI6_1+4))/2
	.short	(.LBB6_49-(.LCPI6_1+4))/2
	.short	(.LBB6_29-(.LCPI6_1+4))/2
	.short	(.LBB6_38-(.LCPI6_1+4))/2
	.short	(.LBB6_40-(.LCPI6_1+4))/2
	.p2align	1
.LBB6_6:
.Ltmp296:
	@DEBUG_VALUE: UVC_PU_Info:Unit <- [DW_OP_LLVM_entry_value 1] $r1
	@DEBUG_VALUE: UVC_PU_Info:Req <- [DW_OP_LLVM_entry_value 1] $r0
	.loc	2 667 46 is_stmt 1              @ ../Device/UVC/UVC.c:667:46
	ldrsh.w	r0, [r12, #52]
.Ltmp297:
	.loc	2 818 1                         @ ../Device/UVC/UVC.c:818:1
	bx	lr
.Ltmp298:
.LBB6_7:
	@DEBUG_VALUE: UVC_PU_Info:Req <- [DW_OP_LLVM_entry_value 1] $r0
	@DEBUG_VALUE: UVC_PU_Info:Unit <- $r1
	.loc	2 0 1 is_stmt 0                 @ ../Device/UVC/UVC.c:0:1
	movs	r0, #7
.Ltmp299:
	.loc	2 813 31 is_stmt 1              @ ../Device/UVC/UVC.c:813:31
	strb.w	r0, [r12, #84]
.Ltmp300:
.LBB6_8:
	@DEBUG_VALUE: UVC_PU_Info:Req <- [DW_OP_LLVM_entry_value 1] $r0
	@DEBUG_VALUE: UVC_PU_Info:Unit <- $r1
	.loc	2 0 31 is_stmt 0                @ ../Device/UVC/UVC.c:0:31
	movs	r0, #6
	.loc	2 818 1 is_stmt 1               @ ../Device/UVC/UVC.c:818:1
	bx	lr
.Ltmp301:
.LBB6_9:
	@DEBUG_VALUE: UVC_PU_Info:Req <- [DW_OP_LLVM_entry_value 1] $r0
	@DEBUG_VALUE: UVC_PU_Info:Unit <- $r1
	.loc	2 728 13                        @ ../Device/UVC/UVC.c:728:13
	sub.w	r0, r1, #256
	ror.w	r0, r0, #8
	cmp	r0, #8
	bhi	.LBB6_24
.Ltmp302:
@ %bb.10:
	@DEBUG_VALUE: UVC_PU_Info:Req <- [DW_OP_LLVM_entry_value 1] $r0
	@DEBUG_VALUE: UVC_PU_Info:Unit <- $r1
	adr.w	r1, .LJTI6_2
.Ltmp303:
	@DEBUG_VALUE: UVC_PU_Info:Unit <- [DW_OP_LLVM_entry_value 1] $r1
.LCPI6_2:
	tbb	[pc, r0]
.Ltmp304:
@ %bb.11:
	.loc	2 0 13 is_stmt 0                @ ../Device/UVC/UVC.c:0:13
.LJTI6_2:
	.byte	(.LBB6_12-(.LCPI6_2+4))/2
	.byte	(.LBB6_28-(.LCPI6_2+4))/2
	.byte	(.LBB6_36-(.LCPI6_2+4))/2
	.byte	(.LBB6_24-(.LCPI6_2+4))/2
	.byte	(.LBB6_37-(.LCPI6_2+4))/2
	.byte	(.LBB6_43-(.LCPI6_2+4))/2
	.byte	(.LBB6_27-(.LCPI6_2+4))/2
	.byte	(.LBB6_33-(.LCPI6_2+4))/2
	.byte	(.LBB6_34-(.LCPI6_2+4))/2
	.p2align	1
.LBB6_12:
.Ltmp305:
	@DEBUG_VALUE: UVC_PU_Info:Unit <- [DW_OP_LLVM_entry_value 1] $r1
	@DEBUG_VALUE: UVC_PU_Info:Req <- [DW_OP_LLVM_entry_value 1] $r0
	.loc	2 731 38 is_stmt 1              @ ../Device/UVC/UVC.c:731:38
	movw	r0, :lower16:uvcPuInfo
	movt	r0, :upper16:uvcPuInfo
	ldr	r0, [r0, #4]
.Ltmp306:
	.loc	2 818 1                         @ ../Device/UVC/UVC.c:818:1
	bx	lr
.Ltmp307:
.LBB6_13:
	@DEBUG_VALUE: UVC_PU_Info:Req <- [DW_OP_LLVM_entry_value 1] $r0
	@DEBUG_VALUE: UVC_PU_Info:Unit <- $r1
	.loc	2 696 13                        @ ../Device/UVC/UVC.c:696:13
	sub.w	r0, r1, #256
	ror.w	r0, r0, #8
	cmp	r0, #8
	bhi	.LBB6_24
.Ltmp308:
@ %bb.14:
	@DEBUG_VALUE: UVC_PU_Info:Req <- [DW_OP_LLVM_entry_value 1] $r0
	@DEBUG_VALUE: UVC_PU_Info:Unit <- $r1
	adr.w	r1, .LJTI6_3
.Ltmp309:
	@DEBUG_VALUE: UVC_PU_Info:Unit <- [DW_OP_LLVM_entry_value 1] $r1
.LCPI6_3:
	tbb	[pc, r0]
.Ltmp310:
@ %bb.15:
	.loc	2 0 13 is_stmt 0                @ ../Device/UVC/UVC.c:0:13
.LJTI6_3:
	.byte	(.LBB6_16-(.LCPI6_3+4))/2
	.byte	(.LBB6_32-(.LCPI6_3+4))/2
	.byte	(.LBB6_45-(.LCPI6_3+4))/2
	.byte	(.LBB6_24-(.LCPI6_3+4))/2
	.byte	(.LBB6_47-(.LCPI6_3+4))/2
	.byte	(.LBB6_50-(.LCPI6_3+4))/2
	.byte	(.LBB6_30-(.LCPI6_3+4))/2
	.byte	(.LBB6_39-(.LCPI6_3+4))/2
	.byte	(.LBB6_41-(.LCPI6_3+4))/2
	.p2align	1
.LBB6_16:
.Ltmp311:
	@DEBUG_VALUE: UVC_PU_Info:Unit <- [DW_OP_LLVM_entry_value 1] $r1
	@DEBUG_VALUE: UVC_PU_Info:Req <- [DW_OP_LLVM_entry_value 1] $r0
	.loc	2 699 38 is_stmt 1              @ ../Device/UVC/UVC.c:699:38
	movw	r0, :lower16:uvcPuInfo
	movt	r0, :upper16:uvcPuInfo
	ldr	r0, [r0]
.Ltmp312:
	.loc	2 818 1                         @ ../Device/UVC/UVC.c:818:1
	bx	lr
.Ltmp313:
.LBB6_17:
	@DEBUG_VALUE: UVC_PU_Info:Req <- [DW_OP_LLVM_entry_value 1] $r0
	@DEBUG_VALUE: UVC_PU_Info:Unit <- $r1
	.loc	2 763 13                        @ ../Device/UVC/UVC.c:763:13
	sub.w	r0, r1, #256
	ror.w	r0, r0, #8
	cmp	r0, #9
	bhs	.LBB6_19
.Ltmp314:
@ %bb.18:
	@DEBUG_VALUE: UVC_PU_Info:Req <- [DW_OP_LLVM_entry_value 1] $r0
	@DEBUG_VALUE: UVC_PU_Info:Unit <- $r1
	uxth	r0, r0
	movw	r1, #503
.Ltmp315:
	@DEBUG_VALUE: UVC_PU_Info:Unit <- [DW_OP_LLVM_entry_value 1] $r1
	lsr.w	r0, r1, r0
	lsls	r0, r0, #31
	bne	.LBB6_25
.Ltmp316:
.LBB6_19:
	@DEBUG_VALUE: UVC_PU_Info:Req <- [DW_OP_LLVM_entry_value 1] $r0
	.loc	2 0 13 is_stmt 0                @ ../Device/UVC/UVC.c:0:13
	movs	r0, #6
.Ltmp317:
	.loc	2 776 39 is_stmt 1              @ ../Device/UVC/UVC.c:776:39
	strb.w	r0, [r12, #84]
	movs	r0, #0
.Ltmp318:
	.loc	2 818 1                         @ ../Device/UVC/UVC.c:818:1
	bx	lr
.Ltmp319:
.LBB6_20:
	@DEBUG_VALUE: UVC_PU_Info:Req <- [DW_OP_LLVM_entry_value 1] $r0
	@DEBUG_VALUE: UVC_PU_Info:Unit <- $r1
	.loc	2 781 13                        @ ../Device/UVC/UVC.c:781:13
	sub.w	r0, r1, #256
	ror.w	r0, r0, #8
	cmp	r0, #8
	bhi	.LBB6_24
.Ltmp320:
@ %bb.21:
	@DEBUG_VALUE: UVC_PU_Info:Req <- [DW_OP_LLVM_entry_value 1] $r0
	@DEBUG_VALUE: UVC_PU_Info:Unit <- $r1
	adr.w	r1, .LJTI6_1
.Ltmp321:
	@DEBUG_VALUE: UVC_PU_Info:Unit <- [DW_OP_LLVM_entry_value 1] $r1
.LCPI6_4:
	tbb	[pc, r0]
.Ltmp322:
@ %bb.22:
	.loc	2 0 13 is_stmt 0                @ ../Device/UVC/UVC.c:0:13
.LJTI6_1:
	.byte	(.LBB6_23-(.LCPI6_4+4))/2
	.byte	(.LBB6_42-(.LCPI6_4+4))/2
	.byte	(.LBB6_52-(.LCPI6_4+4))/2
	.byte	(.LBB6_24-(.LCPI6_4+4))/2
	.byte	(.LBB6_53-(.LCPI6_4+4))/2
	.byte	(.LBB6_54-(.LCPI6_4+4))/2
	.byte	(.LBB6_35-(.LCPI6_4+4))/2
	.byte	(.LBB6_48-(.LCPI6_4+4))/2
	.byte	(.LBB6_51-(.LCPI6_4+4))/2
	.p2align	1
.LBB6_23:
.Ltmp323:
	@DEBUG_VALUE: UVC_PU_Info:Unit <- [DW_OP_LLVM_entry_value 1] $r1
	@DEBUG_VALUE: UVC_PU_Info:Req <- [DW_OP_LLVM_entry_value 1] $r0
	.loc	2 784 38 is_stmt 1              @ ../Device/UVC/UVC.c:784:38
	movw	r0, :lower16:uvcPuInfo
	movt	r0, :upper16:uvcPuInfo
	ldr	r0, [r0, #8]
.Ltmp324:
	.loc	2 818 1                         @ ../Device/UVC/UVC.c:818:1
	bx	lr
.Ltmp325:
.LBB6_24:
	@DEBUG_VALUE: UVC_PU_Info:Req <- [DW_OP_LLVM_entry_value 1] $r0
	.loc	2 0 1 is_stmt 0                 @ ../Device/UVC/UVC.c:0:1
	movs	r0, #6
.Ltmp326:
	strb.w	r0, [r12, #84]
.Ltmp327:
	.loc	2 818 1                         @ ../Device/UVC/UVC.c:818:1
	bx	lr
.Ltmp328:
.LBB6_25:
	@DEBUG_VALUE: UVC_PU_Info:Unit <- [DW_OP_LLVM_entry_value 1] $r1
	@DEBUG_VALUE: UVC_PU_Info:Req <- [DW_OP_LLVM_entry_value 1] $r0
	.loc	2 0 1                           @ ../Device/UVC/UVC.c:0:1
	movs	r0, #3
.Ltmp329:
.LBB6_26:
	@DEBUG_VALUE: UVC_PU_Info:Req <- [DW_OP_LLVM_entry_value 1] $r0
	.loc	2 818 1                         @ ../Device/UVC/UVC.c:818:1
	bx	lr
.Ltmp330:
.LBB6_27:
	@DEBUG_VALUE: UVC_PU_Info:Unit <- [DW_OP_LLVM_entry_value 1] $r1
	@DEBUG_VALUE: UVC_PU_Info:Req <- [DW_OP_LLVM_entry_value 1] $r0
	.loc	2 743 38 is_stmt 1              @ ../Device/UVC/UVC.c:743:38
	movw	r0, :lower16:uvcPuInfo
	movt	r0, :upper16:uvcPuInfo
	ldr	r0, [r0, #52]
.Ltmp331:
	.loc	2 818 1                         @ ../Device/UVC/UVC.c:818:1
	bx	lr
.Ltmp332:
.LBB6_28:
	@DEBUG_VALUE: UVC_PU_Info:Unit <- [DW_OP_LLVM_entry_value 1] $r1
	@DEBUG_VALUE: UVC_PU_Info:Req <- [DW_OP_LLVM_entry_value 1] $r0
	.loc	2 734 38                        @ ../Device/UVC/UVC.c:734:38
	movw	r0, :lower16:uvcPuInfo
	movt	r0, :upper16:uvcPuInfo
	ldr	r0, [r0, #16]
.Ltmp333:
	.loc	2 818 1                         @ ../Device/UVC/UVC.c:818:1
	bx	lr
.Ltmp334:
.LBB6_29:
	@DEBUG_VALUE: UVC_PU_Info:Unit <- [DW_OP_LLVM_entry_value 1] $r1
	@DEBUG_VALUE: UVC_PU_Info:Req <- [DW_OP_LLVM_entry_value 1] $r0
	.loc	2 679 46                        @ ../Device/UVC/UVC.c:679:46
	ldrsh.w	r0, [r12, #46]
.Ltmp335:
	.loc	2 818 1                         @ ../Device/UVC/UVC.c:818:1
	bx	lr
.Ltmp336:
.LBB6_30:
	@DEBUG_VALUE: UVC_PU_Info:Unit <- [DW_OP_LLVM_entry_value 1] $r1
	@DEBUG_VALUE: UVC_PU_Info:Req <- [DW_OP_LLVM_entry_value 1] $r0
	.loc	2 711 38                        @ ../Device/UVC/UVC.c:711:38
	movw	r0, :lower16:uvcPuInfo
	movt	r0, :upper16:uvcPuInfo
	ldr	r0, [r0, #48]
.Ltmp337:
	.loc	2 818 1                         @ ../Device/UVC/UVC.c:818:1
	bx	lr
.Ltmp338:
.LBB6_31:
	@DEBUG_VALUE: UVC_PU_Info:Unit <- [DW_OP_LLVM_entry_value 1] $r1
	@DEBUG_VALUE: UVC_PU_Info:Req <- [DW_OP_LLVM_entry_value 1] $r0
	.loc	2 670 46                        @ ../Device/UVC/UVC.c:670:46
	ldrsh.w	r0, [r12, #39]
.Ltmp339:
	.loc	2 818 1                         @ ../Device/UVC/UVC.c:818:1
	bx	lr
.Ltmp340:
.LBB6_32:
	@DEBUG_VALUE: UVC_PU_Info:Unit <- [DW_OP_LLVM_entry_value 1] $r1
	@DEBUG_VALUE: UVC_PU_Info:Req <- [DW_OP_LLVM_entry_value 1] $r0
	.loc	2 702 38                        @ ../Device/UVC/UVC.c:702:38
	movw	r0, :lower16:uvcPuInfo
	movt	r0, :upper16:uvcPuInfo
	ldr	r0, [r0, #12]
.Ltmp341:
	.loc	2 818 1                         @ ../Device/UVC/UVC.c:818:1
	bx	lr
.Ltmp342:
.LBB6_33:
	@DEBUG_VALUE: UVC_PU_Info:Unit <- [DW_OP_LLVM_entry_value 1] $r1
	@DEBUG_VALUE: UVC_PU_Info:Req <- [DW_OP_LLVM_entry_value 1] $r0
	.loc	2 746 38                        @ ../Device/UVC/UVC.c:746:38
	movw	r0, :lower16:uvcPuInfo
	movt	r0, :upper16:uvcPuInfo
	ldr	r0, [r0, #64]
.Ltmp343:
	.loc	2 818 1                         @ ../Device/UVC/UVC.c:818:1
	bx	lr
.Ltmp344:
.LBB6_34:
	@DEBUG_VALUE: UVC_PU_Info:Unit <- [DW_OP_LLVM_entry_value 1] $r1
	@DEBUG_VALUE: UVC_PU_Info:Req <- [DW_OP_LLVM_entry_value 1] $r0
	.loc	2 749 38                        @ ../Device/UVC/UVC.c:749:38
	movw	r0, :lower16:uvcPuInfo
	movt	r0, :upper16:uvcPuInfo
	ldr	r0, [r0, #76]
.Ltmp345:
	.loc	2 818 1                         @ ../Device/UVC/UVC.c:818:1
	bx	lr
.Ltmp346:
.LBB6_35:
	@DEBUG_VALUE: UVC_PU_Info:Unit <- [DW_OP_LLVM_entry_value 1] $r1
	@DEBUG_VALUE: UVC_PU_Info:Req <- [DW_OP_LLVM_entry_value 1] $r0
	.loc	2 796 38                        @ ../Device/UVC/UVC.c:796:38
	movw	r0, :lower16:uvcPuInfo
	movt	r0, :upper16:uvcPuInfo
	ldr	r0, [r0, #56]
.Ltmp347:
	.loc	2 818 1                         @ ../Device/UVC/UVC.c:818:1
	bx	lr
.Ltmp348:
.LBB6_36:
	@DEBUG_VALUE: UVC_PU_Info:Unit <- [DW_OP_LLVM_entry_value 1] $r1
	@DEBUG_VALUE: UVC_PU_Info:Req <- [DW_OP_LLVM_entry_value 1] $r0
	.loc	2 737 38                        @ ../Device/UVC/UVC.c:737:38
	movw	r0, :lower16:uvcPuInfo
	movt	r0, :upper16:uvcPuInfo
	ldr	r0, [r0, #28]
.Ltmp349:
	.loc	2 818 1                         @ ../Device/UVC/UVC.c:818:1
	bx	lr
.Ltmp350:
.LBB6_37:
	@DEBUG_VALUE: UVC_PU_Info:Unit <- [DW_OP_LLVM_entry_value 1] $r1
	@DEBUG_VALUE: UVC_PU_Info:Req <- [DW_OP_LLVM_entry_value 1] $r0
	.loc	2 752 38                        @ ../Device/UVC/UVC.c:752:38
	movw	r0, :lower16:uvcPuInfo
	movt	r0, :upper16:uvcPuInfo
	ldr	r0, [r0, #88]
.Ltmp351:
	.loc	2 818 1                         @ ../Device/UVC/UVC.c:818:1
	bx	lr
.Ltmp352:
.LBB6_38:
	@DEBUG_VALUE: UVC_PU_Info:Unit <- [DW_OP_LLVM_entry_value 1] $r1
	@DEBUG_VALUE: UVC_PU_Info:Req <- [DW_OP_LLVM_entry_value 1] $r0
	.loc	2 682 46                        @ ../Device/UVC/UVC.c:682:46
	ldrsh.w	r0, [r12, #48]
.Ltmp353:
	.loc	2 818 1                         @ ../Device/UVC/UVC.c:818:1
	bx	lr
.Ltmp354:
.LBB6_39:
	@DEBUG_VALUE: UVC_PU_Info:Unit <- [DW_OP_LLVM_entry_value 1] $r1
	@DEBUG_VALUE: UVC_PU_Info:Req <- [DW_OP_LLVM_entry_value 1] $r0
	.loc	2 714 38                        @ ../Device/UVC/UVC.c:714:38
	movw	r0, :lower16:uvcPuInfo
	movt	r0, :upper16:uvcPuInfo
	ldr	r0, [r0, #60]
.Ltmp355:
	.loc	2 818 1                         @ ../Device/UVC/UVC.c:818:1
	bx	lr
.Ltmp356:
.LBB6_40:
	@DEBUG_VALUE: UVC_PU_Info:Unit <- [DW_OP_LLVM_entry_value 1] $r1
	@DEBUG_VALUE: UVC_PU_Info:Req <- [DW_OP_LLVM_entry_value 1] $r0
	.loc	2 685 46                        @ ../Device/UVC/UVC.c:685:46
	ldrsh.w	r0, [r12, #50]
.Ltmp357:
	.loc	2 818 1                         @ ../Device/UVC/UVC.c:818:1
	bx	lr
.Ltmp358:
.LBB6_41:
	@DEBUG_VALUE: UVC_PU_Info:Unit <- [DW_OP_LLVM_entry_value 1] $r1
	@DEBUG_VALUE: UVC_PU_Info:Req <- [DW_OP_LLVM_entry_value 1] $r0
	.loc	2 717 38                        @ ../Device/UVC/UVC.c:717:38
	movw	r0, :lower16:uvcPuInfo
	movt	r0, :upper16:uvcPuInfo
	ldr	r0, [r0, #72]
.Ltmp359:
	.loc	2 818 1                         @ ../Device/UVC/UVC.c:818:1
	bx	lr
.Ltmp360:
.LBB6_42:
	@DEBUG_VALUE: UVC_PU_Info:Unit <- [DW_OP_LLVM_entry_value 1] $r1
	@DEBUG_VALUE: UVC_PU_Info:Req <- [DW_OP_LLVM_entry_value 1] $r0
	.loc	2 787 38                        @ ../Device/UVC/UVC.c:787:38
	movw	r0, :lower16:uvcPuInfo
	movt	r0, :upper16:uvcPuInfo
	ldr	r0, [r0, #20]
.Ltmp361:
	.loc	2 818 1                         @ ../Device/UVC/UVC.c:818:1
	bx	lr
.Ltmp362:
.LBB6_43:
	@DEBUG_VALUE: UVC_PU_Info:Unit <- [DW_OP_LLVM_entry_value 1] $r1
	@DEBUG_VALUE: UVC_PU_Info:Req <- [DW_OP_LLVM_entry_value 1] $r0
	.loc	2 740 38                        @ ../Device/UVC/UVC.c:740:38
	movw	r0, :lower16:uvcPuInfo
	movt	r0, :upper16:uvcPuInfo
	ldr	r0, [r0, #40]
.Ltmp363:
	.loc	2 818 1                         @ ../Device/UVC/UVC.c:818:1
	bx	lr
.Ltmp364:
.LBB6_44:
	@DEBUG_VALUE: UVC_PU_Info:Unit <- [DW_OP_LLVM_entry_value 1] $r1
	@DEBUG_VALUE: UVC_PU_Info:Req <- [DW_OP_LLVM_entry_value 1] $r0
	.loc	2 673 46                        @ ../Device/UVC/UVC.c:673:46
	ldrsh.w	r0, [r12, #41]
.Ltmp365:
	.loc	2 818 1                         @ ../Device/UVC/UVC.c:818:1
	bx	lr
.Ltmp366:
.LBB6_45:
	@DEBUG_VALUE: UVC_PU_Info:Unit <- [DW_OP_LLVM_entry_value 1] $r1
	@DEBUG_VALUE: UVC_PU_Info:Req <- [DW_OP_LLVM_entry_value 1] $r0
	.loc	2 705 38                        @ ../Device/UVC/UVC.c:705:38
	movw	r0, :lower16:uvcPuInfo
	movt	r0, :upper16:uvcPuInfo
	ldr	r0, [r0, #24]
.Ltmp367:
	.loc	2 818 1                         @ ../Device/UVC/UVC.c:818:1
	bx	lr
.Ltmp368:
.LBB6_46:
	@DEBUG_VALUE: UVC_PU_Info:Unit <- [DW_OP_LLVM_entry_value 1] $r1
	@DEBUG_VALUE: UVC_PU_Info:Req <- [DW_OP_LLVM_entry_value 1] $r0
	.loc	2 688 46                        @ ../Device/UVC/UVC.c:688:46
	ldrb.w	r0, [r12, #45]
.Ltmp369:
	.loc	2 818 1                         @ ../Device/UVC/UVC.c:818:1
	bx	lr
.Ltmp370:
.LBB6_47:
	@DEBUG_VALUE: UVC_PU_Info:Unit <- [DW_OP_LLVM_entry_value 1] $r1
	@DEBUG_VALUE: UVC_PU_Info:Req <- [DW_OP_LLVM_entry_value 1] $r0
	.loc	2 720 38                        @ ../Device/UVC/UVC.c:720:38
	movw	r0, :lower16:uvcPuInfo
	movt	r0, :upper16:uvcPuInfo
	ldr	r0, [r0, #84]
.Ltmp371:
	.loc	2 818 1                         @ ../Device/UVC/UVC.c:818:1
	bx	lr
.Ltmp372:
.LBB6_48:
	@DEBUG_VALUE: UVC_PU_Info:Unit <- [DW_OP_LLVM_entry_value 1] $r1
	@DEBUG_VALUE: UVC_PU_Info:Req <- [DW_OP_LLVM_entry_value 1] $r0
	.loc	2 799 38                        @ ../Device/UVC/UVC.c:799:38
	movw	r0, :lower16:uvcPuInfo
	movt	r0, :upper16:uvcPuInfo
	ldr	r0, [r0, #68]
.Ltmp373:
	.loc	2 818 1                         @ ../Device/UVC/UVC.c:818:1
	bx	lr
.Ltmp374:
.LBB6_49:
	@DEBUG_VALUE: UVC_PU_Info:Unit <- [DW_OP_LLVM_entry_value 1] $r1
	@DEBUG_VALUE: UVC_PU_Info:Req <- [DW_OP_LLVM_entry_value 1] $r0
	.loc	2 676 46                        @ ../Device/UVC/UVC.c:676:46
	ldrsh.w	r0, [r12, #43]
.Ltmp375:
	.loc	2 818 1                         @ ../Device/UVC/UVC.c:818:1
	bx	lr
.Ltmp376:
.LBB6_50:
	@DEBUG_VALUE: UVC_PU_Info:Unit <- [DW_OP_LLVM_entry_value 1] $r1
	@DEBUG_VALUE: UVC_PU_Info:Req <- [DW_OP_LLVM_entry_value 1] $r0
	.loc	2 708 38                        @ ../Device/UVC/UVC.c:708:38
	movw	r0, :lower16:uvcPuInfo
	movt	r0, :upper16:uvcPuInfo
	ldr	r0, [r0, #36]
.Ltmp377:
	.loc	2 818 1                         @ ../Device/UVC/UVC.c:818:1
	bx	lr
.Ltmp378:
.LBB6_51:
	@DEBUG_VALUE: UVC_PU_Info:Unit <- [DW_OP_LLVM_entry_value 1] $r1
	@DEBUG_VALUE: UVC_PU_Info:Req <- [DW_OP_LLVM_entry_value 1] $r0
	.loc	2 802 38                        @ ../Device/UVC/UVC.c:802:38
	movw	r0, :lower16:uvcPuInfo
	movt	r0, :upper16:uvcPuInfo
	ldr	r0, [r0, #80]
.Ltmp379:
	.loc	2 818 1                         @ ../Device/UVC/UVC.c:818:1
	bx	lr
.Ltmp380:
.LBB6_52:
	@DEBUG_VALUE: UVC_PU_Info:Unit <- [DW_OP_LLVM_entry_value 1] $r1
	@DEBUG_VALUE: UVC_PU_Info:Req <- [DW_OP_LLVM_entry_value 1] $r0
	.loc	2 790 38                        @ ../Device/UVC/UVC.c:790:38
	movw	r0, :lower16:uvcPuInfo
	movt	r0, :upper16:uvcPuInfo
	ldr	r0, [r0, #32]
.Ltmp381:
	.loc	2 818 1                         @ ../Device/UVC/UVC.c:818:1
	bx	lr
.Ltmp382:
.LBB6_53:
	@DEBUG_VALUE: UVC_PU_Info:Unit <- [DW_OP_LLVM_entry_value 1] $r1
	@DEBUG_VALUE: UVC_PU_Info:Req <- [DW_OP_LLVM_entry_value 1] $r0
	.loc	2 805 38                        @ ../Device/UVC/UVC.c:805:38
	movw	r0, :lower16:uvcPuInfo
	movt	r0, :upper16:uvcPuInfo
	ldr	r0, [r0, #92]
.Ltmp383:
	.loc	2 818 1                         @ ../Device/UVC/UVC.c:818:1
	bx	lr
.Ltmp384:
.LBB6_54:
	@DEBUG_VALUE: UVC_PU_Info:Unit <- [DW_OP_LLVM_entry_value 1] $r1
	@DEBUG_VALUE: UVC_PU_Info:Req <- [DW_OP_LLVM_entry_value 1] $r0
	.loc	2 793 38                        @ ../Device/UVC/UVC.c:793:38
	movw	r0, :lower16:uvcPuInfo
	movt	r0, :upper16:uvcPuInfo
	ldr	r0, [r0, #44]
.Ltmp385:
	.loc	2 818 1                         @ ../Device/UVC/UVC.c:818:1
	bx	lr
.Ltmp386:
.Lfunc_end6:
	.size	UVC_PU_Info, .Lfunc_end6-UVC_PU_Info
	.cfi_endproc
	.cantunwind
	.fnend
                                        @ -- End function
	.section	.text.UVC_PU_Control,"ax",%progbits
	.hidden	UVC_PU_Control                  @ -- Begin function UVC_PU_Control
	.globl	UVC_PU_Control
	.p2align	2
	.type	UVC_PU_Control,%function
	.code	16                              @ @UVC_PU_Control
	.thumb_func
UVC_PU_Control:
.Lfunc_begin7:
	.fnstart
	.cfi_startproc
@ %bb.0:
	@DEBUG_VALUE: UVC_PU_Control:Value <- $r0
	.loc	2 866 23 prologue_end           @ ../Device/UVC/UVC.c:866:23
	movw	r1, :lower16:uvcInfo
	movs	r2, #0
	movt	r1, :upper16:uvcInfo
	strb.w	r2, [r1, #84]
	.loc	2 868 21                        @ ../Device/UVC/UVC.c:868:21
	movw	r2, :lower16:gUsbCmd
	movt	r2, :upper16:gUsbCmd
	ldrh	r2, [r2, #2]
	.loc	2 868 5 is_stmt 0               @ ../Device/UVC/UVC.c:868:5
	sub.w	r2, r2, #256
	ror.w	r2, r2, #8
	cmp	r2, #8
	bhi	.LBB7_17
.Ltmp387:
@ %bb.1:
	@DEBUG_VALUE: UVC_PU_Control:Value <- $r0
	@DEBUG_VALUE: UVC_PU_Control:Value <- $r0
.LCPI7_0:
	tbb	[pc, r2]
.Ltmp388:
@ %bb.2:
	.loc	2 0 5                           @ ../Device/UVC/UVC.c:0:5
.LJTI7_0:
	.byte	(.LBB7_3-(.LCPI7_0+4))/2
	.byte	(.LBB7_7-(.LCPI7_0+4))/2
	.byte	(.LBB7_13-(.LCPI7_0+4))/2
	.byte	(.LBB7_17-(.LCPI7_0+4))/2
	.byte	(.LBB7_15-(.LCPI7_0+4))/2
	.byte	(.LBB7_18-(.LCPI7_0+4))/2
	.byte	(.LBB7_5-(.LCPI7_0+4))/2
	.byte	(.LBB7_9-(.LCPI7_0+4))/2
	.byte	(.LBB7_11-(.LCPI7_0+4))/2
	.p2align	1
.LBB7_3:
.Ltmp389:
	@DEBUG_VALUE: UVC_PU_Control:Value <- $r0
	.loc	2 871 36 is_stmt 1              @ ../Device/UVC/UVC.c:871:36
	movw	r2, :lower16:uvcPuInfo
	movt	r2, :upper16:uvcPuInfo
	ldr	r3, [r2]
	.loc	2 871 66 is_stmt 0              @ ../Device/UVC/UVC.c:871:66
	cmp	r3, r0
	bgt	.LBB7_17
.Ltmp390:
@ %bb.4:
	@DEBUG_VALUE: UVC_PU_Control:Value <- $r0
	.loc	2 871 88                        @ ../Device/UVC/UVC.c:871:88
	ldr	r2, [r2, #4]
.Ltmp391:
	.loc	2 871 17                        @ ../Device/UVC/UVC.c:871:17
	cmp	r2, r0
.Ltmp392:
	.loc	2 873 45 is_stmt 1              @ ../Device/UVC/UVC.c:873:45
	itt	ge
	strhge	r0, [r1, #52]
.Ltmp393:
	.loc	2 952 1                         @ ../Device/UVC/UVC.c:952:1
	bxge	lr
	b	.LBB7_17
.Ltmp394:
.LBB7_5:
	@DEBUG_VALUE: UVC_PU_Control:Value <- $r0
	.loc	2 911 36                        @ ../Device/UVC/UVC.c:911:36
	movw	r2, :lower16:uvcPuInfo
	movt	r2, :upper16:uvcPuInfo
	ldr	r3, [r2, #48]
	.loc	2 911 54 is_stmt 0              @ ../Device/UVC/UVC.c:911:54
	cmp	r3, r0
	bgt	.LBB7_17
.Ltmp395:
@ %bb.6:
	@DEBUG_VALUE: UVC_PU_Control:Value <- $r0
	.loc	2 911 76                        @ ../Device/UVC/UVC.c:911:76
	ldr	r2, [r2, #52]
.Ltmp396:
	.loc	2 911 17                        @ ../Device/UVC/UVC.c:911:17
	cmp	r2, r0
.Ltmp397:
	.loc	2 913 46 is_stmt 1              @ ../Device/UVC/UVC.c:913:46
	itt	ge
	strhge	r0, [r1, #46]
.Ltmp398:
	.loc	2 952 1                         @ ../Device/UVC/UVC.c:952:1
	bxge	lr
	b	.LBB7_17
.Ltmp399:
.LBB7_7:
	@DEBUG_VALUE: UVC_PU_Control:Value <- $r0
	.loc	2 881 36                        @ ../Device/UVC/UVC.c:881:36
	movw	r2, :lower16:uvcPuInfo
	movt	r2, :upper16:uvcPuInfo
	ldr	r3, [r2, #12]
	.loc	2 881 54 is_stmt 0              @ ../Device/UVC/UVC.c:881:54
	cmp	r3, r0
	bgt	.LBB7_17
.Ltmp400:
@ %bb.8:
	@DEBUG_VALUE: UVC_PU_Control:Value <- $r0
	.loc	2 881 76                        @ ../Device/UVC/UVC.c:881:76
	ldr	r2, [r2, #16]
.Ltmp401:
	.loc	2 881 17                        @ ../Device/UVC/UVC.c:881:17
	cmp	r2, r0
.Ltmp402:
	.loc	2 883 46 is_stmt 1              @ ../Device/UVC/UVC.c:883:46
	itt	ge
	strhge.w	r0, [r1, #39]
.Ltmp403:
	.loc	2 952 1                         @ ../Device/UVC/UVC.c:952:1
	bxge	lr
	b	.LBB7_17
.Ltmp404:
.LBB7_9:
	@DEBUG_VALUE: UVC_PU_Control:Value <- $r0
	.loc	2 921 36                        @ ../Device/UVC/UVC.c:921:36
	movw	r2, :lower16:uvcPuInfo
	movt	r2, :upper16:uvcPuInfo
	ldr	r3, [r2, #60]
	.loc	2 921 53 is_stmt 0              @ ../Device/UVC/UVC.c:921:53
	cmp	r3, r0
	bgt	.LBB7_17
.Ltmp405:
@ %bb.10:
	@DEBUG_VALUE: UVC_PU_Control:Value <- $r0
	.loc	2 921 75                        @ ../Device/UVC/UVC.c:921:75
	ldr	r2, [r2, #64]
.Ltmp406:
	.loc	2 921 17                        @ ../Device/UVC/UVC.c:921:17
	cmp	r2, r0
.Ltmp407:
	.loc	2 923 45 is_stmt 1              @ ../Device/UVC/UVC.c:923:45
	itt	ge
	strhge	r0, [r1, #48]
.Ltmp408:
	.loc	2 952 1                         @ ../Device/UVC/UVC.c:952:1
	bxge	lr
	b	.LBB7_17
.Ltmp409:
.LBB7_11:
	@DEBUG_VALUE: UVC_PU_Control:Value <- $r0
	.loc	2 931 36                        @ ../Device/UVC/UVC.c:931:36
	movw	r2, :lower16:uvcPuInfo
	movt	r2, :upper16:uvcPuInfo
	ldr	r3, [r2, #72]
	.loc	2 931 49 is_stmt 0              @ ../Device/UVC/UVC.c:931:49
	cmp	r3, r0
	bgt	.LBB7_17
.Ltmp410:
@ %bb.12:
	@DEBUG_VALUE: UVC_PU_Control:Value <- $r0
	.loc	2 931 71                        @ ../Device/UVC/UVC.c:931:71
	ldr	r2, [r2, #76]
.Ltmp411:
	.loc	2 931 17                        @ ../Device/UVC/UVC.c:931:17
	cmp	r2, r0
.Ltmp412:
	.loc	2 933 41 is_stmt 1              @ ../Device/UVC/UVC.c:933:41
	itt	ge
	strhge	r0, [r1, #50]
.Ltmp413:
	.loc	2 952 1                         @ ../Device/UVC/UVC.c:952:1
	bxge	lr
	b	.LBB7_17
.Ltmp414:
.LBB7_13:
	@DEBUG_VALUE: UVC_PU_Control:Value <- $r0
	.loc	2 891 36                        @ ../Device/UVC/UVC.c:891:36
	movw	r2, :lower16:uvcPuInfo
	movt	r2, :upper16:uvcPuInfo
	ldr	r3, [r2, #24]
	.loc	2 891 52 is_stmt 0              @ ../Device/UVC/UVC.c:891:52
	cmp	r3, r0
	bgt	.LBB7_17
.Ltmp415:
@ %bb.14:
	@DEBUG_VALUE: UVC_PU_Control:Value <- $r0
	.loc	2 891 74                        @ ../Device/UVC/UVC.c:891:74
	ldr	r2, [r2, #28]
.Ltmp416:
	.loc	2 891 17                        @ ../Device/UVC/UVC.c:891:17
	cmp	r2, r0
.Ltmp417:
	.loc	2 893 44 is_stmt 1              @ ../Device/UVC/UVC.c:893:44
	itt	ge
	strhge.w	r0, [r1, #41]
.Ltmp418:
	.loc	2 952 1                         @ ../Device/UVC/UVC.c:952:1
	bxge	lr
	b	.LBB7_17
.Ltmp419:
.LBB7_15:
	@DEBUG_VALUE: UVC_PU_Control:Value <- $r0
	.loc	2 941 36                        @ ../Device/UVC/UVC.c:941:36
	movw	r2, :lower16:uvcPuInfo
	movt	r2, :upper16:uvcPuInfo
	ldr	r3, [r2, #84]
	.loc	2 941 64 is_stmt 0              @ ../Device/UVC/UVC.c:941:64
	cmp	r3, r0
	bgt	.LBB7_17
.Ltmp420:
@ %bb.16:
	@DEBUG_VALUE: UVC_PU_Control:Value <- $r0
	.loc	2 941 86                        @ ../Device/UVC/UVC.c:941:86
	ldr	r2, [r2, #88]
.Ltmp421:
	.loc	2 941 17                        @ ../Device/UVC/UVC.c:941:17
	cmp	r2, r0
.Ltmp422:
	.loc	2 943 56 is_stmt 1              @ ../Device/UVC/UVC.c:943:56
	itt	ge
	strbge.w	r0, [r1, #45]
.Ltmp423:
	.loc	2 952 1                         @ ../Device/UVC/UVC.c:952:1
	bxge	lr
.Ltmp424:
.LBB7_17:
	@DEBUG_VALUE: UVC_PU_Control:Value <- $r0
	.loc	2 0 1 is_stmt 0                 @ ../Device/UVC/UVC.c:0:1
	movs	r0, #4
.Ltmp425:
	.loc	2 951 23 is_stmt 1              @ ../Device/UVC/UVC.c:951:23
	strb.w	r0, [r1, #84]
	.loc	2 952 1                         @ ../Device/UVC/UVC.c:952:1
	bx	lr
.LBB7_18:
.Ltmp426:
	@DEBUG_VALUE: UVC_PU_Control:Value <- $r0
	.loc	2 901 36                        @ ../Device/UVC/UVC.c:901:36
	movw	r2, :lower16:uvcPuInfo
	movt	r2, :upper16:uvcPuInfo
	ldr	r3, [r2, #36]
	.loc	2 901 47 is_stmt 0              @ ../Device/UVC/UVC.c:901:47
	cmp	r3, r0
	bgt	.LBB7_17
.Ltmp427:
@ %bb.19:
	@DEBUG_VALUE: UVC_PU_Control:Value <- $r0
	.loc	2 901 69                        @ ../Device/UVC/UVC.c:901:69
	ldr	r2, [r2, #40]
.Ltmp428:
	.loc	2 901 17                        @ ../Device/UVC/UVC.c:901:17
	cmp	r2, r0
.Ltmp429:
	.loc	2 903 39 is_stmt 1              @ ../Device/UVC/UVC.c:903:39
	itt	ge
	strhge.w	r0, [r1, #43]
.Ltmp430:
	.loc	2 952 1                         @ ../Device/UVC/UVC.c:952:1
	bxge	lr
	b	.LBB7_17
.Ltmp431:
.Lfunc_end7:
	.size	UVC_PU_Control, .Lfunc_end7-UVC_PU_Control
	.cfi_endproc
	.cantunwind
	.fnend
                                        @ -- End function
	.section	.text.UVC_ProcessUnitControl,"ax",%progbits
	.hidden	UVC_ProcessUnitControl          @ -- Begin function UVC_ProcessUnitControl
	.globl	UVC_ProcessUnitControl
	.p2align	2
	.type	UVC_ProcessUnitControl,%function
	.code	16                              @ @UVC_ProcessUnitControl
	.thumb_func
UVC_ProcessUnitControl:
.Lfunc_begin8:
	.fnstart
	.cfi_startproc
@ %bb.0:
	@DEBUG_VALUE: UVC_ProcessUnitControl:u32ItemSelect <- $r0
	@DEBUG_VALUE: UVC_ProcessUnitControl:u32Value <- $r1
	.loc	2 861 5 prologue_end            @ ../Device/UVC/UVC.c:861:5
	movs	r0, #0
.Ltmp432:
	@DEBUG_VALUE: UVC_ProcessUnitControl:u32ItemSelect <- [DW_OP_LLVM_entry_value 1] $r0
	bx	lr
.Ltmp433:
.Lfunc_end8:
	.size	UVC_ProcessUnitControl, .Lfunc_end8-UVC_ProcessUnitControl
	.cfi_endproc
	.cantunwind
	.fnend
                                        @ -- End function
	.section	.text.UVC_ActiveDMA,"ax",%progbits
	.hidden	UVC_ActiveDMA                   @ -- Begin function UVC_ActiveDMA
	.globl	UVC_ActiveDMA
	.p2align	2
	.type	UVC_ActiveDMA,%function
	.code	16                              @ @UVC_ActiveDMA
	.thumb_func
UVC_ActiveDMA:
.Lfunc_begin9:
	.loc	2 956 0                         @ ../Device/UVC/UVC.c:956:0
	.fnstart
	.cfi_startproc
@ %bb.0:
	@DEBUG_VALUE: UVC_ActiveDMA:u32Addr <- $r0
	@DEBUG_VALUE: UVC_ActiveDMA:u32Len <- $r1
	.save	{r4, lr}
	push	{r4, lr}
	.cfi_def_cfa_offset 8
	.cfi_offset lr, -4
	.cfi_offset r4, -8
.Ltmp434:
	.loc	2 957 9 prologue_end            @ ../Device/UVC/UVC.c:957:9
	movw	r4, :lower16:gAppConnected
	movt	r4, :upper16:gAppConnected
	ldrb	r2, [r4]
.Ltmp435:
	.loc	2 957 9 is_stmt 0               @ ../Device/UVC/UVC.c:957:9
	cmp	r2, #0
	itt	eq
	moveq.w	r0, #-1
.Ltmp436:
	@DEBUG_VALUE: UVC_ActiveDMA:u32Addr <- [DW_OP_LLVM_entry_value 1] $r0
	.loc	2 988 1 epilogue_begin is_stmt 1 @ ../Device/UVC/UVC.c:988:1
	popeq	{r4, pc}
.Ltmp437:
.LBB9_1:
	@DEBUG_VALUE: UVC_ActiveDMA:u32Addr <- [DW_OP_LLVM_entry_value 1] $r0
	@DEBUG_VALUE: UVC_ActiveDMA:u32Len <- $r1
	.loc	2 0 1 is_stmt 0                 @ ../Device/UVC/UVC.c:0:1
	movw	r12, #20572
	movw	r2, #22272
	movt	r12, #16416
	mov.w	lr, #298
	movt	r2, #16416
	.loc	2 963 5 is_stmt 1               @ ../Device/UVC/UVC.c:963:5
	str	lr, [r12, #-72]
	.loc	2 965 5                         @ ../Device/UVC/UVC.c:965:5
	str	r0, [r2]
	.loc	2 967 22                        @ ../Device/UVC/UVC.c:967:22
	movw	r0, :lower16:g_hsusbd_DmaDone
	.loc	2 966 5                         @ ../Device/UVC/UVC.c:966:5
	str.w	r1, [r12, #4]
	movs	r1, #0
.Ltmp438:
	@DEBUG_VALUE: UVC_ActiveDMA:u32Len <- [DW_OP_LLVM_entry_value 1] $r1
	.loc	2 967 22                        @ ../Device/UVC/UVC.c:967:22
	movt	r0, :upper16:g_hsusbd_DmaDone
	str	r1, [r0]
	.loc	2 968 5                         @ ../Device/UVC/UVC.c:968:5
	ldr.w	r1, [r12]
	orr	r1, r1, #32
	str.w	r1, [r12]
	movw	r1, :lower16:g_hsusbd_Configured
	movt	r1, :upper16:g_hsusbd_Configured
.Ltmp439:
	.p2align	2
.LBB9_2:                                @ =>This Inner Loop Header: Depth=1
	@DEBUG_VALUE: UVC_ActiveDMA:u32Len <- [DW_OP_LLVM_entry_value 1] $r1
	@DEBUG_VALUE: UVC_ActiveDMA:u32Addr <- [DW_OP_LLVM_entry_value 1] $r0
	.loc	2 970 12                        @ ../Device/UVC/UVC.c:970:12
	ldrb	r3, [r1]
	.loc	2 970 5 is_stmt 0               @ ../Device/UVC/UVC.c:970:5
	cbz	r3, .LBB9_8
.Ltmp440:
@ %bb.3:                                @   in Loop: Header=BB9_2 Depth=1
	@DEBUG_VALUE: UVC_ActiveDMA:u32Len <- [DW_OP_LLVM_entry_value 1] $r1
	@DEBUG_VALUE: UVC_ActiveDMA:u32Addr <- [DW_OP_LLVM_entry_value 1] $r0
	.loc	2 972 13 is_stmt 1              @ ../Device/UVC/UVC.c:972:13
	ldr	r3, [r0]
.Ltmp441:
	.loc	2 972 13 is_stmt 0              @ ../Device/UVC/UVC.c:972:13
	cbnz	r3, .LBB9_8
.Ltmp442:
@ %bb.4:                                @   in Loop: Header=BB9_2 Depth=1
	@DEBUG_VALUE: UVC_ActiveDMA:u32Len <- [DW_OP_LLVM_entry_value 1] $r1
	@DEBUG_VALUE: UVC_ActiveDMA:u32Addr <- [DW_OP_LLVM_entry_value 1] $r0
	.loc	2 975 14 is_stmt 1              @ ../Device/UVC/UVC.c:975:14
	ldr	r3, [r2, #4]
	.loc	2 975 41 is_stmt 0              @ ../Device/UVC/UVC.c:975:41
	cmp.w	r3, #-1
	bgt	.LBB9_6
.Ltmp443:
@ %bb.5:                                @   in Loop: Header=BB9_2 Depth=1
	@DEBUG_VALUE: UVC_ActiveDMA:u32Len <- [DW_OP_LLVM_entry_value 1] $r1
	@DEBUG_VALUE: UVC_ActiveDMA:u32Addr <- [DW_OP_LLVM_entry_value 1] $r0
	.loc	2 975 45                        @ ../Device/UVC/UVC.c:975:45
	ldrb	r3, [r4]
.Ltmp444:
	.loc	2 975 13                        @ ../Device/UVC/UVC.c:975:13
	cbz	r3, .LBB9_6
	le	.LBB9_2
.Ltmp445:
.LBB9_6:
	@DEBUG_VALUE: UVC_ActiveDMA:u32Len <- [DW_OP_LLVM_entry_value 1] $r1
	@DEBUG_VALUE: UVC_ActiveDMA:u32Addr <- [DW_OP_LLVM_entry_value 1] $r0
	.loc	2 977 25 is_stmt 1              @ ../Device/UVC/UVC.c:977:25
	ldr.w	r0, [r12]
.Ltmp446:
	.loc	2 977 17 is_stmt 0              @ ../Device/UVC/UVC.c:977:17
	lsls	r0, r0, #26
	mov.w	r0, #0
.Ltmp447:
	.loc	2 988 1 is_stmt 1               @ ../Device/UVC/UVC.c:988:1
	it	pl
	.loc	2 988 1 epilogue_begin is_stmt 0 @ ../Device/UVC/UVC.c:988:1
	poppl	{r4, pc}
.Ltmp448:
.LBB9_7:
	@DEBUG_VALUE: UVC_ActiveDMA:u32Len <- [DW_OP_LLVM_entry_value 1] $r1
	@DEBUG_VALUE: UVC_ActiveDMA:u32Addr <- [DW_OP_LLVM_entry_value 1] $r0
	.loc	2 0 1                           @ ../Device/UVC/UVC.c:0:1
	movs	r1, #128
.Ltmp449:
	.loc	9 225 20 is_stmt 1              @ ../../../../Library/StdDriver/inc\hsusbd.h:225:20
	str.w	r0, [r12, #4]
	.loc	9 226 20                        @ ../../../../Library/StdDriver/inc\hsusbd.h:226:20
	str.w	r1, [r12]
	.loc	9 227 20                        @ ../../../../Library/StdDriver/inc\hsusbd.h:227:20
	str.w	r0, [r12]
.Ltmp450:
	.loc	2 980 42                        @ ../Device/UVC/UVC.c:980:42
	ldr.w	r1, [r12, #24]
	orr	r1, r1, #1
	str.w	r1, [r12, #24]
.Ltmp451:
	.loc	2 988 1 epilogue_begin          @ ../Device/UVC/UVC.c:988:1
	pop	{r4, pc}
.Ltmp452:
.LBB9_8:
	@DEBUG_VALUE: UVC_ActiveDMA:u32Len <- [DW_OP_LLVM_entry_value 1] $r1
	@DEBUG_VALUE: UVC_ActiveDMA:u32Addr <- [DW_OP_LLVM_entry_value 1] $r0
	.loc	2 0 1 is_stmt 0                 @ ../Device/UVC/UVC.c:0:1
	movs	r0, #0
	.loc	2 988 1 epilogue_begin          @ ../Device/UVC/UVC.c:988:1
	pop	{r4, pc}
.Ltmp453:
.Lfunc_end9:
	.size	UVC_ActiveDMA, .Lfunc_end9-UVC_ActiveDMA
	.cfi_endproc
	.cantunwind
	.fnend
                                        @ -- End function
	.section	.text.UVC_IsoIn,"ax",%progbits
	.hidden	UVC_IsoIn                       @ -- Begin function UVC_IsoIn
	.globl	UVC_IsoIn
	.p2align	2
	.type	UVC_IsoIn,%function
	.code	16                              @ @UVC_IsoIn
	.thumb_func
UVC_IsoIn:
.Lfunc_begin10:
	.loc	2 992 0 is_stmt 1               @ ../Device/UVC/UVC.c:992:0
	.fnstart
	.cfi_startproc
@ %bb.0:
	@DEBUG_VALUE: UVC_IsoIn:u32Addr <- $r0
	@DEBUG_VALUE: UVC_IsoIn:u32Len <- $r1
	.save	{r4, r5, r6, r7, r8, r9, r10, r11, lr}
	push.w	{r4, r5, r6, r7, r8, r9, r10, r11, lr}
	.cfi_def_cfa_offset 36
	.cfi_offset lr, -4
	.cfi_offset r11, -8
	.cfi_offset r10, -12
	.cfi_offset r9, -16
	.cfi_offset r8, -20
	.cfi_offset r7, -24
	.cfi_offset r6, -28
	.cfi_offset r5, -32
	.cfi_offset r4, -36
	.pad	#4
	sub	sp, #4
	.cfi_def_cfa_offset 40
.Ltmp454:
	.loc	2 998 17 prologue_end           @ ../Device/UVC/UVC.c:998:17
	movw	r3, :lower16:uvcInfo
	movt	r3, :upper16:uvcInfo
	ldrb.w	r2, [r3, #85]
.Ltmp455:
	.loc	2 998 9 is_stmt 0               @ ../Device/UVC/UVC.c:998:9
	cmp	r2, #1
	movw	r2, #20572
	movt	r2, #16416
.Ltmp456:
	@DEBUG_VALUE: UVC_IsoIn:toggle <- 0
	bne	.LBB10_3
.Ltmp457:
@ %bb.1:
	@DEBUG_VALUE: UVC_IsoIn:toggle <- 0
	@DEBUG_VALUE: UVC_IsoIn:u32Len <- $r1
	@DEBUG_VALUE: UVC_IsoIn:u32Addr <- $r0
	.loc	2 0 9                           @ ../Device/UVC/UVC.c:0:9
	movs	r7, #0
.Ltmp458:
	.loc	2 1000 29 is_stmt 1             @ ../Device/UVC/UVC.c:1000:29
	strb.w	r7, [r3, #85]
.Ltmp459:
	.loc	2 1002 21                       @ ../Device/UVC/UVC.c:1002:21
	ldr	r3, [r2, #4]
.Ltmp460:
	.loc	2 1002 13 is_stmt 0             @ ../Device/UVC/UVC.c:1002:13
	lsls	r3, r3, #26
	bpl	.LBB10_3
.Ltmp461:
@ %bb.2:
	@DEBUG_VALUE: UVC_IsoIn:toggle <- 0
	@DEBUG_VALUE: UVC_IsoIn:u32Len <- $r1
	@DEBUG_VALUE: UVC_IsoIn:u32Addr <- $r0
	.loc	2 0 13                          @ ../Device/UVC/UVC.c:0:13
	movs	r3, #128
.Ltmp462:
	.loc	9 225 20 is_stmt 1              @ ../../../../Library/StdDriver/inc\hsusbd.h:225:20
	str	r7, [r2, #4]
	.loc	9 226 20                        @ ../../../../Library/StdDriver/inc\hsusbd.h:226:20
	str	r3, [r2]
	movs	r3, #1
	.loc	9 227 20                        @ ../../../../Library/StdDriver/inc\hsusbd.h:227:20
	str	r7, [r2]
.Ltmp463:
	.loc	2 1005 30                       @ ../Device/UVC/UVC.c:1005:30
	movw	r7, :lower16:uvcStatus
	movt	r7, :upper16:uvcStatus
	strb	r3, [r7, #28]
.Ltmp464:
.LBB10_3:
	@DEBUG_VALUE: UVC_IsoIn:toggle <- 0
	@DEBUG_VALUE: UVC_IsoIn:u32Len <- $r1
	@DEBUG_VALUE: UVC_IsoIn:u32Addr <- $r0
	.loc	2 1010 5                        @ ../Device/UVC/UVC.c:1010:5
	ldr	r7, [r2]
	movw	r3, #273
	orr.w	r6, r7, r3
	movw	r7, #8209
	.loc	2 1013 22                       @ ../Device/UVC/UVC.c:1013:22
	lsrs	r3, r1, #1
	movt	r7, #32832
	umull	r3, r7, r3, r7
	.loc	2 1010 5                        @ ../Device/UVC/UVC.c:1010:5
	bic	r3, r6, #14
	str	r3, [r2]
.Ltmp465:
	@DEBUG_VALUE: UVC_IsoIn:ptr <- $r0
	.loc	2 0 5 is_stmt 0                 @ ../Device/UVC/UVC.c:0:5
	movw	r3, #1022
.Ltmp466:
	.loc	2 1015 5 is_stmt 1              @ ../Device/UVC/UVC.c:1015:5
	cmp	r1, r3
.Ltmp467:
	.loc	2 1013 22                       @ ../Device/UVC/UVC.c:1013:22
	lsr.w	lr, r7, #8
.Ltmp468:
	@DEBUG_VALUE: UVC_IsoIn:i <- 0
	@DEBUG_VALUE: UVC_IsoIn:u32Loop <- $lr
	@DEBUG_VALUE: UVC_IsoIn:toggle <- 0
	.loc	2 1015 5                        @ ../Device/UVC/UVC.c:1015:5
	bhs	.LBB10_5
.Ltmp469:
@ %bb.4:
	@DEBUG_VALUE: UVC_IsoIn:u32Loop <- $lr
	@DEBUG_VALUE: UVC_IsoIn:i <- 0
	@DEBUG_VALUE: UVC_IsoIn:ptr <- $r0
	@DEBUG_VALUE: UVC_IsoIn:toggle <- 0
	@DEBUG_VALUE: UVC_IsoIn:u32Len <- $r1
	@DEBUG_VALUE: UVC_IsoIn:u32Addr <- $r0
	.loc	2 0 5 is_stmt 0                 @ ../Device/UVC/UVC.c:0:5
	movs	r7, #1
	b	.LBB10_27
.Ltmp470:
.LBB10_5:
	@DEBUG_VALUE: UVC_IsoIn:u32Loop <- $lr
	@DEBUG_VALUE: UVC_IsoIn:i <- 0
	@DEBUG_VALUE: UVC_IsoIn:ptr <- $r0
	@DEBUG_VALUE: UVC_IsoIn:toggle <- 0
	@DEBUG_VALUE: UVC_IsoIn:u32Len <- $r1
	@DEBUG_VALUE: UVC_IsoIn:u32Addr <- $r0
	movw	r4, #22272
	movw	r7, :lower16:gAppConnected
	movw	r12, :lower16:g_hsusbd_DmaDone
	movw	r8, :lower16:g_hsusbd_Configured
	str	r1, [sp]                        @ 4-byte Spill
.Ltmp471:
	@DEBUG_VALUE: UVC_IsoIn:u32Len <- [$sp+0]
	movs	r3, #0
	movt	r4, #16416
	mov.w	r11, #0
	movt	r7, :upper16:gAppConnected
	movs	r1, #0
	movt	r12, :upper16:g_hsusbd_DmaDone
	movt	r8, :upper16:g_hsusbd_Configured
	b	.LBB10_7
.Ltmp472:
	.p2align	2
.LBB10_6:                               @   in Loop: Header=BB10_7 Depth=1
	@DEBUG_VALUE: UVC_IsoIn:i <- $r11
	@DEBUG_VALUE: UVC_IsoIn:toggle <- $r1
	@DEBUG_VALUE: UVC_IsoIn:u32Len <- [$sp+0]
	@DEBUG_VALUE: UVC_IsoIn:u32Loop <- $lr
	@DEBUG_VALUE: UVC_IsoIn:ptr <- $r0
	@DEBUG_VALUE: UVC_IsoIn:ret <- 0
	.loc	2 1015 31                       @ ../Device/UVC/UVC.c:1015:31
	add.w	r11, r11, #1
.Ltmp473:
	@DEBUG_VALUE: UVC_IsoIn:i <- $r11
	.loc	2 1044 24 is_stmt 1             @ ../Device/UVC/UVC.c:1044:24
	eor	r1, r1, #1
.Ltmp474:
	@DEBUG_VALUE: UVC_IsoIn:toggle <- $r1
	.loc	2 1015 5                        @ ../Device/UVC/UVC.c:1015:5
	cmp	r11, lr
.Ltmp475:
	.loc	2 1045 21                       @ ../Device/UVC/UVC.c:1045:21
	addw	r0, r0, #1022
.Ltmp476:
	@DEBUG_VALUE: UVC_IsoIn:u32Addr <- [DW_OP_LLVM_entry_value 1] $r0
	@DEBUG_VALUE: UVC_IsoIn:ptr <- $r0
	.loc	2 1015 5                        @ ../Device/UVC/UVC.c:1015:5
	beq.w	.LBB10_26
.Ltmp477:
.LBB10_7:                               @ =>This Loop Header: Depth=1
                                        @     Child Loop BB10_8 Depth 2
                                        @     Child Loop BB10_14 Depth 2
                                        @     Child Loop BB10_20 Depth 2
	@DEBUG_VALUE: UVC_IsoIn:u32Len <- [$sp+0]
	@DEBUG_VALUE: UVC_IsoIn:u32Loop <- $lr
	@DEBUG_VALUE: UVC_IsoIn:ptr <- $r0
	@DEBUG_VALUE: UVC_IsoIn:toggle <- $r1
	@DEBUG_VALUE: UVC_IsoIn:ptr <- $r0
	@DEBUG_VALUE: UVC_IsoIn:i <- $r11
	.loc	2 1017 9                        @ ../Device/UVC/UVC.c:1017:9
	movs	r5, #12
	str	r5, [r2, #16]
	.loc	2 1018 30                       @ ../Device/UVC/UVC.c:1018:30
	movw	r5, :lower16:g_hsusbd_ShortPacket
	movt	r5, :upper16:g_hsusbd_ShortPacket
	strb	r3, [r5]
	.loc	2 1020 20                       @ ../Device/UVC/UVC.c:1020:20
	movw	r5, :lower16:g_u8UVC_PD
	movt	r5, :upper16:g_u8UVC_PD
	ldrb.w	r9, [r5]
	.loc	2 1020 34 is_stmt 0             @ ../Device/UVC/UVC.c:1020:34
	movw	r5, :lower16:g_u8UVC_FID
	movt	r5, :upper16:g_u8UVC_FID
	ldrb	r5, [r5]
	.loc	2 1020 46                       @ ../Device/UVC/UVC.c:1020:46
	and	r10, r5, #1
.Ltmp478:
.LBB10_8:                               @   Parent Loop BB10_7 Depth=1
                                        @ =>  This Inner Loop Header: Depth=2
	@DEBUG_VALUE: UVC_IsoIn:i <- $r11
	@DEBUG_VALUE: UVC_IsoIn:toggle <- $r1
	@DEBUG_VALUE: UVC_IsoIn:u32Len <- [$sp+0]
	@DEBUG_VALUE: UVC_IsoIn:u32Loop <- $lr
	@DEBUG_VALUE: UVC_IsoIn:ptr <- $r0
	.loc	2 1024 17 is_stmt 1             @ ../Device/UVC/UVC.c:1024:17
	ldr	r5, [r2, #12]
.Ltmp479:
	.loc	2 1024 17 is_stmt 0             @ ../Device/UVC/UVC.c:1024:17
	lsls	r5, r5, #30
	bmi	.LBB10_11
.Ltmp480:
@ %bb.9:                                @   in Loop: Header=BB10_8 Depth=2
	@DEBUG_VALUE: UVC_IsoIn:i <- $r11
	@DEBUG_VALUE: UVC_IsoIn:toggle <- $r1
	@DEBUG_VALUE: UVC_IsoIn:u32Len <- [$sp+0]
	@DEBUG_VALUE: UVC_IsoIn:u32Loop <- $lr
	@DEBUG_VALUE: UVC_IsoIn:ptr <- $r0
	.loc	2 1024 17                       @ ../Device/UVC/UVC.c:1024:17
	ldr	r5, [r2, #12]
.Ltmp481:
	.loc	2 1024 17                       @ ../Device/UVC/UVC.c:1024:17
	lsls	r5, r5, #30
.Ltmp482:
	.loc	2 1024 17                       @ ../Device/UVC/UVC.c:1024:17
	itt	pl
	ldrpl	r5, [r2, #12]
.Ltmp483:
	.loc	2 1024 17                       @ ../Device/UVC/UVC.c:1024:17
	lslspl.w	r5, r5, #30
	bmi	.LBB10_11
.Ltmp484:
@ %bb.10:                               @   in Loop: Header=BB10_8 Depth=2
	@DEBUG_VALUE: UVC_IsoIn:i <- $r11
	@DEBUG_VALUE: UVC_IsoIn:toggle <- $r1
	@DEBUG_VALUE: UVC_IsoIn:u32Len <- [$sp+0]
	@DEBUG_VALUE: UVC_IsoIn:u32Loop <- $lr
	@DEBUG_VALUE: UVC_IsoIn:ptr <- $r0
	.loc	2 1024 17                       @ ../Device/UVC/UVC.c:1024:17
	ldr	r5, [r2, #12]
.Ltmp485:
	.loc	2 1024 17                       @ ../Device/UVC/UVC.c:1024:17
	lsls	r5, r5, #30
	bpl	.LBB10_8
.Ltmp486:
	.p2align	2
.LBB10_11:                              @   in Loop: Header=BB10_7 Depth=1
	@DEBUG_VALUE: UVC_IsoIn:i <- $r11
	@DEBUG_VALUE: UVC_IsoIn:toggle <- $r1
	@DEBUG_VALUE: UVC_IsoIn:u32Len <- [$sp+0]
	@DEBUG_VALUE: UVC_IsoIn:u32Loop <- $lr
	@DEBUG_VALUE: UVC_IsoIn:ptr <- $r0
	.loc	2 1020 31 is_stmt 1             @ ../Device/UVC/UVC.c:1020:31
	orr.w	r5, r10, r9
.Ltmp487:
	@DEBUG_VALUE: UVC_IsoIn:header <- undef
	.loc	2 1026 44                       @ ../Device/UVC/UVC.c:1026:44
	movs	r6, #2
	strb	r6, [r2, #8]
	.loc	2 1027 44                       @ ../Device/UVC/UVC.c:1027:44
	strb	r5, [r2, #8]
	.loc	2 1029 21                       @ ../Device/UVC/UVC.c:1029:21
	cbz	r1, .LBB10_18
.Ltmp488:
@ %bb.12:                               @   in Loop: Header=BB10_7 Depth=1
	@DEBUG_VALUE: UVC_IsoIn:i <- $r11
	@DEBUG_VALUE: UVC_IsoIn:toggle <- $r1
	@DEBUG_VALUE: UVC_IsoIn:u32Len <- [$sp+0]
	@DEBUG_VALUE: UVC_IsoIn:u32Loop <- $lr
	@DEBUG_VALUE: UVC_IsoIn:ptr <- $r0
	.loc	2 1031 50                       @ ../Device/UVC/UVC.c:1031:50
	ldrb	r5, [r0]
	.loc	2 1031 48 is_stmt 0             @ ../Device/UVC/UVC.c:1031:48
	strb	r5, [r2, #8]
	.loc	2 1032 50 is_stmt 1             @ ../Device/UVC/UVC.c:1032:50
	ldrb	r5, [r0, #1]
	.loc	2 1032 48 is_stmt 0             @ ../Device/UVC/UVC.c:1032:48
	strb	r5, [r2, #8]
.Ltmp489:
	@DEBUG_VALUE: UVC_ActiveDMA:u32Len <- 1020
	@DEBUG_VALUE: UVC_ActiveDMA:u32Addr <- [DW_OP_plus_uconst 2, DW_OP_stack_value] $r0
	.loc	2 957 9 is_stmt 1               @ ../Device/UVC/UVC.c:957:9
	ldrb	r5, [r7]
.Ltmp490:
	.loc	2 957 9 is_stmt 0               @ ../Device/UVC/UVC.c:957:9
	cmp	r5, #0
	beq.w	.LBB10_48
.Ltmp491:
@ %bb.13:                               @   in Loop: Header=BB10_7 Depth=1
	@DEBUG_VALUE: UVC_ActiveDMA:u32Addr <- [DW_OP_plus_uconst 2, DW_OP_stack_value] $r0
	@DEBUG_VALUE: UVC_ActiveDMA:u32Len <- 1020
	@DEBUG_VALUE: UVC_IsoIn:i <- $r11
	@DEBUG_VALUE: UVC_IsoIn:toggle <- $r1
	@DEBUG_VALUE: UVC_IsoIn:u32Len <- [$sp+0]
	@DEBUG_VALUE: UVC_IsoIn:u32Loop <- $lr
	@DEBUG_VALUE: UVC_IsoIn:ptr <- $r0
	.loc	2 1034 56 is_stmt 1             @ ../Device/UVC/UVC.c:1034:56
	adds	r5, r0, #2
.Ltmp492:
	.loc	2 963 5                         @ ../Device/UVC/UVC.c:963:5
	mov.w	r6, #298
.Ltmp493:
	@DEBUG_VALUE: UVC_ActiveDMA:u32Addr <- $r5
	str	r6, [r2, #-72]
	.loc	2 965 5                         @ ../Device/UVC/UVC.c:965:5
	str	r5, [r4]
	.loc	2 966 5                         @ ../Device/UVC/UVC.c:966:5
	mov.w	r5, #1020
.Ltmp494:
	str	r5, [r2, #4]
	.loc	2 967 22                        @ ../Device/UVC/UVC.c:967:22
	str.w	r3, [r12]
	.loc	2 968 5                         @ ../Device/UVC/UVC.c:968:5
	ldr	r5, [r2]
	orr	r5, r5, #32
	str	r5, [r2]
.Ltmp495:
	.p2align	2
.LBB10_14:                              @   Parent Loop BB10_7 Depth=1
                                        @ =>  This Inner Loop Header: Depth=2
	@DEBUG_VALUE: UVC_ActiveDMA:u32Len <- 1020
	@DEBUG_VALUE: UVC_IsoIn:i <- $r11
	@DEBUG_VALUE: UVC_IsoIn:toggle <- $r1
	@DEBUG_VALUE: UVC_IsoIn:u32Len <- [$sp+0]
	@DEBUG_VALUE: UVC_IsoIn:u32Loop <- $lr
	@DEBUG_VALUE: UVC_IsoIn:ptr <- $r0
	.loc	2 970 12                        @ ../Device/UVC/UVC.c:970:12
	ldrb.w	r5, [r8]
	.loc	2 970 5 is_stmt 0               @ ../Device/UVC/UVC.c:970:5
	cmp	r5, #0
	beq	.LBB10_6
.Ltmp496:
@ %bb.15:                               @   in Loop: Header=BB10_14 Depth=2
	@DEBUG_VALUE: UVC_ActiveDMA:u32Len <- 1020
	@DEBUG_VALUE: UVC_IsoIn:i <- $r11
	@DEBUG_VALUE: UVC_IsoIn:toggle <- $r1
	@DEBUG_VALUE: UVC_IsoIn:u32Len <- [$sp+0]
	@DEBUG_VALUE: UVC_IsoIn:u32Loop <- $lr
	@DEBUG_VALUE: UVC_IsoIn:ptr <- $r0
	.loc	2 972 13 is_stmt 1              @ ../Device/UVC/UVC.c:972:13
	ldr.w	r5, [r12]
.Ltmp497:
	.loc	2 972 13 is_stmt 0              @ ../Device/UVC/UVC.c:972:13
	cmp	r5, #0
	bne	.LBB10_6
.Ltmp498:
@ %bb.16:                               @   in Loop: Header=BB10_14 Depth=2
	@DEBUG_VALUE: UVC_ActiveDMA:u32Len <- 1020
	@DEBUG_VALUE: UVC_IsoIn:i <- $r11
	@DEBUG_VALUE: UVC_IsoIn:toggle <- $r1
	@DEBUG_VALUE: UVC_IsoIn:u32Len <- [$sp+0]
	@DEBUG_VALUE: UVC_IsoIn:u32Loop <- $lr
	@DEBUG_VALUE: UVC_IsoIn:ptr <- $r0
	.loc	2 975 14 is_stmt 1              @ ../Device/UVC/UVC.c:975:14
	ldr	r5, [r4, #4]
	.loc	2 975 41 is_stmt 0              @ ../Device/UVC/UVC.c:975:41
	cmp.w	r5, #-1
	bgt	.LBB10_24
.Ltmp499:
@ %bb.17:                               @   in Loop: Header=BB10_14 Depth=2
	@DEBUG_VALUE: UVC_ActiveDMA:u32Len <- 1020
	@DEBUG_VALUE: UVC_IsoIn:i <- $r11
	@DEBUG_VALUE: UVC_IsoIn:toggle <- $r1
	@DEBUG_VALUE: UVC_IsoIn:u32Len <- [$sp+0]
	@DEBUG_VALUE: UVC_IsoIn:u32Loop <- $lr
	@DEBUG_VALUE: UVC_IsoIn:ptr <- $r0
	.loc	2 975 45                        @ ../Device/UVC/UVC.c:975:45
	ldrb	r5, [r7]
.Ltmp500:
	.loc	2 975 13                        @ ../Device/UVC/UVC.c:975:13
	cbz	r5, .LBB10_24
	le	.LBB10_14
.Ltmp501:
	.p2align	2
.LBB10_18:                              @   in Loop: Header=BB10_7 Depth=1
	@DEBUG_VALUE: UVC_IsoIn:i <- $r11
	@DEBUG_VALUE: UVC_IsoIn:toggle <- $r1
	@DEBUG_VALUE: UVC_IsoIn:u32Len <- [$sp+0]
	@DEBUG_VALUE: UVC_IsoIn:u32Loop <- $lr
	@DEBUG_VALUE: UVC_IsoIn:ptr <- $r0
	@DEBUG_VALUE: UVC_ActiveDMA:u32Addr <- $r0
	@DEBUG_VALUE: UVC_ActiveDMA:u32Len <- 1022
	.loc	2 957 9 is_stmt 1               @ ../Device/UVC/UVC.c:957:9
	ldrb	r5, [r7]
.Ltmp502:
	.loc	2 957 9 is_stmt 0               @ ../Device/UVC/UVC.c:957:9
	cmp	r5, #0
	beq.w	.LBB10_48
.Ltmp503:
@ %bb.19:                               @   in Loop: Header=BB10_7 Depth=1
	@DEBUG_VALUE: UVC_ActiveDMA:u32Len <- 1022
	@DEBUG_VALUE: UVC_ActiveDMA:u32Addr <- $r0
	@DEBUG_VALUE: UVC_IsoIn:i <- $r11
	@DEBUG_VALUE: UVC_IsoIn:toggle <- $r1
	@DEBUG_VALUE: UVC_IsoIn:u32Len <- [$sp+0]
	@DEBUG_VALUE: UVC_IsoIn:u32Loop <- $lr
	@DEBUG_VALUE: UVC_IsoIn:ptr <- $r0
	@DEBUG_VALUE: UVC_ActiveDMA:u32Addr <- $r0
	.loc	2 963 5 is_stmt 1               @ ../Device/UVC/UVC.c:963:5
	mov.w	r5, #298
	str	r5, [r2, #-72]
	.loc	2 966 5                         @ ../Device/UVC/UVC.c:966:5
	movw	r5, #1022
	.loc	2 965 5                         @ ../Device/UVC/UVC.c:965:5
	str	r0, [r4]
	.loc	2 966 5                         @ ../Device/UVC/UVC.c:966:5
	str	r5, [r2, #4]
	.loc	2 967 22                        @ ../Device/UVC/UVC.c:967:22
	str.w	r3, [r12]
	.loc	2 968 5                         @ ../Device/UVC/UVC.c:968:5
	ldr	r5, [r2]
	orr	r5, r5, #32
	str	r5, [r2]
.Ltmp504:
	.p2align	2
.LBB10_20:                              @   Parent Loop BB10_7 Depth=1
                                        @ =>  This Inner Loop Header: Depth=2
	@DEBUG_VALUE: UVC_ActiveDMA:u32Len <- 1022
	@DEBUG_VALUE: UVC_ActiveDMA:u32Addr <- $r0
	@DEBUG_VALUE: UVC_IsoIn:i <- $r11
	@DEBUG_VALUE: UVC_IsoIn:toggle <- $r1
	@DEBUG_VALUE: UVC_IsoIn:u32Len <- [$sp+0]
	@DEBUG_VALUE: UVC_IsoIn:u32Loop <- $lr
	@DEBUG_VALUE: UVC_IsoIn:ptr <- $r0
	.loc	2 970 12                        @ ../Device/UVC/UVC.c:970:12
	ldrb.w	r5, [r8]
	.loc	2 970 5 is_stmt 0               @ ../Device/UVC/UVC.c:970:5
	cmp	r5, #0
	beq	.LBB10_6
.Ltmp505:
@ %bb.21:                               @   in Loop: Header=BB10_20 Depth=2
	@DEBUG_VALUE: UVC_ActiveDMA:u32Len <- 1022
	@DEBUG_VALUE: UVC_ActiveDMA:u32Addr <- $r0
	@DEBUG_VALUE: UVC_IsoIn:i <- $r11
	@DEBUG_VALUE: UVC_IsoIn:toggle <- $r1
	@DEBUG_VALUE: UVC_IsoIn:u32Len <- [$sp+0]
	@DEBUG_VALUE: UVC_IsoIn:u32Loop <- $lr
	@DEBUG_VALUE: UVC_IsoIn:ptr <- $r0
	.loc	2 972 13 is_stmt 1              @ ../Device/UVC/UVC.c:972:13
	ldr.w	r5, [r12]
.Ltmp506:
	.loc	2 972 13 is_stmt 0              @ ../Device/UVC/UVC.c:972:13
	cmp	r5, #0
	bne.w	.LBB10_6
.Ltmp507:
@ %bb.22:                               @   in Loop: Header=BB10_20 Depth=2
	@DEBUG_VALUE: UVC_ActiveDMA:u32Len <- 1022
	@DEBUG_VALUE: UVC_ActiveDMA:u32Addr <- $r0
	@DEBUG_VALUE: UVC_IsoIn:i <- $r11
	@DEBUG_VALUE: UVC_IsoIn:toggle <- $r1
	@DEBUG_VALUE: UVC_IsoIn:u32Len <- [$sp+0]
	@DEBUG_VALUE: UVC_IsoIn:u32Loop <- $lr
	@DEBUG_VALUE: UVC_IsoIn:ptr <- $r0
	.loc	2 975 14 is_stmt 1              @ ../Device/UVC/UVC.c:975:14
	ldr	r5, [r4, #4]
	.loc	2 975 41 is_stmt 0              @ ../Device/UVC/UVC.c:975:41
	cmp.w	r5, #-1
	bgt	.LBB10_24
.Ltmp508:
@ %bb.23:                               @   in Loop: Header=BB10_20 Depth=2
	@DEBUG_VALUE: UVC_ActiveDMA:u32Len <- 1022
	@DEBUG_VALUE: UVC_ActiveDMA:u32Addr <- $r0
	@DEBUG_VALUE: UVC_IsoIn:i <- $r11
	@DEBUG_VALUE: UVC_IsoIn:toggle <- $r1
	@DEBUG_VALUE: UVC_IsoIn:u32Len <- [$sp+0]
	@DEBUG_VALUE: UVC_IsoIn:u32Loop <- $lr
	@DEBUG_VALUE: UVC_IsoIn:ptr <- $r0
	.loc	2 975 45                        @ ../Device/UVC/UVC.c:975:45
	ldrb	r5, [r7]
.Ltmp509:
	.loc	2 975 13                        @ ../Device/UVC/UVC.c:975:13
	cbz	r5, .LBB10_24
	le	.LBB10_20
.Ltmp510:
	.p2align	2
.LBB10_24:                              @   in Loop: Header=BB10_7 Depth=1
	@DEBUG_VALUE: UVC_IsoIn:i <- $r11
	@DEBUG_VALUE: UVC_IsoIn:toggle <- $r1
	@DEBUG_VALUE: UVC_IsoIn:u32Len <- [$sp+0]
	@DEBUG_VALUE: UVC_IsoIn:u32Loop <- $lr
	@DEBUG_VALUE: UVC_IsoIn:ptr <- $r0
	.loc	2 977 25 is_stmt 1              @ ../Device/UVC/UVC.c:977:25
	ldr	r5, [r2]
.Ltmp511:
	.loc	2 977 17 is_stmt 0              @ ../Device/UVC/UVC.c:977:17
	lsls	r5, r5, #26
	bpl.w	.LBB10_6
.Ltmp512:
@ %bb.25:                               @   in Loop: Header=BB10_7 Depth=1
	@DEBUG_VALUE: UVC_IsoIn:i <- $r11
	@DEBUG_VALUE: UVC_IsoIn:toggle <- $r1
	@DEBUG_VALUE: UVC_IsoIn:u32Len <- [$sp+0]
	@DEBUG_VALUE: UVC_IsoIn:u32Loop <- $lr
	@DEBUG_VALUE: UVC_IsoIn:ptr <- $r0
	.loc	9 226 20 is_stmt 1              @ ../../../../Library/StdDriver/inc\hsusbd.h:226:20
	movs	r5, #128
	.loc	9 225 20                        @ ../../../../Library/StdDriver/inc\hsusbd.h:225:20
	str	r3, [r2, #4]
	.loc	9 226 20                        @ ../../../../Library/StdDriver/inc\hsusbd.h:226:20
	str	r5, [r2]
	.loc	9 227 20                        @ ../../../../Library/StdDriver/inc\hsusbd.h:227:20
	str	r3, [r2]
.Ltmp513:
	.loc	2 980 42                        @ ../Device/UVC/UVC.c:980:42
	ldr	r5, [r2, #24]
	orr	r5, r5, #1
	str	r5, [r2, #24]
	b	.LBB10_6
.Ltmp514:
.LBB10_26:
	@DEBUG_VALUE: UVC_IsoIn:ret <- 0
	@DEBUG_VALUE: UVC_IsoIn:i <- $r11
	@DEBUG_VALUE: UVC_IsoIn:toggle <- $r1
	@DEBUG_VALUE: UVC_IsoIn:u32Len <- [$sp+0]
	@DEBUG_VALUE: UVC_IsoIn:u32Loop <- $lr
	@DEBUG_VALUE: UVC_IsoIn:ptr <- $r0
	.loc	2 1066 21                       @ ../Device/UVC/UVC.c:1066:21
	cmp	r1, #0
	ldr	r1, [sp]                        @ 4-byte Reload
.Ltmp515:
	@DEBUG_VALUE: UVC_IsoIn:u32Len <- $r1
	@DEBUG_VALUE: UVC_IsoIn:u32Len <- $r1
	cset	r7, eq
.Ltmp516:
.LBB10_27:
	@DEBUG_VALUE: UVC_IsoIn:u32Loop <- $lr
	@DEBUG_VALUE: UVC_IsoIn:ptr <- $r0
	@DEBUG_VALUE: UVC_IsoIn:u32Len <- $r1
	.loc	2 0 21 is_stmt 0                @ ../Device/UVC/UVC.c:0:21
	rsb	r3, lr, lr, lsl #9
	sub.w	r3, r1, r3, lsl #1
.Ltmp517:
	@DEBUG_VALUE: UVC_IsoIn:u32Loop <- $r3
	.loc	2 1053 9 is_stmt 1              @ ../Device/UVC/UVC.c:1053:9
	cmp	r3, #0
	beq.w	.LBB10_48
.Ltmp518:
@ %bb.28:
	@DEBUG_VALUE: UVC_IsoIn:u32Loop <- $r3
	@DEBUG_VALUE: UVC_IsoIn:ptr <- $r0
	@DEBUG_VALUE: UVC_IsoIn:u32Len <- $r1
	.loc	2 0 9 is_stmt 0                 @ ../Device/UVC/UVC.c:0:9
	movs	r1, #12
.Ltmp519:
	@DEBUG_VALUE: UVC_IsoIn:u32Len <- [DW_OP_LLVM_entry_value 1] $r1
	movs	r6, #1
.Ltmp520:
	.loc	2 1055 9 is_stmt 1              @ ../Device/UVC/UVC.c:1055:9
	str	r1, [r2, #16]
	.loc	2 1056 30                       @ ../Device/UVC/UVC.c:1056:30
	movw	r1, :lower16:g_hsusbd_ShortPacket
	movt	r1, :upper16:g_hsusbd_ShortPacket
	strb	r6, [r1]
	.loc	2 1057 20                       @ ../Device/UVC/UVC.c:1057:20
	movw	r1, :lower16:g_u8UVC_PD
	movt	r1, :upper16:g_u8UVC_PD
	ldrb	r6, [r1]
	.loc	2 1057 54 is_stmt 0             @ ../Device/UVC/UVC.c:1057:54
	movw	r1, :lower16:g_u8UVC_FID
	movt	r1, :upper16:g_u8UVC_FID
	ldrb	r5, [r1]
	.loc	2 1057 66                       @ ../Device/UVC/UVC.c:1057:66
	and	r5, r5, #1
	.loc	2 1057 51                       @ ../Device/UVC/UVC.c:1057:51
	orrs	r6, r5
.Ltmp521:
.LBB10_29:                              @ =>This Inner Loop Header: Depth=1
	@DEBUG_VALUE: UVC_IsoIn:u32Len <- [DW_OP_LLVM_entry_value 1] $r1
	@DEBUG_VALUE: UVC_IsoIn:u32Loop <- $r3
	@DEBUG_VALUE: UVC_IsoIn:ptr <- $r0
	.loc	2 1061 17 is_stmt 1             @ ../Device/UVC/UVC.c:1061:17
	ldr	r5, [r2, #12]
.Ltmp522:
	.loc	2 1061 17 is_stmt 0             @ ../Device/UVC/UVC.c:1061:17
	lsls	r5, r5, #30
	bmi	.LBB10_32
.Ltmp523:
@ %bb.30:                               @   in Loop: Header=BB10_29 Depth=1
	@DEBUG_VALUE: UVC_IsoIn:u32Len <- [DW_OP_LLVM_entry_value 1] $r1
	@DEBUG_VALUE: UVC_IsoIn:u32Loop <- $r3
	@DEBUG_VALUE: UVC_IsoIn:ptr <- $r0
	.loc	2 1061 17                       @ ../Device/UVC/UVC.c:1061:17
	ldr	r5, [r2, #12]
.Ltmp524:
	.loc	2 1061 17                       @ ../Device/UVC/UVC.c:1061:17
	lsls	r5, r5, #30
.Ltmp525:
	.loc	2 1061 17                       @ ../Device/UVC/UVC.c:1061:17
	itt	pl
	ldrpl	r5, [r2, #12]
.Ltmp526:
	.loc	2 1061 17                       @ ../Device/UVC/UVC.c:1061:17
	lslspl.w	r5, r5, #30
	bmi	.LBB10_32
.Ltmp527:
@ %bb.31:                               @   in Loop: Header=BB10_29 Depth=1
	@DEBUG_VALUE: UVC_IsoIn:u32Len <- [DW_OP_LLVM_entry_value 1] $r1
	@DEBUG_VALUE: UVC_IsoIn:u32Loop <- $r3
	@DEBUG_VALUE: UVC_IsoIn:ptr <- $r0
	.loc	2 1061 17                       @ ../Device/UVC/UVC.c:1061:17
	ldr	r5, [r2, #12]
.Ltmp528:
	.loc	2 1061 17                       @ ../Device/UVC/UVC.c:1061:17
	lsls	r5, r5, #30
	bpl	.LBB10_29
.Ltmp529:
.LBB10_32:
	@DEBUG_VALUE: UVC_IsoIn:u32Len <- [DW_OP_LLVM_entry_value 1] $r1
	@DEBUG_VALUE: UVC_IsoIn:u32Loop <- $r3
	@DEBUG_VALUE: UVC_IsoIn:ptr <- $r0
	.loc	2 1057 51 is_stmt 1             @ ../Device/UVC/UVC.c:1057:51
	orr	r6, r6, #2
.Ltmp530:
	@DEBUG_VALUE: UVC_IsoIn:header <- [DW_OP_LLVM_convert 8 7, DW_OP_LLVM_convert 32 7, DW_OP_constu 8, DW_OP_shl, DW_OP_constu 2, DW_OP_or, DW_OP_stack_value] $r6
	.loc	2 0 51 is_stmt 0                @ ../Device/UVC/UVC.c:0:51
	movs	r5, #2
.Ltmp531:
	.loc	2 1063 44 is_stmt 1             @ ../Device/UVC/UVC.c:1063:44
	strb	r5, [r2, #8]
	.loc	2 1064 44                       @ ../Device/UVC/UVC.c:1064:44
	strb	r6, [r2, #8]
	.loc	2 1066 21                       @ ../Device/UVC/UVC.c:1066:21
	cbz	r7, .LBB10_39
.Ltmp532:
@ %bb.33:
	@DEBUG_VALUE: UVC_IsoIn:header <- [DW_OP_LLVM_convert 8 7, DW_OP_LLVM_convert 32 7, DW_OP_constu 8, DW_OP_shl, DW_OP_constu 2, DW_OP_or, DW_OP_stack_value] $r6
	@DEBUG_VALUE: UVC_IsoIn:u32Len <- [DW_OP_LLVM_entry_value 1] $r1
	@DEBUG_VALUE: UVC_IsoIn:u32Loop <- $r3
	@DEBUG_VALUE: UVC_IsoIn:ptr <- $r0
	@DEBUG_VALUE: UVC_ActiveDMA:u32Addr <- $r0
	@DEBUG_VALUE: UVC_ActiveDMA:u32Len <- $r3
	.loc	2 957 9                         @ ../Device/UVC/UVC.c:957:9
	movw	r7, :lower16:gAppConnected
	movt	r7, :upper16:gAppConnected
	ldrb	r6, [r7]
.Ltmp533:
	.loc	2 957 9 is_stmt 0               @ ../Device/UVC/UVC.c:957:9
	cmp	r6, #0
	beq	.LBB10_48
.Ltmp534:
@ %bb.34:
	@DEBUG_VALUE: UVC_ActiveDMA:u32Len <- $r3
	@DEBUG_VALUE: UVC_ActiveDMA:u32Addr <- $r0
	@DEBUG_VALUE: UVC_IsoIn:u32Len <- [DW_OP_LLVM_entry_value 1] $r1
	@DEBUG_VALUE: UVC_IsoIn:u32Loop <- $r3
	@DEBUG_VALUE: UVC_IsoIn:ptr <- $r0
	.loc	2 0 9                           @ ../Device/UVC/UVC.c:0:9
	movw	r6, #22272
	mov.w	r5, #298
	movt	r6, #16416
	@DEBUG_VALUE: UVC_ActiveDMA:u32Addr <- $r0
	.loc	2 963 5 is_stmt 1               @ ../Device/UVC/UVC.c:963:5
	str	r5, [r2, #-72]
	.loc	2 965 5                         @ ../Device/UVC/UVC.c:965:5
	str	r0, [r6]
	.loc	2 967 22                        @ ../Device/UVC/UVC.c:967:22
	movw	r0, :lower16:g_hsusbd_DmaDone
.Ltmp535:
	.loc	2 966 5                         @ ../Device/UVC/UVC.c:966:5
	str	r3, [r2, #4]
	movs	r3, #0
.Ltmp536:
	.loc	2 967 22                        @ ../Device/UVC/UVC.c:967:22
	movt	r0, :upper16:g_hsusbd_DmaDone
	str	r3, [r0]
	.loc	2 968 5                         @ ../Device/UVC/UVC.c:968:5
	ldr	r3, [r2]
	orr	r3, r3, #32
	str	r3, [r2]
	movw	r3, :lower16:g_hsusbd_Configured
	movt	r3, :upper16:g_hsusbd_Configured
.Ltmp537:
	.p2align	2
.LBB10_35:                              @ =>This Inner Loop Header: Depth=1
	@DEBUG_VALUE: UVC_IsoIn:u32Len <- [DW_OP_LLVM_entry_value 1] $r1
	.loc	2 970 12                        @ ../Device/UVC/UVC.c:970:12
	ldrb	r5, [r3]
	.loc	2 970 5 is_stmt 0               @ ../Device/UVC/UVC.c:970:5
	cmp	r5, #0
	beq	.LBB10_47
.Ltmp538:
@ %bb.36:                               @   in Loop: Header=BB10_35 Depth=1
	@DEBUG_VALUE: UVC_IsoIn:u32Len <- [DW_OP_LLVM_entry_value 1] $r1
	.loc	2 972 13 is_stmt 1              @ ../Device/UVC/UVC.c:972:13
	ldr	r5, [r0]
.Ltmp539:
	.loc	2 972 13 is_stmt 0              @ ../Device/UVC/UVC.c:972:13
	cmp	r5, #0
	bne	.LBB10_47
.Ltmp540:
@ %bb.37:                               @   in Loop: Header=BB10_35 Depth=1
	@DEBUG_VALUE: UVC_IsoIn:u32Len <- [DW_OP_LLVM_entry_value 1] $r1
	.loc	2 975 14 is_stmt 1              @ ../Device/UVC/UVC.c:975:14
	ldr	r5, [r6, #4]
	.loc	2 975 41 is_stmt 0              @ ../Device/UVC/UVC.c:975:41
	cmp.w	r5, #-1
	bgt	.LBB10_45
.Ltmp541:
@ %bb.38:                               @   in Loop: Header=BB10_35 Depth=1
	@DEBUG_VALUE: UVC_IsoIn:u32Len <- [DW_OP_LLVM_entry_value 1] $r1
	.loc	2 975 45                        @ ../Device/UVC/UVC.c:975:45
	ldrb	r5, [r7]
.Ltmp542:
	.loc	2 975 13                        @ ../Device/UVC/UVC.c:975:13
	cbz	r5, .LBB10_45
	le	.LBB10_35
.Ltmp543:
.LBB10_39:
	@DEBUG_VALUE: UVC_IsoIn:header <- [DW_OP_LLVM_convert 8 7, DW_OP_LLVM_convert 32 7, DW_OP_constu 8, DW_OP_shl, DW_OP_constu 2, DW_OP_or, DW_OP_stack_value] $r6
	@DEBUG_VALUE: UVC_IsoIn:u32Len <- [DW_OP_LLVM_entry_value 1] $r1
	@DEBUG_VALUE: UVC_IsoIn:u32Loop <- $r3
	@DEBUG_VALUE: UVC_IsoIn:ptr <- $r0
	.loc	2 1068 50 is_stmt 1             @ ../Device/UVC/UVC.c:1068:50
	ldrb	r7, [r0]
	.loc	2 1068 48 is_stmt 0             @ ../Device/UVC/UVC.c:1068:48
	strb	r7, [r2, #8]
	.loc	2 1069 50 is_stmt 1             @ ../Device/UVC/UVC.c:1069:50
	ldrb	r7, [r0, #1]
	.loc	2 1069 48 is_stmt 0             @ ../Device/UVC/UVC.c:1069:48
	strb	r7, [r2, #8]
.Ltmp544:
	@DEBUG_VALUE: UVC_ActiveDMA:u32Len <- [DW_OP_constu 2, DW_OP_minus, DW_OP_stack_value] $r3
	@DEBUG_VALUE: UVC_ActiveDMA:u32Addr <- [DW_OP_plus_uconst 2, DW_OP_stack_value] $r0
	.loc	2 957 9 is_stmt 1               @ ../Device/UVC/UVC.c:957:9
	movw	r7, :lower16:gAppConnected
	movt	r7, :upper16:gAppConnected
	ldrb	r6, [r7]
.Ltmp545:
	.loc	2 957 9 is_stmt 0               @ ../Device/UVC/UVC.c:957:9
	cbz	r6, .LBB10_48
.Ltmp546:
@ %bb.40:
	@DEBUG_VALUE: UVC_ActiveDMA:u32Addr <- [DW_OP_plus_uconst 2, DW_OP_stack_value] $r0
	@DEBUG_VALUE: UVC_ActiveDMA:u32Len <- [DW_OP_constu 2, DW_OP_minus, DW_OP_stack_value] $r3
	@DEBUG_VALUE: UVC_IsoIn:u32Len <- [DW_OP_LLVM_entry_value 1] $r1
	@DEBUG_VALUE: UVC_IsoIn:u32Loop <- $r3
	@DEBUG_VALUE: UVC_IsoIn:ptr <- $r0
	.loc	2 0 9                           @ ../Device/UVC/UVC.c:0:9
	movw	r6, #22272
	mov.w	r5, #298
	@DEBUG_VALUE: UVC_ActiveDMA:u32Addr <- undef
	movt	r6, #16416
	.loc	2 1071 56 is_stmt 1             @ ../Device/UVC/UVC.c:1071:56
	adds	r0, #2
.Ltmp547:
	@DEBUG_VALUE: UVC_ActiveDMA:u32Addr <- $r0
	.loc	2 963 5                         @ ../Device/UVC/UVC.c:963:5
	str	r5, [r2, #-72]
.Ltmp548:
	.loc	2 1071 70                       @ ../Device/UVC/UVC.c:1071:70
	subs	r3, #2
.Ltmp549:
	@DEBUG_VALUE: UVC_ActiveDMA:u32Len <- $r3
	.loc	2 965 5                         @ ../Device/UVC/UVC.c:965:5
	str	r0, [r6]
	.loc	2 967 22                        @ ../Device/UVC/UVC.c:967:22
	movw	r0, :lower16:g_hsusbd_DmaDone
.Ltmp550:
	.loc	2 966 5                         @ ../Device/UVC/UVC.c:966:5
	str	r3, [r2, #4]
	movs	r3, #0
.Ltmp551:
	.loc	2 967 22                        @ ../Device/UVC/UVC.c:967:22
	movt	r0, :upper16:g_hsusbd_DmaDone
	str	r3, [r0]
	.loc	2 968 5                         @ ../Device/UVC/UVC.c:968:5
	ldr	r3, [r2]
	orr	r3, r3, #32
	str	r3, [r2]
	movw	r3, :lower16:g_hsusbd_Configured
	movt	r3, :upper16:g_hsusbd_Configured
.Ltmp552:
	.p2align	2
.LBB10_41:                              @ =>This Inner Loop Header: Depth=1
	@DEBUG_VALUE: UVC_IsoIn:u32Len <- [DW_OP_LLVM_entry_value 1] $r1
	.loc	2 970 12                        @ ../Device/UVC/UVC.c:970:12
	ldrb	r5, [r3]
	.loc	2 970 5 is_stmt 0               @ ../Device/UVC/UVC.c:970:5
	cbz	r5, .LBB10_47
.Ltmp553:
@ %bb.42:                               @   in Loop: Header=BB10_41 Depth=1
	@DEBUG_VALUE: UVC_IsoIn:u32Len <- [DW_OP_LLVM_entry_value 1] $r1
	.loc	2 972 13 is_stmt 1              @ ../Device/UVC/UVC.c:972:13
	ldr	r5, [r0]
.Ltmp554:
	.loc	2 972 13 is_stmt 0              @ ../Device/UVC/UVC.c:972:13
	cbnz	r5, .LBB10_47
.Ltmp555:
@ %bb.43:                               @   in Loop: Header=BB10_41 Depth=1
	@DEBUG_VALUE: UVC_IsoIn:u32Len <- [DW_OP_LLVM_entry_value 1] $r1
	.loc	2 975 14 is_stmt 1              @ ../Device/UVC/UVC.c:975:14
	ldr	r5, [r6, #4]
	.loc	2 975 41 is_stmt 0              @ ../Device/UVC/UVC.c:975:41
	cmp.w	r5, #-1
	bgt	.LBB10_45
.Ltmp556:
@ %bb.44:                               @   in Loop: Header=BB10_41 Depth=1
	@DEBUG_VALUE: UVC_IsoIn:u32Len <- [DW_OP_LLVM_entry_value 1] $r1
	.loc	2 975 45                        @ ../Device/UVC/UVC.c:975:45
	ldrb	r5, [r7]
.Ltmp557:
	.loc	2 975 13                        @ ../Device/UVC/UVC.c:975:13
	cbz	r5, .LBB10_45
	le	.LBB10_41
.Ltmp558:
.LBB10_45:
	@DEBUG_VALUE: UVC_IsoIn:u32Len <- [DW_OP_LLVM_entry_value 1] $r1
	.loc	2 977 25 is_stmt 1              @ ../Device/UVC/UVC.c:977:25
	ldr	r0, [r2]
.Ltmp559:
	.loc	2 977 17 is_stmt 0              @ ../Device/UVC/UVC.c:977:17
	lsls	r0, r0, #26
	bpl	.LBB10_47
.Ltmp560:
@ %bb.46:
	@DEBUG_VALUE: UVC_IsoIn:u32Len <- [DW_OP_LLVM_entry_value 1] $r1
	.loc	2 0 17                          @ ../Device/UVC/UVC.c:0:17
	movs	r0, #0
	movs	r3, #128
.Ltmp561:
	.loc	9 225 20 is_stmt 1              @ ../../../../Library/StdDriver/inc\hsusbd.h:225:20
	str	r0, [r2, #4]
	.loc	9 226 20                        @ ../../../../Library/StdDriver/inc\hsusbd.h:226:20
	str	r3, [r2]
	.loc	9 227 20                        @ ../../../../Library/StdDriver/inc\hsusbd.h:227:20
	str	r0, [r2]
.Ltmp562:
	.loc	2 980 42                        @ ../Device/UVC/UVC.c:980:42
	ldr	r0, [r2, #24]
	orr	r0, r0, #1
	str	r0, [r2, #24]
.Ltmp563:
.LBB10_47:
	@DEBUG_VALUE: UVC_IsoIn:u32Len <- [DW_OP_LLVM_entry_value 1] $r1
	@DEBUG_VALUE: UVC_IsoIn:ret <- 0
	.loc	2 1081 28                       @ ../Device/UVC/UVC.c:1081:28
	ldrb	r0, [r1]
	adds	r0, #1
	strb	r0, [r1]
.Ltmp564:
.LBB10_48:
	.loc	2 1086 1 epilogue_begin         @ ../Device/UVC/UVC.c:1086:1
	add	sp, #4
	pop.w	{r4, r5, r6, r7, r8, r9, r10, r11, pc}
.Ltmp565:
.Lfunc_end10:
	.size	UVC_IsoIn, .Lfunc_end10-UVC_IsoIn
	.cfi_endproc
	.cantunwind
	.fnend
                                        @ -- End function
	.section	.text.UVC_SendImage,"ax",%progbits
	.hidden	UVC_SendImage                   @ -- Begin function UVC_SendImage
	.globl	UVC_SendImage
	.p2align	2
	.type	UVC_SendImage,%function
	.code	16                              @ @UVC_SendImage
	.thumb_func
UVC_SendImage:
.Lfunc_begin11:
	.loc	2 1089 0                        @ ../Device/UVC/UVC.c:1089:0
	.fnstart
	.cfi_startproc
@ %bb.0:
	@DEBUG_VALUE: UVC_SendImage:u32Addr <- $r0
	@DEBUG_VALUE: UVC_SendImage:u32transferSize <- $r1
	@DEBUG_VALUE: UVC_SendImage:bStillImage <- $r2
	mov.w	r3, #0
.Ltmp566:
	.loc	2 1090 9 prologue_end           @ ../Device/UVC/UVC.c:1090:9
	cbz	r1, .LBB11_5
.Ltmp567:
@ %bb.1:
	@DEBUG_VALUE: UVC_SendImage:bStillImage <- $r2
	@DEBUG_VALUE: UVC_SendImage:u32transferSize <- $r1
	@DEBUG_VALUE: UVC_SendImage:u32Addr <- $r0
	.save	{r4, lr}
	push	{r4, lr}
	.cfi_def_cfa_offset 8
	.cfi_offset lr, -4
	.cfi_offset r4, -8
.Ltmp568:
	.loc	2 1093 26                       @ ../Device/UVC/UVC.c:1093:26
	movw	r12, :lower16:uvcStatus
	movw	lr, #20572
	movt	r12, :upper16:uvcStatus
	strb.w	r3, [r12, #28]
	movt	lr, #16416
	.loc	2 1095 34                       @ ../Device/UVC/UVC.c:1095:34
	ldr.w	r4, [lr, #24]
	.loc	2 1098 13                       @ ../Device/UVC/UVC.c:1098:13
	cmp	r2, #0
.Ltmp569:
	.loc	2 1104 24                       @ ../Device/UVC/UVC.c:1104:24
	movw	r2, :lower16:g_u8UVC_PD
.Ltmp570:
	@DEBUG_VALUE: UVC_SendImage:bStillImage <- [DW_OP_LLVM_entry_value 1] $r2
	.loc	2 1095 34                       @ ../Device/UVC/UVC.c:1095:34
	orr	r4, r4, #1
	str.w	r4, [lr, #24]
	mov.w	r4, #128
.Ltmp571:
	.loc	2 1104 24                       @ ../Device/UVC/UVC.c:1104:24
	movt	r2, :upper16:g_u8UVC_PD
.Ltmp572:
	.loc	9 225 20                        @ ../../../../Library/StdDriver/inc\hsusbd.h:225:20
	str.w	r3, [lr, #4]
	.loc	9 226 20                        @ ../../../../Library/StdDriver/inc\hsusbd.h:226:20
	str.w	r4, [lr]
	.loc	9 227 20                        @ ../../../../Library/StdDriver/inc\hsusbd.h:227:20
	str.w	r3, [lr]
.Ltmp573:
	.loc	2 1098 13                       @ ../Device/UVC/UVC.c:1098:13
	beq	.LBB11_3
.Ltmp574:
@ %bb.2:
	@DEBUG_VALUE: UVC_SendImage:bStillImage <- [DW_OP_LLVM_entry_value 1] $r2
	@DEBUG_VALUE: UVC_SendImage:u32transferSize <- $r1
	@DEBUG_VALUE: UVC_SendImage:u32Addr <- $r0
	.loc	2 0 13 is_stmt 0                @ ../Device/UVC/UVC.c:0:13
	movs	r3, #32
.Ltmp575:
	.loc	2 1100 24 is_stmt 1             @ ../Device/UVC/UVC.c:1100:24
	strb	r3, [r2]
	movs	r2, #0
	.loc	2 1101 34                       @ ../Device/UVC/UVC.c:1101:34
	str.w	r2, [r12, #24]
	b	.LBB11_4
.Ltmp576:
.LBB11_3:
	@DEBUG_VALUE: UVC_SendImage:bStillImage <- [DW_OP_LLVM_entry_value 1] $r2
	@DEBUG_VALUE: UVC_SendImage:u32transferSize <- $r1
	@DEBUG_VALUE: UVC_SendImage:u32Addr <- $r0
	.loc	2 0 34 is_stmt 0                @ ../Device/UVC/UVC.c:0:34
	movs	r3, #0
	.loc	2 1104 24 is_stmt 1             @ ../Device/UVC/UVC.c:1104:24
	strb	r3, [r2]
.Ltmp577:
.LBB11_4:
	@DEBUG_VALUE: UVC_SendImage:bStillImage <- [DW_OP_LLVM_entry_value 1] $r2
	@DEBUG_VALUE: UVC_SendImage:u32transferSize <- $r1
	@DEBUG_VALUE: UVC_SendImage:u32Addr <- $r0
	.loc	2 1106 9                        @ ../Device/UVC/UVC.c:1106:9
	bl	UVC_IsoIn
.Ltmp578:
	@DEBUG_VALUE: UVC_SendImage:u32transferSize <- [DW_OP_LLVM_entry_value 1] $r1
	@DEBUG_VALUE: UVC_SendImage:u32Addr <- [DW_OP_LLVM_entry_value 1] $r0
	.loc	2 0 9 is_stmt 0                 @ ../Device/UVC/UVC.c:0:9
	movs	r3, #1
	pop.w	{r4, lr}
.Ltmp579:
.LBB11_5:
	.loc	2 1112 1 is_stmt 1              @ ../Device/UVC/UVC.c:1112:1
	mov	r0, r3
	bx	lr
.Ltmp580:
.Lfunc_end11:
	.size	UVC_SendImage, .Lfunc_end11-UVC_SendImage
	.cfi_endproc
	.cantunwind
	.fnend
                                        @ -- End function
	.section	.text.UVC_IsConnect,"ax",%progbits
	.hidden	UVC_IsConnect                   @ -- Begin function UVC_IsConnect
	.globl	UVC_IsConnect
	.p2align	2
	.type	UVC_IsConnect,%function
	.code	16                              @ @UVC_IsConnect
	.thumb_func
UVC_IsConnect:
.Lfunc_begin12:
	.fnstart
	.cfi_startproc
@ %bb.0:
	.loc	2 1116 10 prologue_end          @ ../Device/UVC/UVC.c:1116:10
	movw	r0, :lower16:gAppConnected
	movt	r0, :upper16:gAppConnected
	ldrb	r0, [r0]
	.loc	2 1116 25 is_stmt 0             @ ../Device/UVC/UVC.c:1116:25
	cbz	r0, .LBB12_2
@ %bb.1:
	.loc	2 0 25                          @ ../Device/UVC/UVC.c:0:25
	movw	r0, #22276
	movt	r0, #16416
	.loc	2 1116 29                       @ ../Device/UVC/UVC.c:1116:29
	ldr	r0, [r0]
.Ltmp581:
	.loc	2 1116 9                        @ ../Device/UVC/UVC.c:1116:9
	cmp	r0, #0
	itt	mi
	movmi	r0, #1
	.loc	2 1120 1 is_stmt 1              @ ../Device/UVC/UVC.c:1120:1
	bxmi	lr
.LBB12_2:
	.loc	2 0 1 is_stmt 0                 @ ../Device/UVC/UVC.c:0:1
	movs	r0, #0
	.loc	2 1120 1                        @ ../Device/UVC/UVC.c:1120:1
	bx	lr
.Ltmp582:
.Lfunc_end12:
	.size	UVC_IsConnect, .Lfunc_end12-UVC_IsConnect
	.cfi_endproc
	.cantunwind
	.fnend
                                        @ -- End function
	.hidden	gAppConnected                   @ @gAppConnected
	.type	gAppConnected,%object
	.section	.bss.gAppConnected,"aw",%nobits
	.globl	gAppConnected
gAppConnected:
	.byte	0                               @ 0x0
	.size	gAppConnected, 1

	.hidden	gMaxPacketSize                  @ @gMaxPacketSize
	.type	gMaxPacketSize,%object
	.section	.bss.gMaxPacketSize,"aw",%nobits
	.globl	gMaxPacketSize
	.p2align	2, 0x0
gMaxPacketSize:
	.long	0                               @ 0x0
	.size	gMaxPacketSize, 4

	.type	uvcInfo,%object                 @ @uvcInfo
	.section	.bss.uvcInfo,"aw",%nobits
	.p2align	2, 0x0
uvcInfo:
	.zero	88
	.size	uvcInfo, 88

	.hidden	uvcStatus                       @ @uvcStatus
	.type	uvcStatus,%object
	.section	.bss.uvcStatus,"aw",%nobits
	.globl	uvcStatus
	.p2align	2, 0x0
uvcStatus:
	.zero	32
	.size	uvcStatus, 32

	.type	gAltInterface,%object           @ @gAltInterface
	.section	.bss.gAltInterface,"aw",%nobits
gAltInterface:
	.byte	0                               @ 0x0
	.size	gAltInterface, 1

	.type	uvcPuInfo,%object               @ @uvcPuInfo
	.section	.data.uvcPuInfo,"aw",%progbits
	.p2align	2, 0x0
uvcPuInfo:
	.long	0                               @ 0x0
	.long	70                              @ 0x46
	.long	7                               @ 0x7
	.long	4294967286                      @ 0xfffffff6
	.long	10                              @ 0xa
	.long	1                               @ 0x1
	.long	0                               @ 0x0
	.long	20                              @ 0x14
	.long	2                               @ 0x2
	.long	4294967266                      @ 0xffffffe2
	.long	30                              @ 0x1e
	.long	0                               @ 0x0
	.long	0                               @ 0x0
	.long	40                              @ 0x28
	.long	4                               @ 0x4
	.long	0                               @ 0x0
	.long	50                              @ 0x32
	.long	5                               @ 0x5
	.long	1                               @ 0x1
	.long	5                               @ 0x5
	.long	3                               @ 0x3
	.long	0                               @ 0x0
	.long	2                               @ 0x2
	.long	2                               @ 0x2
	.size	uvcPuInfo, 96

	.type	g_u8UVC_PD,%object              @ @g_u8UVC_PD
	.section	.bss.g_u8UVC_PD,"aw",%nobits
g_u8UVC_PD:
	.byte	0                               @ 0x0
	.size	g_u8UVC_PD, 1

	.type	g_u8UVC_FID,%object             @ @g_u8UVC_FID
	.section	.bss.g_u8UVC_FID,"aw",%nobits
g_u8UVC_FID:
	.byte	0                               @ 0x0
	.size	g_u8UVC_FID, 1

	.type	.Lswitch.table.UVC_ClassRequest.1,%object @ @switch.table.UVC_ClassRequest.1
	.section	.rodata..Lswitch.table.UVC_ClassRequest.1,"a",%progbits
	.p2align	2, 0x0
.Lswitch.table.UVC_ClassRequest.1:
	.long	153600                          @ 0x25800
	.long	38400                           @ 0x9600
	.long	614400                          @ 0x96000
	.size	.Lswitch.table.UVC_ClassRequest.1, 12

	.section	.debug_loc,"",%progbits
.Ldebug_loc0:
	.long	-1
	.long	.Lfunc_begin0                   @   base address
	.long	.Ltmp116-.Lfunc_begin0
	.long	.Ltmp117-.Lfunc_begin0
	.short	1                               @ Loc expr size
	.byte	81                              @ DW_OP_reg1
	.long	.Ltmp118-.Lfunc_begin0
	.long	.Ltmp121-.Lfunc_begin0
	.short	3                               @ Loc expr size
	.byte	113                             @ DW_OP_breg1
	.byte	127                             @ -1
	.byte	159                             @ DW_OP_stack_value
	.long	.Ltmp121-.Lfunc_begin0
	.long	.Ltmp124-.Lfunc_begin0
	.short	3                               @ Loc expr size
	.byte	113                             @ DW_OP_breg1
	.byte	126                             @ -2
	.byte	159                             @ DW_OP_stack_value
	.long	.Ltmp124-.Lfunc_begin0
	.long	.Ltmp127-.Lfunc_begin0
	.short	3                               @ Loc expr size
	.byte	113                             @ DW_OP_breg1
	.byte	125                             @ -3
	.byte	159                             @ DW_OP_stack_value
	.long	0
	.long	0
.Ldebug_loc1:
	.long	-1
	.long	.Lfunc_begin3                   @   base address
	.long	.Ltmp185-.Lfunc_begin3
	.long	.Ltmp187-.Lfunc_begin3
	.short	1                               @ Loc expr size
	.byte	80                              @ DW_OP_reg0
	.long	.Ltmp187-.Lfunc_begin3
	.long	.Ltmp191-.Lfunc_begin3
	.short	3                               @ Loc expr size
	.byte	112                             @ DW_OP_breg0
	.byte	127                             @ -1
	.byte	159                             @ DW_OP_stack_value
	.long	.Ltmp191-.Lfunc_begin3
	.long	.Ltmp195-.Lfunc_begin3
	.short	3                               @ Loc expr size
	.byte	112                             @ DW_OP_breg0
	.byte	126                             @ -2
	.byte	159                             @ DW_OP_stack_value
	.long	.Ltmp195-.Lfunc_begin3
	.long	.Ltmp199-.Lfunc_begin3
	.short	3                               @ Loc expr size
	.byte	112                             @ DW_OP_breg0
	.byte	125                             @ -3
	.byte	159                             @ DW_OP_stack_value
	.long	.Ltmp199-.Lfunc_begin3
	.long	.Ltmp202-.Lfunc_begin3
	.short	1                               @ Loc expr size
	.byte	80                              @ DW_OP_reg0
	.long	0
	.long	0
.Ldebug_loc2:
	.long	-1
	.long	.Lfunc_begin3                   @   base address
	.long	.Ltmp203-.Lfunc_begin3
	.long	.Ltmp204-.Lfunc_begin3
	.short	3                               @ Loc expr size
	.byte	17                              @ DW_OP_consts
	.byte	0                               @ 0
	.byte	159                             @ DW_OP_stack_value
	.long	0
	.long	0
.Ldebug_loc3:
	.long	-1
	.long	.Lfunc_begin5                   @   base address
	.long	.Lfunc_begin5-.Lfunc_begin5
	.long	.Ltmp282-.Lfunc_begin5
	.short	1                               @ Loc expr size
	.byte	80                              @ DW_OP_reg0
	.long	.Ltmp282-.Lfunc_begin5
	.long	.Lfunc_end5-.Lfunc_begin5
	.short	4                               @ Loc expr size
	.byte	243                             @ DW_OP_GNU_entry_value
	.byte	1                               @ 1
	.byte	80                              @ DW_OP_reg0
	.byte	159                             @ DW_OP_stack_value
	.long	0
	.long	0
.Ldebug_loc4:
	.long	-1
	.long	.Lfunc_begin6                   @   base address
	.long	.Lfunc_begin6-.Lfunc_begin6
	.long	.Ltmp289-.Lfunc_begin6
	.short	1                               @ Loc expr size
	.byte	80                              @ DW_OP_reg0
	.long	.Ltmp289-.Lfunc_begin6
	.long	.Ltmp291-.Lfunc_begin6
	.short	4                               @ Loc expr size
	.byte	243                             @ DW_OP_GNU_entry_value
	.byte	1                               @ 1
	.byte	80                              @ DW_OP_reg0
	.byte	159                             @ DW_OP_stack_value
	.long	.Ltmp292-.Lfunc_begin6
	.long	.Ltmp295-.Lfunc_begin6
	.short	4                               @ Loc expr size
	.byte	243                             @ DW_OP_GNU_entry_value
	.byte	1                               @ 1
	.byte	80                              @ DW_OP_reg0
	.byte	159                             @ DW_OP_stack_value
	.long	.Ltmp296-.Lfunc_begin6
	.long	.Ltmp304-.Lfunc_begin6
	.short	4                               @ Loc expr size
	.byte	243                             @ DW_OP_GNU_entry_value
	.byte	1                               @ 1
	.byte	80                              @ DW_OP_reg0
	.byte	159                             @ DW_OP_stack_value
	.long	.Ltmp305-.Lfunc_begin6
	.long	.Ltmp310-.Lfunc_begin6
	.short	4                               @ Loc expr size
	.byte	243                             @ DW_OP_GNU_entry_value
	.byte	1                               @ 1
	.byte	80                              @ DW_OP_reg0
	.byte	159                             @ DW_OP_stack_value
	.long	.Ltmp311-.Lfunc_begin6
	.long	.Ltmp322-.Lfunc_begin6
	.short	4                               @ Loc expr size
	.byte	243                             @ DW_OP_GNU_entry_value
	.byte	1                               @ 1
	.byte	80                              @ DW_OP_reg0
	.byte	159                             @ DW_OP_stack_value
	.long	.Ltmp323-.Lfunc_begin6
	.long	.Lfunc_end6-.Lfunc_begin6
	.short	4                               @ Loc expr size
	.byte	243                             @ DW_OP_GNU_entry_value
	.byte	1                               @ 1
	.byte	80                              @ DW_OP_reg0
	.byte	159                             @ DW_OP_stack_value
	.long	0
	.long	0
.Ldebug_loc5:
	.long	-1
	.long	.Lfunc_begin6                   @   base address
	.long	.Lfunc_begin6-.Lfunc_begin6
	.long	.Ltmp291-.Lfunc_begin6
	.short	1                               @ Loc expr size
	.byte	81                              @ DW_OP_reg1
	.long	.Ltmp292-.Lfunc_begin6
	.long	.Ltmp294-.Lfunc_begin6
	.short	1                               @ Loc expr size
	.byte	81                              @ DW_OP_reg1
	.long	.Ltmp294-.Lfunc_begin6
	.long	.Ltmp295-.Lfunc_begin6
	.short	4                               @ Loc expr size
	.byte	243                             @ DW_OP_GNU_entry_value
	.byte	1                               @ 1
	.byte	81                              @ DW_OP_reg1
	.byte	159                             @ DW_OP_stack_value
	.long	.Ltmp296-.Lfunc_begin6
	.long	.Ltmp298-.Lfunc_begin6
	.short	4                               @ Loc expr size
	.byte	243                             @ DW_OP_GNU_entry_value
	.byte	1                               @ 1
	.byte	81                              @ DW_OP_reg1
	.byte	159                             @ DW_OP_stack_value
	.long	.Ltmp298-.Lfunc_begin6
	.long	.Ltmp303-.Lfunc_begin6
	.short	1                               @ Loc expr size
	.byte	81                              @ DW_OP_reg1
	.long	.Ltmp303-.Lfunc_begin6
	.long	.Ltmp304-.Lfunc_begin6
	.short	4                               @ Loc expr size
	.byte	243                             @ DW_OP_GNU_entry_value
	.byte	1                               @ 1
	.byte	81                              @ DW_OP_reg1
	.byte	159                             @ DW_OP_stack_value
	.long	.Ltmp305-.Lfunc_begin6
	.long	.Ltmp307-.Lfunc_begin6
	.short	4                               @ Loc expr size
	.byte	243                             @ DW_OP_GNU_entry_value
	.byte	1                               @ 1
	.byte	81                              @ DW_OP_reg1
	.byte	159                             @ DW_OP_stack_value
	.long	.Ltmp307-.Lfunc_begin6
	.long	.Ltmp309-.Lfunc_begin6
	.short	1                               @ Loc expr size
	.byte	81                              @ DW_OP_reg1
	.long	.Ltmp309-.Lfunc_begin6
	.long	.Ltmp310-.Lfunc_begin6
	.short	4                               @ Loc expr size
	.byte	243                             @ DW_OP_GNU_entry_value
	.byte	1                               @ 1
	.byte	81                              @ DW_OP_reg1
	.byte	159                             @ DW_OP_stack_value
	.long	.Ltmp311-.Lfunc_begin6
	.long	.Ltmp313-.Lfunc_begin6
	.short	4                               @ Loc expr size
	.byte	243                             @ DW_OP_GNU_entry_value
	.byte	1                               @ 1
	.byte	81                              @ DW_OP_reg1
	.byte	159                             @ DW_OP_stack_value
	.long	.Ltmp313-.Lfunc_begin6
	.long	.Ltmp315-.Lfunc_begin6
	.short	1                               @ Loc expr size
	.byte	81                              @ DW_OP_reg1
	.long	.Ltmp315-.Lfunc_begin6
	.long	.Ltmp316-.Lfunc_begin6
	.short	4                               @ Loc expr size
	.byte	243                             @ DW_OP_GNU_entry_value
	.byte	1                               @ 1
	.byte	81                              @ DW_OP_reg1
	.byte	159                             @ DW_OP_stack_value
	.long	.Ltmp319-.Lfunc_begin6
	.long	.Ltmp321-.Lfunc_begin6
	.short	1                               @ Loc expr size
	.byte	81                              @ DW_OP_reg1
	.long	.Ltmp321-.Lfunc_begin6
	.long	.Ltmp322-.Lfunc_begin6
	.short	4                               @ Loc expr size
	.byte	243                             @ DW_OP_GNU_entry_value
	.byte	1                               @ 1
	.byte	81                              @ DW_OP_reg1
	.byte	159                             @ DW_OP_stack_value
	.long	.Ltmp323-.Lfunc_begin6
	.long	.Ltmp325-.Lfunc_begin6
	.short	4                               @ Loc expr size
	.byte	243                             @ DW_OP_GNU_entry_value
	.byte	1                               @ 1
	.byte	81                              @ DW_OP_reg1
	.byte	159                             @ DW_OP_stack_value
	.long	.Ltmp328-.Lfunc_begin6
	.long	.Ltmp329-.Lfunc_begin6
	.short	4                               @ Loc expr size
	.byte	243                             @ DW_OP_GNU_entry_value
	.byte	1                               @ 1
	.byte	81                              @ DW_OP_reg1
	.byte	159                             @ DW_OP_stack_value
	.long	.Ltmp330-.Lfunc_begin6
	.long	.Lfunc_end6-.Lfunc_begin6
	.short	4                               @ Loc expr size
	.byte	243                             @ DW_OP_GNU_entry_value
	.byte	1                               @ 1
	.byte	81                              @ DW_OP_reg1
	.byte	159                             @ DW_OP_stack_value
	.long	0
	.long	0
.Ldebug_loc6:
	.long	-1
	.long	.Lfunc_begin7                   @   base address
	.long	.Lfunc_begin7-.Lfunc_begin7
	.long	.Ltmp388-.Lfunc_begin7
	.short	1                               @ Loc expr size
	.byte	80                              @ DW_OP_reg0
	.long	.Ltmp389-.Lfunc_begin7
	.long	.Ltmp425-.Lfunc_begin7
	.short	1                               @ Loc expr size
	.byte	80                              @ DW_OP_reg0
	.long	.Ltmp426-.Lfunc_begin7
	.long	.Lfunc_end7-.Lfunc_begin7
	.short	1                               @ Loc expr size
	.byte	80                              @ DW_OP_reg0
	.long	0
	.long	0
.Ldebug_loc7:
	.long	-1
	.long	.Lfunc_begin8                   @   base address
	.long	.Lfunc_begin8-.Lfunc_begin8
	.long	.Ltmp432-.Lfunc_begin8
	.short	1                               @ Loc expr size
	.byte	80                              @ DW_OP_reg0
	.long	.Ltmp432-.Lfunc_begin8
	.long	.Lfunc_end8-.Lfunc_begin8
	.short	4                               @ Loc expr size
	.byte	243                             @ DW_OP_GNU_entry_value
	.byte	1                               @ 1
	.byte	80                              @ DW_OP_reg0
	.byte	159                             @ DW_OP_stack_value
	.long	0
	.long	0
.Ldebug_loc8:
	.long	-1
	.long	.Lfunc_begin9                   @   base address
	.long	.Lfunc_begin9-.Lfunc_begin9
	.long	.Ltmp436-.Lfunc_begin9
	.short	1                               @ Loc expr size
	.byte	80                              @ DW_OP_reg0
	.long	.Ltmp436-.Lfunc_begin9
	.long	.Lfunc_end9-.Lfunc_begin9
	.short	4                               @ Loc expr size
	.byte	243                             @ DW_OP_GNU_entry_value
	.byte	1                               @ 1
	.byte	80                              @ DW_OP_reg0
	.byte	159                             @ DW_OP_stack_value
	.long	0
	.long	0
.Ldebug_loc9:
	.long	-1
	.long	.Lfunc_begin9                   @   base address
	.long	.Lfunc_begin9-.Lfunc_begin9
	.long	.Ltmp438-.Lfunc_begin9
	.short	1                               @ Loc expr size
	.byte	81                              @ DW_OP_reg1
	.long	.Ltmp438-.Lfunc_begin9
	.long	.Lfunc_end9-.Lfunc_begin9
	.short	4                               @ Loc expr size
	.byte	243                             @ DW_OP_GNU_entry_value
	.byte	1                               @ 1
	.byte	81                              @ DW_OP_reg1
	.byte	159                             @ DW_OP_stack_value
	.long	0
	.long	0
.Ldebug_loc10:
	.long	-1
	.long	.Lfunc_begin10                  @   base address
	.long	.Lfunc_begin10-.Lfunc_begin10
	.long	.Ltmp472-.Lfunc_begin10
	.short	1                               @ Loc expr size
	.byte	80                              @ DW_OP_reg0
	.long	.Ltmp476-.Lfunc_begin10
	.long	.Ltmp477-.Lfunc_begin10
	.short	4                               @ Loc expr size
	.byte	243                             @ DW_OP_GNU_entry_value
	.byte	1                               @ 1
	.byte	80                              @ DW_OP_reg0
	.byte	159                             @ DW_OP_stack_value
	.long	0
	.long	0
.Ldebug_loc11:
	.long	-1
	.long	.Lfunc_begin10                  @   base address
	.long	.Lfunc_begin10-.Lfunc_begin10
	.long	.Ltmp471-.Lfunc_begin10
	.short	1                               @ Loc expr size
	.byte	81                              @ DW_OP_reg1
	.long	.Ltmp471-.Lfunc_begin10
	.long	.Ltmp515-.Lfunc_begin10
	.short	2                               @ Loc expr size
	.byte	125                             @ DW_OP_breg13
	.byte	0                               @ 0
	.long	.Ltmp515-.Lfunc_begin10
	.long	.Ltmp519-.Lfunc_begin10
	.short	1                               @ Loc expr size
	.byte	81                              @ DW_OP_reg1
	.long	.Ltmp519-.Lfunc_begin10
	.long	.Ltmp564-.Lfunc_begin10
	.short	4                               @ Loc expr size
	.byte	243                             @ DW_OP_GNU_entry_value
	.byte	1                               @ 1
	.byte	81                              @ DW_OP_reg1
	.byte	159                             @ DW_OP_stack_value
	.long	0
	.long	0
.Ldebug_loc12:
	.long	-1
	.long	.Lfunc_begin10                  @   base address
	.long	.Ltmp456-.Lfunc_begin10
	.long	.Ltmp472-.Lfunc_begin10
	.short	2                               @ Loc expr size
	.byte	48                              @ DW_OP_lit0
	.byte	159                             @ DW_OP_stack_value
	.long	.Ltmp472-.Lfunc_begin10
	.long	.Ltmp515-.Lfunc_begin10
	.short	1                               @ Loc expr size
	.byte	81                              @ DW_OP_reg1
	.long	0
	.long	0
.Ldebug_loc13:
	.long	-1
	.long	.Lfunc_begin10                  @   base address
	.long	.Ltmp465-.Lfunc_begin10
	.long	.Ltmp535-.Lfunc_begin10
	.short	1                               @ Loc expr size
	.byte	80                              @ DW_OP_reg0
	.long	.Ltmp543-.Lfunc_begin10
	.long	.Ltmp547-.Lfunc_begin10
	.short	1                               @ Loc expr size
	.byte	80                              @ DW_OP_reg0
	.long	0
	.long	0
.Ldebug_loc14:
	.long	-1
	.long	.Lfunc_begin10                  @   base address
	.long	.Ltmp468-.Lfunc_begin10
	.long	.Ltmp472-.Lfunc_begin10
	.short	2                               @ Loc expr size
	.byte	48                              @ DW_OP_lit0
	.byte	159                             @ DW_OP_stack_value
	.long	.Ltmp472-.Lfunc_begin10
	.long	.Ltmp516-.Lfunc_begin10
	.short	1                               @ Loc expr size
	.byte	91                              @ DW_OP_reg11
	.long	0
	.long	0
.Ldebug_loc15:
	.long	-1
	.long	.Lfunc_begin10                  @   base address
	.long	.Ltmp468-.Lfunc_begin10
	.long	.Ltmp517-.Lfunc_begin10
	.short	1                               @ Loc expr size
	.byte	94                              @ DW_OP_reg14
	.long	.Ltmp517-.Lfunc_begin10
	.long	.Ltmp536-.Lfunc_begin10
	.short	1                               @ Loc expr size
	.byte	83                              @ DW_OP_reg3
	.long	.Ltmp543-.Lfunc_begin10
	.long	.Ltmp549-.Lfunc_begin10
	.short	1                               @ Loc expr size
	.byte	83                              @ DW_OP_reg3
	.long	0
	.long	0
.Ldebug_loc16:
	.long	-1
	.long	.Lfunc_begin10                  @   base address
	.long	.Ltmp472-.Lfunc_begin10
	.long	.Ltmp477-.Lfunc_begin10
	.short	2                               @ Loc expr size
	.byte	48                              @ DW_OP_lit0
	.byte	159                             @ DW_OP_stack_value
	.long	.Ltmp514-.Lfunc_begin10
	.long	.Ltmp516-.Lfunc_begin10
	.short	2                               @ Loc expr size
	.byte	48                              @ DW_OP_lit0
	.byte	159                             @ DW_OP_stack_value
	.long	.Ltmp563-.Lfunc_begin10
	.long	.Ltmp564-.Lfunc_begin10
	.short	2                               @ Loc expr size
	.byte	48                              @ DW_OP_lit0
	.byte	159                             @ DW_OP_stack_value
	.long	0
	.long	0
.Ldebug_loc17:
	.long	-1
	.long	.Lfunc_begin10                  @   base address
	.long	.Ltmp530-.Lfunc_begin10
	.long	.Ltmp533-.Lfunc_begin10
	.short	11                              @ Loc expr size
	.byte	118                             @ DW_OP_breg6
	.byte	0                               @ 0
	.byte	16                              @ DW_OP_constu
	.byte	255                             @ 255
	.byte	1                               @ 
	.byte	26                              @ DW_OP_and
	.byte	56                              @ DW_OP_lit8
	.byte	36                              @ DW_OP_shl
	.byte	50                              @ DW_OP_lit2
	.byte	33                              @ DW_OP_or
	.byte	159                             @ DW_OP_stack_value
	.long	.Ltmp543-.Lfunc_begin10
	.long	.Ltmp545-.Lfunc_begin10
	.short	11                              @ Loc expr size
	.byte	118                             @ DW_OP_breg6
	.byte	0                               @ 0
	.byte	16                              @ DW_OP_constu
	.byte	255                             @ 255
	.byte	1                               @ 
	.byte	26                              @ DW_OP_and
	.byte	56                              @ DW_OP_lit8
	.byte	36                              @ DW_OP_shl
	.byte	50                              @ DW_OP_lit2
	.byte	33                              @ DW_OP_or
	.byte	159                             @ DW_OP_stack_value
	.long	0
	.long	0
.Ldebug_loc18:
	.long	-1
	.long	.Lfunc_begin10                  @   base address
	.long	.Ltmp489-.Lfunc_begin10
	.long	.Ltmp493-.Lfunc_begin10
	.short	3                               @ Loc expr size
	.byte	112                             @ DW_OP_breg0
	.byte	2                               @ 2
	.byte	159                             @ DW_OP_stack_value
	.long	.Ltmp493-.Lfunc_begin10
	.long	.Ltmp494-.Lfunc_begin10
	.short	1                               @ Loc expr size
	.byte	85                              @ DW_OP_reg5
	.long	0
	.long	0
.Ldebug_loc19:
	.long	-1
	.long	.Lfunc_begin10                  @   base address
	.long	.Ltmp532-.Lfunc_begin10
	.long	.Ltmp535-.Lfunc_begin10
	.short	1                               @ Loc expr size
	.byte	80                              @ DW_OP_reg0
	.long	0
	.long	0
.Ldebug_loc20:
	.long	-1
	.long	.Lfunc_begin10                  @   base address
	.long	.Ltmp532-.Lfunc_begin10
	.long	.Ltmp536-.Lfunc_begin10
	.short	1                               @ Loc expr size
	.byte	83                              @ DW_OP_reg3
	.long	0
	.long	0
.Ldebug_loc21:
	.long	-1
	.long	.Lfunc_begin10                  @   base address
	.long	.Ltmp544-.Lfunc_begin10
	.long	.Ltmp549-.Lfunc_begin10
	.short	3                               @ Loc expr size
	.byte	115                             @ DW_OP_breg3
	.byte	126                             @ -2
	.byte	159                             @ DW_OP_stack_value
	.long	.Ltmp549-.Lfunc_begin10
	.long	.Ltmp551-.Lfunc_begin10
	.short	1                               @ Loc expr size
	.byte	83                              @ DW_OP_reg3
	.long	0
	.long	0
.Ldebug_loc22:
	.long	-1
	.long	.Lfunc_begin10                  @   base address
	.long	.Ltmp544-.Lfunc_begin10
	.long	.Ltmp546-.Lfunc_begin10
	.short	3                               @ Loc expr size
	.byte	112                             @ DW_OP_breg0
	.byte	2                               @ 2
	.byte	159                             @ DW_OP_stack_value
	.long	.Ltmp547-.Lfunc_begin10
	.long	.Ltmp550-.Lfunc_begin10
	.short	1                               @ Loc expr size
	.byte	80                              @ DW_OP_reg0
	.long	0
	.long	0
.Ldebug_loc23:
	.long	-1
	.long	.Lfunc_begin11                  @   base address
	.long	.Lfunc_begin11-.Lfunc_begin11
	.long	.Ltmp578-.Lfunc_begin11
	.short	1                               @ Loc expr size
	.byte	80                              @ DW_OP_reg0
	.long	.Ltmp578-.Lfunc_begin11
	.long	.Ltmp579-.Lfunc_begin11
	.short	4                               @ Loc expr size
	.byte	243                             @ DW_OP_GNU_entry_value
	.byte	1                               @ 1
	.byte	80                              @ DW_OP_reg0
	.byte	159                             @ DW_OP_stack_value
	.long	0
	.long	0
.Ldebug_loc24:
	.long	-1
	.long	.Lfunc_begin11                  @   base address
	.long	.Lfunc_begin11-.Lfunc_begin11
	.long	.Ltmp578-.Lfunc_begin11
	.short	1                               @ Loc expr size
	.byte	81                              @ DW_OP_reg1
	.long	.Ltmp578-.Lfunc_begin11
	.long	.Ltmp579-.Lfunc_begin11
	.short	4                               @ Loc expr size
	.byte	243                             @ DW_OP_GNU_entry_value
	.byte	1                               @ 1
	.byte	81                              @ DW_OP_reg1
	.byte	159                             @ DW_OP_stack_value
	.long	0
	.long	0
.Ldebug_loc25:
	.long	-1
	.long	.Lfunc_begin11                  @   base address
	.long	.Lfunc_begin11-.Lfunc_begin11
	.long	.Ltmp570-.Lfunc_begin11
	.short	1                               @ Loc expr size
	.byte	82                              @ DW_OP_reg2
	.long	.Ltmp570-.Lfunc_begin11
	.long	.Ltmp579-.Lfunc_begin11
	.short	4                               @ Loc expr size
	.byte	243                             @ DW_OP_GNU_entry_value
	.byte	1                               @ 1
	.byte	82                              @ DW_OP_reg2
	.byte	159                             @ DW_OP_stack_value
	.long	0
	.long	0
	.section	.debug_abbrev,"",%progbits
	.byte	1                               @ Abbreviation Code
	.byte	17                              @ DW_TAG_compile_unit
	.byte	1                               @ DW_CHILDREN_yes
	.byte	37                              @ DW_AT_producer
	.byte	14                              @ DW_FORM_strp
	.byte	19                              @ DW_AT_language
	.byte	5                               @ DW_FORM_data2
	.byte	3                               @ DW_AT_name
	.byte	14                              @ DW_FORM_strp
	.byte	16                              @ DW_AT_stmt_list
	.byte	23                              @ DW_FORM_sec_offset
	.byte	27                              @ DW_AT_comp_dir
	.byte	14                              @ DW_FORM_strp
	.byte	17                              @ DW_AT_low_pc
	.byte	1                               @ DW_FORM_addr
	.byte	85                              @ DW_AT_ranges
	.byte	23                              @ DW_FORM_sec_offset
	.byte	0                               @ EOM(1)
	.byte	0                               @ EOM(2)
	.byte	2                               @ Abbreviation Code
	.byte	52                              @ DW_TAG_variable
	.byte	0                               @ DW_CHILDREN_no
	.byte	3                               @ DW_AT_name
	.byte	14                              @ DW_FORM_strp
	.byte	73                              @ DW_AT_type
	.byte	19                              @ DW_FORM_ref4
	.byte	63                              @ DW_AT_external
	.byte	25                              @ DW_FORM_flag_present
	.byte	58                              @ DW_AT_decl_file
	.byte	11                              @ DW_FORM_data1
	.byte	59                              @ DW_AT_decl_line
	.byte	11                              @ DW_FORM_data1
	.byte	2                               @ DW_AT_location
	.byte	24                              @ DW_FORM_exprloc
	.byte	0                               @ EOM(1)
	.byte	0                               @ EOM(2)
	.byte	3                               @ Abbreviation Code
	.byte	53                              @ DW_TAG_volatile_type
	.byte	0                               @ DW_CHILDREN_no
	.byte	73                              @ DW_AT_type
	.byte	19                              @ DW_FORM_ref4
	.byte	0                               @ EOM(1)
	.byte	0                               @ EOM(2)
	.byte	4                               @ Abbreviation Code
	.byte	22                              @ DW_TAG_typedef
	.byte	0                               @ DW_CHILDREN_no
	.byte	73                              @ DW_AT_type
	.byte	19                              @ DW_FORM_ref4
	.byte	3                               @ DW_AT_name
	.byte	14                              @ DW_FORM_strp
	.byte	58                              @ DW_AT_decl_file
	.byte	11                              @ DW_FORM_data1
	.byte	59                              @ DW_AT_decl_line
	.byte	11                              @ DW_FORM_data1
	.byte	0                               @ EOM(1)
	.byte	0                               @ EOM(2)
	.byte	5                               @ Abbreviation Code
	.byte	36                              @ DW_TAG_base_type
	.byte	0                               @ DW_CHILDREN_no
	.byte	3                               @ DW_AT_name
	.byte	14                              @ DW_FORM_strp
	.byte	62                              @ DW_AT_encoding
	.byte	11                              @ DW_FORM_data1
	.byte	11                              @ DW_AT_byte_size
	.byte	11                              @ DW_FORM_data1
	.byte	0                               @ EOM(1)
	.byte	0                               @ EOM(2)
	.byte	6                               @ Abbreviation Code
	.byte	52                              @ DW_TAG_variable
	.byte	0                               @ DW_CHILDREN_no
	.byte	3                               @ DW_AT_name
	.byte	14                              @ DW_FORM_strp
	.byte	73                              @ DW_AT_type
	.byte	19                              @ DW_FORM_ref4
	.byte	63                              @ DW_AT_external
	.byte	25                              @ DW_FORM_flag_present
	.byte	58                              @ DW_AT_decl_file
	.byte	11                              @ DW_FORM_data1
	.byte	59                              @ DW_AT_decl_line
	.byte	11                              @ DW_FORM_data1
	.ascii	"\210\001"                      @ DW_AT_alignment
	.byte	15                              @ DW_FORM_udata
	.byte	2                               @ DW_AT_location
	.byte	24                              @ DW_FORM_exprloc
	.byte	0                               @ EOM(1)
	.byte	0                               @ EOM(2)
	.byte	7                               @ Abbreviation Code
	.byte	22                              @ DW_TAG_typedef
	.byte	0                               @ DW_CHILDREN_no
	.byte	73                              @ DW_AT_type
	.byte	19                              @ DW_FORM_ref4
	.byte	3                               @ DW_AT_name
	.byte	14                              @ DW_FORM_strp
	.byte	58                              @ DW_AT_decl_file
	.byte	11                              @ DW_FORM_data1
	.byte	59                              @ DW_AT_decl_line
	.byte	5                               @ DW_FORM_data2
	.byte	0                               @ EOM(1)
	.byte	0                               @ EOM(2)
	.byte	8                               @ Abbreviation Code
	.byte	19                              @ DW_TAG_structure_type
	.byte	1                               @ DW_CHILDREN_yes
	.byte	11                              @ DW_AT_byte_size
	.byte	11                              @ DW_FORM_data1
	.byte	58                              @ DW_AT_decl_file
	.byte	11                              @ DW_FORM_data1
	.byte	59                              @ DW_AT_decl_line
	.byte	5                               @ DW_FORM_data2
	.byte	0                               @ EOM(1)
	.byte	0                               @ EOM(2)
	.byte	9                               @ Abbreviation Code
	.byte	13                              @ DW_TAG_member
	.byte	0                               @ DW_CHILDREN_no
	.byte	3                               @ DW_AT_name
	.byte	14                              @ DW_FORM_strp
	.byte	73                              @ DW_AT_type
	.byte	19                              @ DW_FORM_ref4
	.byte	58                              @ DW_AT_decl_file
	.byte	11                              @ DW_FORM_data1
	.byte	59                              @ DW_AT_decl_line
	.byte	5                               @ DW_FORM_data2
	.byte	56                              @ DW_AT_data_member_location
	.byte	11                              @ DW_FORM_data1
	.byte	0                               @ EOM(1)
	.byte	0                               @ EOM(2)
	.byte	10                              @ Abbreviation Code
	.byte	52                              @ DW_TAG_variable
	.byte	0                               @ DW_CHILDREN_no
	.byte	3                               @ DW_AT_name
	.byte	14                              @ DW_FORM_strp
	.byte	73                              @ DW_AT_type
	.byte	19                              @ DW_FORM_ref4
	.byte	58                              @ DW_AT_decl_file
	.byte	11                              @ DW_FORM_data1
	.byte	59                              @ DW_AT_decl_line
	.byte	11                              @ DW_FORM_data1
	.ascii	"\210\001"                      @ DW_AT_alignment
	.byte	15                              @ DW_FORM_udata
	.byte	2                               @ DW_AT_location
	.byte	24                              @ DW_FORM_exprloc
	.byte	0                               @ EOM(1)
	.byte	0                               @ EOM(2)
	.byte	11                              @ Abbreviation Code
	.byte	19                              @ DW_TAG_structure_type
	.byte	1                               @ DW_CHILDREN_yes
	.byte	11                              @ DW_AT_byte_size
	.byte	11                              @ DW_FORM_data1
	.byte	58                              @ DW_AT_decl_file
	.byte	11                              @ DW_FORM_data1
	.byte	59                              @ DW_AT_decl_line
	.byte	11                              @ DW_FORM_data1
	.byte	0                               @ EOM(1)
	.byte	0                               @ EOM(2)
	.byte	12                              @ Abbreviation Code
	.byte	13                              @ DW_TAG_member
	.byte	0                               @ DW_CHILDREN_no
	.byte	3                               @ DW_AT_name
	.byte	14                              @ DW_FORM_strp
	.byte	73                              @ DW_AT_type
	.byte	19                              @ DW_FORM_ref4
	.byte	58                              @ DW_AT_decl_file
	.byte	11                              @ DW_FORM_data1
	.byte	59                              @ DW_AT_decl_line
	.byte	11                              @ DW_FORM_data1
	.byte	56                              @ DW_AT_data_member_location
	.byte	11                              @ DW_FORM_data1
	.byte	0                               @ EOM(1)
	.byte	0                               @ EOM(2)
	.byte	13                              @ Abbreviation Code
	.byte	19                              @ DW_TAG_structure_type
	.byte	1                               @ DW_CHILDREN_yes
	.byte	3                               @ DW_AT_name
	.byte	14                              @ DW_FORM_strp
	.byte	11                              @ DW_AT_byte_size
	.byte	11                              @ DW_FORM_data1
	.byte	58                              @ DW_AT_decl_file
	.byte	11                              @ DW_FORM_data1
	.byte	59                              @ DW_AT_decl_line
	.byte	11                              @ DW_FORM_data1
	.byte	0                               @ EOM(1)
	.byte	0                               @ EOM(2)
	.byte	14                              @ Abbreviation Code
	.byte	1                               @ DW_TAG_array_type
	.byte	1                               @ DW_CHILDREN_yes
	.byte	73                              @ DW_AT_type
	.byte	19                              @ DW_FORM_ref4
	.byte	0                               @ EOM(1)
	.byte	0                               @ EOM(2)
	.byte	15                              @ Abbreviation Code
	.byte	33                              @ DW_TAG_subrange_type
	.byte	0                               @ DW_CHILDREN_no
	.byte	73                              @ DW_AT_type
	.byte	19                              @ DW_FORM_ref4
	.byte	55                              @ DW_AT_count
	.byte	11                              @ DW_FORM_data1
	.byte	0                               @ EOM(1)
	.byte	0                               @ EOM(2)
	.byte	16                              @ Abbreviation Code
	.byte	36                              @ DW_TAG_base_type
	.byte	0                               @ DW_CHILDREN_no
	.byte	3                               @ DW_AT_name
	.byte	14                              @ DW_FORM_strp
	.byte	11                              @ DW_AT_byte_size
	.byte	11                              @ DW_FORM_data1
	.byte	62                              @ DW_AT_encoding
	.byte	11                              @ DW_FORM_data1
	.byte	0                               @ EOM(1)
	.byte	0                               @ EOM(2)
	.byte	17                              @ Abbreviation Code
	.byte	52                              @ DW_TAG_variable
	.byte	0                               @ DW_CHILDREN_no
	.byte	3                               @ DW_AT_name
	.byte	14                              @ DW_FORM_strp
	.byte	73                              @ DW_AT_type
	.byte	19                              @ DW_FORM_ref4
	.byte	58                              @ DW_AT_decl_file
	.byte	11                              @ DW_FORM_data1
	.byte	59                              @ DW_AT_decl_line
	.byte	11                              @ DW_FORM_data1
	.byte	2                               @ DW_AT_location
	.byte	24                              @ DW_FORM_exprloc
	.byte	0                               @ EOM(1)
	.byte	0                               @ EOM(2)
	.byte	18                              @ Abbreviation Code
	.byte	4                               @ DW_TAG_enumeration_type
	.byte	1                               @ DW_CHILDREN_yes
	.byte	73                              @ DW_AT_type
	.byte	19                              @ DW_FORM_ref4
	.byte	3                               @ DW_AT_name
	.byte	14                              @ DW_FORM_strp
	.byte	11                              @ DW_AT_byte_size
	.byte	11                              @ DW_FORM_data1
	.byte	58                              @ DW_AT_decl_file
	.byte	11                              @ DW_FORM_data1
	.byte	59                              @ DW_AT_decl_line
	.byte	11                              @ DW_FORM_data1
	.byte	0                               @ EOM(1)
	.byte	0                               @ EOM(2)
	.byte	19                              @ Abbreviation Code
	.byte	40                              @ DW_TAG_enumerator
	.byte	0                               @ DW_CHILDREN_no
	.byte	3                               @ DW_AT_name
	.byte	14                              @ DW_FORM_strp
	.byte	28                              @ DW_AT_const_value
	.byte	13                              @ DW_FORM_sdata
	.byte	0                               @ EOM(1)
	.byte	0                               @ EOM(2)
	.byte	20                              @ Abbreviation Code
	.byte	15                              @ DW_TAG_pointer_type
	.byte	0                               @ DW_CHILDREN_no
	.byte	73                              @ DW_AT_type
	.byte	19                              @ DW_FORM_ref4
	.byte	0                               @ EOM(1)
	.byte	0                               @ EOM(2)
	.byte	21                              @ Abbreviation Code
	.byte	19                              @ DW_TAG_structure_type
	.byte	1                               @ DW_CHILDREN_yes
	.byte	11                              @ DW_AT_byte_size
	.byte	5                               @ DW_FORM_data2
	.byte	58                              @ DW_AT_decl_file
	.byte	11                              @ DW_FORM_data1
	.byte	59                              @ DW_AT_decl_line
	.byte	5                               @ DW_FORM_data2
	.byte	0                               @ EOM(1)
	.byte	0                               @ EOM(2)
	.byte	22                              @ Abbreviation Code
	.byte	13                              @ DW_TAG_member
	.byte	0                               @ DW_CHILDREN_no
	.byte	73                              @ DW_AT_type
	.byte	19                              @ DW_FORM_ref4
	.byte	58                              @ DW_AT_decl_file
	.byte	11                              @ DW_FORM_data1
	.byte	59                              @ DW_AT_decl_line
	.byte	5                               @ DW_FORM_data2
	.byte	56                              @ DW_AT_data_member_location
	.byte	11                              @ DW_FORM_data1
	.byte	0                               @ EOM(1)
	.byte	0                               @ EOM(2)
	.byte	23                              @ Abbreviation Code
	.byte	23                              @ DW_TAG_union_type
	.byte	1                               @ DW_CHILDREN_yes
	.byte	11                              @ DW_AT_byte_size
	.byte	11                              @ DW_FORM_data1
	.byte	58                              @ DW_AT_decl_file
	.byte	11                              @ DW_FORM_data1
	.byte	59                              @ DW_AT_decl_line
	.byte	5                               @ DW_FORM_data2
	.byte	0                               @ EOM(1)
	.byte	0                               @ EOM(2)
	.byte	24                              @ Abbreviation Code
	.byte	13                              @ DW_TAG_member
	.byte	0                               @ DW_CHILDREN_no
	.byte	3                               @ DW_AT_name
	.byte	14                              @ DW_FORM_strp
	.byte	73                              @ DW_AT_type
	.byte	19                              @ DW_FORM_ref4
	.byte	58                              @ DW_AT_decl_file
	.byte	11                              @ DW_FORM_data1
	.byte	59                              @ DW_AT_decl_line
	.byte	5                               @ DW_FORM_data2
	.byte	56                              @ DW_AT_data_member_location
	.byte	5                               @ DW_FORM_data2
	.byte	0                               @ EOM(1)
	.byte	0                               @ EOM(2)
	.byte	25                              @ Abbreviation Code
	.byte	38                              @ DW_TAG_const_type
	.byte	0                               @ DW_CHILDREN_no
	.byte	73                              @ DW_AT_type
	.byte	19                              @ DW_FORM_ref4
	.byte	0                               @ EOM(1)
	.byte	0                               @ EOM(2)
	.byte	26                              @ Abbreviation Code
	.byte	19                              @ DW_TAG_structure_type
	.byte	1                               @ DW_CHILDREN_yes
	.byte	11                              @ DW_AT_byte_size
	.byte	5                               @ DW_FORM_data2
	.byte	58                              @ DW_AT_decl_file
	.byte	11                              @ DW_FORM_data1
	.byte	59                              @ DW_AT_decl_line
	.byte	11                              @ DW_FORM_data1
	.byte	0                               @ EOM(1)
	.byte	0                               @ EOM(2)
	.byte	27                              @ Abbreviation Code
	.byte	33                              @ DW_TAG_subrange_type
	.byte	0                               @ DW_CHILDREN_no
	.byte	73                              @ DW_AT_type
	.byte	19                              @ DW_FORM_ref4
	.byte	55                              @ DW_AT_count
	.byte	5                               @ DW_FORM_data2
	.byte	0                               @ EOM(1)
	.byte	0                               @ EOM(2)
	.byte	28                              @ Abbreviation Code
	.byte	46                              @ DW_TAG_subprogram
	.byte	0                               @ DW_CHILDREN_no
	.byte	3                               @ DW_AT_name
	.byte	14                              @ DW_FORM_strp
	.byte	58                              @ DW_AT_decl_file
	.byte	11                              @ DW_FORM_data1
	.byte	59                              @ DW_AT_decl_line
	.byte	11                              @ DW_FORM_data1
	.byte	39                              @ DW_AT_prototyped
	.byte	25                              @ DW_FORM_flag_present
	.byte	32                              @ DW_AT_inline
	.byte	11                              @ DW_FORM_data1
	.byte	0                               @ EOM(1)
	.byte	0                               @ EOM(2)
	.byte	29                              @ Abbreviation Code
	.byte	46                              @ DW_TAG_subprogram
	.byte	1                               @ DW_CHILDREN_yes
	.byte	17                              @ DW_AT_low_pc
	.byte	1                               @ DW_FORM_addr
	.byte	18                              @ DW_AT_high_pc
	.byte	6                               @ DW_FORM_data4
	.byte	64                              @ DW_AT_frame_base
	.byte	24                              @ DW_FORM_exprloc
	.ascii	"\227B"                         @ DW_AT_GNU_all_call_sites
	.byte	25                              @ DW_FORM_flag_present
	.byte	3                               @ DW_AT_name
	.byte	14                              @ DW_FORM_strp
	.byte	58                              @ DW_AT_decl_file
	.byte	11                              @ DW_FORM_data1
	.byte	59                              @ DW_AT_decl_line
	.byte	11                              @ DW_FORM_data1
	.byte	39                              @ DW_AT_prototyped
	.byte	25                              @ DW_FORM_flag_present
	.byte	63                              @ DW_AT_external
	.byte	25                              @ DW_FORM_flag_present
	.byte	0                               @ EOM(1)
	.byte	0                               @ EOM(2)
	.byte	30                              @ Abbreviation Code
	.byte	52                              @ DW_TAG_variable
	.byte	0                               @ DW_CHILDREN_no
	.byte	2                               @ DW_AT_location
	.byte	24                              @ DW_FORM_exprloc
	.byte	3                               @ DW_AT_name
	.byte	14                              @ DW_FORM_strp
	.byte	58                              @ DW_AT_decl_file
	.byte	11                              @ DW_FORM_data1
	.byte	59                              @ DW_AT_decl_line
	.byte	11                              @ DW_FORM_data1
	.byte	73                              @ DW_AT_type
	.byte	19                              @ DW_FORM_ref4
	.byte	0                               @ EOM(1)
	.byte	0                               @ EOM(2)
	.byte	31                              @ Abbreviation Code
	.byte	52                              @ DW_TAG_variable
	.byte	0                               @ DW_CHILDREN_no
	.byte	2                               @ DW_AT_location
	.byte	23                              @ DW_FORM_sec_offset
	.byte	3                               @ DW_AT_name
	.byte	14                              @ DW_FORM_strp
	.byte	58                              @ DW_AT_decl_file
	.byte	11                              @ DW_FORM_data1
	.byte	59                              @ DW_AT_decl_line
	.byte	11                              @ DW_FORM_data1
	.byte	73                              @ DW_AT_type
	.byte	19                              @ DW_FORM_ref4
	.byte	0                               @ EOM(1)
	.byte	0                               @ EOM(2)
	.byte	32                              @ Abbreviation Code
	.byte	10                              @ DW_TAG_label
	.byte	0                               @ DW_CHILDREN_no
	.byte	3                               @ DW_AT_name
	.byte	14                              @ DW_FORM_strp
	.byte	58                              @ DW_AT_decl_file
	.byte	11                              @ DW_FORM_data1
	.byte	59                              @ DW_AT_decl_line
	.byte	5                               @ DW_FORM_data2
	.byte	17                              @ DW_AT_low_pc
	.byte	1                               @ DW_FORM_addr
	.byte	0                               @ EOM(1)
	.byte	0                               @ EOM(2)
	.byte	33                              @ Abbreviation Code
	.byte	29                              @ DW_TAG_inlined_subroutine
	.byte	0                               @ DW_CHILDREN_no
	.byte	49                              @ DW_AT_abstract_origin
	.byte	19                              @ DW_FORM_ref4
	.byte	17                              @ DW_AT_low_pc
	.byte	1                               @ DW_FORM_addr
	.byte	18                              @ DW_AT_high_pc
	.byte	6                               @ DW_FORM_data4
	.byte	88                              @ DW_AT_call_file
	.byte	11                              @ DW_FORM_data1
	.byte	89                              @ DW_AT_call_line
	.byte	11                              @ DW_FORM_data1
	.byte	87                              @ DW_AT_call_column
	.byte	11                              @ DW_FORM_data1
	.byte	0                               @ EOM(1)
	.byte	0                               @ EOM(2)
	.byte	34                              @ Abbreviation Code
	.byte	46                              @ DW_TAG_subprogram
	.byte	1                               @ DW_CHILDREN_yes
	.byte	3                               @ DW_AT_name
	.byte	14                              @ DW_FORM_strp
	.byte	58                              @ DW_AT_decl_file
	.byte	11                              @ DW_FORM_data1
	.byte	59                              @ DW_AT_decl_line
	.byte	11                              @ DW_FORM_data1
	.byte	39                              @ DW_AT_prototyped
	.byte	25                              @ DW_FORM_flag_present
	.byte	32                              @ DW_AT_inline
	.byte	11                              @ DW_FORM_data1
	.byte	0                               @ EOM(1)
	.byte	0                               @ EOM(2)
	.byte	35                              @ Abbreviation Code
	.byte	5                               @ DW_TAG_formal_parameter
	.byte	0                               @ DW_CHILDREN_no
	.byte	3                               @ DW_AT_name
	.byte	14                              @ DW_FORM_strp
	.byte	58                              @ DW_AT_decl_file
	.byte	11                              @ DW_FORM_data1
	.byte	59                              @ DW_AT_decl_line
	.byte	11                              @ DW_FORM_data1
	.byte	73                              @ DW_AT_type
	.byte	19                              @ DW_FORM_ref4
	.byte	0                               @ EOM(1)
	.byte	0                               @ EOM(2)
	.byte	36                              @ Abbreviation Code
	.byte	46                              @ DW_TAG_subprogram
	.byte	1                               @ DW_CHILDREN_yes
	.byte	3                               @ DW_AT_name
	.byte	14                              @ DW_FORM_strp
	.byte	58                              @ DW_AT_decl_file
	.byte	11                              @ DW_FORM_data1
	.byte	59                              @ DW_AT_decl_line
	.byte	5                               @ DW_FORM_data2
	.byte	39                              @ DW_AT_prototyped
	.byte	25                              @ DW_FORM_flag_present
	.byte	32                              @ DW_AT_inline
	.byte	11                              @ DW_FORM_data1
	.byte	0                               @ EOM(1)
	.byte	0                               @ EOM(2)
	.byte	37                              @ Abbreviation Code
	.byte	5                               @ DW_TAG_formal_parameter
	.byte	0                               @ DW_CHILDREN_no
	.byte	3                               @ DW_AT_name
	.byte	14                              @ DW_FORM_strp
	.byte	58                              @ DW_AT_decl_file
	.byte	11                              @ DW_FORM_data1
	.byte	59                              @ DW_AT_decl_line
	.byte	5                               @ DW_FORM_data2
	.byte	73                              @ DW_AT_type
	.byte	19                              @ DW_FORM_ref4
	.byte	0                               @ EOM(1)
	.byte	0                               @ EOM(2)
	.byte	38                              @ Abbreviation Code
	.byte	46                              @ DW_TAG_subprogram
	.byte	1                               @ DW_CHILDREN_yes
	.byte	17                              @ DW_AT_low_pc
	.byte	1                               @ DW_FORM_addr
	.byte	18                              @ DW_AT_high_pc
	.byte	6                               @ DW_FORM_data4
	.byte	64                              @ DW_AT_frame_base
	.byte	24                              @ DW_FORM_exprloc
	.ascii	"\227B"                         @ DW_AT_GNU_all_call_sites
	.byte	25                              @ DW_FORM_flag_present
	.byte	49                              @ DW_AT_abstract_origin
	.byte	19                              @ DW_FORM_ref4
	.byte	0                               @ EOM(1)
	.byte	0                               @ EOM(2)
	.byte	39                              @ Abbreviation Code
	.byte	29                              @ DW_TAG_inlined_subroutine
	.byte	1                               @ DW_CHILDREN_yes
	.byte	49                              @ DW_AT_abstract_origin
	.byte	19                              @ DW_FORM_ref4
	.byte	17                              @ DW_AT_low_pc
	.byte	1                               @ DW_FORM_addr
	.byte	18                              @ DW_AT_high_pc
	.byte	6                               @ DW_FORM_data4
	.byte	88                              @ DW_AT_call_file
	.byte	11                              @ DW_FORM_data1
	.byte	89                              @ DW_AT_call_line
	.byte	5                               @ DW_FORM_data2
	.byte	87                              @ DW_AT_call_column
	.byte	11                              @ DW_FORM_data1
	.byte	0                               @ EOM(1)
	.byte	0                               @ EOM(2)
	.byte	40                              @ Abbreviation Code
	.byte	5                               @ DW_TAG_formal_parameter
	.byte	0                               @ DW_CHILDREN_no
	.byte	28                              @ DW_AT_const_value
	.byte	15                              @ DW_FORM_udata
	.byte	49                              @ DW_AT_abstract_origin
	.byte	19                              @ DW_FORM_ref4
	.byte	0                               @ EOM(1)
	.byte	0                               @ EOM(2)
	.byte	41                              @ Abbreviation Code
	.byte	46                              @ DW_TAG_subprogram
	.byte	1                               @ DW_CHILDREN_yes
	.byte	17                              @ DW_AT_low_pc
	.byte	1                               @ DW_FORM_addr
	.byte	18                              @ DW_AT_high_pc
	.byte	6                               @ DW_FORM_data4
	.byte	64                              @ DW_AT_frame_base
	.byte	24                              @ DW_FORM_exprloc
	.ascii	"\227B"                         @ DW_AT_GNU_all_call_sites
	.byte	25                              @ DW_FORM_flag_present
	.byte	3                               @ DW_AT_name
	.byte	14                              @ DW_FORM_strp
	.byte	58                              @ DW_AT_decl_file
	.byte	11                              @ DW_FORM_data1
	.byte	59                              @ DW_AT_decl_line
	.byte	5                               @ DW_FORM_data2
	.byte	39                              @ DW_AT_prototyped
	.byte	25                              @ DW_FORM_flag_present
	.byte	63                              @ DW_AT_external
	.byte	25                              @ DW_FORM_flag_present
	.byte	0                               @ EOM(1)
	.byte	0                               @ EOM(2)
	.byte	42                              @ Abbreviation Code
	.byte	52                              @ DW_TAG_variable
	.byte	0                               @ DW_CHILDREN_no
	.byte	3                               @ DW_AT_name
	.byte	14                              @ DW_FORM_strp
	.byte	58                              @ DW_AT_decl_file
	.byte	11                              @ DW_FORM_data1
	.byte	59                              @ DW_AT_decl_line
	.byte	5                               @ DW_FORM_data2
	.byte	73                              @ DW_AT_type
	.byte	19                              @ DW_FORM_ref4
	.byte	0                               @ EOM(1)
	.byte	0                               @ EOM(2)
	.byte	43                              @ Abbreviation Code
	.byte	46                              @ DW_TAG_subprogram
	.byte	1                               @ DW_CHILDREN_yes
	.byte	3                               @ DW_AT_name
	.byte	14                              @ DW_FORM_strp
	.byte	58                              @ DW_AT_decl_file
	.byte	11                              @ DW_FORM_data1
	.byte	59                              @ DW_AT_decl_line
	.byte	5                               @ DW_FORM_data2
	.byte	32                              @ DW_AT_inline
	.byte	11                              @ DW_FORM_data1
	.byte	0                               @ EOM(1)
	.byte	0                               @ EOM(2)
	.byte	44                              @ Abbreviation Code
	.byte	46                              @ DW_TAG_subprogram
	.byte	0                               @ DW_CHILDREN_no
	.byte	3                               @ DW_AT_name
	.byte	14                              @ DW_FORM_strp
	.byte	58                              @ DW_AT_decl_file
	.byte	11                              @ DW_FORM_data1
	.byte	59                              @ DW_AT_decl_line
	.byte	5                               @ DW_FORM_data2
	.byte	39                              @ DW_AT_prototyped
	.byte	25                              @ DW_FORM_flag_present
	.byte	32                              @ DW_AT_inline
	.byte	11                              @ DW_FORM_data1
	.byte	0                               @ EOM(1)
	.byte	0                               @ EOM(2)
	.byte	45                              @ Abbreviation Code
	.byte	46                              @ DW_TAG_subprogram
	.byte	0                               @ DW_CHILDREN_no
	.byte	3                               @ DW_AT_name
	.byte	14                              @ DW_FORM_strp
	.byte	58                              @ DW_AT_decl_file
	.byte	11                              @ DW_FORM_data1
	.byte	59                              @ DW_AT_decl_line
	.byte	5                               @ DW_FORM_data2
	.byte	39                              @ DW_AT_prototyped
	.byte	25                              @ DW_FORM_flag_present
	.byte	63                              @ DW_AT_external
	.byte	25                              @ DW_FORM_flag_present
	.byte	32                              @ DW_AT_inline
	.byte	11                              @ DW_FORM_data1
	.byte	0                               @ EOM(1)
	.byte	0                               @ EOM(2)
	.byte	46                              @ Abbreviation Code
	.byte	52                              @ DW_TAG_variable
	.byte	0                               @ DW_CHILDREN_no
	.byte	2                               @ DW_AT_location
	.byte	23                              @ DW_FORM_sec_offset
	.byte	49                              @ DW_AT_abstract_origin
	.byte	19                              @ DW_FORM_ref4
	.byte	0                               @ EOM(1)
	.byte	0                               @ EOM(2)
	.byte	47                              @ Abbreviation Code
	.byte	29                              @ DW_TAG_inlined_subroutine
	.byte	0                               @ DW_CHILDREN_no
	.byte	49                              @ DW_AT_abstract_origin
	.byte	19                              @ DW_FORM_ref4
	.byte	17                              @ DW_AT_low_pc
	.byte	1                               @ DW_FORM_addr
	.byte	18                              @ DW_AT_high_pc
	.byte	6                               @ DW_FORM_data4
	.byte	88                              @ DW_AT_call_file
	.byte	11                              @ DW_FORM_data1
	.byte	89                              @ DW_AT_call_line
	.byte	5                               @ DW_FORM_data2
	.byte	87                              @ DW_AT_call_column
	.byte	11                              @ DW_FORM_data1
	.byte	0                               @ EOM(1)
	.byte	0                               @ EOM(2)
	.byte	48                              @ Abbreviation Code
	.byte	29                              @ DW_TAG_inlined_subroutine
	.byte	1                               @ DW_CHILDREN_yes
	.byte	49                              @ DW_AT_abstract_origin
	.byte	19                              @ DW_FORM_ref4
	.byte	85                              @ DW_AT_ranges
	.byte	23                              @ DW_FORM_sec_offset
	.byte	88                              @ DW_AT_call_file
	.byte	11                              @ DW_FORM_data1
	.byte	89                              @ DW_AT_call_line
	.byte	5                               @ DW_FORM_data2
	.byte	87                              @ DW_AT_call_column
	.byte	11                              @ DW_FORM_data1
	.byte	0                               @ EOM(1)
	.byte	0                               @ EOM(2)
	.byte	49                              @ Abbreviation Code
	.byte	5                               @ DW_TAG_formal_parameter
	.byte	0                               @ DW_CHILDREN_no
	.byte	28                              @ DW_AT_const_value
	.byte	13                              @ DW_FORM_sdata
	.byte	49                              @ DW_AT_abstract_origin
	.byte	19                              @ DW_FORM_ref4
	.byte	0                               @ EOM(1)
	.byte	0                               @ EOM(2)
	.byte	50                              @ Abbreviation Code
	.byte	52                              @ DW_TAG_variable
	.byte	0                               @ DW_CHILDREN_no
	.byte	2                               @ DW_AT_location
	.byte	24                              @ DW_FORM_exprloc
	.byte	3                               @ DW_AT_name
	.byte	14                              @ DW_FORM_strp
	.byte	58                              @ DW_AT_decl_file
	.byte	11                              @ DW_FORM_data1
	.byte	59                              @ DW_AT_decl_line
	.byte	5                               @ DW_FORM_data2
	.byte	73                              @ DW_AT_type
	.byte	19                              @ DW_FORM_ref4
	.byte	0                               @ EOM(1)
	.byte	0                               @ EOM(2)
	.byte	51                              @ Abbreviation Code
	.byte	11                              @ DW_TAG_lexical_block
	.byte	1                               @ DW_CHILDREN_yes
	.byte	17                              @ DW_AT_low_pc
	.byte	1                               @ DW_FORM_addr
	.byte	18                              @ DW_AT_high_pc
	.byte	6                               @ DW_FORM_data4
	.byte	0                               @ EOM(1)
	.byte	0                               @ EOM(2)
	.byte	52                              @ Abbreviation Code
	.byte	5                               @ DW_TAG_formal_parameter
	.byte	0                               @ DW_CHILDREN_no
	.byte	2                               @ DW_AT_location
	.byte	23                              @ DW_FORM_sec_offset
	.byte	3                               @ DW_AT_name
	.byte	14                              @ DW_FORM_strp
	.byte	58                              @ DW_AT_decl_file
	.byte	11                              @ DW_FORM_data1
	.byte	59                              @ DW_AT_decl_line
	.byte	5                               @ DW_FORM_data2
	.byte	73                              @ DW_AT_type
	.byte	19                              @ DW_FORM_ref4
	.byte	0                               @ EOM(1)
	.byte	0                               @ EOM(2)
	.byte	53                              @ Abbreviation Code
	.byte	46                              @ DW_TAG_subprogram
	.byte	1                               @ DW_CHILDREN_yes
	.byte	17                              @ DW_AT_low_pc
	.byte	1                               @ DW_FORM_addr
	.byte	18                              @ DW_AT_high_pc
	.byte	6                               @ DW_FORM_data4
	.byte	64                              @ DW_AT_frame_base
	.byte	24                              @ DW_FORM_exprloc
	.ascii	"\227B"                         @ DW_AT_GNU_all_call_sites
	.byte	25                              @ DW_FORM_flag_present
	.byte	3                               @ DW_AT_name
	.byte	14                              @ DW_FORM_strp
	.byte	58                              @ DW_AT_decl_file
	.byte	11                              @ DW_FORM_data1
	.byte	59                              @ DW_AT_decl_line
	.byte	5                               @ DW_FORM_data2
	.byte	39                              @ DW_AT_prototyped
	.byte	25                              @ DW_FORM_flag_present
	.byte	73                              @ DW_AT_type
	.byte	19                              @ DW_FORM_ref4
	.byte	63                              @ DW_AT_external
	.byte	25                              @ DW_FORM_flag_present
	.byte	0                               @ EOM(1)
	.byte	0                               @ EOM(2)
	.byte	54                              @ Abbreviation Code
	.byte	5                               @ DW_TAG_formal_parameter
	.byte	0                               @ DW_CHILDREN_no
	.byte	2                               @ DW_AT_location
	.byte	24                              @ DW_FORM_exprloc
	.byte	3                               @ DW_AT_name
	.byte	14                              @ DW_FORM_strp
	.byte	58                              @ DW_AT_decl_file
	.byte	11                              @ DW_FORM_data1
	.byte	59                              @ DW_AT_decl_line
	.byte	5                               @ DW_FORM_data2
	.byte	73                              @ DW_AT_type
	.byte	19                              @ DW_FORM_ref4
	.byte	0                               @ EOM(1)
	.byte	0                               @ EOM(2)
	.byte	55                              @ Abbreviation Code
	.byte	5                               @ DW_TAG_formal_parameter
	.byte	0                               @ DW_CHILDREN_no
	.byte	2                               @ DW_AT_location
	.byte	23                              @ DW_FORM_sec_offset
	.byte	49                              @ DW_AT_abstract_origin
	.byte	19                              @ DW_FORM_ref4
	.byte	0                               @ EOM(1)
	.byte	0                               @ EOM(2)
	.byte	56                              @ Abbreviation Code
	.byte	46                              @ DW_TAG_subprogram
	.byte	1                               @ DW_CHILDREN_yes
	.byte	3                               @ DW_AT_name
	.byte	14                              @ DW_FORM_strp
	.byte	58                              @ DW_AT_decl_file
	.byte	11                              @ DW_FORM_data1
	.byte	59                              @ DW_AT_decl_line
	.byte	5                               @ DW_FORM_data2
	.byte	39                              @ DW_AT_prototyped
	.byte	25                              @ DW_FORM_flag_present
	.byte	73                              @ DW_AT_type
	.byte	19                              @ DW_FORM_ref4
	.byte	63                              @ DW_AT_external
	.byte	25                              @ DW_FORM_flag_present
	.byte	32                              @ DW_AT_inline
	.byte	11                              @ DW_FORM_data1
	.byte	0                               @ EOM(1)
	.byte	0                               @ EOM(2)
	.byte	57                              @ Abbreviation Code
	.byte	52                              @ DW_TAG_variable
	.byte	0                               @ DW_CHILDREN_no
	.byte	2                               @ DW_AT_location
	.byte	23                              @ DW_FORM_sec_offset
	.byte	3                               @ DW_AT_name
	.byte	14                              @ DW_FORM_strp
	.byte	58                              @ DW_AT_decl_file
	.byte	11                              @ DW_FORM_data1
	.byte	59                              @ DW_AT_decl_line
	.byte	5                               @ DW_FORM_data2
	.byte	73                              @ DW_AT_type
	.byte	19                              @ DW_FORM_ref4
	.byte	0                               @ EOM(1)
	.byte	0                               @ EOM(2)
	.byte	58                              @ Abbreviation Code
	.byte	5                               @ DW_TAG_formal_parameter
	.byte	0                               @ DW_CHILDREN_no
	.byte	2                               @ DW_AT_location
	.byte	24                              @ DW_FORM_exprloc
	.byte	49                              @ DW_AT_abstract_origin
	.byte	19                              @ DW_FORM_ref4
	.byte	0                               @ EOM(1)
	.byte	0                               @ EOM(2)
	.byte	59                              @ Abbreviation Code
	.byte	29                              @ DW_TAG_inlined_subroutine
	.byte	1                               @ DW_CHILDREN_yes
	.byte	49                              @ DW_AT_abstract_origin
	.byte	19                              @ DW_FORM_ref4
	.byte	17                              @ DW_AT_low_pc
	.byte	1                               @ DW_FORM_addr
	.byte	18                              @ DW_AT_high_pc
	.byte	6                               @ DW_FORM_data4
	.byte	88                              @ DW_AT_call_file
	.byte	11                              @ DW_FORM_data1
	.byte	89                              @ DW_AT_call_line
	.byte	11                              @ DW_FORM_data1
	.byte	0                               @ EOM(1)
	.byte	0                               @ EOM(2)
	.byte	60                              @ Abbreviation Code
	.byte	46                              @ DW_TAG_subprogram
	.byte	0                               @ DW_CHILDREN_no
	.byte	17                              @ DW_AT_low_pc
	.byte	1                               @ DW_FORM_addr
	.byte	18                              @ DW_AT_high_pc
	.byte	6                               @ DW_FORM_data4
	.byte	64                              @ DW_AT_frame_base
	.byte	24                              @ DW_FORM_exprloc
	.ascii	"\227B"                         @ DW_AT_GNU_all_call_sites
	.byte	25                              @ DW_FORM_flag_present
	.byte	3                               @ DW_AT_name
	.byte	14                              @ DW_FORM_strp
	.byte	58                              @ DW_AT_decl_file
	.byte	11                              @ DW_FORM_data1
	.byte	59                              @ DW_AT_decl_line
	.byte	5                               @ DW_FORM_data2
	.byte	39                              @ DW_AT_prototyped
	.byte	25                              @ DW_FORM_flag_present
	.byte	73                              @ DW_AT_type
	.byte	19                              @ DW_FORM_ref4
	.byte	63                              @ DW_AT_external
	.byte	25                              @ DW_FORM_flag_present
	.byte	0                               @ EOM(1)
	.byte	0                               @ EOM(2)
	.byte	0                               @ EOM(3)
	.section	.debug_info,"",%progbits
.Lcu_begin0:
	.long	.Ldebug_info_end0-.Ldebug_info_start0 @ Length of Unit
.Ldebug_info_start0:
	.short	4                               @ DWARF version number
	.long	.debug_abbrev                   @ Offset Into Abbrev. Section
	.byte	4                               @ Address Size (in bytes)
	.byte	1                               @ Abbrev [1] 0xb:0x1dc8 DW_TAG_compile_unit
	.long	.Linfo_string0                  @ DW_AT_producer
	.short	29                              @ DW_AT_language
	.long	.Linfo_string1                  @ DW_AT_name
	.long	.Lline_table_start0             @ DW_AT_stmt_list
	.long	.Linfo_string2                  @ DW_AT_comp_dir
	.long	0                               @ DW_AT_low_pc
	.long	.Ldebug_ranges3                 @ DW_AT_ranges
	.byte	2                               @ Abbrev [2] 0x26:0x11 DW_TAG_variable
	.long	.Linfo_string3                  @ DW_AT_name
	.long	55                              @ DW_AT_type
                                        @ DW_AT_external
	.byte	2                               @ DW_AT_decl_file
	.byte	18                              @ DW_AT_decl_line
	.byte	5                               @ DW_AT_location
	.byte	3
	.long	gAppConnected
	.byte	3                               @ Abbrev [3] 0x37:0x5 DW_TAG_volatile_type
	.long	60                              @ DW_AT_type
	.byte	4                               @ Abbrev [4] 0x3c:0xb DW_TAG_typedef
	.long	71                              @ DW_AT_type
	.long	.Linfo_string5                  @ DW_AT_name
	.byte	1                               @ DW_AT_decl_file
	.byte	62                              @ DW_AT_decl_line
	.byte	5                               @ Abbrev [5] 0x47:0x7 DW_TAG_base_type
	.long	.Linfo_string4                  @ DW_AT_name
	.byte	8                               @ DW_AT_encoding
	.byte	1                               @ DW_AT_byte_size
	.byte	2                               @ Abbrev [2] 0x4e:0x11 DW_TAG_variable
	.long	.Linfo_string6                  @ DW_AT_name
	.long	95                              @ DW_AT_type
                                        @ DW_AT_external
	.byte	2                               @ DW_AT_decl_file
	.byte	17                              @ DW_AT_decl_line
	.byte	5                               @ DW_AT_location
	.byte	3
	.long	gMaxPacketSize
	.byte	3                               @ Abbrev [3] 0x5f:0x5 DW_TAG_volatile_type
	.long	100                             @ DW_AT_type
	.byte	4                               @ Abbrev [4] 0x64:0xb DW_TAG_typedef
	.long	111                             @ DW_AT_type
	.long	.Linfo_string8                  @ DW_AT_name
	.byte	1                               @ DW_AT_decl_file
	.byte	64                              @ DW_AT_decl_line
	.byte	5                               @ Abbrev [5] 0x6f:0x7 DW_TAG_base_type
	.long	.Linfo_string7                  @ DW_AT_name
	.byte	7                               @ DW_AT_encoding
	.byte	4                               @ DW_AT_byte_size
	.byte	6                               @ Abbrev [6] 0x76:0x12 DW_TAG_variable
	.long	.Linfo_string9                  @ DW_AT_name
	.long	136                             @ DW_AT_type
                                        @ DW_AT_external
	.byte	2                               @ DW_AT_decl_file
	.byte	19                              @ DW_AT_decl_line
	.byte	4                               @ DW_AT_alignment
	.byte	5                               @ DW_AT_location
	.byte	3
	.long	uvcStatus
	.byte	3                               @ Abbrev [3] 0x88:0x5 DW_TAG_volatile_type
	.long	141                             @ DW_AT_type
	.byte	7                               @ Abbrev [7] 0x8d:0xc DW_TAG_typedef
	.long	153                             @ DW_AT_type
	.long	.Linfo_string19                 @ DW_AT_name
	.byte	3                               @ DW_AT_decl_file
	.short	283                             @ DW_AT_decl_line
	.byte	8                               @ Abbrev [8] 0x99:0x6e DW_TAG_structure_type
	.byte	32                              @ DW_AT_byte_size
	.byte	3                               @ DW_AT_decl_file
	.short	273                             @ DW_AT_decl_line
	.byte	9                               @ Abbrev [9] 0x9e:0xd DW_TAG_member
	.long	.Linfo_string10                 @ DW_AT_name
	.long	100                             @ DW_AT_type
	.byte	3                               @ DW_AT_decl_file
	.short	275                             @ DW_AT_decl_line
	.byte	0                               @ DW_AT_data_member_location
	.byte	9                               @ Abbrev [9] 0xab:0xd DW_TAG_member
	.long	.Linfo_string11                 @ DW_AT_name
	.long	100                             @ DW_AT_type
	.byte	3                               @ DW_AT_decl_file
	.short	276                             @ DW_AT_decl_line
	.byte	4                               @ DW_AT_data_member_location
	.byte	9                               @ Abbrev [9] 0xb8:0xd DW_TAG_member
	.long	.Linfo_string12                 @ DW_AT_name
	.long	100                             @ DW_AT_type
	.byte	3                               @ DW_AT_decl_file
	.short	277                             @ DW_AT_decl_line
	.byte	8                               @ DW_AT_data_member_location
	.byte	9                               @ Abbrev [9] 0xc5:0xd DW_TAG_member
	.long	.Linfo_string13                 @ DW_AT_name
	.long	100                             @ DW_AT_type
	.byte	3                               @ DW_AT_decl_file
	.short	278                             @ DW_AT_decl_line
	.byte	12                              @ DW_AT_data_member_location
	.byte	9                               @ Abbrev [9] 0xd2:0xd DW_TAG_member
	.long	.Linfo_string14                 @ DW_AT_name
	.long	100                             @ DW_AT_type
	.byte	3                               @ DW_AT_decl_file
	.short	279                             @ DW_AT_decl_line
	.byte	16                              @ DW_AT_data_member_location
	.byte	9                               @ Abbrev [9] 0xdf:0xd DW_TAG_member
	.long	.Linfo_string15                 @ DW_AT_name
	.long	100                             @ DW_AT_type
	.byte	3                               @ DW_AT_decl_file
	.short	280                             @ DW_AT_decl_line
	.byte	20                              @ DW_AT_data_member_location
	.byte	9                               @ Abbrev [9] 0xec:0xd DW_TAG_member
	.long	.Linfo_string16                 @ DW_AT_name
	.long	100                             @ DW_AT_type
	.byte	3                               @ DW_AT_decl_file
	.short	281                             @ DW_AT_decl_line
	.byte	24                              @ DW_AT_data_member_location
	.byte	9                               @ Abbrev [9] 0xf9:0xd DW_TAG_member
	.long	.Linfo_string17                 @ DW_AT_name
	.long	263                             @ DW_AT_type
	.byte	3                               @ DW_AT_decl_file
	.short	282                             @ DW_AT_decl_line
	.byte	28                              @ DW_AT_data_member_location
	.byte	0                               @ End Of Children Mark
	.byte	5                               @ Abbrev [5] 0x107:0x7 DW_TAG_base_type
	.long	.Linfo_string18                 @ DW_AT_name
	.byte	8                               @ DW_AT_encoding
	.byte	1                               @ DW_AT_byte_size
	.byte	10                              @ Abbrev [10] 0x10e:0x12 DW_TAG_variable
	.long	.Linfo_string20                 @ DW_AT_name
	.long	288                             @ DW_AT_type
	.byte	2                               @ DW_AT_decl_file
	.byte	25                              @ DW_AT_decl_line
	.byte	4                               @ DW_AT_alignment
	.byte	5                               @ DW_AT_location
	.byte	3
	.long	uvcInfo
	.byte	3                               @ Abbrev [3] 0x120:0x5 DW_TAG_volatile_type
	.long	293                             @ DW_AT_type
	.byte	4                               @ Abbrev [4] 0x125:0xb DW_TAG_typedef
	.long	304                             @ DW_AT_type
	.long	.Linfo_string62                 @ DW_AT_name
	.byte	3                               @ DW_AT_decl_file
	.byte	243                             @ DW_AT_decl_line
	.byte	11                              @ Abbrev [11] 0x130:0x71 DW_TAG_structure_type
	.byte	88                              @ DW_AT_byte_size
	.byte	3                               @ DW_AT_decl_file
	.byte	232                             @ DW_AT_decl_line
	.byte	12                              @ Abbrev [12] 0x134:0xc DW_TAG_member
	.long	.Linfo_string21                 @ DW_AT_name
	.long	417                             @ DW_AT_type
	.byte	3                               @ DW_AT_decl_file
	.byte	234                             @ DW_AT_decl_line
	.byte	0                               @ DW_AT_data_member_location
	.byte	12                              @ Abbrev [12] 0x140:0xc DW_TAG_member
	.long	.Linfo_string37                 @ DW_AT_name
	.long	569                             @ DW_AT_type
	.byte	3                               @ DW_AT_decl_file
	.byte	235                             @ DW_AT_decl_line
	.byte	26                              @ DW_AT_data_member_location
	.byte	12                              @ Abbrev [12] 0x14c:0xc DW_TAG_member
	.long	.Linfo_string38                 @ DW_AT_name
	.long	587                             @ DW_AT_type
	.byte	3                               @ DW_AT_decl_file
	.byte	236                             @ DW_AT_decl_line
	.byte	28                              @ DW_AT_data_member_location
	.byte	12                              @ Abbrev [12] 0x158:0xc DW_TAG_member
	.long	.Linfo_string43                 @ DW_AT_name
	.long	667                             @ DW_AT_type
	.byte	3                               @ DW_AT_decl_file
	.byte	237                             @ DW_AT_decl_line
	.byte	39                              @ DW_AT_data_member_location
	.byte	12                              @ Abbrev [12] 0x164:0xc DW_TAG_member
	.long	.Linfo_string56                 @ DW_AT_name
	.long	100                             @ DW_AT_type
	.byte	3                               @ DW_AT_decl_file
	.byte	238                             @ DW_AT_decl_line
	.byte	56                              @ DW_AT_data_member_location
	.byte	12                              @ Abbrev [12] 0x170:0xc DW_TAG_member
	.long	.Linfo_string57                 @ DW_AT_name
	.long	100                             @ DW_AT_type
	.byte	3                               @ DW_AT_decl_file
	.byte	239                             @ DW_AT_decl_line
	.byte	60                              @ DW_AT_data_member_location
	.byte	12                              @ Abbrev [12] 0x17c:0xc DW_TAG_member
	.long	.Linfo_string58                 @ DW_AT_name
	.long	806                             @ DW_AT_type
	.byte	3                               @ DW_AT_decl_file
	.byte	240                             @ DW_AT_decl_line
	.byte	64                              @ DW_AT_data_member_location
	.byte	12                              @ Abbrev [12] 0x188:0xc DW_TAG_member
	.long	.Linfo_string60                 @ DW_AT_name
	.long	60                              @ DW_AT_type
	.byte	3                               @ DW_AT_decl_file
	.byte	241                             @ DW_AT_decl_line
	.byte	84                              @ DW_AT_data_member_location
	.byte	12                              @ Abbrev [12] 0x194:0xc DW_TAG_member
	.long	.Linfo_string61                 @ DW_AT_name
	.long	263                             @ DW_AT_type
	.byte	3                               @ DW_AT_decl_file
	.byte	242                             @ DW_AT_decl_line
	.byte	85                              @ DW_AT_data_member_location
	.byte	0                               @ End Of Children Mark
	.byte	4                               @ Abbrev [4] 0x1a1:0xb DW_TAG_typedef
	.long	428                             @ DW_AT_type
	.long	.Linfo_string36                 @ DW_AT_name
	.byte	3                               @ DW_AT_decl_file
	.byte	205                             @ DW_AT_decl_line
	.byte	13                              @ Abbrev [13] 0x1ac:0x8d DW_TAG_structure_type
	.long	.Linfo_string35                 @ DW_AT_name
	.byte	26                              @ DW_AT_byte_size
	.byte	3                               @ DW_AT_decl_file
	.byte	192                             @ DW_AT_decl_line
	.byte	12                              @ Abbrev [12] 0x1b4:0xc DW_TAG_member
	.long	.Linfo_string22                 @ DW_AT_name
	.long	569                             @ DW_AT_type
	.byte	3                               @ DW_AT_decl_file
	.byte	194                             @ DW_AT_decl_line
	.byte	0                               @ DW_AT_data_member_location
	.byte	12                              @ Abbrev [12] 0x1c0:0xc DW_TAG_member
	.long	.Linfo_string25                 @ DW_AT_name
	.long	60                              @ DW_AT_type
	.byte	3                               @ DW_AT_decl_file
	.byte	195                             @ DW_AT_decl_line
	.byte	2                               @ DW_AT_data_member_location
	.byte	12                              @ Abbrev [12] 0x1cc:0xc DW_TAG_member
	.long	.Linfo_string26                 @ DW_AT_name
	.long	60                              @ DW_AT_type
	.byte	3                               @ DW_AT_decl_file
	.byte	196                             @ DW_AT_decl_line
	.byte	3                               @ DW_AT_data_member_location
	.byte	12                              @ Abbrev [12] 0x1d8:0xc DW_TAG_member
	.long	.Linfo_string27                 @ DW_AT_name
	.long	100                             @ DW_AT_type
	.byte	3                               @ DW_AT_decl_file
	.byte	197                             @ DW_AT_decl_line
	.byte	4                               @ DW_AT_data_member_location
	.byte	12                              @ Abbrev [12] 0x1e4:0xc DW_TAG_member
	.long	.Linfo_string28                 @ DW_AT_name
	.long	569                             @ DW_AT_type
	.byte	3                               @ DW_AT_decl_file
	.byte	198                             @ DW_AT_decl_line
	.byte	8                               @ DW_AT_data_member_location
	.byte	12                              @ Abbrev [12] 0x1f0:0xc DW_TAG_member
	.long	.Linfo_string29                 @ DW_AT_name
	.long	569                             @ DW_AT_type
	.byte	3                               @ DW_AT_decl_file
	.byte	199                             @ DW_AT_decl_line
	.byte	10                              @ DW_AT_data_member_location
	.byte	12                              @ Abbrev [12] 0x1fc:0xc DW_TAG_member
	.long	.Linfo_string30                 @ DW_AT_name
	.long	569                             @ DW_AT_type
	.byte	3                               @ DW_AT_decl_file
	.byte	200                             @ DW_AT_decl_line
	.byte	12                              @ DW_AT_data_member_location
	.byte	12                              @ Abbrev [12] 0x208:0xc DW_TAG_member
	.long	.Linfo_string31                 @ DW_AT_name
	.long	569                             @ DW_AT_type
	.byte	3                               @ DW_AT_decl_file
	.byte	201                             @ DW_AT_decl_line
	.byte	14                              @ DW_AT_data_member_location
	.byte	12                              @ Abbrev [12] 0x214:0xc DW_TAG_member
	.long	.Linfo_string32                 @ DW_AT_name
	.long	569                             @ DW_AT_type
	.byte	3                               @ DW_AT_decl_file
	.byte	202                             @ DW_AT_decl_line
	.byte	16                              @ DW_AT_data_member_location
	.byte	12                              @ Abbrev [12] 0x220:0xc DW_TAG_member
	.long	.Linfo_string33                 @ DW_AT_name
	.long	100                             @ DW_AT_type
	.byte	3                               @ DW_AT_decl_file
	.byte	203                             @ DW_AT_decl_line
	.byte	18                              @ DW_AT_data_member_location
	.byte	12                              @ Abbrev [12] 0x22c:0xc DW_TAG_member
	.long	.Linfo_string34                 @ DW_AT_name
	.long	100                             @ DW_AT_type
	.byte	3                               @ DW_AT_decl_file
	.byte	204                             @ DW_AT_decl_line
	.byte	22                              @ DW_AT_data_member_location
	.byte	0                               @ End Of Children Mark
	.byte	4                               @ Abbrev [4] 0x239:0xb DW_TAG_typedef
	.long	580                             @ DW_AT_type
	.long	.Linfo_string24                 @ DW_AT_name
	.byte	1                               @ DW_AT_decl_file
	.byte	63                              @ DW_AT_decl_line
	.byte	5                               @ Abbrev [5] 0x244:0x7 DW_TAG_base_type
	.long	.Linfo_string23                 @ DW_AT_name
	.byte	7                               @ DW_AT_encoding
	.byte	2                               @ DW_AT_byte_size
	.byte	4                               @ Abbrev [4] 0x24b:0xb DW_TAG_typedef
	.long	598                             @ DW_AT_type
	.long	.Linfo_string42                 @ DW_AT_name
	.byte	3                               @ DW_AT_decl_file
	.byte	214                             @ DW_AT_decl_line
	.byte	13                              @ Abbrev [13] 0x256:0x45 DW_TAG_structure_type
	.long	.Linfo_string41                 @ DW_AT_name
	.byte	11                              @ DW_AT_byte_size
	.byte	3                               @ DW_AT_decl_file
	.byte	207                             @ DW_AT_decl_line
	.byte	12                              @ Abbrev [12] 0x25e:0xc DW_TAG_member
	.long	.Linfo_string25                 @ DW_AT_name
	.long	60                              @ DW_AT_type
	.byte	3                               @ DW_AT_decl_file
	.byte	209                             @ DW_AT_decl_line
	.byte	0                               @ DW_AT_data_member_location
	.byte	12                              @ Abbrev [12] 0x26a:0xc DW_TAG_member
	.long	.Linfo_string26                 @ DW_AT_name
	.long	60                              @ DW_AT_type
	.byte	3                               @ DW_AT_decl_file
	.byte	210                             @ DW_AT_decl_line
	.byte	1                               @ DW_AT_data_member_location
	.byte	12                              @ Abbrev [12] 0x276:0xc DW_TAG_member
	.long	.Linfo_string39                 @ DW_AT_name
	.long	60                              @ DW_AT_type
	.byte	3                               @ DW_AT_decl_file
	.byte	211                             @ DW_AT_decl_line
	.byte	2                               @ DW_AT_data_member_location
	.byte	12                              @ Abbrev [12] 0x282:0xc DW_TAG_member
	.long	.Linfo_string33                 @ DW_AT_name
	.long	100                             @ DW_AT_type
	.byte	3                               @ DW_AT_decl_file
	.byte	212                             @ DW_AT_decl_line
	.byte	3                               @ DW_AT_data_member_location
	.byte	12                              @ Abbrev [12] 0x28e:0xc DW_TAG_member
	.long	.Linfo_string40                 @ DW_AT_name
	.long	100                             @ DW_AT_type
	.byte	3                               @ DW_AT_decl_file
	.byte	213                             @ DW_AT_decl_line
	.byte	7                               @ DW_AT_data_member_location
	.byte	0                               @ End Of Children Mark
	.byte	4                               @ Abbrev [4] 0x29b:0xb DW_TAG_typedef
	.long	678                             @ DW_AT_type
	.long	.Linfo_string55                 @ DW_AT_name
	.byte	3                               @ DW_AT_decl_file
	.byte	226                             @ DW_AT_decl_line
	.byte	13                              @ Abbrev [13] 0x2a6:0x69 DW_TAG_structure_type
	.long	.Linfo_string54                 @ DW_AT_name
	.byte	15                              @ DW_AT_byte_size
	.byte	3                               @ DW_AT_decl_file
	.byte	216                             @ DW_AT_decl_line
	.byte	12                              @ Abbrev [12] 0x2ae:0xc DW_TAG_member
	.long	.Linfo_string44                 @ DW_AT_name
	.long	783                             @ DW_AT_type
	.byte	3                               @ DW_AT_decl_file
	.byte	218                             @ DW_AT_decl_line
	.byte	0                               @ DW_AT_data_member_location
	.byte	12                              @ Abbrev [12] 0x2ba:0xc DW_TAG_member
	.long	.Linfo_string47                 @ DW_AT_name
	.long	783                             @ DW_AT_type
	.byte	3                               @ DW_AT_decl_file
	.byte	219                             @ DW_AT_decl_line
	.byte	2                               @ DW_AT_data_member_location
	.byte	12                              @ Abbrev [12] 0x2c6:0xc DW_TAG_member
	.long	.Linfo_string48                 @ DW_AT_name
	.long	783                             @ DW_AT_type
	.byte	3                               @ DW_AT_decl_file
	.byte	220                             @ DW_AT_decl_line
	.byte	4                               @ DW_AT_data_member_location
	.byte	12                              @ Abbrev [12] 0x2d2:0xc DW_TAG_member
	.long	.Linfo_string49                 @ DW_AT_name
	.long	55                              @ DW_AT_type
	.byte	3                               @ DW_AT_decl_file
	.byte	221                             @ DW_AT_decl_line
	.byte	6                               @ DW_AT_data_member_location
	.byte	12                              @ Abbrev [12] 0x2de:0xc DW_TAG_member
	.long	.Linfo_string50                 @ DW_AT_name
	.long	783                             @ DW_AT_type
	.byte	3                               @ DW_AT_decl_file
	.byte	222                             @ DW_AT_decl_line
	.byte	7                               @ DW_AT_data_member_location
	.byte	12                              @ Abbrev [12] 0x2ea:0xc DW_TAG_member
	.long	.Linfo_string51                 @ DW_AT_name
	.long	783                             @ DW_AT_type
	.byte	3                               @ DW_AT_decl_file
	.byte	223                             @ DW_AT_decl_line
	.byte	9                               @ DW_AT_data_member_location
	.byte	12                              @ Abbrev [12] 0x2f6:0xc DW_TAG_member
	.long	.Linfo_string52                 @ DW_AT_name
	.long	783                             @ DW_AT_type
	.byte	3                               @ DW_AT_decl_file
	.byte	224                             @ DW_AT_decl_line
	.byte	11                              @ DW_AT_data_member_location
	.byte	12                              @ Abbrev [12] 0x302:0xc DW_TAG_member
	.long	.Linfo_string53                 @ DW_AT_name
	.long	783                             @ DW_AT_type
	.byte	3                               @ DW_AT_decl_file
	.byte	225                             @ DW_AT_decl_line
	.byte	13                              @ DW_AT_data_member_location
	.byte	0                               @ End Of Children Mark
	.byte	3                               @ Abbrev [3] 0x30f:0x5 DW_TAG_volatile_type
	.long	788                             @ DW_AT_type
	.byte	4                               @ Abbrev [4] 0x314:0xb DW_TAG_typedef
	.long	799                             @ DW_AT_type
	.long	.Linfo_string46                 @ DW_AT_name
	.byte	1                               @ DW_AT_decl_file
	.byte	57                              @ DW_AT_decl_line
	.byte	5                               @ Abbrev [5] 0x31f:0x7 DW_TAG_base_type
	.long	.Linfo_string45                 @ DW_AT_name
	.byte	5                               @ DW_AT_encoding
	.byte	2                               @ DW_AT_byte_size
	.byte	14                              @ Abbrev [14] 0x326:0xc DW_TAG_array_type
	.long	100                             @ DW_AT_type
	.byte	15                              @ Abbrev [15] 0x32b:0x6 DW_TAG_subrange_type
	.long	818                             @ DW_AT_type
	.byte	5                               @ DW_AT_count
	.byte	0                               @ End Of Children Mark
	.byte	16                              @ Abbrev [16] 0x332:0x7 DW_TAG_base_type
	.long	.Linfo_string59                 @ DW_AT_name
	.byte	8                               @ DW_AT_byte_size
	.byte	7                               @ DW_AT_encoding
	.byte	17                              @ Abbrev [17] 0x339:0x11 DW_TAG_variable
	.long	.Linfo_string63                 @ DW_AT_name
	.long	55                              @ DW_AT_type
	.byte	2                               @ DW_AT_decl_file
	.byte	22                              @ DW_AT_decl_line
	.byte	5                               @ DW_AT_location
	.byte	3
	.long	gAltInterface
	.byte	10                              @ Abbrev [10] 0x34a:0x12 DW_TAG_variable
	.long	.Linfo_string64                 @ DW_AT_name
	.long	860                             @ DW_AT_type
	.byte	2                               @ DW_AT_decl_file
	.byte	26                              @ DW_AT_decl_line
	.byte	4                               @ DW_AT_alignment
	.byte	5                               @ DW_AT_location
	.byte	3
	.long	uvcPuInfo
	.byte	3                               @ Abbrev [3] 0x35c:0x5 DW_TAG_volatile_type
	.long	865                             @ DW_AT_type
	.byte	7                               @ Abbrev [7] 0x361:0xc DW_TAG_typedef
	.long	877                             @ DW_AT_type
	.long	.Linfo_string91                 @ DW_AT_name
	.byte	3                               @ DW_AT_decl_file
	.short	271                             @ DW_AT_decl_line
	.byte	11                              @ Abbrev [11] 0x36d:0x134 DW_TAG_structure_type
	.byte	96                              @ DW_AT_byte_size
	.byte	3                               @ DW_AT_decl_file
	.byte	245                             @ DW_AT_decl_line
	.byte	12                              @ Abbrev [12] 0x371:0xc DW_TAG_member
	.long	.Linfo_string65                 @ DW_AT_name
	.long	1185                            @ DW_AT_type
	.byte	3                               @ DW_AT_decl_file
	.byte	247                             @ DW_AT_decl_line
	.byte	0                               @ DW_AT_data_member_location
	.byte	12                              @ Abbrev [12] 0x37d:0xc DW_TAG_member
	.long	.Linfo_string68                 @ DW_AT_name
	.long	1185                            @ DW_AT_type
	.byte	3                               @ DW_AT_decl_file
	.byte	248                             @ DW_AT_decl_line
	.byte	4                               @ DW_AT_data_member_location
	.byte	12                              @ Abbrev [12] 0x389:0xc DW_TAG_member
	.long	.Linfo_string69                 @ DW_AT_name
	.long	1185                            @ DW_AT_type
	.byte	3                               @ DW_AT_decl_file
	.byte	249                             @ DW_AT_decl_line
	.byte	8                               @ DW_AT_data_member_location
	.byte	12                              @ Abbrev [12] 0x395:0xc DW_TAG_member
	.long	.Linfo_string70                 @ DW_AT_name
	.long	1185                            @ DW_AT_type
	.byte	3                               @ DW_AT_decl_file
	.byte	250                             @ DW_AT_decl_line
	.byte	12                              @ DW_AT_data_member_location
	.byte	12                              @ Abbrev [12] 0x3a1:0xc DW_TAG_member
	.long	.Linfo_string71                 @ DW_AT_name
	.long	1185                            @ DW_AT_type
	.byte	3                               @ DW_AT_decl_file
	.byte	251                             @ DW_AT_decl_line
	.byte	16                              @ DW_AT_data_member_location
	.byte	12                              @ Abbrev [12] 0x3ad:0xc DW_TAG_member
	.long	.Linfo_string72                 @ DW_AT_name
	.long	1185                            @ DW_AT_type
	.byte	3                               @ DW_AT_decl_file
	.byte	252                             @ DW_AT_decl_line
	.byte	20                              @ DW_AT_data_member_location
	.byte	12                              @ Abbrev [12] 0x3b9:0xc DW_TAG_member
	.long	.Linfo_string73                 @ DW_AT_name
	.long	1185                            @ DW_AT_type
	.byte	3                               @ DW_AT_decl_file
	.byte	253                             @ DW_AT_decl_line
	.byte	24                              @ DW_AT_data_member_location
	.byte	12                              @ Abbrev [12] 0x3c5:0xc DW_TAG_member
	.long	.Linfo_string74                 @ DW_AT_name
	.long	1185                            @ DW_AT_type
	.byte	3                               @ DW_AT_decl_file
	.byte	254                             @ DW_AT_decl_line
	.byte	28                              @ DW_AT_data_member_location
	.byte	12                              @ Abbrev [12] 0x3d1:0xc DW_TAG_member
	.long	.Linfo_string75                 @ DW_AT_name
	.long	1185                            @ DW_AT_type
	.byte	3                               @ DW_AT_decl_file
	.byte	255                             @ DW_AT_decl_line
	.byte	32                              @ DW_AT_data_member_location
	.byte	9                               @ Abbrev [9] 0x3dd:0xd DW_TAG_member
	.long	.Linfo_string76                 @ DW_AT_name
	.long	1185                            @ DW_AT_type
	.byte	3                               @ DW_AT_decl_file
	.short	256                             @ DW_AT_decl_line
	.byte	36                              @ DW_AT_data_member_location
	.byte	9                               @ Abbrev [9] 0x3ea:0xd DW_TAG_member
	.long	.Linfo_string77                 @ DW_AT_name
	.long	1185                            @ DW_AT_type
	.byte	3                               @ DW_AT_decl_file
	.short	257                             @ DW_AT_decl_line
	.byte	40                              @ DW_AT_data_member_location
	.byte	9                               @ Abbrev [9] 0x3f7:0xd DW_TAG_member
	.long	.Linfo_string78                 @ DW_AT_name
	.long	1185                            @ DW_AT_type
	.byte	3                               @ DW_AT_decl_file
	.short	258                             @ DW_AT_decl_line
	.byte	44                              @ DW_AT_data_member_location
	.byte	9                               @ Abbrev [9] 0x404:0xd DW_TAG_member
	.long	.Linfo_string79                 @ DW_AT_name
	.long	1185                            @ DW_AT_type
	.byte	3                               @ DW_AT_decl_file
	.short	259                             @ DW_AT_decl_line
	.byte	48                              @ DW_AT_data_member_location
	.byte	9                               @ Abbrev [9] 0x411:0xd DW_TAG_member
	.long	.Linfo_string80                 @ DW_AT_name
	.long	1185                            @ DW_AT_type
	.byte	3                               @ DW_AT_decl_file
	.short	260                             @ DW_AT_decl_line
	.byte	52                              @ DW_AT_data_member_location
	.byte	9                               @ Abbrev [9] 0x41e:0xd DW_TAG_member
	.long	.Linfo_string81                 @ DW_AT_name
	.long	1185                            @ DW_AT_type
	.byte	3                               @ DW_AT_decl_file
	.short	261                             @ DW_AT_decl_line
	.byte	56                              @ DW_AT_data_member_location
	.byte	9                               @ Abbrev [9] 0x42b:0xd DW_TAG_member
	.long	.Linfo_string82                 @ DW_AT_name
	.long	1185                            @ DW_AT_type
	.byte	3                               @ DW_AT_decl_file
	.short	262                             @ DW_AT_decl_line
	.byte	60                              @ DW_AT_data_member_location
	.byte	9                               @ Abbrev [9] 0x438:0xd DW_TAG_member
	.long	.Linfo_string83                 @ DW_AT_name
	.long	1185                            @ DW_AT_type
	.byte	3                               @ DW_AT_decl_file
	.short	263                             @ DW_AT_decl_line
	.byte	64                              @ DW_AT_data_member_location
	.byte	9                               @ Abbrev [9] 0x445:0xd DW_TAG_member
	.long	.Linfo_string84                 @ DW_AT_name
	.long	1185                            @ DW_AT_type
	.byte	3                               @ DW_AT_decl_file
	.short	264                             @ DW_AT_decl_line
	.byte	68                              @ DW_AT_data_member_location
	.byte	9                               @ Abbrev [9] 0x452:0xd DW_TAG_member
	.long	.Linfo_string85                 @ DW_AT_name
	.long	1185                            @ DW_AT_type
	.byte	3                               @ DW_AT_decl_file
	.short	265                             @ DW_AT_decl_line
	.byte	72                              @ DW_AT_data_member_location
	.byte	9                               @ Abbrev [9] 0x45f:0xd DW_TAG_member
	.long	.Linfo_string86                 @ DW_AT_name
	.long	1185                            @ DW_AT_type
	.byte	3                               @ DW_AT_decl_file
	.short	266                             @ DW_AT_decl_line
	.byte	76                              @ DW_AT_data_member_location
	.byte	9                               @ Abbrev [9] 0x46c:0xd DW_TAG_member
	.long	.Linfo_string87                 @ DW_AT_name
	.long	1185                            @ DW_AT_type
	.byte	3                               @ DW_AT_decl_file
	.short	267                             @ DW_AT_decl_line
	.byte	80                              @ DW_AT_data_member_location
	.byte	9                               @ Abbrev [9] 0x479:0xd DW_TAG_member
	.long	.Linfo_string88                 @ DW_AT_name
	.long	1185                            @ DW_AT_type
	.byte	3                               @ DW_AT_decl_file
	.short	268                             @ DW_AT_decl_line
	.byte	84                              @ DW_AT_data_member_location
	.byte	9                               @ Abbrev [9] 0x486:0xd DW_TAG_member
	.long	.Linfo_string89                 @ DW_AT_name
	.long	1185                            @ DW_AT_type
	.byte	3                               @ DW_AT_decl_file
	.short	269                             @ DW_AT_decl_line
	.byte	88                              @ DW_AT_data_member_location
	.byte	9                               @ Abbrev [9] 0x493:0xd DW_TAG_member
	.long	.Linfo_string90                 @ DW_AT_name
	.long	1185                            @ DW_AT_type
	.byte	3                               @ DW_AT_decl_file
	.short	270                             @ DW_AT_decl_line
	.byte	92                              @ DW_AT_data_member_location
	.byte	0                               @ End Of Children Mark
	.byte	4                               @ Abbrev [4] 0x4a1:0xb DW_TAG_typedef
	.long	1196                            @ DW_AT_type
	.long	.Linfo_string67                 @ DW_AT_name
	.byte	1                               @ DW_AT_decl_file
	.byte	58                              @ DW_AT_decl_line
	.byte	5                               @ Abbrev [5] 0x4ac:0x7 DW_TAG_base_type
	.long	.Linfo_string66                 @ DW_AT_name
	.byte	5                               @ DW_AT_encoding
	.byte	4                               @ DW_AT_byte_size
	.byte	17                              @ Abbrev [17] 0x4b3:0x11 DW_TAG_variable
	.long	.Linfo_string92                 @ DW_AT_name
	.long	55                              @ DW_AT_type
	.byte	2                               @ DW_AT_decl_file
	.byte	23                              @ DW_AT_decl_line
	.byte	5                               @ DW_AT_location
	.byte	3
	.long	g_u8UVC_PD
	.byte	17                              @ Abbrev [17] 0x4c4:0x11 DW_TAG_variable
	.long	.Linfo_string93                 @ DW_AT_name
	.long	55                              @ DW_AT_type
	.byte	2                               @ DW_AT_decl_file
	.byte	24                              @ DW_AT_decl_line
	.byte	5                               @ DW_AT_location
	.byte	3
	.long	g_u8UVC_FID
	.byte	18                              @ Abbrev [18] 0x4d5:0x394 DW_TAG_enumeration_type
	.long	799                             @ DW_AT_type
	.long	.Linfo_string233                @ DW_AT_name
	.byte	2                               @ DW_AT_byte_size
	.byte	4                               @ DW_AT_decl_file
	.byte	70                              @ DW_AT_decl_line
	.byte	19                              @ Abbrev [19] 0x4e1:0x6 DW_TAG_enumerator
	.long	.Linfo_string94                 @ DW_AT_name
	.byte	114                             @ DW_AT_const_value
	.byte	19                              @ Abbrev [19] 0x4e7:0x6 DW_TAG_enumerator
	.long	.Linfo_string95                 @ DW_AT_name
	.byte	115                             @ DW_AT_const_value
	.byte	19                              @ Abbrev [19] 0x4ed:0x6 DW_TAG_enumerator
	.long	.Linfo_string96                 @ DW_AT_name
	.byte	116                             @ DW_AT_const_value
	.byte	19                              @ Abbrev [19] 0x4f3:0x6 DW_TAG_enumerator
	.long	.Linfo_string97                 @ DW_AT_name
	.byte	117                             @ DW_AT_const_value
	.byte	19                              @ Abbrev [19] 0x4f9:0x6 DW_TAG_enumerator
	.long	.Linfo_string98                 @ DW_AT_name
	.byte	118                             @ DW_AT_const_value
	.byte	19                              @ Abbrev [19] 0x4ff:0x6 DW_TAG_enumerator
	.long	.Linfo_string99                 @ DW_AT_name
	.byte	119                             @ DW_AT_const_value
	.byte	19                              @ Abbrev [19] 0x505:0x6 DW_TAG_enumerator
	.long	.Linfo_string100                @ DW_AT_name
	.byte	123                             @ DW_AT_const_value
	.byte	19                              @ Abbrev [19] 0x50b:0x6 DW_TAG_enumerator
	.long	.Linfo_string101                @ DW_AT_name
	.byte	124                             @ DW_AT_const_value
	.byte	19                              @ Abbrev [19] 0x511:0x6 DW_TAG_enumerator
	.long	.Linfo_string102                @ DW_AT_name
	.byte	126                             @ DW_AT_const_value
	.byte	19                              @ Abbrev [19] 0x517:0x6 DW_TAG_enumerator
	.long	.Linfo_string103                @ DW_AT_name
	.byte	127                             @ DW_AT_const_value
	.byte	19                              @ Abbrev [19] 0x51d:0x6 DW_TAG_enumerator
	.long	.Linfo_string104                @ DW_AT_name
	.byte	0                               @ DW_AT_const_value
	.byte	19                              @ Abbrev [19] 0x523:0x6 DW_TAG_enumerator
	.long	.Linfo_string105                @ DW_AT_name
	.byte	1                               @ DW_AT_const_value
	.byte	19                              @ Abbrev [19] 0x529:0x6 DW_TAG_enumerator
	.long	.Linfo_string106                @ DW_AT_name
	.byte	2                               @ DW_AT_const_value
	.byte	19                              @ Abbrev [19] 0x52f:0x6 DW_TAG_enumerator
	.long	.Linfo_string107                @ DW_AT_name
	.byte	3                               @ DW_AT_const_value
	.byte	19                              @ Abbrev [19] 0x535:0x6 DW_TAG_enumerator
	.long	.Linfo_string108                @ DW_AT_name
	.byte	4                               @ DW_AT_const_value
	.byte	19                              @ Abbrev [19] 0x53b:0x6 DW_TAG_enumerator
	.long	.Linfo_string109                @ DW_AT_name
	.byte	5                               @ DW_AT_const_value
	.byte	19                              @ Abbrev [19] 0x541:0x6 DW_TAG_enumerator
	.long	.Linfo_string110                @ DW_AT_name
	.byte	6                               @ DW_AT_const_value
	.byte	19                              @ Abbrev [19] 0x547:0x6 DW_TAG_enumerator
	.long	.Linfo_string111                @ DW_AT_name
	.byte	7                               @ DW_AT_const_value
	.byte	19                              @ Abbrev [19] 0x54d:0x6 DW_TAG_enumerator
	.long	.Linfo_string112                @ DW_AT_name
	.byte	8                               @ DW_AT_const_value
	.byte	19                              @ Abbrev [19] 0x553:0x6 DW_TAG_enumerator
	.long	.Linfo_string113                @ DW_AT_name
	.byte	9                               @ DW_AT_const_value
	.byte	19                              @ Abbrev [19] 0x559:0x6 DW_TAG_enumerator
	.long	.Linfo_string114                @ DW_AT_name
	.byte	11                              @ DW_AT_const_value
	.byte	19                              @ Abbrev [19] 0x55f:0x6 DW_TAG_enumerator
	.long	.Linfo_string115                @ DW_AT_name
	.byte	12                              @ DW_AT_const_value
	.byte	19                              @ Abbrev [19] 0x565:0x6 DW_TAG_enumerator
	.long	.Linfo_string116                @ DW_AT_name
	.byte	13                              @ DW_AT_const_value
	.byte	19                              @ Abbrev [19] 0x56b:0x6 DW_TAG_enumerator
	.long	.Linfo_string117                @ DW_AT_name
	.byte	14                              @ DW_AT_const_value
	.byte	19                              @ Abbrev [19] 0x571:0x6 DW_TAG_enumerator
	.long	.Linfo_string118                @ DW_AT_name
	.byte	15                              @ DW_AT_const_value
	.byte	19                              @ Abbrev [19] 0x577:0x6 DW_TAG_enumerator
	.long	.Linfo_string119                @ DW_AT_name
	.byte	16                              @ DW_AT_const_value
	.byte	19                              @ Abbrev [19] 0x57d:0x6 DW_TAG_enumerator
	.long	.Linfo_string120                @ DW_AT_name
	.byte	17                              @ DW_AT_const_value
	.byte	19                              @ Abbrev [19] 0x583:0x6 DW_TAG_enumerator
	.long	.Linfo_string121                @ DW_AT_name
	.byte	18                              @ DW_AT_const_value
	.byte	19                              @ Abbrev [19] 0x589:0x6 DW_TAG_enumerator
	.long	.Linfo_string122                @ DW_AT_name
	.byte	19                              @ DW_AT_const_value
	.byte	19                              @ Abbrev [19] 0x58f:0x6 DW_TAG_enumerator
	.long	.Linfo_string123                @ DW_AT_name
	.byte	20                              @ DW_AT_const_value
	.byte	19                              @ Abbrev [19] 0x595:0x6 DW_TAG_enumerator
	.long	.Linfo_string124                @ DW_AT_name
	.byte	21                              @ DW_AT_const_value
	.byte	19                              @ Abbrev [19] 0x59b:0x6 DW_TAG_enumerator
	.long	.Linfo_string125                @ DW_AT_name
	.byte	22                              @ DW_AT_const_value
	.byte	19                              @ Abbrev [19] 0x5a1:0x6 DW_TAG_enumerator
	.long	.Linfo_string126                @ DW_AT_name
	.byte	23                              @ DW_AT_const_value
	.byte	19                              @ Abbrev [19] 0x5a7:0x6 DW_TAG_enumerator
	.long	.Linfo_string127                @ DW_AT_name
	.byte	24                              @ DW_AT_const_value
	.byte	19                              @ Abbrev [19] 0x5ad:0x6 DW_TAG_enumerator
	.long	.Linfo_string128                @ DW_AT_name
	.byte	25                              @ DW_AT_const_value
	.byte	19                              @ Abbrev [19] 0x5b3:0x6 DW_TAG_enumerator
	.long	.Linfo_string129                @ DW_AT_name
	.byte	26                              @ DW_AT_const_value
	.byte	19                              @ Abbrev [19] 0x5b9:0x6 DW_TAG_enumerator
	.long	.Linfo_string130                @ DW_AT_name
	.byte	27                              @ DW_AT_const_value
	.byte	19                              @ Abbrev [19] 0x5bf:0x6 DW_TAG_enumerator
	.long	.Linfo_string131                @ DW_AT_name
	.byte	28                              @ DW_AT_const_value
	.byte	19                              @ Abbrev [19] 0x5c5:0x6 DW_TAG_enumerator
	.long	.Linfo_string132                @ DW_AT_name
	.byte	29                              @ DW_AT_const_value
	.byte	19                              @ Abbrev [19] 0x5cb:0x6 DW_TAG_enumerator
	.long	.Linfo_string133                @ DW_AT_name
	.byte	30                              @ DW_AT_const_value
	.byte	19                              @ Abbrev [19] 0x5d1:0x6 DW_TAG_enumerator
	.long	.Linfo_string134                @ DW_AT_name
	.byte	31                              @ DW_AT_const_value
	.byte	19                              @ Abbrev [19] 0x5d7:0x6 DW_TAG_enumerator
	.long	.Linfo_string135                @ DW_AT_name
	.byte	32                              @ DW_AT_const_value
	.byte	19                              @ Abbrev [19] 0x5dd:0x6 DW_TAG_enumerator
	.long	.Linfo_string136                @ DW_AT_name
	.byte	33                              @ DW_AT_const_value
	.byte	19                              @ Abbrev [19] 0x5e3:0x6 DW_TAG_enumerator
	.long	.Linfo_string137                @ DW_AT_name
	.byte	34                              @ DW_AT_const_value
	.byte	19                              @ Abbrev [19] 0x5e9:0x6 DW_TAG_enumerator
	.long	.Linfo_string138                @ DW_AT_name
	.byte	35                              @ DW_AT_const_value
	.byte	19                              @ Abbrev [19] 0x5ef:0x6 DW_TAG_enumerator
	.long	.Linfo_string139                @ DW_AT_name
	.byte	36                              @ DW_AT_const_value
	.byte	19                              @ Abbrev [19] 0x5f5:0x6 DW_TAG_enumerator
	.long	.Linfo_string140                @ DW_AT_name
	.byte	37                              @ DW_AT_const_value
	.byte	19                              @ Abbrev [19] 0x5fb:0x6 DW_TAG_enumerator
	.long	.Linfo_string141                @ DW_AT_name
	.byte	38                              @ DW_AT_const_value
	.byte	19                              @ Abbrev [19] 0x601:0x6 DW_TAG_enumerator
	.long	.Linfo_string142                @ DW_AT_name
	.byte	39                              @ DW_AT_const_value
	.byte	19                              @ Abbrev [19] 0x607:0x6 DW_TAG_enumerator
	.long	.Linfo_string143                @ DW_AT_name
	.byte	41                              @ DW_AT_const_value
	.byte	19                              @ Abbrev [19] 0x60d:0x6 DW_TAG_enumerator
	.long	.Linfo_string144                @ DW_AT_name
	.byte	42                              @ DW_AT_const_value
	.byte	19                              @ Abbrev [19] 0x613:0x6 DW_TAG_enumerator
	.long	.Linfo_string145                @ DW_AT_name
	.byte	43                              @ DW_AT_const_value
	.byte	19                              @ Abbrev [19] 0x619:0x6 DW_TAG_enumerator
	.long	.Linfo_string146                @ DW_AT_name
	.byte	44                              @ DW_AT_const_value
	.byte	19                              @ Abbrev [19] 0x61f:0x6 DW_TAG_enumerator
	.long	.Linfo_string147                @ DW_AT_name
	.byte	46                              @ DW_AT_const_value
	.byte	19                              @ Abbrev [19] 0x625:0x6 DW_TAG_enumerator
	.long	.Linfo_string148                @ DW_AT_name
	.byte	47                              @ DW_AT_const_value
	.byte	19                              @ Abbrev [19] 0x62b:0x6 DW_TAG_enumerator
	.long	.Linfo_string149                @ DW_AT_name
	.byte	48                              @ DW_AT_const_value
	.byte	19                              @ Abbrev [19] 0x631:0x6 DW_TAG_enumerator
	.long	.Linfo_string150                @ DW_AT_name
	.byte	49                              @ DW_AT_const_value
	.byte	19                              @ Abbrev [19] 0x637:0x6 DW_TAG_enumerator
	.long	.Linfo_string151                @ DW_AT_name
	.byte	50                              @ DW_AT_const_value
	.byte	19                              @ Abbrev [19] 0x63d:0x6 DW_TAG_enumerator
	.long	.Linfo_string152                @ DW_AT_name
	.byte	51                              @ DW_AT_const_value
	.byte	19                              @ Abbrev [19] 0x643:0x6 DW_TAG_enumerator
	.long	.Linfo_string153                @ DW_AT_name
	.byte	52                              @ DW_AT_const_value
	.byte	19                              @ Abbrev [19] 0x649:0x6 DW_TAG_enumerator
	.long	.Linfo_string154                @ DW_AT_name
	.byte	54                              @ DW_AT_const_value
	.byte	19                              @ Abbrev [19] 0x64f:0x6 DW_TAG_enumerator
	.long	.Linfo_string155                @ DW_AT_name
	.byte	55                              @ DW_AT_const_value
	.byte	19                              @ Abbrev [19] 0x655:0x6 DW_TAG_enumerator
	.long	.Linfo_string156                @ DW_AT_name
	.byte	56                              @ DW_AT_const_value
	.byte	19                              @ Abbrev [19] 0x65b:0x6 DW_TAG_enumerator
	.long	.Linfo_string157                @ DW_AT_name
	.byte	57                              @ DW_AT_const_value
	.byte	19                              @ Abbrev [19] 0x661:0x6 DW_TAG_enumerator
	.long	.Linfo_string158                @ DW_AT_name
	.byte	58                              @ DW_AT_const_value
	.byte	19                              @ Abbrev [19] 0x667:0x6 DW_TAG_enumerator
	.long	.Linfo_string159                @ DW_AT_name
	.byte	59                              @ DW_AT_const_value
	.byte	19                              @ Abbrev [19] 0x66d:0x6 DW_TAG_enumerator
	.long	.Linfo_string160                @ DW_AT_name
	.byte	60                              @ DW_AT_const_value
	.byte	19                              @ Abbrev [19] 0x673:0x6 DW_TAG_enumerator
	.long	.Linfo_string161                @ DW_AT_name
	.byte	61                              @ DW_AT_const_value
	.byte	19                              @ Abbrev [19] 0x679:0x6 DW_TAG_enumerator
	.long	.Linfo_string162                @ DW_AT_name
	.byte	62                              @ DW_AT_const_value
	.byte	19                              @ Abbrev [19] 0x67f:0x6 DW_TAG_enumerator
	.long	.Linfo_string163                @ DW_AT_name
	.byte	63                              @ DW_AT_const_value
	.byte	19                              @ Abbrev [19] 0x685:0x7 DW_TAG_enumerator
	.long	.Linfo_string164                @ DW_AT_name
	.asciz	"\300"                          @ DW_AT_const_value
	.byte	19                              @ Abbrev [19] 0x68c:0x7 DW_TAG_enumerator
	.long	.Linfo_string165                @ DW_AT_name
	.asciz	"\301"                          @ DW_AT_const_value
	.byte	19                              @ Abbrev [19] 0x693:0x7 DW_TAG_enumerator
	.long	.Linfo_string166                @ DW_AT_name
	.asciz	"\302"                          @ DW_AT_const_value
	.byte	19                              @ Abbrev [19] 0x69a:0x7 DW_TAG_enumerator
	.long	.Linfo_string167                @ DW_AT_name
	.asciz	"\303"                          @ DW_AT_const_value
	.byte	19                              @ Abbrev [19] 0x6a1:0x7 DW_TAG_enumerator
	.long	.Linfo_string168                @ DW_AT_name
	.asciz	"\304"                          @ DW_AT_const_value
	.byte	19                              @ Abbrev [19] 0x6a8:0x7 DW_TAG_enumerator
	.long	.Linfo_string169                @ DW_AT_name
	.asciz	"\305"                          @ DW_AT_const_value
	.byte	19                              @ Abbrev [19] 0x6af:0x7 DW_TAG_enumerator
	.long	.Linfo_string170                @ DW_AT_name
	.asciz	"\307"                          @ DW_AT_const_value
	.byte	19                              @ Abbrev [19] 0x6b6:0x7 DW_TAG_enumerator
	.long	.Linfo_string171                @ DW_AT_name
	.asciz	"\311"                          @ DW_AT_const_value
	.byte	19                              @ Abbrev [19] 0x6bd:0x7 DW_TAG_enumerator
	.long	.Linfo_string172                @ DW_AT_name
	.asciz	"\313"                          @ DW_AT_const_value
	.byte	19                              @ Abbrev [19] 0x6c4:0x7 DW_TAG_enumerator
	.long	.Linfo_string173                @ DW_AT_name
	.asciz	"\314"                          @ DW_AT_const_value
	.byte	19                              @ Abbrev [19] 0x6cb:0x7 DW_TAG_enumerator
	.long	.Linfo_string174                @ DW_AT_name
	.asciz	"\315"                          @ DW_AT_const_value
	.byte	19                              @ Abbrev [19] 0x6d2:0x7 DW_TAG_enumerator
	.long	.Linfo_string175                @ DW_AT_name
	.asciz	"\316"                          @ DW_AT_const_value
	.byte	19                              @ Abbrev [19] 0x6d9:0x7 DW_TAG_enumerator
	.long	.Linfo_string176                @ DW_AT_name
	.asciz	"\317"                          @ DW_AT_const_value
	.byte	19                              @ Abbrev [19] 0x6e0:0x7 DW_TAG_enumerator
	.long	.Linfo_string177                @ DW_AT_name
	.asciz	"\320"                          @ DW_AT_const_value
	.byte	19                              @ Abbrev [19] 0x6e7:0x7 DW_TAG_enumerator
	.long	.Linfo_string178                @ DW_AT_name
	.asciz	"\321"                          @ DW_AT_const_value
	.byte	19                              @ Abbrev [19] 0x6ee:0x7 DW_TAG_enumerator
	.long	.Linfo_string179                @ DW_AT_name
	.asciz	"\322"                          @ DW_AT_const_value
	.byte	19                              @ Abbrev [19] 0x6f5:0x7 DW_TAG_enumerator
	.long	.Linfo_string180                @ DW_AT_name
	.asciz	"\323"                          @ DW_AT_const_value
	.byte	19                              @ Abbrev [19] 0x6fc:0x7 DW_TAG_enumerator
	.long	.Linfo_string181                @ DW_AT_name
	.asciz	"\324"                          @ DW_AT_const_value
	.byte	19                              @ Abbrev [19] 0x703:0x7 DW_TAG_enumerator
	.long	.Linfo_string182                @ DW_AT_name
	.asciz	"\330"                          @ DW_AT_const_value
	.byte	19                              @ Abbrev [19] 0x70a:0x7 DW_TAG_enumerator
	.long	.Linfo_string183                @ DW_AT_name
	.asciz	"\331"                          @ DW_AT_const_value
	.byte	19                              @ Abbrev [19] 0x711:0x7 DW_TAG_enumerator
	.long	.Linfo_string184                @ DW_AT_name
	.asciz	"\332"                          @ DW_AT_const_value
	.byte	19                              @ Abbrev [19] 0x718:0x7 DW_TAG_enumerator
	.long	.Linfo_string185                @ DW_AT_name
	.asciz	"\334"                          @ DW_AT_const_value
	.byte	19                              @ Abbrev [19] 0x71f:0x7 DW_TAG_enumerator
	.long	.Linfo_string186                @ DW_AT_name
	.asciz	"\335"                          @ DW_AT_const_value
	.byte	19                              @ Abbrev [19] 0x726:0x7 DW_TAG_enumerator
	.long	.Linfo_string187                @ DW_AT_name
	.asciz	"\336"                          @ DW_AT_const_value
	.byte	19                              @ Abbrev [19] 0x72d:0x7 DW_TAG_enumerator
	.long	.Linfo_string188                @ DW_AT_name
	.asciz	"\337"                          @ DW_AT_const_value
	.byte	19                              @ Abbrev [19] 0x734:0x7 DW_TAG_enumerator
	.long	.Linfo_string189                @ DW_AT_name
	.asciz	"\340"                          @ DW_AT_const_value
	.byte	19                              @ Abbrev [19] 0x73b:0x7 DW_TAG_enumerator
	.long	.Linfo_string190                @ DW_AT_name
	.asciz	"\341"                          @ DW_AT_const_value
	.byte	19                              @ Abbrev [19] 0x742:0x7 DW_TAG_enumerator
	.long	.Linfo_string191                @ DW_AT_name
	.asciz	"\343"                          @ DW_AT_const_value
	.byte	19                              @ Abbrev [19] 0x749:0x7 DW_TAG_enumerator
	.long	.Linfo_string192                @ DW_AT_name
	.asciz	"\344"                          @ DW_AT_const_value
	.byte	19                              @ Abbrev [19] 0x750:0x7 DW_TAG_enumerator
	.long	.Linfo_string193                @ DW_AT_name
	.asciz	"\345"                          @ DW_AT_const_value
	.byte	19                              @ Abbrev [19] 0x757:0x7 DW_TAG_enumerator
	.long	.Linfo_string194                @ DW_AT_name
	.asciz	"\346"                          @ DW_AT_const_value
	.byte	19                              @ Abbrev [19] 0x75e:0x7 DW_TAG_enumerator
	.long	.Linfo_string195                @ DW_AT_name
	.asciz	"\347"                          @ DW_AT_const_value
	.byte	19                              @ Abbrev [19] 0x765:0x7 DW_TAG_enumerator
	.long	.Linfo_string196                @ DW_AT_name
	.asciz	"\350"                          @ DW_AT_const_value
	.byte	19                              @ Abbrev [19] 0x76c:0x7 DW_TAG_enumerator
	.long	.Linfo_string197                @ DW_AT_name
	.asciz	"\351"                          @ DW_AT_const_value
	.byte	19                              @ Abbrev [19] 0x773:0x7 DW_TAG_enumerator
	.long	.Linfo_string198                @ DW_AT_name
	.asciz	"\352"                          @ DW_AT_const_value
	.byte	19                              @ Abbrev [19] 0x77a:0x7 DW_TAG_enumerator
	.long	.Linfo_string199                @ DW_AT_name
	.asciz	"\353"                          @ DW_AT_const_value
	.byte	19                              @ Abbrev [19] 0x781:0x7 DW_TAG_enumerator
	.long	.Linfo_string200                @ DW_AT_name
	.asciz	"\354"                          @ DW_AT_const_value
	.byte	19                              @ Abbrev [19] 0x788:0x7 DW_TAG_enumerator
	.long	.Linfo_string201                @ DW_AT_name
	.asciz	"\356"                          @ DW_AT_const_value
	.byte	19                              @ Abbrev [19] 0x78f:0x7 DW_TAG_enumerator
	.long	.Linfo_string202                @ DW_AT_name
	.asciz	"\360"                          @ DW_AT_const_value
	.byte	19                              @ Abbrev [19] 0x796:0x7 DW_TAG_enumerator
	.long	.Linfo_string203                @ DW_AT_name
	.asciz	"\361"                          @ DW_AT_const_value
	.byte	19                              @ Abbrev [19] 0x79d:0x7 DW_TAG_enumerator
	.long	.Linfo_string204                @ DW_AT_name
	.asciz	"\362"                          @ DW_AT_const_value
	.byte	19                              @ Abbrev [19] 0x7a4:0x7 DW_TAG_enumerator
	.long	.Linfo_string205                @ DW_AT_name
	.asciz	"\363"                          @ DW_AT_const_value
	.byte	19                              @ Abbrev [19] 0x7ab:0x7 DW_TAG_enumerator
	.long	.Linfo_string206                @ DW_AT_name
	.asciz	"\364"                          @ DW_AT_const_value
	.byte	19                              @ Abbrev [19] 0x7b2:0x7 DW_TAG_enumerator
	.long	.Linfo_string207                @ DW_AT_name
	.asciz	"\365"                          @ DW_AT_const_value
	.byte	19                              @ Abbrev [19] 0x7b9:0x7 DW_TAG_enumerator
	.long	.Linfo_string208                @ DW_AT_name
	.asciz	"\366"                          @ DW_AT_const_value
	.byte	19                              @ Abbrev [19] 0x7c0:0x7 DW_TAG_enumerator
	.long	.Linfo_string209                @ DW_AT_name
	.asciz	"\367"                          @ DW_AT_const_value
	.byte	19                              @ Abbrev [19] 0x7c7:0x7 DW_TAG_enumerator
	.long	.Linfo_string210                @ DW_AT_name
	.asciz	"\370"                          @ DW_AT_const_value
	.byte	19                              @ Abbrev [19] 0x7ce:0x7 DW_TAG_enumerator
	.long	.Linfo_string211                @ DW_AT_name
	.asciz	"\371"                          @ DW_AT_const_value
	.byte	19                              @ Abbrev [19] 0x7d5:0x7 DW_TAG_enumerator
	.long	.Linfo_string212                @ DW_AT_name
	.asciz	"\372"                          @ DW_AT_const_value
	.byte	19                              @ Abbrev [19] 0x7dc:0x7 DW_TAG_enumerator
	.long	.Linfo_string213                @ DW_AT_name
	.asciz	"\375"                          @ DW_AT_const_value
	.byte	19                              @ Abbrev [19] 0x7e3:0x7 DW_TAG_enumerator
	.long	.Linfo_string214                @ DW_AT_name
	.asciz	"\376"                          @ DW_AT_const_value
	.byte	19                              @ Abbrev [19] 0x7ea:0x7 DW_TAG_enumerator
	.long	.Linfo_string215                @ DW_AT_name
	.asciz	"\377"                          @ DW_AT_const_value
	.byte	19                              @ Abbrev [19] 0x7f1:0x7 DW_TAG_enumerator
	.long	.Linfo_string216                @ DW_AT_name
	.ascii	"\200\001"                      @ DW_AT_const_value
	.byte	19                              @ Abbrev [19] 0x7f8:0x7 DW_TAG_enumerator
	.long	.Linfo_string217                @ DW_AT_name
	.ascii	"\201\001"                      @ DW_AT_const_value
	.byte	19                              @ Abbrev [19] 0x7ff:0x7 DW_TAG_enumerator
	.long	.Linfo_string218                @ DW_AT_name
	.ascii	"\206\001"                      @ DW_AT_const_value
	.byte	19                              @ Abbrev [19] 0x806:0x7 DW_TAG_enumerator
	.long	.Linfo_string219                @ DW_AT_name
	.ascii	"\207\001"                      @ DW_AT_const_value
	.byte	19                              @ Abbrev [19] 0x80d:0x7 DW_TAG_enumerator
	.long	.Linfo_string220                @ DW_AT_name
	.ascii	"\211\001"                      @ DW_AT_const_value
	.byte	19                              @ Abbrev [19] 0x814:0x7 DW_TAG_enumerator
	.long	.Linfo_string221                @ DW_AT_name
	.ascii	"\212\001"                      @ DW_AT_const_value
	.byte	19                              @ Abbrev [19] 0x81b:0x7 DW_TAG_enumerator
	.long	.Linfo_string222                @ DW_AT_name
	.ascii	"\213\001"                      @ DW_AT_const_value
	.byte	19                              @ Abbrev [19] 0x822:0x7 DW_TAG_enumerator
	.long	.Linfo_string223                @ DW_AT_name
	.ascii	"\214\001"                      @ DW_AT_const_value
	.byte	19                              @ Abbrev [19] 0x829:0x7 DW_TAG_enumerator
	.long	.Linfo_string224                @ DW_AT_name
	.ascii	"\215\001"                      @ DW_AT_const_value
	.byte	19                              @ Abbrev [19] 0x830:0x7 DW_TAG_enumerator
	.long	.Linfo_string225                @ DW_AT_name
	.ascii	"\216\001"                      @ DW_AT_const_value
	.byte	19                              @ Abbrev [19] 0x837:0x7 DW_TAG_enumerator
	.long	.Linfo_string226                @ DW_AT_name
	.ascii	"\217\001"                      @ DW_AT_const_value
	.byte	19                              @ Abbrev [19] 0x83e:0x7 DW_TAG_enumerator
	.long	.Linfo_string227                @ DW_AT_name
	.ascii	"\220\001"                      @ DW_AT_const_value
	.byte	19                              @ Abbrev [19] 0x845:0x7 DW_TAG_enumerator
	.long	.Linfo_string228                @ DW_AT_name
	.ascii	"\225\001"                      @ DW_AT_const_value
	.byte	19                              @ Abbrev [19] 0x84c:0x7 DW_TAG_enumerator
	.long	.Linfo_string229                @ DW_AT_name
	.ascii	"\226\001"                      @ DW_AT_const_value
	.byte	19                              @ Abbrev [19] 0x853:0x7 DW_TAG_enumerator
	.long	.Linfo_string230                @ DW_AT_name
	.ascii	"\240\001"                      @ DW_AT_const_value
	.byte	19                              @ Abbrev [19] 0x85a:0x7 DW_TAG_enumerator
	.long	.Linfo_string231                @ DW_AT_name
	.ascii	"\241\001"                      @ DW_AT_const_value
	.byte	19                              @ Abbrev [19] 0x861:0x7 DW_TAG_enumerator
	.long	.Linfo_string232                @ DW_AT_name
	.ascii	"\261\001"                      @ DW_AT_const_value
	.byte	0                               @ End Of Children Mark
	.byte	20                              @ Abbrev [20] 0x869:0x5 DW_TAG_pointer_type
	.long	2158                            @ DW_AT_type
	.byte	7                               @ Abbrev [7] 0x86e:0xc DW_TAG_typedef
	.long	2170                            @ DW_AT_type
	.long	.Linfo_string278                @ DW_AT_name
	.byte	5                               @ DW_AT_decl_file
	.short	1047                            @ DW_AT_decl_line
	.byte	21                              @ Abbrev [21] 0x87a:0x1bb DW_TAG_structure_type
	.short	1800                            @ DW_AT_byte_size
	.byte	5                               @ DW_AT_decl_file
	.short	299                             @ DW_AT_decl_line
	.byte	9                               @ Abbrev [9] 0x880:0xd DW_TAG_member
	.long	.Linfo_string234                @ DW_AT_name
	.long	2613                            @ DW_AT_type
	.byte	5                               @ DW_AT_decl_file
	.short	1006                            @ DW_AT_decl_line
	.byte	0                               @ DW_AT_data_member_location
	.byte	9                               @ Abbrev [9] 0x88d:0xd DW_TAG_member
	.long	.Linfo_string235                @ DW_AT_name
	.long	2618                            @ DW_AT_type
	.byte	5                               @ DW_AT_decl_file
	.short	1007                            @ DW_AT_decl_line
	.byte	4                               @ DW_AT_data_member_location
	.byte	9                               @ Abbrev [9] 0x89a:0xd DW_TAG_member
	.long	.Linfo_string236                @ DW_AT_name
	.long	95                              @ DW_AT_type
	.byte	5                               @ DW_AT_decl_file
	.short	1008                            @ DW_AT_decl_line
	.byte	8                               @ DW_AT_data_member_location
	.byte	9                               @ Abbrev [9] 0x8a7:0xd DW_TAG_member
	.long	.Linfo_string237                @ DW_AT_name
	.long	2618                            @ DW_AT_type
	.byte	5                               @ DW_AT_decl_file
	.short	1009                            @ DW_AT_decl_line
	.byte	12                              @ DW_AT_data_member_location
	.byte	9                               @ Abbrev [9] 0x8b4:0xd DW_TAG_member
	.long	.Linfo_string238                @ DW_AT_name
	.long	95                              @ DW_AT_type
	.byte	5                               @ DW_AT_decl_file
	.short	1010                            @ DW_AT_decl_line
	.byte	16                              @ DW_AT_data_member_location
	.byte	9                               @ Abbrev [9] 0x8c1:0xd DW_TAG_member
	.long	.Linfo_string239                @ DW_AT_name
	.long	95                              @ DW_AT_type
	.byte	5                               @ DW_AT_decl_file
	.short	1011                            @ DW_AT_decl_line
	.byte	20                              @ DW_AT_data_member_location
	.byte	9                               @ Abbrev [9] 0x8ce:0xd DW_TAG_member
	.long	.Linfo_string240                @ DW_AT_name
	.long	95                              @ DW_AT_type
	.byte	5                               @ DW_AT_decl_file
	.short	1012                            @ DW_AT_decl_line
	.byte	24                              @ DW_AT_data_member_location
	.byte	9                               @ Abbrev [9] 0x8db:0xd DW_TAG_member
	.long	.Linfo_string241                @ DW_AT_name
	.long	2613                            @ DW_AT_type
	.byte	5                               @ DW_AT_decl_file
	.short	1013                            @ DW_AT_decl_line
	.byte	28                              @ DW_AT_data_member_location
	.byte	9                               @ Abbrev [9] 0x8e8:0xd DW_TAG_member
	.long	.Linfo_string242                @ DW_AT_name
	.long	95                              @ DW_AT_type
	.byte	5                               @ DW_AT_decl_file
	.short	1014                            @ DW_AT_decl_line
	.byte	32                              @ DW_AT_data_member_location
	.byte	9                               @ Abbrev [9] 0x8f5:0xd DW_TAG_member
	.long	.Linfo_string243                @ DW_AT_name
	.long	95                              @ DW_AT_type
	.byte	5                               @ DW_AT_decl_file
	.short	1015                            @ DW_AT_decl_line
	.byte	36                              @ DW_AT_data_member_location
	.byte	22                              @ Abbrev [22] 0x902:0x9 DW_TAG_member
	.long	2315                            @ DW_AT_type
	.byte	5                               @ DW_AT_decl_file
	.short	1017                            @ DW_AT_decl_line
	.byte	40                              @ DW_AT_data_member_location
	.byte	23                              @ Abbrev [23] 0x90b:0x20 DW_TAG_union_type
	.byte	4                               @ DW_AT_byte_size
	.byte	5                               @ DW_AT_decl_file
	.short	1017                            @ DW_AT_decl_line
	.byte	9                               @ Abbrev [9] 0x910:0xd DW_TAG_member
	.long	.Linfo_string244                @ DW_AT_name
	.long	95                              @ DW_AT_type
	.byte	5                               @ DW_AT_decl_file
	.short	1019                            @ DW_AT_decl_line
	.byte	0                               @ DW_AT_data_member_location
	.byte	9                               @ Abbrev [9] 0x91d:0xd DW_TAG_member
	.long	.Linfo_string245                @ DW_AT_name
	.long	55                              @ DW_AT_type
	.byte	5                               @ DW_AT_decl_file
	.short	1020                            @ DW_AT_decl_line
	.byte	0                               @ DW_AT_data_member_location
	.byte	0                               @ End Of Children Mark
	.byte	9                               @ Abbrev [9] 0x92b:0xd DW_TAG_member
	.long	.Linfo_string246                @ DW_AT_name
	.long	95                              @ DW_AT_type
	.byte	5                               @ DW_AT_decl_file
	.short	1024                            @ DW_AT_decl_line
	.byte	44                              @ DW_AT_data_member_location
	.byte	9                               @ Abbrev [9] 0x938:0xd DW_TAG_member
	.long	.Linfo_string247                @ DW_AT_name
	.long	95                              @ DW_AT_type
	.byte	5                               @ DW_AT_decl_file
	.short	1025                            @ DW_AT_decl_line
	.byte	48                              @ DW_AT_data_member_location
	.byte	9                               @ Abbrev [9] 0x945:0xd DW_TAG_member
	.long	.Linfo_string248                @ DW_AT_name
	.long	95                              @ DW_AT_type
	.byte	5                               @ DW_AT_decl_file
	.short	1026                            @ DW_AT_decl_line
	.byte	52                              @ DW_AT_data_member_location
	.byte	9                               @ Abbrev [9] 0x952:0xd DW_TAG_member
	.long	.Linfo_string249                @ DW_AT_name
	.long	95                              @ DW_AT_type
	.byte	5                               @ DW_AT_decl_file
	.short	1027                            @ DW_AT_decl_line
	.byte	56                              @ DW_AT_data_member_location
	.byte	9                               @ Abbrev [9] 0x95f:0xd DW_TAG_member
	.long	.Linfo_string250                @ DW_AT_name
	.long	2613                            @ DW_AT_type
	.byte	5                               @ DW_AT_decl_file
	.short	1028                            @ DW_AT_decl_line
	.byte	60                              @ DW_AT_data_member_location
	.byte	9                               @ Abbrev [9] 0x96c:0xd DW_TAG_member
	.long	.Linfo_string251                @ DW_AT_name
	.long	2613                            @ DW_AT_type
	.byte	5                               @ DW_AT_decl_file
	.short	1029                            @ DW_AT_decl_line
	.byte	64                              @ DW_AT_data_member_location
	.byte	9                               @ Abbrev [9] 0x979:0xd DW_TAG_member
	.long	.Linfo_string252                @ DW_AT_name
	.long	2613                            @ DW_AT_type
	.byte	5                               @ DW_AT_decl_file
	.short	1030                            @ DW_AT_decl_line
	.byte	68                              @ DW_AT_data_member_location
	.byte	9                               @ Abbrev [9] 0x986:0xd DW_TAG_member
	.long	.Linfo_string253                @ DW_AT_name
	.long	2613                            @ DW_AT_type
	.byte	5                               @ DW_AT_decl_file
	.short	1031                            @ DW_AT_decl_line
	.byte	72                              @ DW_AT_data_member_location
	.byte	9                               @ Abbrev [9] 0x993:0xd DW_TAG_member
	.long	.Linfo_string254                @ DW_AT_name
	.long	2613                            @ DW_AT_type
	.byte	5                               @ DW_AT_decl_file
	.short	1032                            @ DW_AT_decl_line
	.byte	76                              @ DW_AT_data_member_location
	.byte	9                               @ Abbrev [9] 0x9a0:0xd DW_TAG_member
	.long	.Linfo_string255                @ DW_AT_name
	.long	2613                            @ DW_AT_type
	.byte	5                               @ DW_AT_decl_file
	.short	1033                            @ DW_AT_decl_line
	.byte	80                              @ DW_AT_data_member_location
	.byte	9                               @ Abbrev [9] 0x9ad:0xd DW_TAG_member
	.long	.Linfo_string256                @ DW_AT_name
	.long	95                              @ DW_AT_type
	.byte	5                               @ DW_AT_decl_file
	.short	1034                            @ DW_AT_decl_line
	.byte	84                              @ DW_AT_data_member_location
	.byte	9                               @ Abbrev [9] 0x9ba:0xd DW_TAG_member
	.long	.Linfo_string257                @ DW_AT_name
	.long	95                              @ DW_AT_type
	.byte	5                               @ DW_AT_decl_file
	.short	1035                            @ DW_AT_decl_line
	.byte	88                              @ DW_AT_data_member_location
	.byte	9                               @ Abbrev [9] 0x9c7:0xd DW_TAG_member
	.long	.Linfo_string258                @ DW_AT_name
	.long	95                              @ DW_AT_type
	.byte	5                               @ DW_AT_decl_file
	.short	1036                            @ DW_AT_decl_line
	.byte	92                              @ DW_AT_data_member_location
	.byte	9                               @ Abbrev [9] 0x9d4:0xd DW_TAG_member
	.long	.Linfo_string259                @ DW_AT_name
	.long	95                              @ DW_AT_type
	.byte	5                               @ DW_AT_decl_file
	.short	1037                            @ DW_AT_decl_line
	.byte	96                              @ DW_AT_data_member_location
	.byte	9                               @ Abbrev [9] 0x9e1:0xd DW_TAG_member
	.long	.Linfo_string260                @ DW_AT_name
	.long	2630                            @ DW_AT_type
	.byte	5                               @ DW_AT_decl_file
	.short	1039                            @ DW_AT_decl_line
	.byte	100                             @ DW_AT_data_member_location
	.byte	24                              @ Abbrev [24] 0x9ee:0xe DW_TAG_member
	.long	.Linfo_string273                @ DW_AT_name
	.long	2817                            @ DW_AT_type
	.byte	5                               @ DW_AT_decl_file
	.short	1041                            @ DW_AT_decl_line
	.short	820                             @ DW_AT_data_member_location
	.byte	24                              @ Abbrev [24] 0x9fc:0xe DW_TAG_member
	.long	.Linfo_string274                @ DW_AT_name
	.long	95                              @ DW_AT_type
	.byte	5                               @ DW_AT_decl_file
	.short	1042                            @ DW_AT_decl_line
	.short	1784                            @ DW_AT_data_member_location
	.byte	24                              @ Abbrev [24] 0xa0a:0xe DW_TAG_member
	.long	.Linfo_string275                @ DW_AT_name
	.long	95                              @ DW_AT_type
	.byte	5                               @ DW_AT_decl_file
	.short	1043                            @ DW_AT_decl_line
	.short	1788                            @ DW_AT_data_member_location
	.byte	24                              @ Abbrev [24] 0xa18:0xe DW_TAG_member
	.long	.Linfo_string276                @ DW_AT_name
	.long	95                              @ DW_AT_type
	.byte	5                               @ DW_AT_decl_file
	.short	1044                            @ DW_AT_decl_line
	.short	1792                            @ DW_AT_data_member_location
	.byte	24                              @ Abbrev [24] 0xa26:0xe DW_TAG_member
	.long	.Linfo_string277                @ DW_AT_name
	.long	95                              @ DW_AT_type
	.byte	5                               @ DW_AT_decl_file
	.short	1045                            @ DW_AT_decl_line
	.short	1796                            @ DW_AT_data_member_location
	.byte	0                               @ End Of Children Mark
	.byte	25                              @ Abbrev [25] 0xa35:0x5 DW_TAG_const_type
	.long	95                              @ DW_AT_type
	.byte	14                              @ Abbrev [14] 0xa3a:0xc DW_TAG_array_type
	.long	2613                            @ DW_AT_type
	.byte	15                              @ Abbrev [15] 0xa3f:0x6 DW_TAG_subrange_type
	.long	818                             @ DW_AT_type
	.byte	1                               @ DW_AT_count
	.byte	0                               @ End Of Children Mark
	.byte	14                              @ Abbrev [14] 0xa46:0xc DW_TAG_array_type
	.long	2642                            @ DW_AT_type
	.byte	15                              @ Abbrev [15] 0xa4b:0x6 DW_TAG_subrange_type
	.long	818                             @ DW_AT_type
	.byte	18                              @ DW_AT_count
	.byte	0                               @ End Of Children Mark
	.byte	7                               @ Abbrev [7] 0xa52:0xc DW_TAG_typedef
	.long	2654                            @ DW_AT_type
	.long	.Linfo_string272                @ DW_AT_name
	.byte	5                               @ DW_AT_decl_file
	.short	297                             @ DW_AT_decl_line
	.byte	11                              @ Abbrev [11] 0xa5e:0xa3 DW_TAG_structure_type
	.byte	40                              @ DW_AT_byte_size
	.byte	5                               @ DW_AT_decl_file
	.byte	28                              @ DW_AT_decl_line
	.byte	22                              @ Abbrev [22] 0xa62:0x9 DW_TAG_member
	.long	2667                            @ DW_AT_type
	.byte	5                               @ DW_AT_decl_file
	.short	280                             @ DW_AT_decl_line
	.byte	0                               @ DW_AT_data_member_location
	.byte	23                              @ Abbrev [23] 0xa6b:0x20 DW_TAG_union_type
	.byte	4                               @ DW_AT_byte_size
	.byte	5                               @ DW_AT_decl_file
	.short	280                             @ DW_AT_decl_line
	.byte	9                               @ Abbrev [9] 0xa70:0xd DW_TAG_member
	.long	.Linfo_string261                @ DW_AT_name
	.long	95                              @ DW_AT_type
	.byte	5                               @ DW_AT_decl_file
	.short	282                             @ DW_AT_decl_line
	.byte	0                               @ DW_AT_data_member_location
	.byte	9                               @ Abbrev [9] 0xa7d:0xd DW_TAG_member
	.long	.Linfo_string262                @ DW_AT_name
	.long	55                              @ DW_AT_type
	.byte	5                               @ DW_AT_decl_file
	.short	283                             @ DW_AT_decl_line
	.byte	0                               @ DW_AT_data_member_location
	.byte	0                               @ End Of Children Mark
	.byte	9                               @ Abbrev [9] 0xa8b:0xd DW_TAG_member
	.long	.Linfo_string263                @ DW_AT_name
	.long	95                              @ DW_AT_type
	.byte	5                               @ DW_AT_decl_file
	.short	287                             @ DW_AT_decl_line
	.byte	4                               @ DW_AT_data_member_location
	.byte	9                               @ Abbrev [9] 0xa98:0xd DW_TAG_member
	.long	.Linfo_string264                @ DW_AT_name
	.long	95                              @ DW_AT_type
	.byte	5                               @ DW_AT_decl_file
	.short	288                             @ DW_AT_decl_line
	.byte	8                               @ DW_AT_data_member_location
	.byte	9                               @ Abbrev [9] 0xaa5:0xd DW_TAG_member
	.long	.Linfo_string265                @ DW_AT_name
	.long	2613                            @ DW_AT_type
	.byte	5                               @ DW_AT_decl_file
	.short	289                             @ DW_AT_decl_line
	.byte	12                              @ DW_AT_data_member_location
	.byte	9                               @ Abbrev [9] 0xab2:0xd DW_TAG_member
	.long	.Linfo_string266                @ DW_AT_name
	.long	95                              @ DW_AT_type
	.byte	5                               @ DW_AT_decl_file
	.short	290                             @ DW_AT_decl_line
	.byte	16                              @ DW_AT_data_member_location
	.byte	9                               @ Abbrev [9] 0xabf:0xd DW_TAG_member
	.long	.Linfo_string267                @ DW_AT_name
	.long	95                              @ DW_AT_type
	.byte	5                               @ DW_AT_decl_file
	.short	291                             @ DW_AT_decl_line
	.byte	20                              @ DW_AT_data_member_location
	.byte	9                               @ Abbrev [9] 0xacc:0xd DW_TAG_member
	.long	.Linfo_string268                @ DW_AT_name
	.long	95                              @ DW_AT_type
	.byte	5                               @ DW_AT_decl_file
	.short	292                             @ DW_AT_decl_line
	.byte	24                              @ DW_AT_data_member_location
	.byte	9                               @ Abbrev [9] 0xad9:0xd DW_TAG_member
	.long	.Linfo_string269                @ DW_AT_name
	.long	95                              @ DW_AT_type
	.byte	5                               @ DW_AT_decl_file
	.short	293                             @ DW_AT_decl_line
	.byte	28                              @ DW_AT_data_member_location
	.byte	9                               @ Abbrev [9] 0xae6:0xd DW_TAG_member
	.long	.Linfo_string270                @ DW_AT_name
	.long	95                              @ DW_AT_type
	.byte	5                               @ DW_AT_decl_file
	.short	294                             @ DW_AT_decl_line
	.byte	32                              @ DW_AT_data_member_location
	.byte	9                               @ Abbrev [9] 0xaf3:0xd DW_TAG_member
	.long	.Linfo_string271                @ DW_AT_name
	.long	95                              @ DW_AT_type
	.byte	5                               @ DW_AT_decl_file
	.short	295                             @ DW_AT_decl_line
	.byte	36                              @ DW_AT_data_member_location
	.byte	0                               @ End Of Children Mark
	.byte	14                              @ Abbrev [14] 0xb01:0xc DW_TAG_array_type
	.long	2613                            @ DW_AT_type
	.byte	15                              @ Abbrev [15] 0xb06:0x6 DW_TAG_subrange_type
	.long	818                             @ DW_AT_type
	.byte	241                             @ DW_AT_count
	.byte	0                               @ End Of Children Mark
	.byte	20                              @ Abbrev [20] 0xb0d:0x5 DW_TAG_pointer_type
	.long	60                              @ DW_AT_type
	.byte	20                              @ Abbrev [20] 0xb12:0x5 DW_TAG_pointer_type
	.long	2839                            @ DW_AT_type
	.byte	7                               @ Abbrev [7] 0xb17:0xc DW_TAG_typedef
	.long	2851                            @ DW_AT_type
	.long	.Linfo_string315                @ DW_AT_name
	.byte	6                               @ DW_AT_decl_file
	.short	466                             @ DW_AT_decl_line
	.byte	26                              @ Abbrev [26] 0xb23:0x20c DW_TAG_structure_type
	.short	448                             @ DW_AT_byte_size
	.byte	6                               @ DW_AT_decl_file
	.byte	28                              @ DW_AT_decl_line
	.byte	9                               @ Abbrev [9] 0xb28:0xd DW_TAG_member
	.long	.Linfo_string279                @ DW_AT_name
	.long	95                              @ DW_AT_type
	.byte	6                               @ DW_AT_decl_file
	.short	427                             @ DW_AT_decl_line
	.byte	0                               @ DW_AT_data_member_location
	.byte	9                               @ Abbrev [9] 0xb35:0xd DW_TAG_member
	.long	.Linfo_string280                @ DW_AT_name
	.long	95                              @ DW_AT_type
	.byte	6                               @ DW_AT_decl_file
	.short	428                             @ DW_AT_decl_line
	.byte	4                               @ DW_AT_data_member_location
	.byte	9                               @ Abbrev [9] 0xb42:0xd DW_TAG_member
	.long	.Linfo_string281                @ DW_AT_name
	.long	95                              @ DW_AT_type
	.byte	6                               @ DW_AT_decl_file
	.short	429                             @ DW_AT_decl_line
	.byte	8                               @ DW_AT_data_member_location
	.byte	9                               @ Abbrev [9] 0xb4f:0xd DW_TAG_member
	.long	.Linfo_string282                @ DW_AT_name
	.long	95                              @ DW_AT_type
	.byte	6                               @ DW_AT_decl_file
	.short	430                             @ DW_AT_decl_line
	.byte	12                              @ DW_AT_data_member_location
	.byte	9                               @ Abbrev [9] 0xb5c:0xd DW_TAG_member
	.long	.Linfo_string283                @ DW_AT_name
	.long	95                              @ DW_AT_type
	.byte	6                               @ DW_AT_decl_file
	.short	431                             @ DW_AT_decl_line
	.byte	16                              @ DW_AT_data_member_location
	.byte	9                               @ Abbrev [9] 0xb69:0xd DW_TAG_member
	.long	.Linfo_string235                @ DW_AT_name
	.long	3375                            @ DW_AT_type
	.byte	6                               @ DW_AT_decl_file
	.short	432                             @ DW_AT_decl_line
	.byte	20                              @ DW_AT_data_member_location
	.byte	9                               @ Abbrev [9] 0xb76:0xd DW_TAG_member
	.long	.Linfo_string284                @ DW_AT_name
	.long	95                              @ DW_AT_type
	.byte	6                               @ DW_AT_decl_file
	.short	433                             @ DW_AT_decl_line
	.byte	32                              @ DW_AT_data_member_location
	.byte	9                               @ Abbrev [9] 0xb83:0xd DW_TAG_member
	.long	.Linfo_string285                @ DW_AT_name
	.long	95                              @ DW_AT_type
	.byte	6                               @ DW_AT_decl_file
	.short	434                             @ DW_AT_decl_line
	.byte	36                              @ DW_AT_data_member_location
	.byte	9                               @ Abbrev [9] 0xb90:0xd DW_TAG_member
	.long	.Linfo_string286                @ DW_AT_name
	.long	95                              @ DW_AT_type
	.byte	6                               @ DW_AT_decl_file
	.short	435                             @ DW_AT_decl_line
	.byte	40                              @ DW_AT_data_member_location
	.byte	9                               @ Abbrev [9] 0xb9d:0xd DW_TAG_member
	.long	.Linfo_string287                @ DW_AT_name
	.long	95                              @ DW_AT_type
	.byte	6                               @ DW_AT_decl_file
	.short	436                             @ DW_AT_decl_line
	.byte	44                              @ DW_AT_data_member_location
	.byte	9                               @ Abbrev [9] 0xbaa:0xd DW_TAG_member
	.long	.Linfo_string288                @ DW_AT_name
	.long	95                              @ DW_AT_type
	.byte	6                               @ DW_AT_decl_file
	.short	437                             @ DW_AT_decl_line
	.byte	48                              @ DW_AT_data_member_location
	.byte	9                               @ Abbrev [9] 0xbb7:0xd DW_TAG_member
	.long	.Linfo_string289                @ DW_AT_name
	.long	95                              @ DW_AT_type
	.byte	6                               @ DW_AT_decl_file
	.short	438                             @ DW_AT_decl_line
	.byte	52                              @ DW_AT_data_member_location
	.byte	9                               @ Abbrev [9] 0xbc4:0xd DW_TAG_member
	.long	.Linfo_string237                @ DW_AT_name
	.long	2618                            @ DW_AT_type
	.byte	6                               @ DW_AT_decl_file
	.short	439                             @ DW_AT_decl_line
	.byte	56                              @ DW_AT_data_member_location
	.byte	9                               @ Abbrev [9] 0xbd1:0xd DW_TAG_member
	.long	.Linfo_string290                @ DW_AT_name
	.long	95                              @ DW_AT_type
	.byte	6                               @ DW_AT_decl_file
	.short	440                             @ DW_AT_decl_line
	.byte	60                              @ DW_AT_data_member_location
	.byte	9                               @ Abbrev [9] 0xbde:0xd DW_TAG_member
	.long	.Linfo_string291                @ DW_AT_name
	.long	95                              @ DW_AT_type
	.byte	6                               @ DW_AT_decl_file
	.short	441                             @ DW_AT_decl_line
	.byte	64                              @ DW_AT_data_member_location
	.byte	9                               @ Abbrev [9] 0xbeb:0xd DW_TAG_member
	.long	.Linfo_string292                @ DW_AT_name
	.long	95                              @ DW_AT_type
	.byte	6                               @ DW_AT_decl_file
	.short	442                             @ DW_AT_decl_line
	.byte	68                              @ DW_AT_data_member_location
	.byte	9                               @ Abbrev [9] 0xbf8:0xd DW_TAG_member
	.long	.Linfo_string293                @ DW_AT_name
	.long	95                              @ DW_AT_type
	.byte	6                               @ DW_AT_decl_file
	.short	443                             @ DW_AT_decl_line
	.byte	72                              @ DW_AT_data_member_location
	.byte	9                               @ Abbrev [9] 0xc05:0xd DW_TAG_member
	.long	.Linfo_string294                @ DW_AT_name
	.long	95                              @ DW_AT_type
	.byte	6                               @ DW_AT_decl_file
	.short	444                             @ DW_AT_decl_line
	.byte	76                              @ DW_AT_data_member_location
	.byte	9                               @ Abbrev [9] 0xc12:0xd DW_TAG_member
	.long	.Linfo_string295                @ DW_AT_name
	.long	2613                            @ DW_AT_type
	.byte	6                               @ DW_AT_decl_file
	.short	445                             @ DW_AT_decl_line
	.byte	80                              @ DW_AT_data_member_location
	.byte	9                               @ Abbrev [9] 0xc1f:0xd DW_TAG_member
	.long	.Linfo_string296                @ DW_AT_name
	.long	2613                            @ DW_AT_type
	.byte	6                               @ DW_AT_decl_file
	.short	446                             @ DW_AT_decl_line
	.byte	84                              @ DW_AT_data_member_location
	.byte	9                               @ Abbrev [9] 0xc2c:0xd DW_TAG_member
	.long	.Linfo_string297                @ DW_AT_name
	.long	2613                            @ DW_AT_type
	.byte	6                               @ DW_AT_decl_file
	.short	447                             @ DW_AT_decl_line
	.byte	88                              @ DW_AT_data_member_location
	.byte	9                               @ Abbrev [9] 0xc39:0xd DW_TAG_member
	.long	.Linfo_string298                @ DW_AT_name
	.long	2613                            @ DW_AT_type
	.byte	6                               @ DW_AT_decl_file
	.short	448                             @ DW_AT_decl_line
	.byte	92                              @ DW_AT_data_member_location
	.byte	9                               @ Abbrev [9] 0xc46:0xd DW_TAG_member
	.long	.Linfo_string299                @ DW_AT_name
	.long	95                              @ DW_AT_type
	.byte	6                               @ DW_AT_decl_file
	.short	449                             @ DW_AT_decl_line
	.byte	96                              @ DW_AT_data_member_location
	.byte	9                               @ Abbrev [9] 0xc53:0xd DW_TAG_member
	.long	.Linfo_string273                @ DW_AT_name
	.long	3387                            @ DW_AT_type
	.byte	6                               @ DW_AT_decl_file
	.short	450                             @ DW_AT_decl_line
	.byte	100                             @ DW_AT_data_member_location
	.byte	9                               @ Abbrev [9] 0xc60:0xd DW_TAG_member
	.long	.Linfo_string300                @ DW_AT_name
	.long	95                              @ DW_AT_type
	.byte	6                               @ DW_AT_decl_file
	.short	451                             @ DW_AT_decl_line
	.byte	128                             @ DW_AT_data_member_location
	.byte	9                               @ Abbrev [9] 0xc6d:0xd DW_TAG_member
	.long	.Linfo_string301                @ DW_AT_name
	.long	95                              @ DW_AT_type
	.byte	6                               @ DW_AT_decl_file
	.short	452                             @ DW_AT_decl_line
	.byte	132                             @ DW_AT_data_member_location
	.byte	9                               @ Abbrev [9] 0xc7a:0xd DW_TAG_member
	.long	.Linfo_string302                @ DW_AT_name
	.long	95                              @ DW_AT_type
	.byte	6                               @ DW_AT_decl_file
	.short	453                             @ DW_AT_decl_line
	.byte	136                             @ DW_AT_data_member_location
	.byte	9                               @ Abbrev [9] 0xc87:0xd DW_TAG_member
	.long	.Linfo_string303                @ DW_AT_name
	.long	3399                            @ DW_AT_type
	.byte	6                               @ DW_AT_decl_file
	.short	454                             @ DW_AT_decl_line
	.byte	140                             @ DW_AT_data_member_location
	.byte	24                              @ Abbrev [24] 0xc94:0xe DW_TAG_member
	.long	.Linfo_string304                @ DW_AT_name
	.long	95                              @ DW_AT_type
	.byte	6                               @ DW_AT_decl_file
	.short	455                             @ DW_AT_decl_line
	.short	256                             @ DW_AT_data_member_location
	.byte	24                              @ Abbrev [24] 0xca2:0xe DW_TAG_member
	.long	.Linfo_string305                @ DW_AT_name
	.long	95                              @ DW_AT_type
	.byte	6                               @ DW_AT_decl_file
	.short	456                             @ DW_AT_decl_line
	.short	260                             @ DW_AT_data_member_location
	.byte	24                              @ Abbrev [24] 0xcb0:0xe DW_TAG_member
	.long	.Linfo_string306                @ DW_AT_name
	.long	3411                            @ DW_AT_type
	.byte	6                               @ DW_AT_decl_file
	.short	457                             @ DW_AT_decl_line
	.short	264                             @ DW_AT_data_member_location
	.byte	24                              @ Abbrev [24] 0xcbe:0xe DW_TAG_member
	.long	.Linfo_string307                @ DW_AT_name
	.long	95                              @ DW_AT_type
	.byte	6                               @ DW_AT_decl_file
	.short	458                             @ DW_AT_decl_line
	.short	272                             @ DW_AT_data_member_location
	.byte	24                              @ Abbrev [24] 0xccc:0xe DW_TAG_member
	.long	.Linfo_string308                @ DW_AT_name
	.long	2613                            @ DW_AT_type
	.byte	6                               @ DW_AT_decl_file
	.short	459                             @ DW_AT_decl_line
	.short	276                             @ DW_AT_data_member_location
	.byte	24                              @ Abbrev [24] 0xcda:0xe DW_TAG_member
	.long	.Linfo_string309                @ DW_AT_name
	.long	3411                            @ DW_AT_type
	.byte	6                               @ DW_AT_decl_file
	.short	460                             @ DW_AT_decl_line
	.short	280                             @ DW_AT_data_member_location
	.byte	24                              @ Abbrev [24] 0xce8:0xe DW_TAG_member
	.long	.Linfo_string310                @ DW_AT_name
	.long	95                              @ DW_AT_type
	.byte	6                               @ DW_AT_decl_file
	.short	461                             @ DW_AT_decl_line
	.short	288                             @ DW_AT_data_member_location
	.byte	24                              @ Abbrev [24] 0xcf6:0xe DW_TAG_member
	.long	.Linfo_string311                @ DW_AT_name
	.long	2613                            @ DW_AT_type
	.byte	6                               @ DW_AT_decl_file
	.short	462                             @ DW_AT_decl_line
	.short	292                             @ DW_AT_data_member_location
	.byte	24                              @ Abbrev [24] 0xd04:0xe DW_TAG_member
	.long	.Linfo_string312                @ DW_AT_name
	.long	3423                            @ DW_AT_type
	.byte	6                               @ DW_AT_decl_file
	.short	463                             @ DW_AT_decl_line
	.short	296                             @ DW_AT_data_member_location
	.byte	24                              @ Abbrev [24] 0xd12:0xe DW_TAG_member
	.long	.Linfo_string313                @ DW_AT_name
	.long	3435                            @ DW_AT_type
	.byte	6                               @ DW_AT_decl_file
	.short	464                             @ DW_AT_decl_line
	.short	320                             @ DW_AT_data_member_location
	.byte	24                              @ Abbrev [24] 0xd20:0xe DW_TAG_member
	.long	.Linfo_string314                @ DW_AT_name
	.long	3447                            @ DW_AT_type
	.byte	6                               @ DW_AT_decl_file
	.short	465                             @ DW_AT_decl_line
	.short	384                             @ DW_AT_data_member_location
	.byte	0                               @ End Of Children Mark
	.byte	14                              @ Abbrev [14] 0xd2f:0xc DW_TAG_array_type
	.long	2613                            @ DW_AT_type
	.byte	15                              @ Abbrev [15] 0xd34:0x6 DW_TAG_subrange_type
	.long	818                             @ DW_AT_type
	.byte	3                               @ DW_AT_count
	.byte	0                               @ End Of Children Mark
	.byte	14                              @ Abbrev [14] 0xd3b:0xc DW_TAG_array_type
	.long	2613                            @ DW_AT_type
	.byte	15                              @ Abbrev [15] 0xd40:0x6 DW_TAG_subrange_type
	.long	818                             @ DW_AT_type
	.byte	7                               @ DW_AT_count
	.byte	0                               @ End Of Children Mark
	.byte	14                              @ Abbrev [14] 0xd47:0xc DW_TAG_array_type
	.long	2613                            @ DW_AT_type
	.byte	15                              @ Abbrev [15] 0xd4c:0x6 DW_TAG_subrange_type
	.long	818                             @ DW_AT_type
	.byte	29                              @ DW_AT_count
	.byte	0                               @ End Of Children Mark
	.byte	14                              @ Abbrev [14] 0xd53:0xc DW_TAG_array_type
	.long	2613                            @ DW_AT_type
	.byte	15                              @ Abbrev [15] 0xd58:0x6 DW_TAG_subrange_type
	.long	818                             @ DW_AT_type
	.byte	2                               @ DW_AT_count
	.byte	0                               @ End Of Children Mark
	.byte	14                              @ Abbrev [14] 0xd5f:0xc DW_TAG_array_type
	.long	2613                            @ DW_AT_type
	.byte	15                              @ Abbrev [15] 0xd64:0x6 DW_TAG_subrange_type
	.long	818                             @ DW_AT_type
	.byte	6                               @ DW_AT_count
	.byte	0                               @ End Of Children Mark
	.byte	14                              @ Abbrev [14] 0xd6b:0xc DW_TAG_array_type
	.long	95                              @ DW_AT_type
	.byte	15                              @ Abbrev [15] 0xd70:0x6 DW_TAG_subrange_type
	.long	818                             @ DW_AT_type
	.byte	16                              @ DW_AT_count
	.byte	0                               @ End Of Children Mark
	.byte	14                              @ Abbrev [14] 0xd77:0xc DW_TAG_array_type
	.long	2613                            @ DW_AT_type
	.byte	15                              @ Abbrev [15] 0xd7c:0x6 DW_TAG_subrange_type
	.long	818                             @ DW_AT_type
	.byte	16                              @ DW_AT_count
	.byte	0                               @ End Of Children Mark
	.byte	20                              @ Abbrev [20] 0xd83:0x5 DW_TAG_pointer_type
	.long	3464                            @ DW_AT_type
	.byte	7                               @ Abbrev [7] 0xd88:0xc DW_TAG_typedef
	.long	3476                            @ DW_AT_type
	.long	.Linfo_string455                @ DW_AT_name
	.byte	7                               @ DW_AT_decl_file
	.short	3508                            @ DW_AT_decl_line
	.byte	26                              @ Abbrev [26] 0xd94:0x7e5 DW_TAG_structure_type
	.short	3740                            @ DW_AT_byte_size
	.byte	7                               @ DW_AT_decl_file
	.byte	27                              @ DW_AT_decl_line
	.byte	9                               @ Abbrev [9] 0xd99:0xd DW_TAG_member
	.long	.Linfo_string316                @ DW_AT_name
	.long	2613                            @ DW_AT_type
	.byte	7                               @ DW_AT_decl_file
	.short	3361                            @ DW_AT_decl_line
	.byte	0                               @ DW_AT_data_member_location
	.byte	9                               @ Abbrev [9] 0xda6:0xd DW_TAG_member
	.long	.Linfo_string317                @ DW_AT_name
	.long	95                              @ DW_AT_type
	.byte	7                               @ DW_AT_decl_file
	.short	3362                            @ DW_AT_decl_line
	.byte	4                               @ DW_AT_data_member_location
	.byte	9                               @ Abbrev [9] 0xdb3:0xd DW_TAG_member
	.long	.Linfo_string318                @ DW_AT_name
	.long	95                              @ DW_AT_type
	.byte	7                               @ DW_AT_decl_file
	.short	3363                            @ DW_AT_decl_line
	.byte	8                               @ DW_AT_data_member_location
	.byte	9                               @ Abbrev [9] 0xdc0:0xd DW_TAG_member
	.long	.Linfo_string319                @ DW_AT_name
	.long	95                              @ DW_AT_type
	.byte	7                               @ DW_AT_decl_file
	.short	3364                            @ DW_AT_decl_line
	.byte	12                              @ DW_AT_data_member_location
	.byte	9                               @ Abbrev [9] 0xdcd:0xd DW_TAG_member
	.long	.Linfo_string320                @ DW_AT_name
	.long	95                              @ DW_AT_type
	.byte	7                               @ DW_AT_decl_file
	.short	3365                            @ DW_AT_decl_line
	.byte	16                              @ DW_AT_data_member_location
	.byte	9                               @ Abbrev [9] 0xdda:0xd DW_TAG_member
	.long	.Linfo_string321                @ DW_AT_name
	.long	95                              @ DW_AT_type
	.byte	7                               @ DW_AT_decl_file
	.short	3366                            @ DW_AT_decl_line
	.byte	20                              @ DW_AT_data_member_location
	.byte	9                               @ Abbrev [9] 0xde7:0xd DW_TAG_member
	.long	.Linfo_string322                @ DW_AT_name
	.long	2613                            @ DW_AT_type
	.byte	7                               @ DW_AT_decl_file
	.short	3367                            @ DW_AT_decl_line
	.byte	24                              @ DW_AT_data_member_location
	.byte	9                               @ Abbrev [9] 0xdf4:0xd DW_TAG_member
	.long	.Linfo_string235                @ DW_AT_name
	.long	2618                            @ DW_AT_type
	.byte	7                               @ DW_AT_decl_file
	.short	3368                            @ DW_AT_decl_line
	.byte	28                              @ DW_AT_data_member_location
	.byte	9                               @ Abbrev [9] 0xe01:0xd DW_TAG_member
	.long	.Linfo_string323                @ DW_AT_name
	.long	95                              @ DW_AT_type
	.byte	7                               @ DW_AT_decl_file
	.short	3369                            @ DW_AT_decl_line
	.byte	32                              @ DW_AT_data_member_location
	.byte	9                               @ Abbrev [9] 0xe0e:0xd DW_TAG_member
	.long	.Linfo_string324                @ DW_AT_name
	.long	95                              @ DW_AT_type
	.byte	7                               @ DW_AT_decl_file
	.short	3370                            @ DW_AT_decl_line
	.byte	36                              @ DW_AT_data_member_location
	.byte	9                               @ Abbrev [9] 0xe1b:0xd DW_TAG_member
	.long	.Linfo_string325                @ DW_AT_name
	.long	95                              @ DW_AT_type
	.byte	7                               @ DW_AT_decl_file
	.short	3371                            @ DW_AT_decl_line
	.byte	40                              @ DW_AT_data_member_location
	.byte	9                               @ Abbrev [9] 0xe28:0xd DW_TAG_member
	.long	.Linfo_string326                @ DW_AT_name
	.long	95                              @ DW_AT_type
	.byte	7                               @ DW_AT_decl_file
	.short	3372                            @ DW_AT_decl_line
	.byte	44                              @ DW_AT_data_member_location
	.byte	9                               @ Abbrev [9] 0xe35:0xd DW_TAG_member
	.long	.Linfo_string327                @ DW_AT_name
	.long	95                              @ DW_AT_type
	.byte	7                               @ DW_AT_decl_file
	.short	3373                            @ DW_AT_decl_line
	.byte	48                              @ DW_AT_data_member_location
	.byte	9                               @ Abbrev [9] 0xe42:0xd DW_TAG_member
	.long	.Linfo_string328                @ DW_AT_name
	.long	95                              @ DW_AT_type
	.byte	7                               @ DW_AT_decl_file
	.short	3374                            @ DW_AT_decl_line
	.byte	52                              @ DW_AT_data_member_location
	.byte	9                               @ Abbrev [9] 0xe4f:0xd DW_TAG_member
	.long	.Linfo_string329                @ DW_AT_name
	.long	95                              @ DW_AT_type
	.byte	7                               @ DW_AT_decl_file
	.short	3375                            @ DW_AT_decl_line
	.byte	56                              @ DW_AT_data_member_location
	.byte	9                               @ Abbrev [9] 0xe5c:0xd DW_TAG_member
	.long	.Linfo_string237                @ DW_AT_name
	.long	2618                            @ DW_AT_type
	.byte	7                               @ DW_AT_decl_file
	.short	3376                            @ DW_AT_decl_line
	.byte	60                              @ DW_AT_data_member_location
	.byte	9                               @ Abbrev [9] 0xe69:0xd DW_TAG_member
	.long	.Linfo_string330                @ DW_AT_name
	.long	95                              @ DW_AT_type
	.byte	7                               @ DW_AT_decl_file
	.short	3377                            @ DW_AT_decl_line
	.byte	64                              @ DW_AT_data_member_location
	.byte	9                               @ Abbrev [9] 0xe76:0xd DW_TAG_member
	.long	.Linfo_string273                @ DW_AT_name
	.long	5497                            @ DW_AT_type
	.byte	7                               @ DW_AT_decl_file
	.short	3378                            @ DW_AT_decl_line
	.byte	68                              @ DW_AT_data_member_location
	.byte	9                               @ Abbrev [9] 0xe83:0xd DW_TAG_member
	.long	.Linfo_string331                @ DW_AT_name
	.long	95                              @ DW_AT_type
	.byte	7                               @ DW_AT_decl_file
	.short	3379                            @ DW_AT_decl_line
	.byte	128                             @ DW_AT_data_member_location
	.byte	9                               @ Abbrev [9] 0xe90:0xd DW_TAG_member
	.long	.Linfo_string332                @ DW_AT_name
	.long	95                              @ DW_AT_type
	.byte	7                               @ DW_AT_decl_file
	.short	3380                            @ DW_AT_decl_line
	.byte	132                             @ DW_AT_data_member_location
	.byte	9                               @ Abbrev [9] 0xe9d:0xd DW_TAG_member
	.long	.Linfo_string333                @ DW_AT_name
	.long	95                              @ DW_AT_type
	.byte	7                               @ DW_AT_decl_file
	.short	3381                            @ DW_AT_decl_line
	.byte	136                             @ DW_AT_data_member_location
	.byte	9                               @ Abbrev [9] 0xeaa:0xd DW_TAG_member
	.long	.Linfo_string334                @ DW_AT_name
	.long	95                              @ DW_AT_type
	.byte	7                               @ DW_AT_decl_file
	.short	3382                            @ DW_AT_decl_line
	.byte	140                             @ DW_AT_data_member_location
	.byte	9                               @ Abbrev [9] 0xeb7:0xd DW_TAG_member
	.long	.Linfo_string335                @ DW_AT_name
	.long	95                              @ DW_AT_type
	.byte	7                               @ DW_AT_decl_file
	.short	3383                            @ DW_AT_decl_line
	.byte	144                             @ DW_AT_data_member_location
	.byte	9                               @ Abbrev [9] 0xec4:0xd DW_TAG_member
	.long	.Linfo_string336                @ DW_AT_name
	.long	95                              @ DW_AT_type
	.byte	7                               @ DW_AT_decl_file
	.short	3384                            @ DW_AT_decl_line
	.byte	148                             @ DW_AT_data_member_location
	.byte	9                               @ Abbrev [9] 0xed1:0xd DW_TAG_member
	.long	.Linfo_string337                @ DW_AT_name
	.long	95                              @ DW_AT_type
	.byte	7                               @ DW_AT_decl_file
	.short	3385                            @ DW_AT_decl_line
	.byte	152                             @ DW_AT_data_member_location
	.byte	9                               @ Abbrev [9] 0xede:0xd DW_TAG_member
	.long	.Linfo_string338                @ DW_AT_name
	.long	95                              @ DW_AT_type
	.byte	7                               @ DW_AT_decl_file
	.short	3386                            @ DW_AT_decl_line
	.byte	156                             @ DW_AT_data_member_location
	.byte	9                               @ Abbrev [9] 0xeeb:0xd DW_TAG_member
	.long	.Linfo_string339                @ DW_AT_name
	.long	95                              @ DW_AT_type
	.byte	7                               @ DW_AT_decl_file
	.short	3387                            @ DW_AT_decl_line
	.byte	160                             @ DW_AT_data_member_location
	.byte	9                               @ Abbrev [9] 0xef8:0xd DW_TAG_member
	.long	.Linfo_string340                @ DW_AT_name
	.long	95                              @ DW_AT_type
	.byte	7                               @ DW_AT_decl_file
	.short	3388                            @ DW_AT_decl_line
	.byte	164                             @ DW_AT_data_member_location
	.byte	9                               @ Abbrev [9] 0xf05:0xd DW_TAG_member
	.long	.Linfo_string303                @ DW_AT_name
	.long	5509                            @ DW_AT_type
	.byte	7                               @ DW_AT_decl_file
	.short	3389                            @ DW_AT_decl_line
	.byte	168                             @ DW_AT_data_member_location
	.byte	24                              @ Abbrev [24] 0xf12:0xe DW_TAG_member
	.long	.Linfo_string341                @ DW_AT_name
	.long	95                              @ DW_AT_type
	.byte	7                               @ DW_AT_decl_file
	.short	3390                            @ DW_AT_decl_line
	.short	256                             @ DW_AT_data_member_location
	.byte	24                              @ Abbrev [24] 0xf20:0xe DW_TAG_member
	.long	.Linfo_string306                @ DW_AT_name
	.long	3375                            @ DW_AT_type
	.byte	7                               @ DW_AT_decl_file
	.short	3391                            @ DW_AT_decl_line
	.short	260                             @ DW_AT_data_member_location
	.byte	24                              @ Abbrev [24] 0xf2e:0xe DW_TAG_member
	.long	.Linfo_string342                @ DW_AT_name
	.long	95                              @ DW_AT_type
	.byte	7                               @ DW_AT_decl_file
	.short	3392                            @ DW_AT_decl_line
	.short	272                             @ DW_AT_data_member_location
	.byte	24                              @ Abbrev [24] 0xf3c:0xe DW_TAG_member
	.long	.Linfo_string343                @ DW_AT_name
	.long	95                              @ DW_AT_type
	.byte	7                               @ DW_AT_decl_file
	.short	3393                            @ DW_AT_decl_line
	.short	276                             @ DW_AT_data_member_location
	.byte	24                              @ Abbrev [24] 0xf4a:0xe DW_TAG_member
	.long	.Linfo_string344                @ DW_AT_name
	.long	95                              @ DW_AT_type
	.byte	7                               @ DW_AT_decl_file
	.short	3394                            @ DW_AT_decl_line
	.short	280                             @ DW_AT_data_member_location
	.byte	24                              @ Abbrev [24] 0xf58:0xe DW_TAG_member
	.long	.Linfo_string309                @ DW_AT_name
	.long	2618                            @ DW_AT_type
	.byte	7                               @ DW_AT_decl_file
	.short	3395                            @ DW_AT_decl_line
	.short	284                             @ DW_AT_data_member_location
	.byte	24                              @ Abbrev [24] 0xf66:0xe DW_TAG_member
	.long	.Linfo_string345                @ DW_AT_name
	.long	95                              @ DW_AT_type
	.byte	7                               @ DW_AT_decl_file
	.short	3396                            @ DW_AT_decl_line
	.short	288                             @ DW_AT_data_member_location
	.byte	24                              @ Abbrev [24] 0xf74:0xe DW_TAG_member
	.long	.Linfo_string346                @ DW_AT_name
	.long	95                              @ DW_AT_type
	.byte	7                               @ DW_AT_decl_file
	.short	3397                            @ DW_AT_decl_line
	.short	292                             @ DW_AT_data_member_location
	.byte	24                              @ Abbrev [24] 0xf82:0xe DW_TAG_member
	.long	.Linfo_string347                @ DW_AT_name
	.long	95                              @ DW_AT_type
	.byte	7                               @ DW_AT_decl_file
	.short	3398                            @ DW_AT_decl_line
	.short	296                             @ DW_AT_data_member_location
	.byte	24                              @ Abbrev [24] 0xf90:0xe DW_TAG_member
	.long	.Linfo_string312                @ DW_AT_name
	.long	2618                            @ DW_AT_type
	.byte	7                               @ DW_AT_decl_file
	.short	3399                            @ DW_AT_decl_line
	.short	300                             @ DW_AT_data_member_location
	.byte	24                              @ Abbrev [24] 0xf9e:0xe DW_TAG_member
	.long	.Linfo_string348                @ DW_AT_name
	.long	95                              @ DW_AT_type
	.byte	7                               @ DW_AT_decl_file
	.short	3400                            @ DW_AT_decl_line
	.short	304                             @ DW_AT_data_member_location
	.byte	24                              @ Abbrev [24] 0xfac:0xe DW_TAG_member
	.long	.Linfo_string349                @ DW_AT_name
	.long	95                              @ DW_AT_type
	.byte	7                               @ DW_AT_decl_file
	.short	3401                            @ DW_AT_decl_line
	.short	308                             @ DW_AT_data_member_location
	.byte	24                              @ Abbrev [24] 0xfba:0xe DW_TAG_member
	.long	.Linfo_string350                @ DW_AT_name
	.long	95                              @ DW_AT_type
	.byte	7                               @ DW_AT_decl_file
	.short	3402                            @ DW_AT_decl_line
	.short	312                             @ DW_AT_data_member_location
	.byte	24                              @ Abbrev [24] 0xfc8:0xe DW_TAG_member
	.long	.Linfo_string351                @ DW_AT_name
	.long	5521                            @ DW_AT_type
	.byte	7                               @ DW_AT_decl_file
	.short	3403                            @ DW_AT_decl_line
	.short	316                             @ DW_AT_data_member_location
	.byte	24                              @ Abbrev [24] 0xfd6:0xe DW_TAG_member
	.long	.Linfo_string352                @ DW_AT_name
	.long	95                              @ DW_AT_type
	.byte	7                               @ DW_AT_decl_file
	.short	3404                            @ DW_AT_decl_line
	.short	512                             @ DW_AT_data_member_location
	.byte	24                              @ Abbrev [24] 0xfe4:0xe DW_TAG_member
	.long	.Linfo_string353                @ DW_AT_name
	.long	95                              @ DW_AT_type
	.byte	7                               @ DW_AT_decl_file
	.short	3405                            @ DW_AT_decl_line
	.short	516                             @ DW_AT_data_member_location
	.byte	24                              @ Abbrev [24] 0xff2:0xe DW_TAG_member
	.long	.Linfo_string354                @ DW_AT_name
	.long	95                              @ DW_AT_type
	.byte	7                               @ DW_AT_decl_file
	.short	3406                            @ DW_AT_decl_line
	.short	520                             @ DW_AT_data_member_location
	.byte	24                              @ Abbrev [24] 0x1000:0xe DW_TAG_member
	.long	.Linfo_string355                @ DW_AT_name
	.long	95                              @ DW_AT_type
	.byte	7                               @ DW_AT_decl_file
	.short	3407                            @ DW_AT_decl_line
	.short	524                             @ DW_AT_data_member_location
	.byte	24                              @ Abbrev [24] 0x100e:0xe DW_TAG_member
	.long	.Linfo_string356                @ DW_AT_name
	.long	95                              @ DW_AT_type
	.byte	7                               @ DW_AT_decl_file
	.short	3408                            @ DW_AT_decl_line
	.short	528                             @ DW_AT_data_member_location
	.byte	24                              @ Abbrev [24] 0x101c:0xe DW_TAG_member
	.long	.Linfo_string357                @ DW_AT_name
	.long	95                              @ DW_AT_type
	.byte	7                               @ DW_AT_decl_file
	.short	3409                            @ DW_AT_decl_line
	.short	532                             @ DW_AT_data_member_location
	.byte	24                              @ Abbrev [24] 0x102a:0xe DW_TAG_member
	.long	.Linfo_string358                @ DW_AT_name
	.long	95                              @ DW_AT_type
	.byte	7                               @ DW_AT_decl_file
	.short	3410                            @ DW_AT_decl_line
	.short	536                             @ DW_AT_data_member_location
	.byte	24                              @ Abbrev [24] 0x1038:0xe DW_TAG_member
	.long	.Linfo_string359                @ DW_AT_name
	.long	95                              @ DW_AT_type
	.byte	7                               @ DW_AT_decl_file
	.short	3411                            @ DW_AT_decl_line
	.short	540                             @ DW_AT_data_member_location
	.byte	24                              @ Abbrev [24] 0x1046:0xe DW_TAG_member
	.long	.Linfo_string360                @ DW_AT_name
	.long	95                              @ DW_AT_type
	.byte	7                               @ DW_AT_decl_file
	.short	3412                            @ DW_AT_decl_line
	.short	544                             @ DW_AT_data_member_location
	.byte	24                              @ Abbrev [24] 0x1054:0xe DW_TAG_member
	.long	.Linfo_string361                @ DW_AT_name
	.long	95                              @ DW_AT_type
	.byte	7                               @ DW_AT_decl_file
	.short	3413                            @ DW_AT_decl_line
	.short	548                             @ DW_AT_data_member_location
	.byte	24                              @ Abbrev [24] 0x1062:0xe DW_TAG_member
	.long	.Linfo_string362                @ DW_AT_name
	.long	95                              @ DW_AT_type
	.byte	7                               @ DW_AT_decl_file
	.short	3414                            @ DW_AT_decl_line
	.short	552                             @ DW_AT_data_member_location
	.byte	24                              @ Abbrev [24] 0x1070:0xe DW_TAG_member
	.long	.Linfo_string363                @ DW_AT_name
	.long	95                              @ DW_AT_type
	.byte	7                               @ DW_AT_decl_file
	.short	3415                            @ DW_AT_decl_line
	.short	556                             @ DW_AT_data_member_location
	.byte	24                              @ Abbrev [24] 0x107e:0xe DW_TAG_member
	.long	.Linfo_string364                @ DW_AT_name
	.long	95                              @ DW_AT_type
	.byte	7                               @ DW_AT_decl_file
	.short	3416                            @ DW_AT_decl_line
	.short	560                             @ DW_AT_data_member_location
	.byte	24                              @ Abbrev [24] 0x108c:0xe DW_TAG_member
	.long	.Linfo_string365                @ DW_AT_name
	.long	95                              @ DW_AT_type
	.byte	7                               @ DW_AT_decl_file
	.short	3417                            @ DW_AT_decl_line
	.short	564                             @ DW_AT_data_member_location
	.byte	24                              @ Abbrev [24] 0x109a:0xe DW_TAG_member
	.long	.Linfo_string366                @ DW_AT_name
	.long	95                              @ DW_AT_type
	.byte	7                               @ DW_AT_decl_file
	.short	3418                            @ DW_AT_decl_line
	.short	568                             @ DW_AT_data_member_location
	.byte	24                              @ Abbrev [24] 0x10a8:0xe DW_TAG_member
	.long	.Linfo_string367                @ DW_AT_name
	.long	95                              @ DW_AT_type
	.byte	7                               @ DW_AT_decl_file
	.short	3419                            @ DW_AT_decl_line
	.short	572                             @ DW_AT_data_member_location
	.byte	24                              @ Abbrev [24] 0x10b6:0xe DW_TAG_member
	.long	.Linfo_string368                @ DW_AT_name
	.long	95                              @ DW_AT_type
	.byte	7                               @ DW_AT_decl_file
	.short	3420                            @ DW_AT_decl_line
	.short	576                             @ DW_AT_data_member_location
	.byte	24                              @ Abbrev [24] 0x10c4:0xe DW_TAG_member
	.long	.Linfo_string369                @ DW_AT_name
	.long	95                              @ DW_AT_type
	.byte	7                               @ DW_AT_decl_file
	.short	3421                            @ DW_AT_decl_line
	.short	580                             @ DW_AT_data_member_location
	.byte	24                              @ Abbrev [24] 0x10d2:0xe DW_TAG_member
	.long	.Linfo_string370                @ DW_AT_name
	.long	95                              @ DW_AT_type
	.byte	7                               @ DW_AT_decl_file
	.short	3422                            @ DW_AT_decl_line
	.short	584                             @ DW_AT_data_member_location
	.byte	24                              @ Abbrev [24] 0x10e0:0xe DW_TAG_member
	.long	.Linfo_string371                @ DW_AT_name
	.long	95                              @ DW_AT_type
	.byte	7                               @ DW_AT_decl_file
	.short	3423                            @ DW_AT_decl_line
	.short	588                             @ DW_AT_data_member_location
	.byte	24                              @ Abbrev [24] 0x10ee:0xe DW_TAG_member
	.long	.Linfo_string372                @ DW_AT_name
	.long	95                              @ DW_AT_type
	.byte	7                               @ DW_AT_decl_file
	.short	3424                            @ DW_AT_decl_line
	.short	592                             @ DW_AT_data_member_location
	.byte	24                              @ Abbrev [24] 0x10fc:0xe DW_TAG_member
	.long	.Linfo_string373                @ DW_AT_name
	.long	95                              @ DW_AT_type
	.byte	7                               @ DW_AT_decl_file
	.short	3425                            @ DW_AT_decl_line
	.short	596                             @ DW_AT_data_member_location
	.byte	24                              @ Abbrev [24] 0x110a:0xe DW_TAG_member
	.long	.Linfo_string374                @ DW_AT_name
	.long	95                              @ DW_AT_type
	.byte	7                               @ DW_AT_decl_file
	.short	3426                            @ DW_AT_decl_line
	.short	600                             @ DW_AT_data_member_location
	.byte	24                              @ Abbrev [24] 0x1118:0xe DW_TAG_member
	.long	.Linfo_string375                @ DW_AT_name
	.long	95                              @ DW_AT_type
	.byte	7                               @ DW_AT_decl_file
	.short	3427                            @ DW_AT_decl_line
	.short	604                             @ DW_AT_data_member_location
	.byte	24                              @ Abbrev [24] 0x1126:0xe DW_TAG_member
	.long	.Linfo_string376                @ DW_AT_name
	.long	95                              @ DW_AT_type
	.byte	7                               @ DW_AT_decl_file
	.short	3428                            @ DW_AT_decl_line
	.short	608                             @ DW_AT_data_member_location
	.byte	24                              @ Abbrev [24] 0x1134:0xe DW_TAG_member
	.long	.Linfo_string377                @ DW_AT_name
	.long	95                              @ DW_AT_type
	.byte	7                               @ DW_AT_decl_file
	.short	3429                            @ DW_AT_decl_line
	.short	612                             @ DW_AT_data_member_location
	.byte	24                              @ Abbrev [24] 0x1142:0xe DW_TAG_member
	.long	.Linfo_string378                @ DW_AT_name
	.long	95                              @ DW_AT_type
	.byte	7                               @ DW_AT_decl_file
	.short	3430                            @ DW_AT_decl_line
	.short	616                             @ DW_AT_data_member_location
	.byte	24                              @ Abbrev [24] 0x1150:0xe DW_TAG_member
	.long	.Linfo_string379                @ DW_AT_name
	.long	95                              @ DW_AT_type
	.byte	7                               @ DW_AT_decl_file
	.short	3431                            @ DW_AT_decl_line
	.short	620                             @ DW_AT_data_member_location
	.byte	24                              @ Abbrev [24] 0x115e:0xe DW_TAG_member
	.long	.Linfo_string380                @ DW_AT_name
	.long	95                              @ DW_AT_type
	.byte	7                               @ DW_AT_decl_file
	.short	3432                            @ DW_AT_decl_line
	.short	624                             @ DW_AT_data_member_location
	.byte	24                              @ Abbrev [24] 0x116c:0xe DW_TAG_member
	.long	.Linfo_string381                @ DW_AT_name
	.long	95                              @ DW_AT_type
	.byte	7                               @ DW_AT_decl_file
	.short	3433                            @ DW_AT_decl_line
	.short	628                             @ DW_AT_data_member_location
	.byte	24                              @ Abbrev [24] 0x117a:0xe DW_TAG_member
	.long	.Linfo_string382                @ DW_AT_name
	.long	95                              @ DW_AT_type
	.byte	7                               @ DW_AT_decl_file
	.short	3434                            @ DW_AT_decl_line
	.short	632                             @ DW_AT_data_member_location
	.byte	24                              @ Abbrev [24] 0x1188:0xe DW_TAG_member
	.long	.Linfo_string383                @ DW_AT_name
	.long	95                              @ DW_AT_type
	.byte	7                               @ DW_AT_decl_file
	.short	3435                            @ DW_AT_decl_line
	.short	636                             @ DW_AT_data_member_location
	.byte	24                              @ Abbrev [24] 0x1196:0xe DW_TAG_member
	.long	.Linfo_string384                @ DW_AT_name
	.long	95                              @ DW_AT_type
	.byte	7                               @ DW_AT_decl_file
	.short	3436                            @ DW_AT_decl_line
	.short	640                             @ DW_AT_data_member_location
	.byte	24                              @ Abbrev [24] 0x11a4:0xe DW_TAG_member
	.long	.Linfo_string385                @ DW_AT_name
	.long	95                              @ DW_AT_type
	.byte	7                               @ DW_AT_decl_file
	.short	3437                            @ DW_AT_decl_line
	.short	644                             @ DW_AT_data_member_location
	.byte	24                              @ Abbrev [24] 0x11b2:0xe DW_TAG_member
	.long	.Linfo_string386                @ DW_AT_name
	.long	95                              @ DW_AT_type
	.byte	7                               @ DW_AT_decl_file
	.short	3438                            @ DW_AT_decl_line
	.short	648                             @ DW_AT_data_member_location
	.byte	24                              @ Abbrev [24] 0x11c0:0xe DW_TAG_member
	.long	.Linfo_string387                @ DW_AT_name
	.long	95                              @ DW_AT_type
	.byte	7                               @ DW_AT_decl_file
	.short	3439                            @ DW_AT_decl_line
	.short	652                             @ DW_AT_data_member_location
	.byte	24                              @ Abbrev [24] 0x11ce:0xe DW_TAG_member
	.long	.Linfo_string388                @ DW_AT_name
	.long	95                              @ DW_AT_type
	.byte	7                               @ DW_AT_decl_file
	.short	3440                            @ DW_AT_decl_line
	.short	656                             @ DW_AT_data_member_location
	.byte	24                              @ Abbrev [24] 0x11dc:0xe DW_TAG_member
	.long	.Linfo_string389                @ DW_AT_name
	.long	95                              @ DW_AT_type
	.byte	7                               @ DW_AT_decl_file
	.short	3441                            @ DW_AT_decl_line
	.short	660                             @ DW_AT_data_member_location
	.byte	24                              @ Abbrev [24] 0x11ea:0xe DW_TAG_member
	.long	.Linfo_string390                @ DW_AT_name
	.long	95                              @ DW_AT_type
	.byte	7                               @ DW_AT_decl_file
	.short	3442                            @ DW_AT_decl_line
	.short	664                             @ DW_AT_data_member_location
	.byte	24                              @ Abbrev [24] 0x11f8:0xe DW_TAG_member
	.long	.Linfo_string391                @ DW_AT_name
	.long	95                              @ DW_AT_type
	.byte	7                               @ DW_AT_decl_file
	.short	3443                            @ DW_AT_decl_line
	.short	668                             @ DW_AT_data_member_location
	.byte	24                              @ Abbrev [24] 0x1206:0xe DW_TAG_member
	.long	.Linfo_string392                @ DW_AT_name
	.long	95                              @ DW_AT_type
	.byte	7                               @ DW_AT_decl_file
	.short	3444                            @ DW_AT_decl_line
	.short	672                             @ DW_AT_data_member_location
	.byte	24                              @ Abbrev [24] 0x1214:0xe DW_TAG_member
	.long	.Linfo_string393                @ DW_AT_name
	.long	95                              @ DW_AT_type
	.byte	7                               @ DW_AT_decl_file
	.short	3445                            @ DW_AT_decl_line
	.short	676                             @ DW_AT_data_member_location
	.byte	24                              @ Abbrev [24] 0x1222:0xe DW_TAG_member
	.long	.Linfo_string394                @ DW_AT_name
	.long	95                              @ DW_AT_type
	.byte	7                               @ DW_AT_decl_file
	.short	3446                            @ DW_AT_decl_line
	.short	680                             @ DW_AT_data_member_location
	.byte	24                              @ Abbrev [24] 0x1230:0xe DW_TAG_member
	.long	.Linfo_string395                @ DW_AT_name
	.long	95                              @ DW_AT_type
	.byte	7                               @ DW_AT_decl_file
	.short	3447                            @ DW_AT_decl_line
	.short	684                             @ DW_AT_data_member_location
	.byte	24                              @ Abbrev [24] 0x123e:0xe DW_TAG_member
	.long	.Linfo_string396                @ DW_AT_name
	.long	95                              @ DW_AT_type
	.byte	7                               @ DW_AT_decl_file
	.short	3448                            @ DW_AT_decl_line
	.short	688                             @ DW_AT_data_member_location
	.byte	24                              @ Abbrev [24] 0x124c:0xe DW_TAG_member
	.long	.Linfo_string397                @ DW_AT_name
	.long	3375                            @ DW_AT_type
	.byte	7                               @ DW_AT_decl_file
	.short	3449                            @ DW_AT_decl_line
	.short	692                             @ DW_AT_data_member_location
	.byte	24                              @ Abbrev [24] 0x125a:0xe DW_TAG_member
	.long	.Linfo_string398                @ DW_AT_name
	.long	95                              @ DW_AT_type
	.byte	7                               @ DW_AT_decl_file
	.short	3450                            @ DW_AT_decl_line
	.short	704                             @ DW_AT_data_member_location
	.byte	24                              @ Abbrev [24] 0x1268:0xe DW_TAG_member
	.long	.Linfo_string399                @ DW_AT_name
	.long	95                              @ DW_AT_type
	.byte	7                               @ DW_AT_decl_file
	.short	3451                            @ DW_AT_decl_line
	.short	708                             @ DW_AT_data_member_location
	.byte	24                              @ Abbrev [24] 0x1276:0xe DW_TAG_member
	.long	.Linfo_string400                @ DW_AT_name
	.long	95                              @ DW_AT_type
	.byte	7                               @ DW_AT_decl_file
	.short	3452                            @ DW_AT_decl_line
	.short	712                             @ DW_AT_data_member_location
	.byte	24                              @ Abbrev [24] 0x1284:0xe DW_TAG_member
	.long	.Linfo_string401                @ DW_AT_name
	.long	95                              @ DW_AT_type
	.byte	7                               @ DW_AT_decl_file
	.short	3453                            @ DW_AT_decl_line
	.short	716                             @ DW_AT_data_member_location
	.byte	24                              @ Abbrev [24] 0x1292:0xe DW_TAG_member
	.long	.Linfo_string402                @ DW_AT_name
	.long	95                              @ DW_AT_type
	.byte	7                               @ DW_AT_decl_file
	.short	3454                            @ DW_AT_decl_line
	.short	720                             @ DW_AT_data_member_location
	.byte	24                              @ Abbrev [24] 0x12a0:0xe DW_TAG_member
	.long	.Linfo_string403                @ DW_AT_name
	.long	95                              @ DW_AT_type
	.byte	7                               @ DW_AT_decl_file
	.short	3455                            @ DW_AT_decl_line
	.short	724                             @ DW_AT_data_member_location
	.byte	24                              @ Abbrev [24] 0x12ae:0xe DW_TAG_member
	.long	.Linfo_string404                @ DW_AT_name
	.long	95                              @ DW_AT_type
	.byte	7                               @ DW_AT_decl_file
	.short	3456                            @ DW_AT_decl_line
	.short	728                             @ DW_AT_data_member_location
	.byte	24                              @ Abbrev [24] 0x12bc:0xe DW_TAG_member
	.long	.Linfo_string405                @ DW_AT_name
	.long	95                              @ DW_AT_type
	.byte	7                               @ DW_AT_decl_file
	.short	3457                            @ DW_AT_decl_line
	.short	732                             @ DW_AT_data_member_location
	.byte	24                              @ Abbrev [24] 0x12ca:0xe DW_TAG_member
	.long	.Linfo_string406                @ DW_AT_name
	.long	95                              @ DW_AT_type
	.byte	7                               @ DW_AT_decl_file
	.short	3458                            @ DW_AT_decl_line
	.short	736                             @ DW_AT_data_member_location
	.byte	24                              @ Abbrev [24] 0x12d8:0xe DW_TAG_member
	.long	.Linfo_string407                @ DW_AT_name
	.long	3387                            @ DW_AT_type
	.byte	7                               @ DW_AT_decl_file
	.short	3459                            @ DW_AT_decl_line
	.short	740                             @ DW_AT_data_member_location
	.byte	24                              @ Abbrev [24] 0x12e6:0xe DW_TAG_member
	.long	.Linfo_string408                @ DW_AT_name
	.long	95                              @ DW_AT_type
	.byte	7                               @ DW_AT_decl_file
	.short	3460                            @ DW_AT_decl_line
	.short	768                             @ DW_AT_data_member_location
	.byte	24                              @ Abbrev [24] 0x12f4:0xe DW_TAG_member
	.long	.Linfo_string409                @ DW_AT_name
	.long	95                              @ DW_AT_type
	.byte	7                               @ DW_AT_decl_file
	.short	3461                            @ DW_AT_decl_line
	.short	772                             @ DW_AT_data_member_location
	.byte	24                              @ Abbrev [24] 0x1302:0xe DW_TAG_member
	.long	.Linfo_string410                @ DW_AT_name
	.long	95                              @ DW_AT_type
	.byte	7                               @ DW_AT_decl_file
	.short	3462                            @ DW_AT_decl_line
	.short	776                             @ DW_AT_data_member_location
	.byte	24                              @ Abbrev [24] 0x1310:0xe DW_TAG_member
	.long	.Linfo_string411                @ DW_AT_name
	.long	95                              @ DW_AT_type
	.byte	7                               @ DW_AT_decl_file
	.short	3463                            @ DW_AT_decl_line
	.short	780                             @ DW_AT_data_member_location
	.byte	24                              @ Abbrev [24] 0x131e:0xe DW_TAG_member
	.long	.Linfo_string412                @ DW_AT_name
	.long	95                              @ DW_AT_type
	.byte	7                               @ DW_AT_decl_file
	.short	3464                            @ DW_AT_decl_line
	.short	784                             @ DW_AT_data_member_location
	.byte	24                              @ Abbrev [24] 0x132c:0xe DW_TAG_member
	.long	.Linfo_string413                @ DW_AT_name
	.long	95                              @ DW_AT_type
	.byte	7                               @ DW_AT_decl_file
	.short	3465                            @ DW_AT_decl_line
	.short	788                             @ DW_AT_data_member_location
	.byte	24                              @ Abbrev [24] 0x133a:0xe DW_TAG_member
	.long	.Linfo_string414                @ DW_AT_name
	.long	95                              @ DW_AT_type
	.byte	7                               @ DW_AT_decl_file
	.short	3466                            @ DW_AT_decl_line
	.short	792                             @ DW_AT_data_member_location
	.byte	24                              @ Abbrev [24] 0x1348:0xe DW_TAG_member
	.long	.Linfo_string415                @ DW_AT_name
	.long	95                              @ DW_AT_type
	.byte	7                               @ DW_AT_decl_file
	.short	3467                            @ DW_AT_decl_line
	.short	796                             @ DW_AT_data_member_location
	.byte	24                              @ Abbrev [24] 0x1356:0xe DW_TAG_member
	.long	.Linfo_string416                @ DW_AT_name
	.long	95                              @ DW_AT_type
	.byte	7                               @ DW_AT_decl_file
	.short	3468                            @ DW_AT_decl_line
	.short	800                             @ DW_AT_data_member_location
	.byte	24                              @ Abbrev [24] 0x1364:0xe DW_TAG_member
	.long	.Linfo_string417                @ DW_AT_name
	.long	95                              @ DW_AT_type
	.byte	7                               @ DW_AT_decl_file
	.short	3469                            @ DW_AT_decl_line
	.short	804                             @ DW_AT_data_member_location
	.byte	24                              @ Abbrev [24] 0x1372:0xe DW_TAG_member
	.long	.Linfo_string418                @ DW_AT_name
	.long	95                              @ DW_AT_type
	.byte	7                               @ DW_AT_decl_file
	.short	3470                            @ DW_AT_decl_line
	.short	808                             @ DW_AT_data_member_location
	.byte	24                              @ Abbrev [24] 0x1380:0xe DW_TAG_member
	.long	.Linfo_string419                @ DW_AT_name
	.long	95                              @ DW_AT_type
	.byte	7                               @ DW_AT_decl_file
	.short	3471                            @ DW_AT_decl_line
	.short	812                             @ DW_AT_data_member_location
	.byte	24                              @ Abbrev [24] 0x138e:0xe DW_TAG_member
	.long	.Linfo_string420                @ DW_AT_name
	.long	95                              @ DW_AT_type
	.byte	7                               @ DW_AT_decl_file
	.short	3472                            @ DW_AT_decl_line
	.short	816                             @ DW_AT_data_member_location
	.byte	24                              @ Abbrev [24] 0x139c:0xe DW_TAG_member
	.long	.Linfo_string421                @ DW_AT_name
	.long	95                              @ DW_AT_type
	.byte	7                               @ DW_AT_decl_file
	.short	3473                            @ DW_AT_decl_line
	.short	820                             @ DW_AT_data_member_location
	.byte	24                              @ Abbrev [24] 0x13aa:0xe DW_TAG_member
	.long	.Linfo_string422                @ DW_AT_name
	.long	95                              @ DW_AT_type
	.byte	7                               @ DW_AT_decl_file
	.short	3474                            @ DW_AT_decl_line
	.short	824                             @ DW_AT_data_member_location
	.byte	24                              @ Abbrev [24] 0x13b8:0xe DW_TAG_member
	.long	.Linfo_string423                @ DW_AT_name
	.long	95                              @ DW_AT_type
	.byte	7                               @ DW_AT_decl_file
	.short	3475                            @ DW_AT_decl_line
	.short	828                             @ DW_AT_data_member_location
	.byte	24                              @ Abbrev [24] 0x13c6:0xe DW_TAG_member
	.long	.Linfo_string424                @ DW_AT_name
	.long	95                              @ DW_AT_type
	.byte	7                               @ DW_AT_decl_file
	.short	3476                            @ DW_AT_decl_line
	.short	832                             @ DW_AT_data_member_location
	.byte	24                              @ Abbrev [24] 0x13d4:0xe DW_TAG_member
	.long	.Linfo_string425                @ DW_AT_name
	.long	95                              @ DW_AT_type
	.byte	7                               @ DW_AT_decl_file
	.short	3477                            @ DW_AT_decl_line
	.short	836                             @ DW_AT_data_member_location
	.byte	24                              @ Abbrev [24] 0x13e2:0xe DW_TAG_member
	.long	.Linfo_string426                @ DW_AT_name
	.long	95                              @ DW_AT_type
	.byte	7                               @ DW_AT_decl_file
	.short	3478                            @ DW_AT_decl_line
	.short	840                             @ DW_AT_data_member_location
	.byte	24                              @ Abbrev [24] 0x13f0:0xe DW_TAG_member
	.long	.Linfo_string427                @ DW_AT_name
	.long	95                              @ DW_AT_type
	.byte	7                               @ DW_AT_decl_file
	.short	3479                            @ DW_AT_decl_line
	.short	844                             @ DW_AT_data_member_location
	.byte	24                              @ Abbrev [24] 0x13fe:0xe DW_TAG_member
	.long	.Linfo_string428                @ DW_AT_name
	.long	95                              @ DW_AT_type
	.byte	7                               @ DW_AT_decl_file
	.short	3480                            @ DW_AT_decl_line
	.short	848                             @ DW_AT_data_member_location
	.byte	24                              @ Abbrev [24] 0x140c:0xe DW_TAG_member
	.long	.Linfo_string429                @ DW_AT_name
	.long	95                              @ DW_AT_type
	.byte	7                               @ DW_AT_decl_file
	.short	3481                            @ DW_AT_decl_line
	.short	852                             @ DW_AT_data_member_location
	.byte	24                              @ Abbrev [24] 0x141a:0xe DW_TAG_member
	.long	.Linfo_string430                @ DW_AT_name
	.long	95                              @ DW_AT_type
	.byte	7                               @ DW_AT_decl_file
	.short	3482                            @ DW_AT_decl_line
	.short	856                             @ DW_AT_data_member_location
	.byte	24                              @ Abbrev [24] 0x1428:0xe DW_TAG_member
	.long	.Linfo_string431                @ DW_AT_name
	.long	2618                            @ DW_AT_type
	.byte	7                               @ DW_AT_decl_file
	.short	3483                            @ DW_AT_decl_line
	.short	860                             @ DW_AT_data_member_location
	.byte	24                              @ Abbrev [24] 0x1436:0xe DW_TAG_member
	.long	.Linfo_string432                @ DW_AT_name
	.long	95                              @ DW_AT_type
	.byte	7                               @ DW_AT_decl_file
	.short	3484                            @ DW_AT_decl_line
	.short	864                             @ DW_AT_data_member_location
	.byte	24                              @ Abbrev [24] 0x1444:0xe DW_TAG_member
	.long	.Linfo_string433                @ DW_AT_name
	.long	95                              @ DW_AT_type
	.byte	7                               @ DW_AT_decl_file
	.short	3485                            @ DW_AT_decl_line
	.short	868                             @ DW_AT_data_member_location
	.byte	24                              @ Abbrev [24] 0x1452:0xe DW_TAG_member
	.long	.Linfo_string434                @ DW_AT_name
	.long	95                              @ DW_AT_type
	.byte	7                               @ DW_AT_decl_file
	.short	3486                            @ DW_AT_decl_line
	.short	872                             @ DW_AT_data_member_location
	.byte	24                              @ Abbrev [24] 0x1460:0xe DW_TAG_member
	.long	.Linfo_string435                @ DW_AT_name
	.long	95                              @ DW_AT_type
	.byte	7                               @ DW_AT_decl_file
	.short	3487                            @ DW_AT_decl_line
	.short	876                             @ DW_AT_data_member_location
	.byte	24                              @ Abbrev [24] 0x146e:0xe DW_TAG_member
	.long	.Linfo_string436                @ DW_AT_name
	.long	95                              @ DW_AT_type
	.byte	7                               @ DW_AT_decl_file
	.short	3488                            @ DW_AT_decl_line
	.short	880                             @ DW_AT_data_member_location
	.byte	24                              @ Abbrev [24] 0x147c:0xe DW_TAG_member
	.long	.Linfo_string437                @ DW_AT_name
	.long	95                              @ DW_AT_type
	.byte	7                               @ DW_AT_decl_file
	.short	3489                            @ DW_AT_decl_line
	.short	884                             @ DW_AT_data_member_location
	.byte	24                              @ Abbrev [24] 0x148a:0xe DW_TAG_member
	.long	.Linfo_string438                @ DW_AT_name
	.long	95                              @ DW_AT_type
	.byte	7                               @ DW_AT_decl_file
	.short	3490                            @ DW_AT_decl_line
	.short	888                             @ DW_AT_data_member_location
	.byte	24                              @ Abbrev [24] 0x1498:0xe DW_TAG_member
	.long	.Linfo_string439                @ DW_AT_name
	.long	95                              @ DW_AT_type
	.byte	7                               @ DW_AT_decl_file
	.short	3491                            @ DW_AT_decl_line
	.short	892                             @ DW_AT_data_member_location
	.byte	24                              @ Abbrev [24] 0x14a6:0xe DW_TAG_member
	.long	.Linfo_string440                @ DW_AT_name
	.long	2618                            @ DW_AT_type
	.byte	7                               @ DW_AT_decl_file
	.short	3492                            @ DW_AT_decl_line
	.short	896                             @ DW_AT_data_member_location
	.byte	24                              @ Abbrev [24] 0x14b4:0xe DW_TAG_member
	.long	.Linfo_string441                @ DW_AT_name
	.long	95                              @ DW_AT_type
	.byte	7                               @ DW_AT_decl_file
	.short	3493                            @ DW_AT_decl_line
	.short	900                             @ DW_AT_data_member_location
	.byte	24                              @ Abbrev [24] 0x14c2:0xe DW_TAG_member
	.long	.Linfo_string442                @ DW_AT_name
	.long	95                              @ DW_AT_type
	.byte	7                               @ DW_AT_decl_file
	.short	3494                            @ DW_AT_decl_line
	.short	904                             @ DW_AT_data_member_location
	.byte	24                              @ Abbrev [24] 0x14d0:0xe DW_TAG_member
	.long	.Linfo_string443                @ DW_AT_name
	.long	95                              @ DW_AT_type
	.byte	7                               @ DW_AT_decl_file
	.short	3495                            @ DW_AT_decl_line
	.short	908                             @ DW_AT_data_member_location
	.byte	24                              @ Abbrev [24] 0x14de:0xe DW_TAG_member
	.long	.Linfo_string444                @ DW_AT_name
	.long	95                              @ DW_AT_type
	.byte	7                               @ DW_AT_decl_file
	.short	3496                            @ DW_AT_decl_line
	.short	912                             @ DW_AT_data_member_location
	.byte	24                              @ Abbrev [24] 0x14ec:0xe DW_TAG_member
	.long	.Linfo_string445                @ DW_AT_name
	.long	95                              @ DW_AT_type
	.byte	7                               @ DW_AT_decl_file
	.short	3497                            @ DW_AT_decl_line
	.short	916                             @ DW_AT_data_member_location
	.byte	24                              @ Abbrev [24] 0x14fa:0xe DW_TAG_member
	.long	.Linfo_string446                @ DW_AT_name
	.long	95                              @ DW_AT_type
	.byte	7                               @ DW_AT_decl_file
	.short	3498                            @ DW_AT_decl_line
	.short	920                             @ DW_AT_data_member_location
	.byte	24                              @ Abbrev [24] 0x1508:0xe DW_TAG_member
	.long	.Linfo_string447                @ DW_AT_name
	.long	95                              @ DW_AT_type
	.byte	7                               @ DW_AT_decl_file
	.short	3499                            @ DW_AT_decl_line
	.short	924                             @ DW_AT_data_member_location
	.byte	24                              @ Abbrev [24] 0x1516:0xe DW_TAG_member
	.long	.Linfo_string448                @ DW_AT_name
	.long	5533                            @ DW_AT_type
	.byte	7                               @ DW_AT_decl_file
	.short	3500                            @ DW_AT_decl_line
	.short	928                             @ DW_AT_data_member_location
	.byte	24                              @ Abbrev [24] 0x1524:0xe DW_TAG_member
	.long	.Linfo_string449                @ DW_AT_name
	.long	95                              @ DW_AT_type
	.byte	7                               @ DW_AT_decl_file
	.short	3501                            @ DW_AT_decl_line
	.short	1280                            @ DW_AT_data_member_location
	.byte	24                              @ Abbrev [24] 0x1532:0xe DW_TAG_member
	.long	.Linfo_string450                @ DW_AT_name
	.long	2613                            @ DW_AT_type
	.byte	7                               @ DW_AT_decl_file
	.short	3502                            @ DW_AT_decl_line
	.short	1284                            @ DW_AT_data_member_location
	.byte	24                              @ Abbrev [24] 0x1540:0xe DW_TAG_member
	.long	.Linfo_string451                @ DW_AT_name
	.long	5545                            @ DW_AT_type
	.byte	7                               @ DW_AT_decl_file
	.short	3503                            @ DW_AT_decl_line
	.short	1288                            @ DW_AT_data_member_location
	.byte	24                              @ Abbrev [24] 0x154e:0xe DW_TAG_member
	.long	.Linfo_string452                @ DW_AT_name
	.long	95                              @ DW_AT_type
	.byte	7                               @ DW_AT_decl_file
	.short	3504                            @ DW_AT_decl_line
	.short	3728                            @ DW_AT_data_member_location
	.byte	24                              @ Abbrev [24] 0x155c:0xe DW_TAG_member
	.long	.Linfo_string453                @ DW_AT_name
	.long	2613                            @ DW_AT_type
	.byte	7                               @ DW_AT_decl_file
	.short	3505                            @ DW_AT_decl_line
	.short	3732                            @ DW_AT_data_member_location
	.byte	24                              @ Abbrev [24] 0x156a:0xe DW_TAG_member
	.long	.Linfo_string454                @ DW_AT_name
	.long	2613                            @ DW_AT_type
	.byte	7                               @ DW_AT_decl_file
	.short	3506                            @ DW_AT_decl_line
	.short	3736                            @ DW_AT_data_member_location
	.byte	0                               @ End Of Children Mark
	.byte	14                              @ Abbrev [14] 0x1579:0xc DW_TAG_array_type
	.long	2613                            @ DW_AT_type
	.byte	15                              @ Abbrev [15] 0x157e:0x6 DW_TAG_subrange_type
	.long	818                             @ DW_AT_type
	.byte	15                              @ DW_AT_count
	.byte	0                               @ End Of Children Mark
	.byte	14                              @ Abbrev [14] 0x1585:0xc DW_TAG_array_type
	.long	2613                            @ DW_AT_type
	.byte	15                              @ Abbrev [15] 0x158a:0x6 DW_TAG_subrange_type
	.long	818                             @ DW_AT_type
	.byte	22                              @ DW_AT_count
	.byte	0                               @ End Of Children Mark
	.byte	14                              @ Abbrev [14] 0x1591:0xc DW_TAG_array_type
	.long	2613                            @ DW_AT_type
	.byte	15                              @ Abbrev [15] 0x1596:0x6 DW_TAG_subrange_type
	.long	818                             @ DW_AT_type
	.byte	49                              @ DW_AT_count
	.byte	0                               @ End Of Children Mark
	.byte	14                              @ Abbrev [14] 0x159d:0xc DW_TAG_array_type
	.long	2613                            @ DW_AT_type
	.byte	15                              @ Abbrev [15] 0x15a2:0x6 DW_TAG_subrange_type
	.long	818                             @ DW_AT_type
	.byte	88                              @ DW_AT_count
	.byte	0                               @ End Of Children Mark
	.byte	14                              @ Abbrev [14] 0x15a9:0xd DW_TAG_array_type
	.long	2613                            @ DW_AT_type
	.byte	27                              @ Abbrev [27] 0x15ae:0x7 DW_TAG_subrange_type
	.long	818                             @ DW_AT_type
	.short	610                             @ DW_AT_count
	.byte	0                               @ End Of Children Mark
	.byte	4                               @ Abbrev [4] 0x15b6:0xb DW_TAG_typedef
	.long	5569                            @ DW_AT_type
	.long	.Linfo_string457                @ DW_AT_name
	.byte	1                               @ DW_AT_decl_file
	.byte	65                              @ DW_AT_decl_line
	.byte	5                               @ Abbrev [5] 0x15c1:0x7 DW_TAG_base_type
	.long	.Linfo_string456                @ DW_AT_name
	.byte	7                               @ DW_AT_encoding
	.byte	8                               @ DW_AT_byte_size
	.byte	20                              @ Abbrev [20] 0x15c8:0x5 DW_TAG_pointer_type
	.long	5581                            @ DW_AT_type
	.byte	7                               @ Abbrev [7] 0x15cd:0xc DW_TAG_typedef
	.long	5593                            @ DW_AT_type
	.long	.Linfo_string473                @ DW_AT_name
	.byte	8                               @ DW_AT_decl_file
	.short	512                             @ DW_AT_decl_line
	.byte	21                              @ Abbrev [21] 0x15d9:0xd5 DW_TAG_structure_type
	.short	3588                            @ DW_AT_byte_size
	.byte	8                               @ DW_AT_decl_file
	.short	495                             @ DW_AT_decl_line
	.byte	9                               @ Abbrev [9] 0x15df:0xd DW_TAG_member
	.long	.Linfo_string458                @ DW_AT_name
	.long	3435                            @ DW_AT_type
	.byte	8                               @ DW_AT_decl_file
	.short	497                             @ DW_AT_decl_line
	.byte	0                               @ DW_AT_data_member_location
	.byte	9                               @ Abbrev [9] 0x15ec:0xd DW_TAG_member
	.long	.Linfo_string459                @ DW_AT_name
	.long	5806                            @ DW_AT_type
	.byte	8                               @ DW_AT_decl_file
	.short	498                             @ DW_AT_decl_line
	.byte	64                              @ DW_AT_data_member_location
	.byte	9                               @ Abbrev [9] 0x15f9:0xd DW_TAG_member
	.long	.Linfo_string460                @ DW_AT_name
	.long	3435                            @ DW_AT_type
	.byte	8                               @ DW_AT_decl_file
	.short	499                             @ DW_AT_decl_line
	.byte	128                             @ DW_AT_data_member_location
	.byte	9                               @ Abbrev [9] 0x1606:0xd DW_TAG_member
	.long	.Linfo_string461                @ DW_AT_name
	.long	5806                            @ DW_AT_type
	.byte	8                               @ DW_AT_decl_file
	.short	500                             @ DW_AT_decl_line
	.byte	192                             @ DW_AT_data_member_location
	.byte	24                              @ Abbrev [24] 0x1613:0xe DW_TAG_member
	.long	.Linfo_string462                @ DW_AT_name
	.long	3435                            @ DW_AT_type
	.byte	8                               @ DW_AT_decl_file
	.short	501                             @ DW_AT_decl_line
	.short	256                             @ DW_AT_data_member_location
	.byte	24                              @ Abbrev [24] 0x1621:0xe DW_TAG_member
	.long	.Linfo_string463                @ DW_AT_name
	.long	5806                            @ DW_AT_type
	.byte	8                               @ DW_AT_decl_file
	.short	502                             @ DW_AT_decl_line
	.short	320                             @ DW_AT_data_member_location
	.byte	24                              @ Abbrev [24] 0x162f:0xe DW_TAG_member
	.long	.Linfo_string464                @ DW_AT_name
	.long	3435                            @ DW_AT_type
	.byte	8                               @ DW_AT_decl_file
	.short	503                             @ DW_AT_decl_line
	.short	384                             @ DW_AT_data_member_location
	.byte	24                              @ Abbrev [24] 0x163d:0xe DW_TAG_member
	.long	.Linfo_string465                @ DW_AT_name
	.long	5806                            @ DW_AT_type
	.byte	8                               @ DW_AT_decl_file
	.short	504                             @ DW_AT_decl_line
	.short	448                             @ DW_AT_data_member_location
	.byte	24                              @ Abbrev [24] 0x164b:0xe DW_TAG_member
	.long	.Linfo_string466                @ DW_AT_name
	.long	3435                            @ DW_AT_type
	.byte	8                               @ DW_AT_decl_file
	.short	505                             @ DW_AT_decl_line
	.short	512                             @ DW_AT_data_member_location
	.byte	24                              @ Abbrev [24] 0x1659:0xe DW_TAG_member
	.long	.Linfo_string467                @ DW_AT_name
	.long	5806                            @ DW_AT_type
	.byte	8                               @ DW_AT_decl_file
	.short	506                             @ DW_AT_decl_line
	.short	576                             @ DW_AT_data_member_location
	.byte	24                              @ Abbrev [24] 0x1667:0xe DW_TAG_member
	.long	.Linfo_string468                @ DW_AT_name
	.long	3435                            @ DW_AT_type
	.byte	8                               @ DW_AT_decl_file
	.short	507                             @ DW_AT_decl_line
	.short	640                             @ DW_AT_data_member_location
	.byte	24                              @ Abbrev [24] 0x1675:0xe DW_TAG_member
	.long	.Linfo_string469                @ DW_AT_name
	.long	5806                            @ DW_AT_type
	.byte	8                               @ DW_AT_decl_file
	.short	508                             @ DW_AT_decl_line
	.short	704                             @ DW_AT_data_member_location
	.byte	24                              @ Abbrev [24] 0x1683:0xe DW_TAG_member
	.long	.Linfo_string470                @ DW_AT_name
	.long	5818                            @ DW_AT_type
	.byte	8                               @ DW_AT_decl_file
	.short	509                             @ DW_AT_decl_line
	.short	768                             @ DW_AT_data_member_location
	.byte	24                              @ Abbrev [24] 0x1691:0xe DW_TAG_member
	.long	.Linfo_string471                @ DW_AT_name
	.long	5831                            @ DW_AT_type
	.byte	8                               @ DW_AT_decl_file
	.short	510                             @ DW_AT_decl_line
	.short	1264                            @ DW_AT_data_member_location
	.byte	24                              @ Abbrev [24] 0x169f:0xe DW_TAG_member
	.long	.Linfo_string472                @ DW_AT_name
	.long	95                              @ DW_AT_type
	.byte	8                               @ DW_AT_decl_file
	.short	511                             @ DW_AT_decl_line
	.short	3584                            @ DW_AT_data_member_location
	.byte	0                               @ End Of Children Mark
	.byte	14                              @ Abbrev [14] 0x16ae:0xc DW_TAG_array_type
	.long	100                             @ DW_AT_type
	.byte	15                              @ Abbrev [15] 0x16b3:0x6 DW_TAG_subrange_type
	.long	818                             @ DW_AT_type
	.byte	16                              @ DW_AT_count
	.byte	0                               @ End Of Children Mark
	.byte	14                              @ Abbrev [14] 0x16ba:0xd DW_TAG_array_type
	.long	55                              @ DW_AT_type
	.byte	27                              @ Abbrev [27] 0x16bf:0x7 DW_TAG_subrange_type
	.long	818                             @ DW_AT_type
	.short	496                             @ DW_AT_count
	.byte	0                               @ End Of Children Mark
	.byte	14                              @ Abbrev [14] 0x16c7:0xd DW_TAG_array_type
	.long	100                             @ DW_AT_type
	.byte	27                              @ Abbrev [27] 0x16cc:0x7 DW_TAG_subrange_type
	.long	818                             @ DW_AT_type
	.short	580                             @ DW_AT_count
	.byte	0                               @ End Of Children Mark
	.byte	28                              @ Abbrev [28] 0x16d4:0x8 DW_TAG_subprogram
	.long	.Linfo_string474                @ DW_AT_name
	.byte	9                               @ DW_AT_decl_file
	.byte	223                             @ DW_AT_decl_line
                                        @ DW_AT_prototyped
	.byte	1                               @ DW_AT_inline
	.byte	29                              @ Abbrev [29] 0x16dc:0x59 DW_TAG_subprogram
	.long	.Lfunc_begin0                   @ DW_AT_low_pc
	.long	.Lfunc_end0-.Lfunc_begin0       @ DW_AT_high_pc
	.byte	1                               @ DW_AT_frame_base
	.byte	93
                                        @ DW_AT_GNU_all_call_sites
	.long	.Linfo_string493                @ DW_AT_name
	.byte	2                               @ DW_AT_decl_file
	.byte	29                              @ DW_AT_decl_line
                                        @ DW_AT_prototyped
                                        @ DW_AT_external
	.byte	30                              @ Abbrev [30] 0x16ed:0xe DW_TAG_variable
	.byte	2                               @ DW_AT_location
	.byte	145
	.byte	4
	.long	.Linfo_string505                @ DW_AT_name
	.byte	2                               @ DW_AT_decl_file
	.byte	31                              @ DW_AT_decl_line
	.long	95                              @ DW_AT_type
	.byte	30                              @ Abbrev [30] 0x16fb:0xe DW_TAG_variable
	.byte	2                               @ DW_AT_location
	.byte	145
	.byte	0
	.long	.Linfo_string506                @ DW_AT_name
	.byte	2                               @ DW_AT_decl_file
	.byte	31                              @ DW_AT_decl_line
	.long	95                              @ DW_AT_type
	.byte	31                              @ Abbrev [31] 0x1709:0xf DW_TAG_variable
	.long	.Ldebug_loc0                    @ DW_AT_location
	.long	.Linfo_string507                @ DW_AT_name
	.byte	2                               @ DW_AT_decl_file
	.byte	32                              @ DW_AT_decl_line
	.long	100                             @ DW_AT_type
	.byte	32                              @ Abbrev [32] 0x1718:0xc DW_TAG_label
	.long	.Linfo_string508                @ DW_AT_name
	.byte	2                               @ DW_AT_decl_file
	.short	322                             @ DW_AT_decl_line
	.long	.Ltmp132                        @ DW_AT_low_pc
	.byte	33                              @ Abbrev [33] 0x1724:0x10 DW_TAG_inlined_subroutine
	.long	5844                            @ DW_AT_abstract_origin
	.long	.Ltmp15                         @ DW_AT_low_pc
	.long	.Ltmp16-.Ltmp15                 @ DW_AT_high_pc
	.byte	2                               @ DW_AT_call_file
	.byte	51                              @ DW_AT_call_line
	.byte	13                              @ DW_AT_call_column
	.byte	0                               @ End Of Children Mark
	.byte	34                              @ Abbrev [34] 0x1735:0x2a DW_TAG_subprogram
	.long	.Linfo_string475                @ DW_AT_name
	.byte	9                               @ DW_AT_decl_file
	.byte	236                             @ DW_AT_decl_line
                                        @ DW_AT_prototyped
	.byte	1                               @ DW_AT_inline
	.byte	35                              @ Abbrev [35] 0x173d:0xb DW_TAG_formal_parameter
	.long	.Linfo_string476                @ DW_AT_name
	.byte	9                               @ DW_AT_decl_file
	.byte	236                             @ DW_AT_decl_line
	.long	100                             @ DW_AT_type
	.byte	35                              @ Abbrev [35] 0x1748:0xb DW_TAG_formal_parameter
	.long	.Linfo_string477                @ DW_AT_name
	.byte	9                               @ DW_AT_decl_file
	.byte	236                             @ DW_AT_decl_line
	.long	100                             @ DW_AT_type
	.byte	35                              @ Abbrev [35] 0x1753:0xb DW_TAG_formal_parameter
	.long	.Linfo_string478                @ DW_AT_name
	.byte	9                               @ DW_AT_decl_file
	.byte	236                             @ DW_AT_decl_line
	.long	100                             @ DW_AT_type
	.byte	0                               @ End Of Children Mark
	.byte	36                              @ Abbrev [36] 0x175f:0x3a DW_TAG_subprogram
	.long	.Linfo_string479                @ DW_AT_name
	.byte	9                               @ DW_AT_decl_file
	.short	258                             @ DW_AT_decl_line
                                        @ DW_AT_prototyped
	.byte	1                               @ DW_AT_inline
	.byte	37                              @ Abbrev [37] 0x1768:0xc DW_TAG_formal_parameter
	.long	.Linfo_string476                @ DW_AT_name
	.byte	9                               @ DW_AT_decl_file
	.short	258                             @ DW_AT_decl_line
	.long	100                             @ DW_AT_type
	.byte	37                              @ Abbrev [37] 0x1774:0xc DW_TAG_formal_parameter
	.long	.Linfo_string480                @ DW_AT_name
	.byte	9                               @ DW_AT_decl_file
	.short	258                             @ DW_AT_decl_line
	.long	100                             @ DW_AT_type
	.byte	37                              @ Abbrev [37] 0x1780:0xc DW_TAG_formal_parameter
	.long	.Linfo_string481                @ DW_AT_name
	.byte	9                               @ DW_AT_decl_file
	.short	258                             @ DW_AT_decl_line
	.long	100                             @ DW_AT_type
	.byte	37                              @ Abbrev [37] 0x178c:0xc DW_TAG_formal_parameter
	.long	.Linfo_string482                @ DW_AT_name
	.byte	9                               @ DW_AT_decl_file
	.short	258                             @ DW_AT_decl_line
	.long	100                             @ DW_AT_type
	.byte	0                               @ End Of Children Mark
	.byte	38                              @ Abbrev [38] 0x1799:0xaf DW_TAG_subprogram
	.long	.Lfunc_begin1                   @ DW_AT_low_pc
	.long	.Lfunc_end1-.Lfunc_begin1       @ DW_AT_high_pc
	.byte	1                               @ DW_AT_frame_base
	.byte	93
                                        @ DW_AT_GNU_all_call_sites
	.long	6447                            @ DW_AT_abstract_origin
	.byte	39                              @ Abbrev [39] 0x17a8:0x26 DW_TAG_inlined_subroutine
	.long	5941                            @ DW_AT_abstract_origin
	.long	.Ltmp163                        @ DW_AT_low_pc
	.long	.Ltmp164-.Ltmp163               @ DW_AT_high_pc
	.byte	2                               @ DW_AT_call_file
	.short	339                             @ DW_AT_call_line
	.byte	5                               @ DW_AT_call_column
	.byte	40                              @ Abbrev [40] 0x17b9:0x6 DW_TAG_formal_parameter
	.byte	0                               @ DW_AT_const_value
	.long	5949                            @ DW_AT_abstract_origin
	.byte	40                              @ Abbrev [40] 0x17bf:0x7 DW_TAG_formal_parameter
	.ascii	"\200\004"                      @ DW_AT_const_value
	.long	5960                            @ DW_AT_abstract_origin
	.byte	40                              @ Abbrev [40] 0x17c6:0x7 DW_TAG_formal_parameter
	.ascii	"\200\020"                      @ DW_AT_const_value
	.long	5971                            @ DW_AT_abstract_origin
	.byte	0                               @ End Of Children Mark
	.byte	39                              @ Abbrev [39] 0x17ce:0x2a DW_TAG_inlined_subroutine
	.long	5983                            @ DW_AT_abstract_origin
	.long	.Ltmp165                        @ DW_AT_low_pc
	.long	.Ltmp167-.Ltmp165               @ DW_AT_high_pc
	.byte	2                               @ DW_AT_call_file
	.short	341                             @ DW_AT_call_line
	.byte	5                               @ DW_AT_call_column
	.byte	40                              @ Abbrev [40] 0x17df:0x6 DW_TAG_formal_parameter
	.byte	0                               @ DW_AT_const_value
	.long	5992                            @ DW_AT_abstract_origin
	.byte	40                              @ Abbrev [40] 0x17e5:0x6 DW_TAG_formal_parameter
	.byte	1                               @ DW_AT_const_value
	.long	6004                            @ DW_AT_abstract_origin
	.byte	40                              @ Abbrev [40] 0x17eb:0x6 DW_TAG_formal_parameter
	.byte	6                               @ DW_AT_const_value
	.long	6016                            @ DW_AT_abstract_origin
	.byte	40                              @ Abbrev [40] 0x17f1:0x6 DW_TAG_formal_parameter
	.byte	8                               @ DW_AT_const_value
	.long	6028                            @ DW_AT_abstract_origin
	.byte	0                               @ End Of Children Mark
	.byte	39                              @ Abbrev [39] 0x17f8:0x25 DW_TAG_inlined_subroutine
	.long	5941                            @ DW_AT_abstract_origin
	.long	.Ltmp167                        @ DW_AT_low_pc
	.long	.Ltmp168-.Ltmp167               @ DW_AT_high_pc
	.byte	2                               @ DW_AT_call_file
	.short	344                             @ DW_AT_call_line
	.byte	5                               @ DW_AT_call_column
	.byte	40                              @ Abbrev [40] 0x1809:0x6 DW_TAG_formal_parameter
	.byte	2                               @ DW_AT_const_value
	.long	5949                            @ DW_AT_abstract_origin
	.byte	40                              @ Abbrev [40] 0x180f:0x7 DW_TAG_formal_parameter
	.ascii	"\200\034"                      @ DW_AT_const_value
	.long	5960                            @ DW_AT_abstract_origin
	.byte	40                              @ Abbrev [40] 0x1816:0x6 DW_TAG_formal_parameter
	.byte	8                               @ DW_AT_const_value
	.long	5971                            @ DW_AT_abstract_origin
	.byte	0                               @ End Of Children Mark
	.byte	39                              @ Abbrev [39] 0x181d:0x2a DW_TAG_inlined_subroutine
	.long	5983                            @ DW_AT_abstract_origin
	.long	.Ltmp169                        @ DW_AT_low_pc
	.long	.Ltmp171-.Ltmp169               @ DW_AT_high_pc
	.byte	2                               @ DW_AT_call_file
	.short	346                             @ DW_AT_call_line
	.byte	5                               @ DW_AT_call_column
	.byte	40                              @ Abbrev [40] 0x182e:0x6 DW_TAG_formal_parameter
	.byte	2                               @ DW_AT_const_value
	.long	5992                            @ DW_AT_abstract_origin
	.byte	40                              @ Abbrev [40] 0x1834:0x6 DW_TAG_formal_parameter
	.byte	3                               @ DW_AT_const_value
	.long	6004                            @ DW_AT_abstract_origin
	.byte	40                              @ Abbrev [40] 0x183a:0x6 DW_TAG_formal_parameter
	.byte	4                               @ DW_AT_const_value
	.long	6016                            @ DW_AT_abstract_origin
	.byte	40                              @ Abbrev [40] 0x1840:0x6 DW_TAG_formal_parameter
	.byte	8                               @ DW_AT_const_value
	.long	6028                            @ DW_AT_abstract_origin
	.byte	0                               @ End Of Children Mark
	.byte	0                               @ End Of Children Mark
	.byte	41                              @ Abbrev [41] 0x1848:0xb2 DW_TAG_subprogram
	.long	.Lfunc_begin2                   @ DW_AT_low_pc
	.long	.Lfunc_end2-.Lfunc_begin2       @ DW_AT_high_pc
	.byte	1                               @ DW_AT_frame_base
	.byte	93
                                        @ DW_AT_GNU_all_call_sites
	.long	.Linfo_string494                @ DW_AT_name
	.byte	2                               @ DW_AT_decl_file
	.short	349                             @ DW_AT_decl_line
                                        @ DW_AT_prototyped
                                        @ DW_AT_external
	.byte	39                              @ Abbrev [39] 0x185a:0x26 DW_TAG_inlined_subroutine
	.long	5941                            @ DW_AT_abstract_origin
	.long	.Ltmp174                        @ DW_AT_low_pc
	.long	.Ltmp175-.Ltmp174               @ DW_AT_high_pc
	.byte	2                               @ DW_AT_call_file
	.short	353                             @ DW_AT_call_line
	.byte	5                               @ DW_AT_call_column
	.byte	40                              @ Abbrev [40] 0x186b:0x6 DW_TAG_formal_parameter
	.byte	0                               @ DW_AT_const_value
	.long	5949                            @ DW_AT_abstract_origin
	.byte	40                              @ Abbrev [40] 0x1871:0x7 DW_TAG_formal_parameter
	.ascii	"\200\004"                      @ DW_AT_const_value
	.long	5960                            @ DW_AT_abstract_origin
	.byte	40                              @ Abbrev [40] 0x1878:0x7 DW_TAG_formal_parameter
	.ascii	"\200\020"                      @ DW_AT_const_value
	.long	5971                            @ DW_AT_abstract_origin
	.byte	0                               @ End Of Children Mark
	.byte	39                              @ Abbrev [39] 0x1880:0x2a DW_TAG_inlined_subroutine
	.long	5983                            @ DW_AT_abstract_origin
	.long	.Ltmp176                        @ DW_AT_low_pc
	.long	.Ltmp178-.Ltmp176               @ DW_AT_high_pc
	.byte	2                               @ DW_AT_call_file
	.short	355                             @ DW_AT_call_line
	.byte	5                               @ DW_AT_call_column
	.byte	40                              @ Abbrev [40] 0x1891:0x6 DW_TAG_formal_parameter
	.byte	0                               @ DW_AT_const_value
	.long	5992                            @ DW_AT_abstract_origin
	.byte	40                              @ Abbrev [40] 0x1897:0x6 DW_TAG_formal_parameter
	.byte	1                               @ DW_AT_const_value
	.long	6004                            @ DW_AT_abstract_origin
	.byte	40                              @ Abbrev [40] 0x189d:0x6 DW_TAG_formal_parameter
	.byte	6                               @ DW_AT_const_value
	.long	6016                            @ DW_AT_abstract_origin
	.byte	40                              @ Abbrev [40] 0x18a3:0x6 DW_TAG_formal_parameter
	.byte	8                               @ DW_AT_const_value
	.long	6028                            @ DW_AT_abstract_origin
	.byte	0                               @ End Of Children Mark
	.byte	39                              @ Abbrev [39] 0x18aa:0x25 DW_TAG_inlined_subroutine
	.long	5941                            @ DW_AT_abstract_origin
	.long	.Ltmp178                        @ DW_AT_low_pc
	.long	.Ltmp179-.Ltmp178               @ DW_AT_high_pc
	.byte	2                               @ DW_AT_call_file
	.short	358                             @ DW_AT_call_line
	.byte	5                               @ DW_AT_call_column
	.byte	40                              @ Abbrev [40] 0x18bb:0x6 DW_TAG_formal_parameter
	.byte	2                               @ DW_AT_const_value
	.long	5949                            @ DW_AT_abstract_origin
	.byte	40                              @ Abbrev [40] 0x18c1:0x7 DW_TAG_formal_parameter
	.ascii	"\200\034"                      @ DW_AT_const_value
	.long	5960                            @ DW_AT_abstract_origin
	.byte	40                              @ Abbrev [40] 0x18c8:0x6 DW_TAG_formal_parameter
	.byte	8                               @ DW_AT_const_value
	.long	5971                            @ DW_AT_abstract_origin
	.byte	0                               @ End Of Children Mark
	.byte	39                              @ Abbrev [39] 0x18cf:0x2a DW_TAG_inlined_subroutine
	.long	5983                            @ DW_AT_abstract_origin
	.long	.Ltmp180                        @ DW_AT_low_pc
	.long	.Ltmp182-.Ltmp180               @ DW_AT_high_pc
	.byte	2                               @ DW_AT_call_file
	.short	360                             @ DW_AT_call_line
	.byte	5                               @ DW_AT_call_column
	.byte	40                              @ Abbrev [40] 0x18e0:0x6 DW_TAG_formal_parameter
	.byte	2                               @ DW_AT_const_value
	.long	5992                            @ DW_AT_abstract_origin
	.byte	40                              @ Abbrev [40] 0x18e6:0x6 DW_TAG_formal_parameter
	.byte	3                               @ DW_AT_const_value
	.long	6004                            @ DW_AT_abstract_origin
	.byte	40                              @ Abbrev [40] 0x18ec:0x6 DW_TAG_formal_parameter
	.byte	4                               @ DW_AT_const_value
	.long	6016                            @ DW_AT_abstract_origin
	.byte	40                              @ Abbrev [40] 0x18f2:0x6 DW_TAG_formal_parameter
	.byte	8                               @ DW_AT_const_value
	.long	6028                            @ DW_AT_abstract_origin
	.byte	0                               @ End Of Children Mark
	.byte	0                               @ End Of Children Mark
	.byte	36                              @ Abbrev [36] 0x18fa:0x16 DW_TAG_subprogram
	.long	.Linfo_string483                @ DW_AT_name
	.byte	10                              @ DW_AT_decl_file
	.short	4255                            @ DW_AT_decl_line
                                        @ DW_AT_prototyped
	.byte	1                               @ DW_AT_inline
	.byte	42                              @ Abbrev [42] 0x1903:0xc DW_TAG_variable
	.long	.Linfo_string484                @ DW_AT_name
	.byte	10                              @ DW_AT_decl_file
	.short	4257                            @ DW_AT_decl_line
	.long	100                             @ DW_AT_type
	.byte	0                               @ End Of Children Mark
	.byte	43                              @ Abbrev [43] 0x1910:0x16 DW_TAG_subprogram
	.long	.Linfo_string485                @ DW_AT_name
	.byte	2                               @ DW_AT_decl_file
	.short	363                             @ DW_AT_decl_line
	.byte	1                               @ DW_AT_inline
	.byte	42                              @ Abbrev [42] 0x1919:0xc DW_TAG_variable
	.long	.Linfo_string486                @ DW_AT_name
	.byte	2                               @ DW_AT_decl_file
	.short	365                             @ DW_AT_decl_line
	.long	1196                            @ DW_AT_type
	.byte	0                               @ End Of Children Mark
	.byte	44                              @ Abbrev [44] 0x1926:0x9 DW_TAG_subprogram
	.long	.Linfo_string487                @ DW_AT_name
	.byte	10                              @ DW_AT_decl_file
	.short	4276                            @ DW_AT_decl_line
                                        @ DW_AT_prototyped
	.byte	1                               @ DW_AT_inline
	.byte	45                              @ Abbrev [45] 0x192f:0x9 DW_TAG_subprogram
	.long	.Linfo_string488                @ DW_AT_name
	.byte	2                               @ DW_AT_decl_file
	.short	335                             @ DW_AT_decl_line
                                        @ DW_AT_prototyped
                                        @ DW_AT_external
	.byte	1                               @ DW_AT_inline
	.byte	36                              @ Abbrev [36] 0x1938:0x16 DW_TAG_subprogram
	.long	.Linfo_string489                @ DW_AT_name
	.byte	8                               @ DW_AT_decl_file
	.short	3905                            @ DW_AT_decl_line
                                        @ DW_AT_prototyped
	.byte	1                               @ DW_AT_inline
	.byte	37                              @ Abbrev [37] 0x1941:0xc DW_TAG_formal_parameter
	.long	.Linfo_string233                @ DW_AT_name
	.byte	8                               @ DW_AT_decl_file
	.short	3905                            @ DW_AT_decl_line
	.long	6478                            @ DW_AT_type
	.byte	0                               @ End Of Children Mark
	.byte	7                               @ Abbrev [7] 0x194e:0xc DW_TAG_typedef
	.long	1237                            @ DW_AT_type
	.long	.Linfo_string490                @ DW_AT_name
	.byte	4                               @ DW_AT_decl_file
	.short	264                             @ DW_AT_decl_line
	.byte	41                              @ Abbrev [41] 0x195a:0x144 DW_TAG_subprogram
	.long	.Lfunc_begin3                   @ DW_AT_low_pc
	.long	.Lfunc_end3-.Lfunc_begin3       @ DW_AT_high_pc
	.byte	1                               @ DW_AT_frame_base
	.byte	93
                                        @ DW_AT_GNU_all_call_sites
	.long	.Linfo_string495                @ DW_AT_name
	.byte	2                               @ DW_AT_decl_file
	.short	382                             @ DW_AT_decl_line
                                        @ DW_AT_prototyped
                                        @ DW_AT_external
	.byte	39                              @ Abbrev [39] 0x196c:0x1b DW_TAG_inlined_subroutine
	.long	6394                            @ DW_AT_abstract_origin
	.long	.Ltmp184                        @ DW_AT_low_pc
	.long	.Ltmp202-.Ltmp184               @ DW_AT_high_pc
	.byte	2                               @ DW_AT_call_file
	.short	385                             @ DW_AT_call_line
	.byte	5                               @ DW_AT_call_column
	.byte	46                              @ Abbrev [46] 0x197d:0x9 DW_TAG_variable
	.long	.Ldebug_loc1                    @ DW_AT_location
	.long	6403                            @ DW_AT_abstract_origin
	.byte	0                               @ End Of Children Mark
	.byte	39                              @ Abbrev [39] 0x1987:0x1b DW_TAG_inlined_subroutine
	.long	6416                            @ DW_AT_abstract_origin
	.long	.Ltmp202                        @ DW_AT_low_pc
	.long	.Ltmp207-.Ltmp202               @ DW_AT_high_pc
	.byte	2                               @ DW_AT_call_file
	.short	386                             @ DW_AT_call_line
	.byte	5                               @ DW_AT_call_column
	.byte	46                              @ Abbrev [46] 0x1998:0x9 DW_TAG_variable
	.long	.Ldebug_loc2                    @ DW_AT_location
	.long	6425                            @ DW_AT_abstract_origin
	.byte	0                               @ End Of Children Mark
	.byte	47                              @ Abbrev [47] 0x19a2:0x11 DW_TAG_inlined_subroutine
	.long	6438                            @ DW_AT_abstract_origin
	.long	.Ltmp208                        @ DW_AT_low_pc
	.long	.Ltmp209-.Ltmp208               @ DW_AT_high_pc
	.byte	2                               @ DW_AT_call_file
	.short	388                             @ DW_AT_call_line
	.byte	5                               @ DW_AT_call_column
	.byte	48                              @ Abbrev [48] 0x19b3:0xad DW_TAG_inlined_subroutine
	.long	6447                            @ DW_AT_abstract_origin
	.long	.Ldebug_ranges0                 @ DW_AT_ranges
	.byte	2                               @ DW_AT_call_file
	.short	406                             @ DW_AT_call_line
	.byte	5                               @ DW_AT_call_column
	.byte	39                              @ Abbrev [39] 0x19c0:0x26 DW_TAG_inlined_subroutine
	.long	5941                            @ DW_AT_abstract_origin
	.long	.Ltmp219                        @ DW_AT_low_pc
	.long	.Ltmp220-.Ltmp219               @ DW_AT_high_pc
	.byte	2                               @ DW_AT_call_file
	.short	339                             @ DW_AT_call_line
	.byte	5                               @ DW_AT_call_column
	.byte	40                              @ Abbrev [40] 0x19d1:0x6 DW_TAG_formal_parameter
	.byte	0                               @ DW_AT_const_value
	.long	5949                            @ DW_AT_abstract_origin
	.byte	40                              @ Abbrev [40] 0x19d7:0x7 DW_TAG_formal_parameter
	.ascii	"\200\004"                      @ DW_AT_const_value
	.long	5960                            @ DW_AT_abstract_origin
	.byte	40                              @ Abbrev [40] 0x19de:0x7 DW_TAG_formal_parameter
	.ascii	"\200\020"                      @ DW_AT_const_value
	.long	5971                            @ DW_AT_abstract_origin
	.byte	0                               @ End Of Children Mark
	.byte	39                              @ Abbrev [39] 0x19e6:0x2a DW_TAG_inlined_subroutine
	.long	5983                            @ DW_AT_abstract_origin
	.long	.Ltmp221                        @ DW_AT_low_pc
	.long	.Ltmp223-.Ltmp221               @ DW_AT_high_pc
	.byte	2                               @ DW_AT_call_file
	.short	341                             @ DW_AT_call_line
	.byte	5                               @ DW_AT_call_column
	.byte	40                              @ Abbrev [40] 0x19f7:0x6 DW_TAG_formal_parameter
	.byte	0                               @ DW_AT_const_value
	.long	5992                            @ DW_AT_abstract_origin
	.byte	40                              @ Abbrev [40] 0x19fd:0x6 DW_TAG_formal_parameter
	.byte	1                               @ DW_AT_const_value
	.long	6004                            @ DW_AT_abstract_origin
	.byte	40                              @ Abbrev [40] 0x1a03:0x6 DW_TAG_formal_parameter
	.byte	6                               @ DW_AT_const_value
	.long	6016                            @ DW_AT_abstract_origin
	.byte	40                              @ Abbrev [40] 0x1a09:0x6 DW_TAG_formal_parameter
	.byte	8                               @ DW_AT_const_value
	.long	6028                            @ DW_AT_abstract_origin
	.byte	0                               @ End Of Children Mark
	.byte	39                              @ Abbrev [39] 0x1a10:0x25 DW_TAG_inlined_subroutine
	.long	5941                            @ DW_AT_abstract_origin
	.long	.Ltmp223                        @ DW_AT_low_pc
	.long	.Ltmp224-.Ltmp223               @ DW_AT_high_pc
	.byte	2                               @ DW_AT_call_file
	.short	344                             @ DW_AT_call_line
	.byte	5                               @ DW_AT_call_column
	.byte	40                              @ Abbrev [40] 0x1a21:0x6 DW_TAG_formal_parameter
	.byte	2                               @ DW_AT_const_value
	.long	5949                            @ DW_AT_abstract_origin
	.byte	40                              @ Abbrev [40] 0x1a27:0x7 DW_TAG_formal_parameter
	.ascii	"\200\034"                      @ DW_AT_const_value
	.long	5960                            @ DW_AT_abstract_origin
	.byte	40                              @ Abbrev [40] 0x1a2e:0x6 DW_TAG_formal_parameter
	.byte	8                               @ DW_AT_const_value
	.long	5971                            @ DW_AT_abstract_origin
	.byte	0                               @ End Of Children Mark
	.byte	39                              @ Abbrev [39] 0x1a35:0x2a DW_TAG_inlined_subroutine
	.long	5983                            @ DW_AT_abstract_origin
	.long	.Ltmp225                        @ DW_AT_low_pc
	.long	.Ltmp227-.Ltmp225               @ DW_AT_high_pc
	.byte	2                               @ DW_AT_call_file
	.short	346                             @ DW_AT_call_line
	.byte	5                               @ DW_AT_call_column
	.byte	40                              @ Abbrev [40] 0x1a46:0x6 DW_TAG_formal_parameter
	.byte	2                               @ DW_AT_const_value
	.long	5992                            @ DW_AT_abstract_origin
	.byte	40                              @ Abbrev [40] 0x1a4c:0x6 DW_TAG_formal_parameter
	.byte	3                               @ DW_AT_const_value
	.long	6004                            @ DW_AT_abstract_origin
	.byte	40                              @ Abbrev [40] 0x1a52:0x6 DW_TAG_formal_parameter
	.byte	4                               @ DW_AT_const_value
	.long	6016                            @ DW_AT_abstract_origin
	.byte	40                              @ Abbrev [40] 0x1a58:0x6 DW_TAG_formal_parameter
	.byte	8                               @ DW_AT_const_value
	.long	6028                            @ DW_AT_abstract_origin
	.byte	0                               @ End Of Children Mark
	.byte	0                               @ End Of Children Mark
	.byte	39                              @ Abbrev [39] 0x1a60:0x25 DW_TAG_inlined_subroutine
	.long	5941                            @ DW_AT_abstract_origin
	.long	.Ltmp214                        @ DW_AT_low_pc
	.long	.Ltmp216-.Ltmp214               @ DW_AT_high_pc
	.byte	2                               @ DW_AT_call_file
	.short	402                             @ DW_AT_call_line
	.byte	5                               @ DW_AT_call_column
	.byte	40                              @ Abbrev [40] 0x1a71:0x7 DW_TAG_formal_parameter
	.ascii	"\377\001"                      @ DW_AT_const_value
	.long	5949                            @ DW_AT_abstract_origin
	.byte	40                              @ Abbrev [40] 0x1a78:0x6 DW_TAG_formal_parameter
	.byte	0                               @ DW_AT_const_value
	.long	5960                            @ DW_AT_abstract_origin
	.byte	40                              @ Abbrev [40] 0x1a7e:0x6 DW_TAG_formal_parameter
	.byte	64                              @ DW_AT_const_value
	.long	5971                            @ DW_AT_abstract_origin
	.byte	0                               @ End Of Children Mark
	.byte	39                              @ Abbrev [39] 0x1a85:0x18 DW_TAG_inlined_subroutine
	.long	6456                            @ DW_AT_abstract_origin
	.long	.Ltmp229                        @ DW_AT_low_pc
	.long	.Ltmp230-.Ltmp229               @ DW_AT_high_pc
	.byte	2                               @ DW_AT_call_file
	.short	445                             @ DW_AT_call_line
	.byte	5                               @ DW_AT_call_column
	.byte	49                              @ Abbrev [49] 0x1a96:0x6 DW_TAG_formal_parameter
	.byte	61                              @ DW_AT_const_value
	.long	6465                            @ DW_AT_abstract_origin
	.byte	0                               @ End Of Children Mark
	.byte	0                               @ End Of Children Mark
	.byte	41                              @ Abbrev [41] 0x1a9e:0x3b DW_TAG_subprogram
	.long	.Lfunc_begin4                   @ DW_AT_low_pc
	.long	.Lfunc_end4-.Lfunc_begin4       @ DW_AT_high_pc
	.byte	1                               @ DW_AT_frame_base
	.byte	93
                                        @ DW_AT_GNU_all_call_sites
	.long	.Linfo_string496                @ DW_AT_name
	.byte	2                               @ DW_AT_decl_file
	.short	448                             @ DW_AT_decl_line
                                        @ DW_AT_prototyped
                                        @ DW_AT_external
	.byte	50                              @ Abbrev [50] 0x1ab0:0xf DW_TAG_variable
	.byte	2                               @ DW_AT_location
	.byte	145
	.byte	4
	.long	.Linfo_string509                @ DW_AT_name
	.byte	2                               @ DW_AT_decl_file
	.short	450                             @ DW_AT_decl_line
	.long	95                              @ DW_AT_type
	.byte	51                              @ Abbrev [51] 0x1abf:0x19 DW_TAG_lexical_block
	.long	.Ltmp235                        @ DW_AT_low_pc
	.long	.Ltmp240-.Ltmp235               @ DW_AT_high_pc
	.byte	50                              @ Abbrev [50] 0x1ac8:0xf DW_TAG_variable
	.byte	2                               @ DW_AT_location
	.byte	145
	.byte	2
	.long	.Linfo_string510                @ DW_AT_name
	.byte	2                               @ DW_AT_decl_file
	.short	595                             @ DW_AT_decl_line
	.long	569                             @ DW_AT_type
	.byte	0                               @ End Of Children Mark
	.byte	0                               @ End Of Children Mark
	.byte	41                              @ Abbrev [41] 0x1ad9:0x34 DW_TAG_subprogram
	.long	.Lfunc_begin5                   @ DW_AT_low_pc
	.long	.Lfunc_end5-.Lfunc_begin5       @ DW_AT_high_pc
	.byte	1                               @ DW_AT_frame_base
	.byte	93
                                        @ DW_AT_GNU_all_call_sites
	.long	.Linfo_string497                @ DW_AT_name
	.byte	2                               @ DW_AT_decl_file
	.short	644                             @ DW_AT_decl_line
                                        @ DW_AT_prototyped
                                        @ DW_AT_external
	.byte	52                              @ Abbrev [52] 0x1aeb:0x10 DW_TAG_formal_parameter
	.long	.Ldebug_loc3                    @ DW_AT_location
	.long	.Linfo_string511                @ DW_AT_name
	.byte	2                               @ DW_AT_decl_file
	.short	644                             @ DW_AT_decl_line
	.long	100                             @ DW_AT_type
	.byte	47                              @ Abbrev [47] 0x1afb:0x11 DW_TAG_inlined_subroutine
	.long	5844                            @ DW_AT_abstract_origin
	.long	.Ltmp285                        @ DW_AT_low_pc
	.long	.Ltmp286-.Ltmp285               @ DW_AT_high_pc
	.byte	2                               @ DW_AT_call_file
	.short	652                             @ DW_AT_call_line
	.byte	9                               @ DW_AT_call_column
	.byte	0                               @ End Of Children Mark
	.byte	53                              @ Abbrev [53] 0x1b0d:0x37 DW_TAG_subprogram
	.long	.Lfunc_begin6                   @ DW_AT_low_pc
	.long	.Lfunc_end6-.Lfunc_begin6       @ DW_AT_high_pc
	.byte	1                               @ DW_AT_frame_base
	.byte	93
                                        @ DW_AT_GNU_all_call_sites
	.long	.Linfo_string498                @ DW_AT_name
	.byte	2                               @ DW_AT_decl_file
	.short	657                             @ DW_AT_decl_line
                                        @ DW_AT_prototyped
	.long	100                             @ DW_AT_type
                                        @ DW_AT_external
	.byte	52                              @ Abbrev [52] 0x1b23:0x10 DW_TAG_formal_parameter
	.long	.Ldebug_loc4                    @ DW_AT_location
	.long	.Linfo_string512                @ DW_AT_name
	.byte	2                               @ DW_AT_decl_file
	.short	657                             @ DW_AT_decl_line
	.long	100                             @ DW_AT_type
	.byte	52                              @ Abbrev [52] 0x1b33:0x10 DW_TAG_formal_parameter
	.long	.Ldebug_loc5                    @ DW_AT_location
	.long	.Linfo_string513                @ DW_AT_name
	.byte	2                               @ DW_AT_decl_file
	.short	657                             @ DW_AT_decl_line
	.long	100                             @ DW_AT_type
	.byte	0                               @ End Of Children Mark
	.byte	41                              @ Abbrev [41] 0x1b44:0x23 DW_TAG_subprogram
	.long	.Lfunc_begin7                   @ DW_AT_low_pc
	.long	.Lfunc_end7-.Lfunc_begin7       @ DW_AT_high_pc
	.byte	1                               @ DW_AT_frame_base
	.byte	93
                                        @ DW_AT_GNU_all_call_sites
	.long	.Linfo_string499                @ DW_AT_name
	.byte	2                               @ DW_AT_decl_file
	.short	864                             @ DW_AT_decl_line
                                        @ DW_AT_prototyped
                                        @ DW_AT_external
	.byte	52                              @ Abbrev [52] 0x1b56:0x10 DW_TAG_formal_parameter
	.long	.Ldebug_loc6                    @ DW_AT_location
	.long	.Linfo_string514                @ DW_AT_name
	.byte	2                               @ DW_AT_decl_file
	.short	864                             @ DW_AT_decl_line
	.long	788                             @ DW_AT_type
	.byte	0                               @ End Of Children Mark
	.byte	53                              @ Abbrev [53] 0x1b67:0x35 DW_TAG_subprogram
	.long	.Lfunc_begin8                   @ DW_AT_low_pc
	.long	.Lfunc_end8-.Lfunc_begin8       @ DW_AT_high_pc
	.byte	1                               @ DW_AT_frame_base
	.byte	93
                                        @ DW_AT_GNU_all_call_sites
	.long	.Linfo_string500                @ DW_AT_name
	.byte	2                               @ DW_AT_decl_file
	.short	821                             @ DW_AT_decl_line
                                        @ DW_AT_prototyped
	.long	100                             @ DW_AT_type
                                        @ DW_AT_external
	.byte	52                              @ Abbrev [52] 0x1b7d:0x10 DW_TAG_formal_parameter
	.long	.Ldebug_loc7                    @ DW_AT_location
	.long	.Linfo_string515                @ DW_AT_name
	.byte	2                               @ DW_AT_decl_file
	.short	821                             @ DW_AT_decl_line
	.long	100                             @ DW_AT_type
	.byte	54                              @ Abbrev [54] 0x1b8d:0xe DW_TAG_formal_parameter
	.byte	1                               @ DW_AT_location
	.byte	81
	.long	.Linfo_string516                @ DW_AT_name
	.byte	2                               @ DW_AT_decl_file
	.short	821                             @ DW_AT_decl_line
	.long	100                             @ DW_AT_type
	.byte	0                               @ End Of Children Mark
	.byte	38                              @ Abbrev [38] 0x1b9c:0x33 DW_TAG_subprogram
	.long	.Lfunc_begin9                   @ DW_AT_low_pc
	.long	.Lfunc_end9-.Lfunc_begin9       @ DW_AT_high_pc
	.byte	1                               @ DW_AT_frame_base
	.byte	93
                                        @ DW_AT_GNU_all_call_sites
	.long	7119                            @ DW_AT_abstract_origin
	.byte	55                              @ Abbrev [55] 0x1bab:0x9 DW_TAG_formal_parameter
	.long	.Ldebug_loc8                    @ DW_AT_location
	.long	7132                            @ DW_AT_abstract_origin
	.byte	55                              @ Abbrev [55] 0x1bb4:0x9 DW_TAG_formal_parameter
	.long	.Ldebug_loc9                    @ DW_AT_location
	.long	7144                            @ DW_AT_abstract_origin
	.byte	47                              @ Abbrev [47] 0x1bbd:0x11 DW_TAG_inlined_subroutine
	.long	5844                            @ DW_AT_abstract_origin
	.long	.Ltmp449                        @ DW_AT_low_pc
	.long	.Ltmp450-.Ltmp449               @ DW_AT_high_pc
	.byte	2                               @ DW_AT_call_file
	.short	979                             @ DW_AT_call_line
	.byte	17                              @ DW_AT_call_column
	.byte	0                               @ End Of Children Mark
	.byte	56                              @ Abbrev [56] 0x1bcf:0x26 DW_TAG_subprogram
	.long	.Linfo_string491                @ DW_AT_name
	.byte	2                               @ DW_AT_decl_file
	.short	955                             @ DW_AT_decl_line
                                        @ DW_AT_prototyped
	.long	1185                            @ DW_AT_type
                                        @ DW_AT_external
	.byte	1                               @ DW_AT_inline
	.byte	37                              @ Abbrev [37] 0x1bdc:0xc DW_TAG_formal_parameter
	.long	.Linfo_string492                @ DW_AT_name
	.byte	2                               @ DW_AT_decl_file
	.short	955                             @ DW_AT_decl_line
	.long	100                             @ DW_AT_type
	.byte	37                              @ Abbrev [37] 0x1be8:0xc DW_TAG_formal_parameter
	.long	.Linfo_string478                @ DW_AT_name
	.byte	2                               @ DW_AT_decl_file
	.short	955                             @ DW_AT_decl_line
	.long	100                             @ DW_AT_type
	.byte	0                               @ End Of Children Mark
	.byte	41                              @ Abbrev [41] 0x1bf5:0x168 DW_TAG_subprogram
	.long	.Lfunc_begin10                  @ DW_AT_low_pc
	.long	.Lfunc_end10-.Lfunc_begin10     @ DW_AT_high_pc
	.byte	1                               @ DW_AT_frame_base
	.byte	93
                                        @ DW_AT_GNU_all_call_sites
	.long	.Linfo_string501                @ DW_AT_name
	.byte	2                               @ DW_AT_decl_file
	.short	991                             @ DW_AT_decl_line
                                        @ DW_AT_prototyped
                                        @ DW_AT_external
	.byte	52                              @ Abbrev [52] 0x1c07:0x10 DW_TAG_formal_parameter
	.long	.Ldebug_loc10                   @ DW_AT_location
	.long	.Linfo_string492                @ DW_AT_name
	.byte	2                               @ DW_AT_decl_file
	.short	991                             @ DW_AT_decl_line
	.long	100                             @ DW_AT_type
	.byte	52                              @ Abbrev [52] 0x1c17:0x10 DW_TAG_formal_parameter
	.long	.Ldebug_loc11                   @ DW_AT_location
	.long	.Linfo_string478                @ DW_AT_name
	.byte	2                               @ DW_AT_decl_file
	.short	991                             @ DW_AT_decl_line
	.long	100                             @ DW_AT_type
	.byte	57                              @ Abbrev [57] 0x1c27:0x10 DW_TAG_variable
	.long	.Ldebug_loc12                   @ DW_AT_location
	.long	.Linfo_string517                @ DW_AT_name
	.byte	2                               @ DW_AT_decl_file
	.short	993                             @ DW_AT_decl_line
	.long	100                             @ DW_AT_type
	.byte	57                              @ Abbrev [57] 0x1c37:0x10 DW_TAG_variable
	.long	.Ldebug_loc13                   @ DW_AT_location
	.long	.Linfo_string518                @ DW_AT_name
	.byte	2                               @ DW_AT_decl_file
	.short	995                             @ DW_AT_decl_line
	.long	2829                            @ DW_AT_type
	.byte	57                              @ Abbrev [57] 0x1c47:0x10 DW_TAG_variable
	.long	.Ldebug_loc14                   @ DW_AT_location
	.long	.Linfo_string486                @ DW_AT_name
	.byte	2                               @ DW_AT_decl_file
	.short	994                             @ DW_AT_decl_line
	.long	100                             @ DW_AT_type
	.byte	57                              @ Abbrev [57] 0x1c57:0x10 DW_TAG_variable
	.long	.Ldebug_loc15                   @ DW_AT_location
	.long	.Linfo_string519                @ DW_AT_name
	.byte	2                               @ DW_AT_decl_file
	.short	993                             @ DW_AT_decl_line
	.long	100                             @ DW_AT_type
	.byte	57                              @ Abbrev [57] 0x1c67:0x10 DW_TAG_variable
	.long	.Ldebug_loc16                   @ DW_AT_location
	.long	.Linfo_string520                @ DW_AT_name
	.byte	2                               @ DW_AT_decl_file
	.short	996                             @ DW_AT_decl_line
	.long	1185                            @ DW_AT_type
	.byte	57                              @ Abbrev [57] 0x1c77:0x10 DW_TAG_variable
	.long	.Ldebug_loc17                   @ DW_AT_location
	.long	.Linfo_string521                @ DW_AT_name
	.byte	2                               @ DW_AT_decl_file
	.short	994                             @ DW_AT_decl_line
	.long	100                             @ DW_AT_type
	.byte	47                              @ Abbrev [47] 0x1c87:0x11 DW_TAG_inlined_subroutine
	.long	5844                            @ DW_AT_abstract_origin
	.long	.Ltmp462                        @ DW_AT_low_pc
	.long	.Ltmp463-.Ltmp462               @ DW_AT_high_pc
	.byte	2                               @ DW_AT_call_file
	.short	1004                            @ DW_AT_call_line
	.byte	13                              @ DW_AT_call_column
	.byte	48                              @ Abbrev [48] 0x1c98:0x1e DW_TAG_inlined_subroutine
	.long	7119                            @ DW_AT_abstract_origin
	.long	.Ldebug_ranges1                 @ DW_AT_ranges
	.byte	2                               @ DW_AT_call_file
	.short	1034                            @ DW_AT_call_line
	.byte	27                              @ DW_AT_call_column
	.byte	55                              @ Abbrev [55] 0x1ca5:0x9 DW_TAG_formal_parameter
	.long	.Ldebug_loc18                   @ DW_AT_location
	.long	7132                            @ DW_AT_abstract_origin
	.byte	40                              @ Abbrev [40] 0x1cae:0x7 DW_TAG_formal_parameter
	.ascii	"\374\007"                      @ DW_AT_const_value
	.long	7144                            @ DW_AT_abstract_origin
	.byte	0                               @ End Of Children Mark
	.byte	39                              @ Abbrev [39] 0x1cb6:0x20 DW_TAG_inlined_subroutine
	.long	7119                            @ DW_AT_abstract_origin
	.long	.Ltmp501                        @ DW_AT_low_pc
	.long	.Ltmp510-.Ltmp501               @ DW_AT_high_pc
	.byte	2                               @ DW_AT_call_file
	.short	1038                            @ DW_AT_call_line
	.byte	27                              @ DW_AT_call_column
	.byte	58                              @ Abbrev [58] 0x1cc7:0x7 DW_TAG_formal_parameter
	.byte	1                               @ DW_AT_location
	.byte	80
	.long	7132                            @ DW_AT_abstract_origin
	.byte	40                              @ Abbrev [40] 0x1cce:0x7 DW_TAG_formal_parameter
	.ascii	"\376\007"                      @ DW_AT_const_value
	.long	7144                            @ DW_AT_abstract_origin
	.byte	0                               @ End Of Children Mark
	.byte	59                              @ Abbrev [59] 0x1cd6:0x21 DW_TAG_inlined_subroutine
	.long	7119                            @ DW_AT_abstract_origin
	.long	.Ltmp510                        @ DW_AT_low_pc
	.long	.Ltmp514-.Ltmp510               @ DW_AT_high_pc
	.byte	2                               @ DW_AT_call_file
	.byte	0                               @ DW_AT_call_line
	.byte	47                              @ Abbrev [47] 0x1ce5:0x11 DW_TAG_inlined_subroutine
	.long	5844                            @ DW_AT_abstract_origin
	.long	.Ltmp512                        @ DW_AT_low_pc
	.long	.Ltmp513-.Ltmp512               @ DW_AT_high_pc
	.byte	2                               @ DW_AT_call_file
	.short	979                             @ DW_AT_call_line
	.byte	17                              @ DW_AT_call_column
	.byte	0                               @ End Of Children Mark
	.byte	39                              @ Abbrev [39] 0x1cf7:0x24 DW_TAG_inlined_subroutine
	.long	7119                            @ DW_AT_abstract_origin
	.long	.Ltmp532                        @ DW_AT_low_pc
	.long	.Ltmp543-.Ltmp532               @ DW_AT_high_pc
	.byte	2                               @ DW_AT_call_file
	.short	1075                            @ DW_AT_call_line
	.byte	27                              @ DW_AT_call_column
	.byte	55                              @ Abbrev [55] 0x1d08:0x9 DW_TAG_formal_parameter
	.long	.Ldebug_loc19                   @ DW_AT_location
	.long	7132                            @ DW_AT_abstract_origin
	.byte	55                              @ Abbrev [55] 0x1d11:0x9 DW_TAG_formal_parameter
	.long	.Ldebug_loc20                   @ DW_AT_location
	.long	7144                            @ DW_AT_abstract_origin
	.byte	0                               @ End Of Children Mark
	.byte	48                              @ Abbrev [48] 0x1d1b:0x20 DW_TAG_inlined_subroutine
	.long	7119                            @ DW_AT_abstract_origin
	.long	.Ldebug_ranges2                 @ DW_AT_ranges
	.byte	2                               @ DW_AT_call_file
	.short	1071                            @ DW_AT_call_line
	.byte	27                              @ DW_AT_call_column
	.byte	55                              @ Abbrev [55] 0x1d28:0x9 DW_TAG_formal_parameter
	.long	.Ldebug_loc22                   @ DW_AT_location
	.long	7132                            @ DW_AT_abstract_origin
	.byte	55                              @ Abbrev [55] 0x1d31:0x9 DW_TAG_formal_parameter
	.long	.Ldebug_loc21                   @ DW_AT_location
	.long	7144                            @ DW_AT_abstract_origin
	.byte	0                               @ End Of Children Mark
	.byte	59                              @ Abbrev [59] 0x1d3b:0x21 DW_TAG_inlined_subroutine
	.long	7119                            @ DW_AT_abstract_origin
	.long	.Ltmp558                        @ DW_AT_low_pc
	.long	.Ltmp563-.Ltmp558               @ DW_AT_high_pc
	.byte	2                               @ DW_AT_call_file
	.byte	0                               @ DW_AT_call_line
	.byte	47                              @ Abbrev [47] 0x1d4a:0x11 DW_TAG_inlined_subroutine
	.long	5844                            @ DW_AT_abstract_origin
	.long	.Ltmp561                        @ DW_AT_low_pc
	.long	.Ltmp562-.Ltmp561               @ DW_AT_high_pc
	.byte	2                               @ DW_AT_call_file
	.short	979                             @ DW_AT_call_line
	.byte	17                              @ DW_AT_call_column
	.byte	0                               @ End Of Children Mark
	.byte	0                               @ End Of Children Mark
	.byte	53                              @ Abbrev [53] 0x1d5d:0x58 DW_TAG_subprogram
	.long	.Lfunc_begin11                  @ DW_AT_low_pc
	.long	.Lfunc_end11-.Lfunc_begin11     @ DW_AT_high_pc
	.byte	1                               @ DW_AT_frame_base
	.byte	93
                                        @ DW_AT_GNU_all_call_sites
	.long	.Linfo_string502                @ DW_AT_name
	.byte	2                               @ DW_AT_decl_file
	.short	1088                            @ DW_AT_decl_line
                                        @ DW_AT_prototyped
	.long	1196                            @ DW_AT_type
                                        @ DW_AT_external
	.byte	52                              @ Abbrev [52] 0x1d73:0x10 DW_TAG_formal_parameter
	.long	.Ldebug_loc23                   @ DW_AT_location
	.long	.Linfo_string492                @ DW_AT_name
	.byte	2                               @ DW_AT_decl_file
	.short	1088                            @ DW_AT_decl_line
	.long	100                             @ DW_AT_type
	.byte	52                              @ Abbrev [52] 0x1d83:0x10 DW_TAG_formal_parameter
	.long	.Ldebug_loc24                   @ DW_AT_location
	.long	.Linfo_string522                @ DW_AT_name
	.byte	2                               @ DW_AT_decl_file
	.short	1088                            @ DW_AT_decl_line
	.long	100                             @ DW_AT_type
	.byte	52                              @ Abbrev [52] 0x1d93:0x10 DW_TAG_formal_parameter
	.long	.Ldebug_loc25                   @ DW_AT_location
	.long	.Linfo_string523                @ DW_AT_name
	.byte	2                               @ DW_AT_decl_file
	.short	1088                            @ DW_AT_decl_line
	.long	100                             @ DW_AT_type
	.byte	47                              @ Abbrev [47] 0x1da3:0x11 DW_TAG_inlined_subroutine
	.long	5844                            @ DW_AT_abstract_origin
	.long	.Ltmp572                        @ DW_AT_low_pc
	.long	.Ltmp573-.Ltmp572               @ DW_AT_high_pc
	.byte	2                               @ DW_AT_call_file
	.short	1096                            @ DW_AT_call_line
	.byte	9                               @ DW_AT_call_column
	.byte	0                               @ End Of Children Mark
	.byte	60                              @ Abbrev [60] 0x1db5:0x16 DW_TAG_subprogram
	.long	.Lfunc_begin12                  @ DW_AT_low_pc
	.long	.Lfunc_end12-.Lfunc_begin12     @ DW_AT_high_pc
	.byte	1                               @ DW_AT_frame_base
	.byte	93
                                        @ DW_AT_GNU_all_call_sites
	.long	.Linfo_string503                @ DW_AT_name
	.byte	2                               @ DW_AT_decl_file
	.short	1114                            @ DW_AT_decl_line
                                        @ DW_AT_prototyped
	.long	7627                            @ DW_AT_type
                                        @ DW_AT_external
	.byte	5                               @ Abbrev [5] 0x1dcb:0x7 DW_TAG_base_type
	.long	.Linfo_string504                @ DW_AT_name
	.byte	2                               @ DW_AT_encoding
	.byte	1                               @ DW_AT_byte_size
	.byte	0                               @ End Of Children Mark
.Ldebug_info_end0:
	.section	.debug_ranges,"",%progbits
.Ldebug_ranges0:
	.long	.Ltmp211
	.long	.Ltmp212
	.long	.Ltmp217
	.long	.Ltmp227
	.long	0
	.long	0
.Ldebug_ranges1:
	.long	.Ltmp489
	.long	.Ltmp491
	.long	.Ltmp492
	.long	.Ltmp501
	.long	0
	.long	0
.Ldebug_ranges2:
	.long	.Ltmp544
	.long	.Ltmp546
	.long	.Ltmp547
	.long	.Ltmp548
	.long	.Ltmp549
	.long	.Ltmp558
	.long	0
	.long	0
.Ldebug_ranges3:
	.long	.Lfunc_begin0
	.long	.Lfunc_end0
	.long	.Lfunc_begin1
	.long	.Lfunc_end1
	.long	.Lfunc_begin2
	.long	.Lfunc_end2
	.long	.Lfunc_begin3
	.long	.Lfunc_end3
	.long	.Lfunc_begin4
	.long	.Lfunc_end4
	.long	.Lfunc_begin5
	.long	.Lfunc_end5
	.long	.Lfunc_begin6
	.long	.Lfunc_end6
	.long	.Lfunc_begin7
	.long	.Lfunc_end7
	.long	.Lfunc_begin8
	.long	.Lfunc_end8
	.long	.Lfunc_begin9
	.long	.Lfunc_end9
	.long	.Lfunc_begin10
	.long	.Lfunc_end10
	.long	.Lfunc_begin11
	.long	.Lfunc_end11
	.long	.Lfunc_begin12
	.long	.Lfunc_end12
	.long	0
	.long	0
	.section	.debug_str,"MS",%progbits,1
.Linfo_string0:
	.asciz	"Component: Arm Compiler for Embedded 6.22 Tool: armclang [5ee92100]" @ string offset=0
.Linfo_string1:
	.asciz	"../Device/UVC\\UVC.c"          @ string offset=68
.Linfo_string2:
	.asciz	"C:\\ML\\ML_M55M1_SampleCode-master 2\\ML_M55M1_SampleCode-master\\M55M1BSP-3.01.003\\SampleCode\\NuEdgeWise\\PoseLandmark_YOLOv8n\\KEIL" @ string offset=88
.Linfo_string3:
	.asciz	"gAppConnected"                 @ string offset=216
.Linfo_string4:
	.asciz	"unsigned char"                 @ string offset=230
.Linfo_string5:
	.asciz	"uint8_t"                       @ string offset=244
.Linfo_string6:
	.asciz	"gMaxPacketSize"                @ string offset=252
.Linfo_string7:
	.asciz	"unsigned int"                  @ string offset=267
.Linfo_string8:
	.asciz	"uint32_t"                      @ string offset=280
.Linfo_string9:
	.asciz	"uvcStatus"                     @ string offset=289
.Linfo_string10:
	.asciz	"MaxVideoFrameSize"             @ string offset=299
.Linfo_string11:
	.asciz	"snapshotMaxVideoFrameSize"     @ string offset=317
.Linfo_string12:
	.asciz	"FormatIndex"                   @ string offset=343
.Linfo_string13:
	.asciz	"FrameIndex"                    @ string offset=355
.Linfo_string14:
	.asciz	"snapshotFormatIndex"           @ string offset=366
.Linfo_string15:
	.asciz	"snapshotFrameIndex"            @ string offset=386
.Linfo_string16:
	.asciz	"StillImage"                    @ string offset=405
.Linfo_string17:
	.asciz	"bReady"                        @ string offset=416
.Linfo_string18:
	.asciz	"char"                          @ string offset=423
.Linfo_string19:
	.asciz	"UVC_STATUS_T"                  @ string offset=428
.Linfo_string20:
	.asciz	"uvcInfo"                       @ string offset=441
.Linfo_string21:
	.asciz	"VSCmdCtlData"                  @ string offset=449
.Linfo_string22:
	.asciz	"bmHint"                        @ string offset=462
.Linfo_string23:
	.asciz	"unsigned short"                @ string offset=469
.Linfo_string24:
	.asciz	"uint16_t"                      @ string offset=484
.Linfo_string25:
	.asciz	"bFormatIndex"                  @ string offset=493
.Linfo_string26:
	.asciz	"bFrameIndex"                   @ string offset=506
.Linfo_string27:
	.asciz	"dwFrameInterval"               @ string offset=518
.Linfo_string28:
	.asciz	"dwKeyFrameRate"                @ string offset=534
.Linfo_string29:
	.asciz	"wPFrameRate"                   @ string offset=549
.Linfo_string30:
	.asciz	"wCompQuality"                  @ string offset=561
.Linfo_string31:
	.asciz	"wCompWindowSize"               @ string offset=574
.Linfo_string32:
	.asciz	"wDelay"                        @ string offset=590
.Linfo_string33:
	.asciz	"dwMaxVideoFrameSize"           @ string offset=597
.Linfo_string34:
	.asciz	"dwMaxPayloadTransferSize"      @ string offset=617
.Linfo_string35:
	.asciz	"_VIDEOSTREAMCMDDATA"           @ string offset=642
.Linfo_string36:
	.asciz	"VIDEOSTREAMCMDDATA"            @ string offset=662
.Linfo_string37:
	.asciz	"u16Dummy"                      @ string offset=681
.Linfo_string38:
	.asciz	"VSStillCmdCtlData"             @ string offset=690
.Linfo_string39:
	.asciz	"bCompressionIndex"             @ string offset=708
.Linfo_string40:
	.asciz	"dwMaxPayloadTranferSize"       @ string offset=726
.Linfo_string41:
	.asciz	"_VIDEOSTREAMSTILLCMDDATA"      @ string offset=750
.Linfo_string42:
	.asciz	"VIDEOSTREAMSTILLCMDDATA"       @ string offset=775
.Linfo_string43:
	.asciz	"CapFilter"                     @ string offset=799
.Linfo_string44:
	.asciz	"Brightness"                    @ string offset=809
.Linfo_string45:
	.asciz	"short"                         @ string offset=820
.Linfo_string46:
	.asciz	"int16_t"                       @ string offset=826
.Linfo_string47:
	.asciz	"Contrast"                      @ string offset=834
.Linfo_string48:
	.asciz	"Hue"                           @ string offset=843
.Linfo_string49:
	.asciz	"POWER_LINE_FREQUENCY"          @ string offset=847
.Linfo_string50:
	.asciz	"Saturation"                    @ string offset=868
.Linfo_string51:
	.asciz	"Sharpness"                     @ string offset=879
.Linfo_string52:
	.asciz	"Gamma"                         @ string offset=889
.Linfo_string53:
	.asciz	"Backlight"                     @ string offset=895
.Linfo_string54:
	.asciz	"_CaptureFilter"                @ string offset=905
.Linfo_string55:
	.asciz	"CaptureFilter"                 @ string offset=920
.Linfo_string56:
	.asciz	"u32FrameIndx"                  @ string offset=934
.Linfo_string57:
	.asciz	"u32FormatIndx"                 @ string offset=947
.Linfo_string58:
	.asciz	"IsoMaxPacketSize"              @ string offset=961
.Linfo_string59:
	.asciz	"__ARRAY_SIZE_TYPE__"           @ string offset=978
.Linfo_string60:
	.asciz	"u8ErrCode"                     @ string offset=998
.Linfo_string61:
	.asciz	"bChangeData"                   @ string offset=1008
.Linfo_string62:
	.asciz	"UVC_INFO_T"                    @ string offset=1020
.Linfo_string63:
	.asciz	"gAltInterface"                 @ string offset=1031
.Linfo_string64:
	.asciz	"uvcPuInfo"                     @ string offset=1045
.Linfo_string65:
	.asciz	"PU_BACKLIGHT_COMPENSATION_MIN" @ string offset=1055
.Linfo_string66:
	.asciz	"int"                           @ string offset=1085
.Linfo_string67:
	.asciz	"int32_t"                       @ string offset=1089
.Linfo_string68:
	.asciz	"PU_BACKLIGHT_COMPENSATION_MAX" @ string offset=1097
.Linfo_string69:
	.asciz	"PU_BACKLIGHT_COMPENSATION_DEF" @ string offset=1127
.Linfo_string70:
	.asciz	"PU_BRIGHTNESS_MIN"             @ string offset=1157
.Linfo_string71:
	.asciz	"PU_BRIGHTNESS_MAX"             @ string offset=1175
.Linfo_string72:
	.asciz	"PU_BRIGHTNESS_DEF"             @ string offset=1193
.Linfo_string73:
	.asciz	"PU_CONTRAST_MIN"               @ string offset=1211
.Linfo_string74:
	.asciz	"PU_CONTRAST_MAX"               @ string offset=1227
.Linfo_string75:
	.asciz	"PU_CONTRAST_DEF"               @ string offset=1243
.Linfo_string76:
	.asciz	"PU_HUE_MIN"                    @ string offset=1259
.Linfo_string77:
	.asciz	"PU_HUE_MAX"                    @ string offset=1270
.Linfo_string78:
	.asciz	"PU_HUE_DEF"                    @ string offset=1281
.Linfo_string79:
	.asciz	"PU_SATURATION_MIN"             @ string offset=1292
.Linfo_string80:
	.asciz	"PU_SATURATION_MAX"             @ string offset=1310
.Linfo_string81:
	.asciz	"PU_SATURATION_DEF"             @ string offset=1328
.Linfo_string82:
	.asciz	"PU_SHARPNESS_MIN"              @ string offset=1346
.Linfo_string83:
	.asciz	"PU_SHARPNESS_MAX"              @ string offset=1363
.Linfo_string84:
	.asciz	"PU_SHARPNESS_DEF"              @ string offset=1380
.Linfo_string85:
	.asciz	"PU_GAMMA_MIN"                  @ string offset=1397
.Linfo_string86:
	.asciz	"PU_GAMMA_MAX"                  @ string offset=1410
.Linfo_string87:
	.asciz	"PU_GAMMA_DEF"                  @ string offset=1423
.Linfo_string88:
	.asciz	"PU_POWER_LINE_FREQUENCY_MIN"   @ string offset=1436
.Linfo_string89:
	.asciz	"PU_POWER_LINE_FREQUENCY_MAX"   @ string offset=1464
.Linfo_string90:
	.asciz	"PU_POWER_LINE_FREQUENCY_DEF"   @ string offset=1492
.Linfo_string91:
	.asciz	"UVC_PU_INFO_T"                 @ string offset=1520
.Linfo_string92:
	.asciz	"g_u8UVC_PD"                    @ string offset=1534
.Linfo_string93:
	.asciz	"g_u8UVC_FID"                   @ string offset=1545
.Linfo_string94:
	.asciz	"NonMaskableInt_IRQn"           @ string offset=1557
.Linfo_string95:
	.asciz	"HardFault_IRQn"                @ string offset=1577
.Linfo_string96:
	.asciz	"MemoryManagement_IRQn"         @ string offset=1592
.Linfo_string97:
	.asciz	"BusFault_IRQn"                 @ string offset=1614
.Linfo_string98:
	.asciz	"UsageFault_IRQn"               @ string offset=1628
.Linfo_string99:
	.asciz	"SecureFault_IRQn"              @ string offset=1644
.Linfo_string100:
	.asciz	"SVCall_IRQn"                   @ string offset=1661
.Linfo_string101:
	.asciz	"DebugMonitor_IRQn"             @ string offset=1673
.Linfo_string102:
	.asciz	"PendSV_IRQn"                   @ string offset=1691
.Linfo_string103:
	.asciz	"SysTick_IRQn"                  @ string offset=1703
.Linfo_string104:
	.asciz	"BODOUT_IRQn"                   @ string offset=1716
.Linfo_string105:
	.asciz	"IRC_IRQn"                      @ string offset=1728
.Linfo_string106:
	.asciz	"PMC_IRQn"                      @ string offset=1737
.Linfo_string107:
	.asciz	"SRAMPERR_IRQn"                 @ string offset=1746
.Linfo_string108:
	.asciz	"CKFAIL_IRQn"                   @ string offset=1760
.Linfo_string109:
	.asciz	"ISP_IRQn"                      @ string offset=1772
.Linfo_string110:
	.asciz	"RTC_IRQn"                      @ string offset=1781
.Linfo_string111:
	.asciz	"RTCTAMPER_IRQn"                @ string offset=1790
.Linfo_string112:
	.asciz	"WDT0_IRQn"                     @ string offset=1805
.Linfo_string113:
	.asciz	"WWDT0_IRQn"                    @ string offset=1815
.Linfo_string114:
	.asciz	"WDT1_IRQn"                     @ string offset=1826
.Linfo_string115:
	.asciz	"WWDT1_IRQn"                    @ string offset=1836
.Linfo_string116:
	.asciz	"NPU_IRQn"                      @ string offset=1847
.Linfo_string117:
	.asciz	"EINT0_IRQn"                    @ string offset=1856
.Linfo_string118:
	.asciz	"EINT1_IRQn"                    @ string offset=1867
.Linfo_string119:
	.asciz	"EINT2_IRQn"                    @ string offset=1878
.Linfo_string120:
	.asciz	"EINT3_IRQn"                    @ string offset=1889
.Linfo_string121:
	.asciz	"EINT4_IRQn"                    @ string offset=1900
.Linfo_string122:
	.asciz	"EINT5_IRQn"                    @ string offset=1911
.Linfo_string123:
	.asciz	"GPA_IRQn"                      @ string offset=1922
.Linfo_string124:
	.asciz	"GPB_IRQn"                      @ string offset=1931
.Linfo_string125:
	.asciz	"GPC_IRQn"                      @ string offset=1940
.Linfo_string126:
	.asciz	"GPD_IRQn"                      @ string offset=1949
.Linfo_string127:
	.asciz	"GPE_IRQn"                      @ string offset=1958
.Linfo_string128:
	.asciz	"GPF_IRQn"                      @ string offset=1967
.Linfo_string129:
	.asciz	"GPG_IRQn"                      @ string offset=1976
.Linfo_string130:
	.asciz	"GPH_IRQn"                      @ string offset=1985
.Linfo_string131:
	.asciz	"GPI_IRQn"                      @ string offset=1994
.Linfo_string132:
	.asciz	"GPJ_IRQn"                      @ string offset=2003
.Linfo_string133:
	.asciz	"BRAKE0_IRQn"                   @ string offset=2012
.Linfo_string134:
	.asciz	"EPWM0P0_IRQn"                  @ string offset=2024
.Linfo_string135:
	.asciz	"EPWM0P1_IRQn"                  @ string offset=2037
.Linfo_string136:
	.asciz	"EPWM0P2_IRQn"                  @ string offset=2050
.Linfo_string137:
	.asciz	"BRAKE1_IRQn"                   @ string offset=2063
.Linfo_string138:
	.asciz	"EPWM1P0_IRQn"                  @ string offset=2075
.Linfo_string139:
	.asciz	"EPWM1P1_IRQn"                  @ string offset=2088
.Linfo_string140:
	.asciz	"EPWM1P2_IRQn"                  @ string offset=2101
.Linfo_string141:
	.asciz	"BPWM0_IRQn"                    @ string offset=2114
.Linfo_string142:
	.asciz	"BPWM1_IRQn"                    @ string offset=2125
.Linfo_string143:
	.asciz	"PDMA0_IRQn"                    @ string offset=2136
.Linfo_string144:
	.asciz	"PDMA1_IRQn"                    @ string offset=2147
.Linfo_string145:
	.asciz	"LPPDMA_IRQn"                   @ string offset=2158
.Linfo_string146:
	.asciz	"SCU_IRQn"                      @ string offset=2170
.Linfo_string147:
	.asciz	"KS_IRQn"                       @ string offset=2179
.Linfo_string148:
	.asciz	"TIMER0_IRQn"                   @ string offset=2187
.Linfo_string149:
	.asciz	"TIMER1_IRQn"                   @ string offset=2199
.Linfo_string150:
	.asciz	"TIMER2_IRQn"                   @ string offset=2211
.Linfo_string151:
	.asciz	"TIMER3_IRQn"                   @ string offset=2223
.Linfo_string152:
	.asciz	"LPTMR0_IRQn"                   @ string offset=2235
.Linfo_string153:
	.asciz	"LPTMR1_IRQn"                   @ string offset=2247
.Linfo_string154:
	.asciz	"TTMR0_IRQn"                    @ string offset=2259
.Linfo_string155:
	.asciz	"TTMR1_IRQn"                    @ string offset=2270
.Linfo_string156:
	.asciz	"USBH0_IRQn"                    @ string offset=2281
.Linfo_string157:
	.asciz	"USBH1_IRQn"                    @ string offset=2292
.Linfo_string158:
	.asciz	"USBD_IRQn"                     @ string offset=2303
.Linfo_string159:
	.asciz	"USBOTG_IRQn"                   @ string offset=2313
.Linfo_string160:
	.asciz	"HSUSBH_IRQn"                   @ string offset=2325
.Linfo_string161:
	.asciz	"HSUSBD_IRQn"                   @ string offset=2337
.Linfo_string162:
	.asciz	"HSOTG_IRQn"                    @ string offset=2349
.Linfo_string163:
	.asciz	"EMAC0_IRQn"                    @ string offset=2360
.Linfo_string164:
	.asciz	"QSPI0_IRQn"                    @ string offset=2371
.Linfo_string165:
	.asciz	"QSPI1_IRQn"                    @ string offset=2382
.Linfo_string166:
	.asciz	"SPI0_IRQn"                     @ string offset=2393
.Linfo_string167:
	.asciz	"SPI1_IRQn"                     @ string offset=2403
.Linfo_string168:
	.asciz	"SPI2_IRQn"                     @ string offset=2413
.Linfo_string169:
	.asciz	"SPI3_IRQn"                     @ string offset=2423
.Linfo_string170:
	.asciz	"LPSPI0_IRQn"                   @ string offset=2433
.Linfo_string171:
	.asciz	"SPIM0_IRQn"                    @ string offset=2445
.Linfo_string172:
	.asciz	"UART0_IRQn"                    @ string offset=2456
.Linfo_string173:
	.asciz	"UART1_IRQn"                    @ string offset=2467
.Linfo_string174:
	.asciz	"UART2_IRQn"                    @ string offset=2478
.Linfo_string175:
	.asciz	"UART3_IRQn"                    @ string offset=2489
.Linfo_string176:
	.asciz	"UART4_IRQn"                    @ string offset=2500
.Linfo_string177:
	.asciz	"UART5_IRQn"                    @ string offset=2511
.Linfo_string178:
	.asciz	"UART6_IRQn"                    @ string offset=2522
.Linfo_string179:
	.asciz	"UART7_IRQn"                    @ string offset=2533
.Linfo_string180:
	.asciz	"UART8_IRQn"                    @ string offset=2544
.Linfo_string181:
	.asciz	"UART9_IRQn"                    @ string offset=2555
.Linfo_string182:
	.asciz	"EINT6_IRQn"                    @ string offset=2566
.Linfo_string183:
	.asciz	"EINT7_IRQn"                    @ string offset=2577
.Linfo_string184:
	.asciz	"LPUART0_IRQn"                  @ string offset=2588
.Linfo_string185:
	.asciz	"I2C0_IRQn"                     @ string offset=2601
.Linfo_string186:
	.asciz	"I2C1_IRQn"                     @ string offset=2611
.Linfo_string187:
	.asciz	"I2C2_IRQn"                     @ string offset=2621
.Linfo_string188:
	.asciz	"I2C3_IRQn"                     @ string offset=2631
.Linfo_string189:
	.asciz	"LPI2C0_IRQn"                   @ string offset=2641
.Linfo_string190:
	.asciz	"USCI0_IRQn"                    @ string offset=2653
.Linfo_string191:
	.asciz	"SC0_IRQn"                      @ string offset=2664
.Linfo_string192:
	.asciz	"SC1_IRQn"                      @ string offset=2673
.Linfo_string193:
	.asciz	"SC2_IRQn"                      @ string offset=2682
.Linfo_string194:
	.asciz	"PSIO_IRQn"                     @ string offset=2691
.Linfo_string195:
	.asciz	"DMIC0_IRQn"                    @ string offset=2701
.Linfo_string196:
	.asciz	"DMIC0VAD_IRQn"                 @ string offset=2712
.Linfo_string197:
	.asciz	"I2S0_IRQn"                     @ string offset=2726
.Linfo_string198:
	.asciz	"I2S1_IRQn"                     @ string offset=2736
.Linfo_string199:
	.asciz	"TRNG_IRQn"                     @ string offset=2746
.Linfo_string200:
	.asciz	"I3C0_IRQn"                     @ string offset=2756
.Linfo_string201:
	.asciz	"OTFC0_IRQn"                    @ string offset=2766
.Linfo_string202:
	.asciz	"KPI_IRQn"                      @ string offset=2777
.Linfo_string203:
	.asciz	"SDH0_IRQn"                     @ string offset=2786
.Linfo_string204:
	.asciz	"SDH1_IRQn"                     @ string offset=2796
.Linfo_string205:
	.asciz	"CCAP_IRQn"                     @ string offset=2806
.Linfo_string206:
	.asciz	"CRYPTO_IRQn"                   @ string offset=2816
.Linfo_string207:
	.asciz	"CANFD00_IRQn"                  @ string offset=2828
.Linfo_string208:
	.asciz	"CANFD01_IRQn"                  @ string offset=2841
.Linfo_string209:
	.asciz	"CANFD10_IRQn"                  @ string offset=2854
.Linfo_string210:
	.asciz	"CANFD11_IRQn"                  @ string offset=2867
.Linfo_string211:
	.asciz	"ACMP01_IRQn"                   @ string offset=2880
.Linfo_string212:
	.asciz	"ACMP23_IRQn"                   @ string offset=2892
.Linfo_string213:
	.asciz	"CRC_IRQn"                      @ string offset=2904
.Linfo_string214:
	.asciz	"EADC00_IRQn"                   @ string offset=2913
.Linfo_string215:
	.asciz	"EADC01_IRQn"                   @ string offset=2925
.Linfo_string216:
	.asciz	"EADC02_IRQn"                   @ string offset=2937
.Linfo_string217:
	.asciz	"EADC03_IRQn"                   @ string offset=2949
.Linfo_string218:
	.asciz	"LPADC0_IRQn"                   @ string offset=2961
.Linfo_string219:
	.asciz	"DAC01_IRQn"                    @ string offset=2973
.Linfo_string220:
	.asciz	"EQEI0_IRQn"                    @ string offset=2984
.Linfo_string221:
	.asciz	"EQEI1_IRQn"                    @ string offset=2995
.Linfo_string222:
	.asciz	"EQEI2_IRQn"                    @ string offset=3006
.Linfo_string223:
	.asciz	"EQEI3_IRQn"                    @ string offset=3017
.Linfo_string224:
	.asciz	"ECAP0_IRQn"                    @ string offset=3028
.Linfo_string225:
	.asciz	"ECAP1_IRQn"                    @ string offset=3039
.Linfo_string226:
	.asciz	"ECAP2_IRQn"                    @ string offset=3050
.Linfo_string227:
	.asciz	"ECAP3_IRQn"                    @ string offset=3061
.Linfo_string228:
	.asciz	"AWF_IRQn"                      @ string offset=3072
.Linfo_string229:
	.asciz	"UTCPD_IRQn"                    @ string offset=3081
.Linfo_string230:
	.asciz	"GDMACH0_IRQn"                  @ string offset=3092
.Linfo_string231:
	.asciz	"GDMACH1_IRQn"                  @ string offset=3105
.Linfo_string232:
	.asciz	"TOTAL_IRQn_CNT"                @ string offset=3118
.Linfo_string233:
	.asciz	"IRQn"                          @ string offset=3133
.Linfo_string234:
	.asciz	"GINTSTS"                       @ string offset=3138
.Linfo_string235:
	.asciz	"RESERVE0"                      @ string offset=3146
.Linfo_string236:
	.asciz	"GINTEN"                        @ string offset=3155
.Linfo_string237:
	.asciz	"RESERVE1"                      @ string offset=3162
.Linfo_string238:
	.asciz	"BUSINTSTS"                     @ string offset=3171
.Linfo_string239:
	.asciz	"BUSINTEN"                      @ string offset=3181
.Linfo_string240:
	.asciz	"OPER"                          @ string offset=3190
.Linfo_string241:
	.asciz	"FRAMECNT"                      @ string offset=3195
.Linfo_string242:
	.asciz	"FADDR"                         @ string offset=3204
.Linfo_string243:
	.asciz	"TEST"                          @ string offset=3210
.Linfo_string244:
	.asciz	"CEPDAT"                        @ string offset=3215
.Linfo_string245:
	.asciz	"CEPDAT_BYTE"                   @ string offset=3222
.Linfo_string246:
	.asciz	"CEPCTL"                        @ string offset=3234
.Linfo_string247:
	.asciz	"CEPINTEN"                      @ string offset=3241
.Linfo_string248:
	.asciz	"CEPINTSTS"                     @ string offset=3250
.Linfo_string249:
	.asciz	"CEPTXCNT"                      @ string offset=3260
.Linfo_string250:
	.asciz	"CEPRXCNT"                      @ string offset=3269
.Linfo_string251:
	.asciz	"CEPDATCNT"                     @ string offset=3278
.Linfo_string252:
	.asciz	"SETUP1_0"                      @ string offset=3288
.Linfo_string253:
	.asciz	"SETUP3_2"                      @ string offset=3297
.Linfo_string254:
	.asciz	"SETUP5_4"                      @ string offset=3306
.Linfo_string255:
	.asciz	"SETUP7_6"                      @ string offset=3315
.Linfo_string256:
	.asciz	"CEPBUFSTART"                   @ string offset=3324
.Linfo_string257:
	.asciz	"CEPBUFEND"                     @ string offset=3336
.Linfo_string258:
	.asciz	"DMACTL"                        @ string offset=3346
.Linfo_string259:
	.asciz	"DMACNT"                        @ string offset=3353
.Linfo_string260:
	.asciz	"EP"                            @ string offset=3360
.Linfo_string261:
	.asciz	"EPDAT"                         @ string offset=3363
.Linfo_string262:
	.asciz	"EPDAT_BYTE"                    @ string offset=3369
.Linfo_string263:
	.asciz	"EPINTSTS"                      @ string offset=3380
.Linfo_string264:
	.asciz	"EPINTEN"                       @ string offset=3389
.Linfo_string265:
	.asciz	"EPDATCNT"                      @ string offset=3397
.Linfo_string266:
	.asciz	"EPRSPCTL"                      @ string offset=3406
.Linfo_string267:
	.asciz	"EPMPS"                         @ string offset=3415
.Linfo_string268:
	.asciz	"EPTXCNT"                       @ string offset=3421
.Linfo_string269:
	.asciz	"EPCFG"                         @ string offset=3429
.Linfo_string270:
	.asciz	"EPBUFSTART"                    @ string offset=3435
.Linfo_string271:
	.asciz	"EPBUFEND"                      @ string offset=3446
.Linfo_string272:
	.asciz	"HSUSBD_EP_T"                   @ string offset=3455
.Linfo_string273:
	.asciz	"RESERVE2"                      @ string offset=3467
.Linfo_string274:
	.asciz	"BCDC"                          @ string offset=3476
.Linfo_string275:
	.asciz	"LPMCSR"                        @ string offset=3481
.Linfo_string276:
	.asciz	"DMAADDR"                       @ string offset=3488
.Linfo_string277:
	.asciz	"PHYCTL"                        @ string offset=3496
.Linfo_string278:
	.asciz	"HSUSBD_T"                      @ string offset=3503
.Linfo_string279:
	.asciz	"CTL"                           @ string offset=3512
.Linfo_string280:
	.asciz	"PAR"                           @ string offset=3516
.Linfo_string281:
	.asciz	"INTEN"                         @ string offset=3520
.Linfo_string282:
	.asciz	"INTSTS"                        @ string offset=3526
.Linfo_string283:
	.asciz	"PARM"                          @ string offset=3533
.Linfo_string284:
	.asciz	"CWSP"                          @ string offset=3538
.Linfo_string285:
	.asciz	"CWS"                           @ string offset=3543
.Linfo_string286:
	.asciz	"PKTSL"                         @ string offset=3547
.Linfo_string287:
	.asciz	"PLNSL"                         @ string offset=3553
.Linfo_string288:
	.asciz	"FRCTL"                         @ string offset=3559
.Linfo_string289:
	.asciz	"STRIDE"                        @ string offset=3565
.Linfo_string290:
	.asciz	"FIFOTH"                        @ string offset=3572
.Linfo_string291:
	.asciz	"CMPADDR"                       @ string offset=3579
.Linfo_string292:
	.asciz	"LUMA_Y1_THD"                   @ string offset=3587
.Linfo_string293:
	.asciz	"PKTSM"                         @ string offset=3599
.Linfo_string294:
	.asciz	"PLNSM"                         @ string offset=3605
.Linfo_string295:
	.asciz	"CURADDRP"                      @ string offset=3611
.Linfo_string296:
	.asciz	"CURADDRY"                      @ string offset=3620
.Linfo_string297:
	.asciz	"CURADDRU"                      @ string offset=3629
.Linfo_string298:
	.asciz	"CURADDRV"                      @ string offset=3638
.Linfo_string299:
	.asciz	"PKTBA0"                        @ string offset=3647
.Linfo_string300:
	.asciz	"YBA"                           @ string offset=3654
.Linfo_string301:
	.asciz	"UBA"                           @ string offset=3658
.Linfo_string302:
	.asciz	"VBA"                           @ string offset=3662
.Linfo_string303:
	.asciz	"RESERVE3"                      @ string offset=3666
.Linfo_string304:
	.asciz	"MDCTL"                         @ string offset=3675
.Linfo_string305:
	.asciz	"MDTRG_WK"                      @ string offset=3681
.Linfo_string306:
	.asciz	"RESERVE4"                      @ string offset=3690
.Linfo_string307:
	.asciz	"MDTTH"                         @ string offset=3699
.Linfo_string308:
	.asciz	"MDTSAD"                        @ string offset=3705
.Linfo_string309:
	.asciz	"RESERVE5"                      @ string offset=3712
.Linfo_string310:
	.asciz	"MDWOCTH"                       @ string offset=3721
.Linfo_string311:
	.asciz	"MDWOC"                         @ string offset=3729
.Linfo_string312:
	.asciz	"RESERVE6"                      @ string offset=3735
.Linfo_string313:
	.asciz	"MDWTH"                         @ string offset=3744
.Linfo_string314:
	.asciz	"MDWSAD"                        @ string offset=3750
.Linfo_string315:
	.asciz	"CCAP_T"                        @ string offset=3757
.Linfo_string316:
	.asciz	"PDID"                          @ string offset=3764
.Linfo_string317:
	.asciz	"RSTCTL"                        @ string offset=3769
.Linfo_string318:
	.asciz	"RSTSTS"                        @ string offset=3776
.Linfo_string319:
	.asciz	"VTORSET"                       @ string offset=3783
.Linfo_string320:
	.asciz	"SRAMICTL"                      @ string offset=3791
.Linfo_string321:
	.asciz	"SRAMSTS"                       @ string offset=3800
.Linfo_string322:
	.asciz	"SRAMEADR"                      @ string offset=3808
.Linfo_string323:
	.asciz	"BODCTL"                        @ string offset=3817
.Linfo_string324:
	.asciz	"BODSTS"                        @ string offset=3824
.Linfo_string325:
	.asciz	"PORCTL"                        @ string offset=3831
.Linfo_string326:
	.asciz	"VREFCTL"                       @ string offset=3838
.Linfo_string327:
	.asciz	"IVSCTL"                        @ string offset=3846
.Linfo_string328:
	.asciz	"USBPHY"                        @ string offset=3853
.Linfo_string329:
	.asciz	"UTCPDCTL"                      @ string offset=3860
.Linfo_string330:
	.asciz	"DBUSCTL"                       @ string offset=3869
.Linfo_string331:
	.asciz	"GPA_MFOS"                      @ string offset=3877
.Linfo_string332:
	.asciz	"GPB_MFOS"                      @ string offset=3886
.Linfo_string333:
	.asciz	"GPC_MFOS"                      @ string offset=3895
.Linfo_string334:
	.asciz	"GPD_MFOS"                      @ string offset=3904
.Linfo_string335:
	.asciz	"GPE_MFOS"                      @ string offset=3913
.Linfo_string336:
	.asciz	"GPF_MFOS"                      @ string offset=3922
.Linfo_string337:
	.asciz	"GPG_MFOS"                      @ string offset=3931
.Linfo_string338:
	.asciz	"GPH_MFOS"                      @ string offset=3940
.Linfo_string339:
	.asciz	"GPI_MFOS"                      @ string offset=3949
.Linfo_string340:
	.asciz	"GPJ_MFOS"                      @ string offset=3958
.Linfo_string341:
	.asciz	"REGLCTL"                       @ string offset=3967
.Linfo_string342:
	.asciz	"TCTL48M"                       @ string offset=3975
.Linfo_string343:
	.asciz	"TIEN48M"                       @ string offset=3983
.Linfo_string344:
	.asciz	"TISTS48M"                      @ string offset=3991
.Linfo_string345:
	.asciz	"TCTL12M"                       @ string offset=4000
.Linfo_string346:
	.asciz	"TIEN12M"                       @ string offset=4008
.Linfo_string347:
	.asciz	"TISTS12M"                      @ string offset=4016
.Linfo_string348:
	.asciz	"TCTLMIRC"                      @ string offset=4025
.Linfo_string349:
	.asciz	"TIENMIRC"                      @ string offset=4034
.Linfo_string350:
	.asciz	"TISTSMIRC"                     @ string offset=4043
.Linfo_string351:
	.asciz	"RESERVE7"                      @ string offset=4053
.Linfo_string352:
	.asciz	"ACMPRST"                       @ string offset=4062
.Linfo_string353:
	.asciz	"AWFRST"                        @ string offset=4070
.Linfo_string354:
	.asciz	"BPWMRST"                       @ string offset=4077
.Linfo_string355:
	.asciz	"CANFDRST"                      @ string offset=4085
.Linfo_string356:
	.asciz	"CCAPRST"                       @ string offset=4094
.Linfo_string357:
	.asciz	"CRCRST"                        @ string offset=4102
.Linfo_string358:
	.asciz	"CRYPTORST"                     @ string offset=4109
.Linfo_string359:
	.asciz	"DACRST"                        @ string offset=4119
.Linfo_string360:
	.asciz	"DMICRST"                       @ string offset=4126
.Linfo_string361:
	.asciz	"EADCRST"                       @ string offset=4134
.Linfo_string362:
	.asciz	"EBIRST"                        @ string offset=4142
.Linfo_string363:
	.asciz	"ECAPRST"                       @ string offset=4149
.Linfo_string364:
	.asciz	"EMACRST"                       @ string offset=4157
.Linfo_string365:
	.asciz	"EPWMRST"                       @ string offset=4165
.Linfo_string366:
	.asciz	"EQEIRST"                       @ string offset=4173
.Linfo_string367:
	.asciz	"FMCRST"                        @ string offset=4181
.Linfo_string368:
	.asciz	"GDMARST"                       @ string offset=4188
.Linfo_string369:
	.asciz	"GPIORST"                       @ string offset=4196
.Linfo_string370:
	.asciz	"HSOTGRST"                      @ string offset=4204
.Linfo_string371:
	.asciz	"HSUSBDRST"                     @ string offset=4213
.Linfo_string372:
	.asciz	"HSUSBHRST"                     @ string offset=4223
.Linfo_string373:
	.asciz	"I2CRST"                        @ string offset=4233
.Linfo_string374:
	.asciz	"I2SRST"                        @ string offset=4240
.Linfo_string375:
	.asciz	"I3CRST"                        @ string offset=4247
.Linfo_string376:
	.asciz	"KDFRST"                        @ string offset=4254
.Linfo_string377:
	.asciz	"KPIRST"                        @ string offset=4261
.Linfo_string378:
	.asciz	"KSRST"                         @ string offset=4268
.Linfo_string379:
	.asciz	"LPADCRST"                      @ string offset=4274
.Linfo_string380:
	.asciz	"LPPDMARST"                     @ string offset=4283
.Linfo_string381:
	.asciz	"LPGPIORST"                     @ string offset=4293
.Linfo_string382:
	.asciz	"LPI2CRST"                      @ string offset=4303
.Linfo_string383:
	.asciz	"LPSPIRST"                      @ string offset=4312
.Linfo_string384:
	.asciz	"LPTMRRST"                      @ string offset=4321
.Linfo_string385:
	.asciz	"LPUARTRST"                     @ string offset=4330
.Linfo_string386:
	.asciz	"OTFCRST"                       @ string offset=4340
.Linfo_string387:
	.asciz	"OTGRST"                        @ string offset=4348
.Linfo_string388:
	.asciz	"PDMARST"                       @ string offset=4355
.Linfo_string389:
	.asciz	"PSIORST"                       @ string offset=4363
.Linfo_string390:
	.asciz	"QSPIRST"                       @ string offset=4371
.Linfo_string391:
	.asciz	"RTCRST"                        @ string offset=4379
.Linfo_string392:
	.asciz	"SCRST"                         @ string offset=4386
.Linfo_string393:
	.asciz	"SCURST"                        @ string offset=4392
.Linfo_string394:
	.asciz	"SDHRST"                        @ string offset=4399
.Linfo_string395:
	.asciz	"SPIRST"                        @ string offset=4406
.Linfo_string396:
	.asciz	"SPIMRST"                       @ string offset=4413
.Linfo_string397:
	.asciz	"RESERVE8"                      @ string offset=4421
.Linfo_string398:
	.asciz	"TMRRST"                        @ string offset=4430
.Linfo_string399:
	.asciz	"TRNGRST"                       @ string offset=4437
.Linfo_string400:
	.asciz	"TTMRRST"                       @ string offset=4445
.Linfo_string401:
	.asciz	"UARTRST"                       @ string offset=4453
.Linfo_string402:
	.asciz	"USBDRST"                       @ string offset=4461
.Linfo_string403:
	.asciz	"USBHRST"                       @ string offset=4469
.Linfo_string404:
	.asciz	"USCIRST"                       @ string offset=4477
.Linfo_string405:
	.asciz	"UTCPDRST"                      @ string offset=4485
.Linfo_string406:
	.asciz	"WWDTRST"                       @ string offset=4494
.Linfo_string407:
	.asciz	"RESERVE9"                      @ string offset=4502
.Linfo_string408:
	.asciz	"GPA_MFP0"                      @ string offset=4511
.Linfo_string409:
	.asciz	"GPA_MFP1"                      @ string offset=4520
.Linfo_string410:
	.asciz	"GPA_MFP2"                      @ string offset=4529
.Linfo_string411:
	.asciz	"GPA_MFP3"                      @ string offset=4538
.Linfo_string412:
	.asciz	"GPB_MFP0"                      @ string offset=4547
.Linfo_string413:
	.asciz	"GPB_MFP1"                      @ string offset=4556
.Linfo_string414:
	.asciz	"GPB_MFP2"                      @ string offset=4565
.Linfo_string415:
	.asciz	"GPB_MFP3"                      @ string offset=4574
.Linfo_string416:
	.asciz	"GPC_MFP0"                      @ string offset=4583
.Linfo_string417:
	.asciz	"GPC_MFP1"                      @ string offset=4592
.Linfo_string418:
	.asciz	"GPC_MFP2"                      @ string offset=4601
.Linfo_string419:
	.asciz	"GPC_MFP3"                      @ string offset=4610
.Linfo_string420:
	.asciz	"GPD_MFP0"                      @ string offset=4619
.Linfo_string421:
	.asciz	"GPD_MFP1"                      @ string offset=4628
.Linfo_string422:
	.asciz	"GPD_MFP2"                      @ string offset=4637
.Linfo_string423:
	.asciz	"GPD_MFP3"                      @ string offset=4646
.Linfo_string424:
	.asciz	"GPE_MFP0"                      @ string offset=4655
.Linfo_string425:
	.asciz	"GPE_MFP1"                      @ string offset=4664
.Linfo_string426:
	.asciz	"GPE_MFP2"                      @ string offset=4673
.Linfo_string427:
	.asciz	"GPE_MFP3"                      @ string offset=4682
.Linfo_string428:
	.asciz	"GPF_MFP0"                      @ string offset=4691
.Linfo_string429:
	.asciz	"GPF_MFP1"                      @ string offset=4700
.Linfo_string430:
	.asciz	"GPF_MFP2"                      @ string offset=4709
.Linfo_string431:
	.asciz	"RESERVE10"                     @ string offset=4718
.Linfo_string432:
	.asciz	"GPG_MFP0"                      @ string offset=4728
.Linfo_string433:
	.asciz	"GPG_MFP1"                      @ string offset=4737
.Linfo_string434:
	.asciz	"GPG_MFP2"                      @ string offset=4746
.Linfo_string435:
	.asciz	"GPG_MFP3"                      @ string offset=4755
.Linfo_string436:
	.asciz	"GPH_MFP0"                      @ string offset=4764
.Linfo_string437:
	.asciz	"GPH_MFP1"                      @ string offset=4773
.Linfo_string438:
	.asciz	"GPH_MFP2"                      @ string offset=4782
.Linfo_string439:
	.asciz	"GPH_MFP3"                      @ string offset=4791
.Linfo_string440:
	.asciz	"RESERVE11"                     @ string offset=4800
.Linfo_string441:
	.asciz	"GPI_MFP1"                      @ string offset=4810
.Linfo_string442:
	.asciz	"GPI_MFP2"                      @ string offset=4819
.Linfo_string443:
	.asciz	"GPI_MFP3"                      @ string offset=4828
.Linfo_string444:
	.asciz	"GPJ_MFP0"                      @ string offset=4837
.Linfo_string445:
	.asciz	"GPJ_MFP1"                      @ string offset=4846
.Linfo_string446:
	.asciz	"GPJ_MFP2"                      @ string offset=4855
.Linfo_string447:
	.asciz	"GPJ_MFP3"                      @ string offset=4864
.Linfo_string448:
	.asciz	"RESERVE12"                     @ string offset=4873
.Linfo_string449:
	.asciz	"NMIEN"                         @ string offset=4883
.Linfo_string450:
	.asciz	"NMISTS"                        @ string offset=4889
.Linfo_string451:
	.asciz	"RESERVE13"                     @ string offset=4896
.Linfo_string452:
	.asciz	"SRAMBCTL"                      @ string offset=4906
.Linfo_string453:
	.asciz	"SRAMBFF"                       @ string offset=4915
.Linfo_string454:
	.asciz	"SRAMBRF"                       @ string offset=4923
.Linfo_string455:
	.asciz	"SYS_T"                         @ string offset=4931
.Linfo_string456:
	.asciz	"unsigned long long"            @ string offset=4937
.Linfo_string457:
	.asciz	"uint64_t"                      @ string offset=4956
.Linfo_string458:
	.asciz	"ISER"                          @ string offset=4965
.Linfo_string459:
	.asciz	"RESERVED0"                     @ string offset=4970
.Linfo_string460:
	.asciz	"ICER"                          @ string offset=4980
.Linfo_string461:
	.asciz	"RESERVED1"                     @ string offset=4985
.Linfo_string462:
	.asciz	"ISPR"                          @ string offset=4995
.Linfo_string463:
	.asciz	"RESERVED2"                     @ string offset=5000
.Linfo_string464:
	.asciz	"ICPR"                          @ string offset=5010
.Linfo_string465:
	.asciz	"RESERVED3"                     @ string offset=5015
.Linfo_string466:
	.asciz	"IABR"                          @ string offset=5025
.Linfo_string467:
	.asciz	"RESERVED4"                     @ string offset=5030
.Linfo_string468:
	.asciz	"ITNS"                          @ string offset=5040
.Linfo_string469:
	.asciz	"RESERVED5"                     @ string offset=5045
.Linfo_string470:
	.asciz	"IPR"                           @ string offset=5055
.Linfo_string471:
	.asciz	"RESERVED6"                     @ string offset=5059
.Linfo_string472:
	.asciz	"STIR"                          @ string offset=5069
.Linfo_string473:
	.asciz	"NVIC_Type"                     @ string offset=5074
.Linfo_string474:
	.asciz	"HSUSBD_ResetDMA"               @ string offset=5084
.Linfo_string475:
	.asciz	"HSUSBD_SetEpBufAddr"           @ string offset=5100
.Linfo_string476:
	.asciz	"u32Ep"                         @ string offset=5120
.Linfo_string477:
	.asciz	"u32Base"                       @ string offset=5126
.Linfo_string478:
	.asciz	"u32Len"                        @ string offset=5134
.Linfo_string479:
	.asciz	"HSUSBD_ConfigEp"               @ string offset=5141
.Linfo_string480:
	.asciz	"u32EpNum"                      @ string offset=5157
.Linfo_string481:
	.asciz	"u32EpType"                     @ string offset=5166
.Linfo_string482:
	.asciz	"u32EpDir"                      @ string offset=5176
.Linfo_string483:
	.asciz	"SYS_UnlockReg"                 @ string offset=5185
.Linfo_string484:
	.asciz	"u32TimeOutCount"               @ string offset=5199
.Linfo_string485:
	.asciz	"Enable_USBD_Clock_PHY"         @ string offset=5215
.Linfo_string486:
	.asciz	"i"                             @ string offset=5237
.Linfo_string487:
	.asciz	"SYS_LockReg"                   @ string offset=5239
.Linfo_string488:
	.asciz	"UVC_InitForHighSpeed"          @ string offset=5251
.Linfo_string489:
	.asciz	"__NVIC_EnableIRQ"              @ string offset=5272
.Linfo_string490:
	.asciz	"IRQn_Type"                     @ string offset=5289
.Linfo_string491:
	.asciz	"UVC_ActiveDMA"                 @ string offset=5299
.Linfo_string492:
	.asciz	"u32Addr"                       @ string offset=5313
.Linfo_string493:
	.asciz	"HSUSBD_IRQHandler"             @ string offset=5321
.Linfo_string494:
	.asciz	"UVC_InitForFullSpeed"          @ string offset=5339
.Linfo_string495:
	.asciz	"UVC_Init"                      @ string offset=5360
.Linfo_string496:
	.asciz	"UVC_ClassRequest"              @ string offset=5369
.Linfo_string497:
	.asciz	"UVC_SetInterface"              @ string offset=5386
.Linfo_string498:
	.asciz	"UVC_PU_Info"                   @ string offset=5403
.Linfo_string499:
	.asciz	"UVC_PU_Control"                @ string offset=5415
.Linfo_string500:
	.asciz	"UVC_ProcessUnitControl"        @ string offset=5430
.Linfo_string501:
	.asciz	"UVC_IsoIn"                     @ string offset=5453
.Linfo_string502:
	.asciz	"UVC_SendImage"                 @ string offset=5463
.Linfo_string503:
	.asciz	"UVC_IsConnect"                 @ string offset=5477
.Linfo_string504:
	.asciz	"_Bool"                         @ string offset=5491
.Linfo_string505:
	.asciz	"IrqStL"                        @ string offset=5497
.Linfo_string506:
	.asciz	"IrqSt"                         @ string offset=5504
.Linfo_string507:
	.asciz	"u32TimeOutCnt"                 @ string offset=5510
.Linfo_string508:
	.asciz	"exit_HSUSBD_IRQHandler"        @ string offset=5524
.Linfo_string509:
	.asciz	"Data"                          @ string offset=5547
.Linfo_string510:
	.asciz	"OutValue"                      @ string offset=5552
.Linfo_string511:
	.asciz	"u32AltInterface"               @ string offset=5561
.Linfo_string512:
	.asciz	"Req"                           @ string offset=5577
.Linfo_string513:
	.asciz	"Unit"                          @ string offset=5581
.Linfo_string514:
	.asciz	"Value"                         @ string offset=5586
.Linfo_string515:
	.asciz	"u32ItemSelect"                 @ string offset=5592
.Linfo_string516:
	.asciz	"u32Value"                      @ string offset=5606
.Linfo_string517:
	.asciz	"toggle"                        @ string offset=5615
.Linfo_string518:
	.asciz	"ptr"                           @ string offset=5622
.Linfo_string519:
	.asciz	"u32Loop"                       @ string offset=5626
.Linfo_string520:
	.asciz	"ret"                           @ string offset=5634
.Linfo_string521:
	.asciz	"header"                        @ string offset=5638
.Linfo_string522:
	.asciz	"u32transferSize"               @ string offset=5645
.Linfo_string523:
	.asciz	"bStillImage"                   @ string offset=5661
	.ident	"Component: Arm Compiler for Embedded 6.22 Tool: armclang [5ee92100]"
	.section	".note.GNU-stack","",%progbits
	.eabi_attribute	30, 1	@ Tag_ABI_optimization_goals
	.ARM_attribute	16, 1	@ Tag_AV_eba
	.section	.debug_line,"",%progbits
.Lline_table_start0:
